<?xml version="1.0" encoding="utf-8"?>
<System>
  <P Name="Location">[-1927, -543, 8, 632]</P>
  <P Name="SystemRect">[0.000000, 0.000000, 0.000000, 0.000000]</P>
  <P Name="SetExecutionDomain">off</P>
  <P Name="ExecutionDomainType">Deduce</P>
  <P Name="ZoomFactor">80</P>
  <P Name="SimulinkSubDomain">Simulink</P>
  <Block BlockType="Inport" Name="q12" SID="76120">
    <P Name="Position">[-420, 103, -390, 117]</P>
    <P Name="ZOrder">-1</P>
    <P Name="BackgroundColor">yellow</P>
    <P Name="PortDimensions">4</P>
  </Block>
  <Block BlockType="Sum" Name="Add" SID="76121">
    <P Name="Ports">[4, 1]</P>
    <P Name="Position">[295, -384, 315, -296]</P>
    <P Name="ZOrder">21</P>
    <P Name="ShowName">off</P>
    <P Name="IconShape">rectangular</P>
    <P Name="Inputs">+--+</P>
    <Port>
      <P Name="PortNumber">1</P>
      <P Name="Name">dcm11</P>
    </Port>
  </Block>
  <Block BlockType="Sum" Name="Add1" SID="76122">
    <P Name="Ports">[2, 1]</P>
    <P Name="Position">[295, -277, 315, -188]</P>
    <P Name="ZOrder">26</P>
    <P Name="ShowName">off</P>
    <P Name="IconShape">rectangular</P>
    <P Name="Inputs">+-</P>
    <Port>
      <P Name="PortNumber">1</P>
      <P Name="Name">dcm21</P>
    </Port>
  </Block>
  <Block BlockType="Sum" Name="Add2" SID="76123">
    <P Name="Ports">[2, 1]</P>
    <P Name="Position">[295, 183, 315, 272]</P>
    <P Name="ZOrder">31</P>
    <P Name="ShowName">off</P>
    <P Name="IconShape">rectangular</P>
    <P Name="Inputs">+-</P>
    <Port>
      <P Name="PortNumber">1</P>
      <P Name="Name">dcm32</P>
    </Port>
  </Block>
  <Block BlockType="Sum" Name="Add3" SID="76124">
    <P Name="Ports">[2, 1]</P>
    <P Name="Position">[295, 313, 315, 402]</P>
    <P Name="ZOrder">36</P>
    <P Name="ShowName">off</P>
    <P Name="IconShape">rectangular</P>
    <P Name="Inputs">+-</P>
    <Port>
      <P Name="PortNumber">1</P>
      <P Name="Name">dcm13</P>
    </Port>
  </Block>
  <Block BlockType="Sum" Name="Add4" SID="76125">
    <P Name="Ports">[2, 1]</P>
    <P Name="Position">[295, -37, 315, 52]</P>
    <P Name="ZOrder">41</P>
    <P Name="ShowName">off</P>
    <P Name="IconShape">rectangular</P>
    <Port>
      <P Name="PortNumber">1</P>
      <P Name="Name">dcm12</P>
    </Port>
  </Block>
  <Block BlockType="Sum" Name="Add5" SID="76126">
    <P Name="Ports">[2, 1]</P>
    <P Name="Position">[295, -167, 315, -78]</P>
    <P Name="ZOrder">46</P>
    <P Name="ShowName">off</P>
    <P Name="IconShape">rectangular</P>
    <Port>
      <P Name="PortNumber">1</P>
      <P Name="Name">dcm31</P>
    </Port>
  </Block>
  <Block BlockType="Sum" Name="Add6" SID="76127">
    <P Name="Ports">[4, 1]</P>
    <P Name="Position">[295, 76, 315, 164]</P>
    <P Name="ZOrder">51</P>
    <P Name="ShowName">off</P>
    <P Name="IconShape">rectangular</P>
    <P Name="Inputs">-+-+</P>
    <Port>
      <P Name="PortNumber">1</P>
      <P Name="Name">dcm22</P>
    </Port>
  </Block>
  <Block BlockType="Sum" Name="Add7" SID="76128">
    <P Name="Ports">[4, 1]</P>
    <P Name="Position">[295, 536, 315, 624]</P>
    <P Name="ZOrder">56</P>
    <P Name="ShowName">off</P>
    <P Name="IconShape">rectangular</P>
    <P Name="Inputs">--++</P>
    <Port>
      <P Name="PortNumber">1</P>
      <P Name="Name">dcm33</P>
    </Port>
  </Block>
  <Block BlockType="Sum" Name="Add8" SID="76129">
    <P Name="Ports">[2, 1]</P>
    <P Name="Position">[295, 423, 315, 512]</P>
    <P Name="ZOrder">61</P>
    <P Name="ShowName">off</P>
    <P Name="IconShape">rectangular</P>
    <Port>
      <P Name="PortNumber">1</P>
      <P Name="Name">dcm23</P>
    </Port>
  </Block>
  <Block BlockType="Demux" Name="Demux" SID="76130">
    <P Name="Ports">[1, 4]</P>
    <P Name="Position">[-320, -79, -315, 294]</P>
    <P Name="ZOrder">1</P>
    <P Name="ShowName">off</P>
    <Port>
      <P Name="PortNumber">1</P>
      <P Name="Name">q1</P>
    </Port>
    <Port>
      <P Name="PortNumber">2</P>
      <P Name="Name">q2</P>
    </Port>
    <Port>
      <P Name="PortNumber">3</P>
      <P Name="Name">q3</P>
    </Port>
    <Port>
      <P Name="PortNumber">4</P>
      <P Name="Name">q4 / q0</P>
    </Port>
  </Block>
  <Block BlockType="Gain" Name="Gain1" SID="76131">
    <P Name="Position">[260, -270, 280, -240]</P>
    <P Name="ZOrder">28</P>
    <P Name="ShowName">off</P>
    <P Name="Gain">2</P>
  </Block>
  <Block BlockType="Gain" Name="Gain10" SID="76132">
    <P Name="Position">[260, -115, 280, -85]</P>
    <P Name="ZOrder">49</P>
    <P Name="ShowName">off</P>
    <P Name="Gain">2</P>
  </Block>
  <Block BlockType="Gain" Name="Gain11" SID="76133">
    <P Name="Position">[260, 430, 280, 460]</P>
    <P Name="ZOrder">63</P>
    <P Name="ShowName">off</P>
    <P Name="Gain">2</P>
  </Block>
  <Block BlockType="Gain" Name="Gain12" SID="76134">
    <P Name="Position">[260, 475, 280, 505]</P>
    <P Name="ZOrder">64</P>
    <P Name="ShowName">off</P>
    <P Name="Gain">2</P>
  </Block>
  <Block BlockType="Gain" Name="Gain2" SID="76135">
    <P Name="Position">[260, -225, 280, -195]</P>
    <P Name="ZOrder">29</P>
    <P Name="ShowName">off</P>
    <P Name="Gain">2</P>
  </Block>
  <Block BlockType="Gain" Name="Gain3" SID="76136">
    <P Name="Position">[260, 190, 280, 220]</P>
    <P Name="ZOrder">33</P>
    <P Name="ShowName">off</P>
    <P Name="Gain">2</P>
  </Block>
  <Block BlockType="Gain" Name="Gain4" SID="76137">
    <P Name="Position">[260, 235, 280, 265]</P>
    <P Name="ZOrder">34</P>
    <P Name="ShowName">off</P>
    <P Name="Gain">2</P>
  </Block>
  <Block BlockType="Gain" Name="Gain5" SID="76138">
    <P Name="Position">[260, 320, 280, 350]</P>
    <P Name="ZOrder">38</P>
    <P Name="ShowName">off</P>
    <P Name="Gain">2</P>
  </Block>
  <Block BlockType="Gain" Name="Gain6" SID="76139">
    <P Name="Position">[260, 365, 280, 395]</P>
    <P Name="ZOrder">39</P>
    <P Name="ShowName">off</P>
    <P Name="Gain">2</P>
  </Block>
  <Block BlockType="Gain" Name="Gain7" SID="76140">
    <P Name="Position">[260, -30, 280, 0]</P>
    <P Name="ZOrder">43</P>
    <P Name="ShowName">off</P>
    <P Name="Gain">2</P>
  </Block>
  <Block BlockType="Gain" Name="Gain8" SID="76141">
    <P Name="Position">[260, 15, 280, 45]</P>
    <P Name="ZOrder">44</P>
    <P Name="ShowName">off</P>
    <P Name="Gain">2</P>
  </Block>
  <Block BlockType="Gain" Name="Gain9" SID="76142">
    <P Name="Position">[260, -160, 280, -130]</P>
    <P Name="ZOrder">48</P>
    <P Name="ShowName">off</P>
    <P Name="Gain">2</P>
  </Block>
  <Block BlockType="Math" Name="Math&#xA;Function" SID="76143">
    <P Name="Ports">[1, 1]</P>
    <P Name="Position">[250, -380, 270, -360]</P>
    <P Name="ZOrder">20</P>
    <P Name="Operator">square</P>
    <P Name="SignedPower">on</P>
  </Block>
  <Block BlockType="Math" Name="Math&#xA;Function1" SID="76144">
    <P Name="Ports">[1, 1]</P>
    <P Name="Position">[250, -360, 270, -340]</P>
    <P Name="ZOrder">22</P>
    <P Name="Operator">square</P>
    <P Name="SignedPower">on</P>
  </Block>
  <Block BlockType="Math" Name="Math&#xA;Function10" SID="76145">
    <P Name="Ports">[1, 1]</P>
    <P Name="Position">[250, 580, 270, 600]</P>
    <P Name="ZOrder">58</P>
    <P Name="Operator">square</P>
    <P Name="SignedPower">on</P>
  </Block>
  <Block BlockType="Math" Name="Math&#xA;Function11" SID="76146">
    <P Name="Ports">[1, 1]</P>
    <P Name="Position">[250, 600, 270, 620]</P>
    <P Name="ZOrder">59</P>
    <P Name="Operator">square</P>
    <P Name="SignedPower">on</P>
  </Block>
  <Block BlockType="Math" Name="Math&#xA;Function2" SID="76147">
    <P Name="Ports">[1, 1]</P>
    <P Name="Position">[250, -340, 270, -320]</P>
    <P Name="ZOrder">23</P>
    <P Name="Operator">square</P>
    <P Name="SignedPower">on</P>
  </Block>
  <Block BlockType="Math" Name="Math&#xA;Function3" SID="76148">
    <P Name="Ports">[1, 1]</P>
    <P Name="Position">[250, -320, 270, -300]</P>
    <P Name="ZOrder">24</P>
    <P Name="Operator">square</P>
    <P Name="SignedPower">on</P>
  </Block>
  <Block BlockType="Math" Name="Math&#xA;Function4" SID="76149">
    <P Name="Ports">[1, 1]</P>
    <P Name="Position">[250, 80, 270, 100]</P>
    <P Name="ZOrder">50</P>
    <P Name="Operator">square</P>
    <P Name="SignedPower">on</P>
  </Block>
  <Block BlockType="Math" Name="Math&#xA;Function5" SID="76150">
    <P Name="Ports">[1, 1]</P>
    <P Name="Position">[250, 100, 270, 120]</P>
    <P Name="ZOrder">52</P>
    <P Name="Operator">square</P>
    <P Name="SignedPower">on</P>
  </Block>
  <Block BlockType="Math" Name="Math&#xA;Function6" SID="76151">
    <P Name="Ports">[1, 1]</P>
    <P Name="Position">[250, 120, 270, 140]</P>
    <P Name="ZOrder">53</P>
    <P Name="Operator">square</P>
    <P Name="SignedPower">on</P>
  </Block>
  <Block BlockType="Math" Name="Math&#xA;Function7" SID="76152">
    <P Name="Ports">[1, 1]</P>
    <P Name="Position">[250, 140, 270, 160]</P>
    <P Name="ZOrder">54</P>
    <P Name="Operator">square</P>
    <P Name="SignedPower">on</P>
  </Block>
  <Block BlockType="Math" Name="Math&#xA;Function8" SID="76153">
    <P Name="Ports">[1, 1]</P>
    <P Name="Position">[250, 540, 270, 560]</P>
    <P Name="ZOrder">55</P>
    <P Name="Operator">square</P>
    <P Name="SignedPower">on</P>
  </Block>
  <Block BlockType="Math" Name="Math&#xA;Function9" SID="76154">
    <P Name="Ports">[1, 1]</P>
    <P Name="Position">[250, 560, 270, 580]</P>
    <P Name="ZOrder">57</P>
    <P Name="Operator">square</P>
    <P Name="SignedPower">on</P>
  </Block>
  <Block BlockType="Product" Name="Product" SID="76155">
    <P Name="Ports">[2, 1]</P>
    <P Name="Position">[225, -273, 245, -237]</P>
    <P Name="ZOrder">25</P>
    <P Name="ShowName">off</P>
  </Block>
  <Block BlockType="Product" Name="Product1" SID="76156">
    <P Name="Ports">[2, 1]</P>
    <P Name="Position">[225, -228, 245, -192]</P>
    <P Name="ZOrder">27</P>
    <P Name="ShowName">off</P>
  </Block>
  <Block BlockType="Product" Name="Product10" SID="76157">
    <P Name="Ports">[2, 1]</P>
    <P Name="Position">[225, 427, 245, 463]</P>
    <P Name="ZOrder">60</P>
    <P Name="ShowName">off</P>
  </Block>
  <Block BlockType="Product" Name="Product11" SID="76158">
    <P Name="Ports">[2, 1]</P>
    <P Name="Position">[225, 472, 245, 508]</P>
    <P Name="ZOrder">62</P>
    <P Name="ShowName">off</P>
  </Block>
  <Block BlockType="Product" Name="Product2" SID="76159">
    <P Name="Ports">[2, 1]</P>
    <P Name="Position">[225, 187, 245, 223]</P>
    <P Name="ZOrder">30</P>
    <P Name="ShowName">off</P>
  </Block>
  <Block BlockType="Product" Name="Product3" SID="76160">
    <P Name="Ports">[2, 1]</P>
    <P Name="Position">[225, 232, 245, 268]</P>
    <P Name="ZOrder">32</P>
    <P Name="ShowName">off</P>
  </Block>
  <Block BlockType="Product" Name="Product4" SID="76161">
    <P Name="Ports">[2, 1]</P>
    <P Name="Position">[225, 317, 245, 353]</P>
    <P Name="ZOrder">35</P>
    <P Name="ShowName">off</P>
  </Block>
  <Block BlockType="Product" Name="Product5" SID="76162">
    <P Name="Ports">[2, 1]</P>
    <P Name="Position">[225, 362, 245, 398]</P>
    <P Name="ZOrder">37</P>
    <P Name="ShowName">off</P>
  </Block>
  <Block BlockType="Product" Name="Product6" SID="76163">
    <P Name="Ports">[2, 1]</P>
    <P Name="Position">[225, -33, 245, 3]</P>
    <P Name="ZOrder">40</P>
    <P Name="ShowName">off</P>
  </Block>
  <Block BlockType="Product" Name="Product7" SID="76164">
    <P Name="Ports">[2, 1]</P>
    <P Name="Position">[225, 12, 245, 48]</P>
    <P Name="ZOrder">42</P>
    <P Name="ShowName">off</P>
  </Block>
  <Block BlockType="Product" Name="Product8" SID="76165">
    <P Name="Ports">[2, 1]</P>
    <P Name="Position">[225, -163, 245, -127]</P>
    <P Name="ZOrder">45</P>
    <P Name="ShowName">off</P>
  </Block>
  <Block BlockType="Product" Name="Product9" SID="76166">
    <P Name="Ports">[2, 1]</P>
    <P Name="Position">[225, -118, 245, -82]</P>
    <P Name="ZOrder">47</P>
    <P Name="ShowName">off</P>
  </Block>
  <Block BlockType="Concatenate" Name="Vector&#xA;Concatenate" SID="76167">
    <P Name="Ports">[3, 1]</P>
    <P Name="Position">[380, -397, 385, -63]</P>
    <P Name="ZOrder">14</P>
    <P Name="ShowName">off</P>
    <P Name="NumInputs">3</P>
  </Block>
  <Block BlockType="Concatenate" Name="Vector&#xA;Concatenate1" SID="76168">
    <P Name="Ports">[3, 1]</P>
    <P Name="Position">[380, -47, 385, 287]</P>
    <P Name="ZOrder">15</P>
    <P Name="ShowName">off</P>
    <P Name="NumInputs">3</P>
  </Block>
  <Block BlockType="Concatenate" Name="Vector&#xA;Concatenate2" SID="76169">
    <P Name="Ports">[3, 1]</P>
    <P Name="Position">[380, 303, 385, 637]</P>
    <P Name="ZOrder">16</P>
    <P Name="ShowName">off</P>
    <P Name="NumInputs">3</P>
  </Block>
  <Block BlockType="Concatenate" Name="Vector&#xA;Concatenate3" SID="76170">
    <P Name="Ports">[3, 1]</P>
    <P Name="Position">[530, 66, 615, 174]</P>
    <P Name="ZOrder">17</P>
    <P Name="ShowName">off</P>
    <P Name="NumInputs">3</P>
    <P Name="Mode">Multidimensional array</P>
    <P Name="ConcatenateDimension">2</P>
  </Block>
  <Block BlockType="Outport" Name="T12" SID="76171">
    <P Name="Position">[695, 113, 725, 127]</P>
    <P Name="ZOrder">-2</P>
    <P Name="BackgroundColor">orange</P>
    <P Name="PortDimensions">[3 3]</P>
    <P Name="VectorParamsAs1DForOutWhenUnconnected">off</P>
  </Block>
  <Line>
    <P Name="ZOrder">1</P>
    <P Name="Src">76157#out:1</P>
    <P Name="Dst">76133#in:1</P>
  </Line>
  <Line>
    <P Name="ZOrder">2</P>
    <P Name="Src">76158#out:1</P>
    <P Name="Dst">76134#in:1</P>
  </Line>
  <Line>
    <P Name="ZOrder">3</P>
    <P Name="Src">76133#out:1</P>
    <P Name="Dst">76129#in:1</P>
  </Line>
  <Line>
    <P Name="ZOrder">4</P>
    <P Name="Src">76134#out:1</P>
    <P Name="Dst">76129#in:2</P>
  </Line>
  <Line>
    <P Name="ZOrder">5</P>
    <P Name="Src">76153#out:1</P>
    <P Name="Dst">76128#in:1</P>
  </Line>
  <Line>
    <P Name="ZOrder">6</P>
    <P Name="Src">76154#out:1</P>
    <P Name="Dst">76128#in:2</P>
  </Line>
  <Line>
    <P Name="ZOrder">7</P>
    <P Name="Src">76146#out:1</P>
    <P Name="Dst">76128#in:4</P>
  </Line>
  <Line>
    <P Name="ZOrder">8</P>
    <P Name="Src">76145#out:1</P>
    <P Name="Dst">76128#in:3</P>
  </Line>
  <Line>
    <P Name="ZOrder">9</P>
    <P Name="Src">76149#out:1</P>
    <P Name="Dst">76127#in:1</P>
  </Line>
  <Line>
    <P Name="ZOrder">10</P>
    <P Name="Src">76150#out:1</P>
    <P Name="Dst">76127#in:2</P>
  </Line>
  <Line>
    <P Name="ZOrder">11</P>
    <P Name="Src">76152#out:1</P>
    <P Name="Dst">76127#in:4</P>
  </Line>
  <Line>
    <P Name="ZOrder">12</P>
    <P Name="Src">76151#out:1</P>
    <P Name="Dst">76127#in:3</P>
  </Line>
  <Line>
    <P Name="ZOrder">13</P>
    <P Name="Src">76165#out:1</P>
    <P Name="Dst">76142#in:1</P>
  </Line>
  <Line>
    <P Name="ZOrder">14</P>
    <P Name="Src">76166#out:1</P>
    <P Name="Dst">76132#in:1</P>
  </Line>
  <Line>
    <P Name="ZOrder">15</P>
    <P Name="Src">76142#out:1</P>
    <P Name="Dst">76126#in:1</P>
  </Line>
  <Line>
    <P Name="ZOrder">16</P>
    <P Name="Src">76132#out:1</P>
    <P Name="Dst">76126#in:2</P>
  </Line>
  <Line>
    <P Name="ZOrder">17</P>
    <P Name="Src">76163#out:1</P>
    <P Name="Dst">76140#in:1</P>
  </Line>
  <Line>
    <P Name="ZOrder">18</P>
    <P Name="Src">76164#out:1</P>
    <P Name="Dst">76141#in:1</P>
  </Line>
  <Line>
    <P Name="ZOrder">19</P>
    <P Name="Src">76140#out:1</P>
    <P Name="Dst">76125#in:1</P>
  </Line>
  <Line>
    <P Name="ZOrder">20</P>
    <P Name="Src">76141#out:1</P>
    <P Name="Dst">76125#in:2</P>
  </Line>
  <Line>
    <P Name="ZOrder">21</P>
    <P Name="Src">76161#out:1</P>
    <P Name="Dst">76138#in:1</P>
  </Line>
  <Line>
    <P Name="ZOrder">22</P>
    <P Name="Src">76162#out:1</P>
    <P Name="Dst">76139#in:1</P>
  </Line>
  <Line>
    <P Name="ZOrder">23</P>
    <P Name="Src">76138#out:1</P>
    <P Name="Dst">76124#in:1</P>
  </Line>
  <Line>
    <P Name="ZOrder">24</P>
    <P Name="Src">76139#out:1</P>
    <P Name="Dst">76124#in:2</P>
  </Line>
  <Line>
    <P Name="ZOrder">25</P>
    <P Name="Src">76159#out:1</P>
    <P Name="Dst">76136#in:1</P>
  </Line>
  <Line>
    <P Name="ZOrder">26</P>
    <P Name="Src">76160#out:1</P>
    <P Name="Dst">76137#in:1</P>
  </Line>
  <Line>
    <P Name="ZOrder">27</P>
    <P Name="Src">76136#out:1</P>
    <P Name="Dst">76123#in:1</P>
  </Line>
  <Line>
    <P Name="ZOrder">28</P>
    <P Name="Src">76137#out:1</P>
    <P Name="Dst">76123#in:2</P>
  </Line>
  <Line>
    <P Name="ZOrder">29</P>
    <P Name="Src">76135#out:1</P>
    <P Name="Dst">76122#in:2</P>
  </Line>
  <Line>
    <P Name="ZOrder">30</P>
    <P Name="Src">76131#out:1</P>
    <P Name="Dst">76122#in:1</P>
  </Line>
  <Line>
    <P Name="ZOrder">31</P>
    <P Name="Src">76156#out:1</P>
    <P Name="Dst">76135#in:1</P>
  </Line>
  <Line>
    <P Name="ZOrder">32</P>
    <P Name="Src">76155#out:1</P>
    <P Name="Dst">76131#in:1</P>
  </Line>
  <Line>
    <P Name="ZOrder">33</P>
    <P Name="Src">76148#out:1</P>
    <P Name="Dst">76121#in:4</P>
  </Line>
  <Line>
    <P Name="ZOrder">34</P>
    <P Name="Src">76147#out:1</P>
    <P Name="Dst">76121#in:3</P>
  </Line>
  <Line>
    <P Name="ZOrder">35</P>
    <P Name="Src">76144#out:1</P>
    <P Name="Dst">76121#in:2</P>
  </Line>
  <Line>
    <P Name="ZOrder">36</P>
    <P Name="Src">76143#out:1</P>
    <P Name="Dst">76121#in:1</P>
  </Line>
  <Line>
    <P Name="Name">dcm33</P>
    <P Name="ZOrder">37</P>
    <P Name="Labels">[1, 1]</P>
    <P Name="Src">76128#out:1</P>
    <P Name="Dst">76169#in:3</P>
  </Line>
  <Line>
    <P Name="Name">dcm23</P>
    <P Name="ZOrder">38</P>
    <P Name="Labels">[1, 1]</P>
    <P Name="Src">76129#out:1</P>
    <P Name="Dst">76169#in:2</P>
  </Line>
  <Line>
    <P Name="Name">dcm13</P>
    <P Name="ZOrder">39</P>
    <P Name="Labels">[1, 1]</P>
    <P Name="Src">76124#out:1</P>
    <P Name="Dst">76169#in:1</P>
  </Line>
  <Line>
    <P Name="Name">dcm32</P>
    <P Name="ZOrder">40</P>
    <P Name="Labels">[1, 1]</P>
    <P Name="Src">76123#out:1</P>
    <P Name="Dst">76168#in:3</P>
  </Line>
  <Line>
    <P Name="Name">dcm22</P>
    <P Name="ZOrder">41</P>
    <P Name="Labels">[1, 1]</P>
    <P Name="Src">76127#out:1</P>
    <P Name="Dst">76168#in:2</P>
  </Line>
  <Line>
    <P Name="Name">dcm12</P>
    <P Name="ZOrder">42</P>
    <P Name="Labels">[1, 1]</P>
    <P Name="Src">76125#out:1</P>
    <P Name="Dst">76168#in:1</P>
  </Line>
  <Line>
    <P Name="Name">dcm31</P>
    <P Name="ZOrder">43</P>
    <P Name="Labels">[1, 1]</P>
    <P Name="Src">76126#out:1</P>
    <P Name="Dst">76167#in:3</P>
  </Line>
  <Line>
    <P Name="Name">dcm21</P>
    <P Name="ZOrder">44</P>
    <P Name="Labels">[1, 1]</P>
    <P Name="Src">76122#out:1</P>
    <P Name="Dst">76167#in:2</P>
  </Line>
  <Line>
    <P Name="Name">dcm11</P>
    <P Name="ZOrder">45</P>
    <P Name="Labels">[1, 1]</P>
    <P Name="Src">76121#out:1</P>
    <P Name="Dst">76167#in:1</P>
  </Line>
  <Line>
    <P Name="ZOrder">46</P>
    <P Name="Src">76168#out:1</P>
    <P Name="Dst">76170#in:2</P>
  </Line>
  <Line>
    <P Name="ZOrder">47</P>
    <P Name="Src">76169#out:1</P>
    <P Name="Points">[68, 0; 0, -315]</P>
    <P Name="Dst">76170#in:3</P>
  </Line>
  <Line>
    <P Name="ZOrder">48</P>
    <P Name="Src">76167#out:1</P>
    <P Name="Points">[68, 0; 0, 315]</P>
    <P Name="Dst">76170#in:1</P>
  </Line>
  <Line>
    <P Name="ZOrder">49</P>
    <P Name="Src">76170#out:1</P>
    <P Name="Dst">76171#in:1</P>
  </Line>
  <Line>
    <P Name="Name">q4 / q0</P>
    <P Name="ZOrder">50</P>
    <P Name="Labels">[0, 1]</P>
    <P Name="Src">76130#out:4</P>
    <P Name="Points">[214, 0]</P>
    <Branch>
      <P Name="ZOrder">51</P>
      <P Name="Points">[0, 10]</P>
      <Branch>
        <P Name="ZOrder">52</P>
        <P Name="Dst">76160#in:2</P>
      </Branch>
      <Branch>
        <P Name="ZOrder">53</P>
        <P Name="Points">[0, 130]</P>
        <Branch>
          <P Name="ZOrder">54</P>
          <P Name="Points">[0, 110]</P>
          <Branch>
            <P Name="ZOrder">55</P>
            <P Name="Dst">76158#in:2</P>
          </Branch>
          <Branch>
            <P Name="ZOrder">56</P>
            <P Name="Points">[0, 110]</P>
            <P Name="Dst">76146#in:1</P>
          </Branch>
        </Branch>
        <Branch>
          <P Name="ZOrder">57</P>
          <P Name="Dst">76162#in:2</P>
        </Branch>
      </Branch>
    </Branch>
    <Branch>
      <P Name="ZOrder">58</P>
      <P Name="Points">[0, -100]</P>
      <Branch>
        <P Name="ZOrder">59</P>
        <P Name="Points">[0, -110]</P>
        <Branch>
          <P Name="ZOrder">60</P>
          <P Name="Points">[0, -130]</P>
          <Branch>
            <P Name="ZOrder">61</P>
            <P Name="Points">[0, -110]</P>
            <Branch>
              <P Name="ZOrder">62</P>
              <P Name="Points">[0, -110]</P>
              <P Name="Dst">76148#in:1</P>
            </Branch>
            <Branch>
              <P Name="ZOrder">63</P>
              <P Name="Dst">76156#in:2</P>
            </Branch>
          </Branch>
          <Branch>
            <P Name="ZOrder">64</P>
            <P Name="Dst">76166#in:2</P>
          </Branch>
        </Branch>
        <Branch>
          <P Name="ZOrder">65</P>
          <P Name="Dst">76164#in:2</P>
        </Branch>
      </Branch>
      <Branch>
        <P Name="ZOrder">66</P>
        <P Name="Dst">76152#in:1</P>
      </Branch>
    </Branch>
  </Line>
  <Line>
    <P Name="Name">q3</P>
    <P Name="ZOrder">67</P>
    <P Name="Labels">[0, 1]</P>
    <P Name="Src">76130#out:3</P>
    <P Name="Points">[154, 0]</P>
    <Branch>
      <P Name="ZOrder">68</P>
      <P Name="Points">[0, -25]</P>
      <Branch>
        <P Name="ZOrder">69</P>
        <P Name="Points">[0, -110]</P>
        <Branch>
          <P Name="ZOrder">70</P>
          <P Name="Points">[0, -155]</P>
          <Branch>
            <P Name="ZOrder">71</P>
            <P Name="Points">[0, -85]</P>
            <Branch>
              <P Name="ZOrder">72</P>
              <P Name="Points">[0, -110]</P>
              <P Name="Dst">76147#in:1</P>
            </Branch>
            <Branch>
              <P Name="ZOrder">73</P>
              <P Name="Dst">76156#in:1</P>
            </Branch>
          </Branch>
          <Branch>
            <P Name="ZOrder">74</P>
            <P Name="Dst">76165#in:2</P>
          </Branch>
        </Branch>
        <Branch>
          <P Name="ZOrder">75</P>
          <P Name="Dst">76164#in:1</P>
        </Branch>
      </Branch>
      <Branch>
        <P Name="ZOrder">76</P>
        <P Name="Dst">76151#in:1</P>
      </Branch>
    </Branch>
    <Branch>
      <P Name="ZOrder">77</P>
      <P Name="Points">[0, 60]</P>
      <Branch>
        <P Name="ZOrder">78</P>
        <P Name="Points">[0, 130]</P>
        <Branch>
          <P Name="ZOrder">79</P>
          <P Name="Points">[0, 110]</P>
          <Branch>
            <P Name="ZOrder">80</P>
            <P Name="Dst">76157#in:2</P>
          </Branch>
          <Branch>
            <P Name="ZOrder">81</P>
            <P Name="Points">[0, 135]</P>
            <P Name="Dst">76145#in:1</P>
          </Branch>
        </Branch>
        <Branch>
          <P Name="ZOrder">82</P>
          <P Name="Dst">76161#in:2</P>
        </Branch>
      </Branch>
      <Branch>
        <P Name="ZOrder">83</P>
        <P Name="Dst">76159#in:2</P>
      </Branch>
    </Branch>
  </Line>
  <Line>
    <P Name="Name">q2</P>
    <P Name="ZOrder">84</P>
    <P Name="Labels">[0, 1]</P>
    <P Name="Src">76130#out:2</P>
    <P Name="Points">[105, 0]</P>
    <Branch>
      <P Name="ZOrder">85</P>
      <P Name="Points">[0, -65]</P>
      <Branch>
        <P Name="ZOrder">86</P>
        <P Name="Points">[0, -105]</P>
        <Branch>
          <P Name="ZOrder">87</P>
          <P Name="Points">[0, -135]</P>
          <Branch>
            <P Name="ZOrder">88</P>
            <P Name="Points">[0, -105]</P>
            <P Name="Dst">76144#in:1</P>
          </Branch>
          <Branch>
            <P Name="ZOrder">89</P>
            <P Name="Dst">76155#in:2</P>
          </Branch>
        </Branch>
        <Branch>
          <P Name="ZOrder">90</P>
          <P Name="Dst">76166#in:1</P>
        </Branch>
      </Branch>
      <Branch>
        <P Name="ZOrder">91</P>
        <P Name="Dst">76163#in:2</P>
      </Branch>
    </Branch>
    <Branch>
      <P Name="ZOrder">92</P>
      <P Name="Points">[0, 50]</P>
      <Branch>
        <P Name="ZOrder">93</P>
        <P Name="Dst">76150#in:1</P>
      </Branch>
      <Branch>
        <P Name="ZOrder">94</P>
        <P Name="Points">[0, 85]</P>
        <Branch>
          <P Name="ZOrder">95</P>
          <P Name="Points">[0, 175]</P>
          <Branch>
            <P Name="ZOrder">96</P>
            <P Name="Points">[0, 65]</P>
            <Branch>
              <P Name="ZOrder">97</P>
              <P Name="Points">[0, 135]</P>
              <P Name="Dst">76154#in:1</P>
            </Branch>
            <Branch>
              <P Name="ZOrder">98</P>
              <P Name="Dst">76157#in:1</P>
            </Branch>
          </Branch>
          <Branch>
            <P Name="ZOrder">99</P>
            <P Name="Dst">76162#in:1</P>
          </Branch>
        </Branch>
        <Branch>
          <P Name="ZOrder">100</P>
          <P Name="Dst">76159#in:1</P>
        </Branch>
      </Branch>
    </Branch>
  </Line>
  <Line>
    <P Name="Name">q1</P>
    <P Name="ZOrder">101</P>
    <P Name="Labels">[0, 1]</P>
    <P Name="Src">76130#out:1</P>
    <P Name="Points">[57, 0]</P>
    <Branch>
      <P Name="ZOrder">102</P>
      <P Name="Points">[0, 10]</P>
      <Branch>
        <P Name="ZOrder">103</P>
        <P Name="Dst">76163#in:1</P>
      </Branch>
      <Branch>
        <P Name="ZOrder">104</P>
        <P Name="Points">[0, 115]</P>
        <Branch>
          <P Name="ZOrder">105</P>
          <P Name="Dst">76149#in:1</P>
        </Branch>
        <Branch>
          <P Name="ZOrder">106</P>
          <P Name="Points">[0, 150]</P>
          <Branch>
            <P Name="ZOrder">107</P>
            <P Name="Points">[0, 85]</P>
            <Branch>
              <P Name="ZOrder">108</P>
              <P Name="Points">[0, 155]</P>
              <Branch>
                <P Name="ZOrder">109</P>
                <P Name="Points">[0, 70]</P>
                <P Name="Dst">76153#in:1</P>
              </Branch>
              <Branch>
                <P Name="ZOrder">110</P>
                <P Name="Dst">76158#in:1</P>
              </Branch>
            </Branch>
            <Branch>
              <P Name="ZOrder">111</P>
              <P Name="Dst">76161#in:1</P>
            </Branch>
          </Branch>
          <Branch>
            <P Name="ZOrder">112</P>
            <P Name="Dst">76160#in:1</P>
          </Branch>
        </Branch>
      </Branch>
    </Branch>
    <Branch>
      <P Name="ZOrder">113</P>
      <P Name="Points">[0, -120]</P>
      <Branch>
        <P Name="ZOrder">114</P>
        <P Name="Points">[0, -110]</P>
        <Branch>
          <P Name="ZOrder">115</P>
          <P Name="Points">[0, -105]</P>
          <P Name="Dst">76143#in:1</P>
        </Branch>
        <Branch>
          <P Name="ZOrder">116</P>
          <P Name="Dst">76155#in:1</P>
        </Branch>
      </Branch>
      <Branch>
        <P Name="ZOrder">117</P>
        <P Name="Dst">76165#in:1</P>
      </Branch>
    </Branch>
  </Line>
  <Line>
    <P Name="ZOrder">118</P>
    <P Name="Src">76120#out:1</P>
    <P Name="Dst">76130#in:1</P>
  </Line>
  <Annotation SID="76173">
    <P Name="Name">Inputs [size]:

quaternion q12 [4]</P>
    <P Name="Position">[-446, 34, -364, 72]</P>
    <P Name="InternalMargins">[0, 0, 0, 0]</P>
    <P Name="HorizontalAlignment">center</P>
    <P Name="VerticalAlignment">middle</P>
    <P Name="ZOrder">-1</P>
  </Annotation>
  <Annotation SID="76172">
    <P Name="Name">Outputs [size]:

direction cosine matrix T12 [3x3]</P>
    <P Name="Position">[637, 51, 782, 89]</P>
    <P Name="InternalMargins">[0, 0, 0, 0]</P>
    <P Name="HorizontalAlignment">center</P>
    <P Name="VerticalAlignment">middle</P>
    <P Name="ZOrder">-2</P>
  </Annotation>
</System>
