<?xml version="1.0" encoding="utf-8"?>
<System>
  <P Name="Location">[223, 338, 826, 833]</P>
  <P Name="SystemRect">[0.000000, 0.000000, 0.000000, 0.000000]</P>
  <P Name="SetExecutionDomain">off</P>
  <P Name="ExecutionDomainType">Deduce</P>
  <P Name="SIDHighWatermark">80</P>
  <P Name="SimulinkSubDomain">Simulink</P>
  <Block BlockType="Inport" Name="siB" SID="78327::1">
    <P Name="Position">[20, 101, 40, 119]</P>
    <P Name="ZOrder">-1</P>
  </Block>
  <Block BlockType="Inport" Name="d_siB" SID="78327::19">
    <P Name="Position">[20, 136, 40, 154]</P>
    <P Name="ZOrder">10</P>
    <P Name="Port">2</P>
  </Block>
  <Block BlockType="Demux" Name=" Demux " SID="78327::79">
    <P Name="Ports">[1, 1]</P>
    <P Name="Position">[270, 230, 320, 270]</P>
    <P Name="ZOrder">57</P>
    <P Name="Outputs">1</P>
  </Block>
  <Block BlockType="S-Function" Name=" SFunction " SID="78327::78">
    <P Name="Tag">Stateflow S-Function 28</P>
    <P Name="Ports">[2, 2]</P>
    <P Name="Position">[180, 100, 230, 160]</P>
    <P Name="ZOrder">56</P>
    <P Name="FunctionName">sf_sfun</P>
    <P Name="Parameters">d_siB_max,d_siB_min,siB_max,siB_min</P>
    <P Name="PortCounts">[2 2]</P>
    <P Name="SFunctionDeploymentMode">off</P>
    <P Name="EnableBusSupport">on</P>
    <P Name="SFcnIsStateOwnerBlock">off</P>
    <Port>
      <P Name="PortNumber">2</P>
      <P Name="Name">d_siB_l</P>
    </Port>
  </Block>
  <Block BlockType="Terminator" Name=" Terminator " SID="78327::80">
    <P Name="Position">[460, 241, 480, 259]</P>
    <P Name="ZOrder">58</P>
  </Block>
  <Block BlockType="Outport" Name="d_siB_l" SID="78327::5">
    <P Name="Position">[460, 101, 480, 119]</P>
    <P Name="ZOrder">-5</P>
    <P Name="VectorParamsAs1DForOutWhenUnconnected">off</P>
  </Block>
  <Line>
    <P Name="ZOrder">1</P>
    <P Name="Src">78327::1#out:1</P>
    <P Name="Points">[120, 0]</P>
    <P Name="Dst">78327::78#in:1</P>
  </Line>
  <Line>
    <P Name="ZOrder">2</P>
    <P Name="Src">78327::19#out:1</P>
    <P Name="Dst">78327::78#in:2</P>
  </Line>
  <Line>
    <P Name="Name">d_siB_l</P>
    <P Name="ZOrder">3</P>
    <P Name="Labels">[0, 0]</P>
    <P Name="Src">78327::78#out:2</P>
    <P Name="Dst">78327::5#in:1</P>
  </Line>
  <Line>
    <P Name="ZOrder">4</P>
    <P Name="Src">78327::79#out:1</P>
    <P Name="Dst">78327::80#in:1</P>
  </Line>
  <Line>
    <P Name="ZOrder">5</P>
    <P Name="Src">78327::78#out:1</P>
    <P Name="Dst">78327::79#in:1</P>
  </Line>
</System>
