<?xml version="1.0" encoding="utf-8"?>
<System>
  <P Name="Location">[-7, -7, 1481, 871]</P>
  <P Name="SystemRect">[0.000000, 0.000000, 0.000000, 0.000000]</P>
  <P Name="SetExecutionDomain">off</P>
  <P Name="ExecutionDomainType">Deduce</P>
  <P Name="ZoomFactor">102</P>
  <P Name="SimulinkSubDomain">Simulink</P>
  <Block BlockType="Inport" Name="alpha_deg" SID="75040">
    <P Name="Position">[-395, -237, -365, -223]</P>
    <P Name="ZOrder">39</P>
  </Block>
  <Block BlockType="Inport" Name="beta_deg" SID="75041">
    <P Name="Position">[-395, -142, -365, -128]</P>
    <P Name="ZOrder">-1</P>
    <P Name="Port">2</P>
  </Block>
  <Block BlockType="Inport" Name="dele_deg" SID="75042">
    <P Name="Position">[-330, -32, -300, -18]</P>
    <P Name="ZOrder">44</P>
    <P Name="Port">3</P>
  </Block>
  <Block BlockType="Inport" Name="dela_deg" SID="75043">
    <P Name="Position">[-330, 108, -300, 122]</P>
    <P Name="ZOrder">46</P>
    <P Name="Port">4</P>
  </Block>
  <Block BlockType="Inport" Name="delr_deg" SID="75044">
    <P Name="Position">[-330, 248, -300, 262]</P>
    <P Name="ZOrder">1</P>
    <P Name="Port">5</P>
  </Block>
  <Block BlockType="Lookup_n-D" Name="1-D Lookup&#xA;Table" SID="75045">
    <P Name="Ports">[1, 1]</P>
    <P Name="Position">[-225, -262, -160, -198]</P>
    <P Name="ZOrder">6</P>
    <P Name="ShowName">off</P>
    <P Name="HideAutomaticName">off</P>
    <P Name="AttributesFormatString">%&lt;Table&gt;
%&lt;BreakpointsForDimension1&gt;</P>
    <P Name="InputPortMap">u0</P>
    <P Name="NumberOfTableDimensions">1</P>
    <P Name="BreakpointsForDimension1">Aerodynamics.alpha_bkpts_ind1</P>
    <P Name="Table">Aerodynamics.CZ_alpha</P>
    <P Name="ExtrapMethod">Clip</P>
    <P Name="UseLastTableValue">on</P>
    <P Name="InternalRulePriority">Speed</P>
    <P Name="RndMeth">Simplest</P>
  </Block>
  <Block BlockType="Lookup_n-D" Name="1-D Lookup&#xA;Table1" SID="75046">
    <P Name="Ports">[1, 1]</P>
    <P Name="Position">[-225, -167, -160, -103]</P>
    <P Name="ZOrder">33</P>
    <P Name="ShowName">off</P>
    <P Name="HideAutomaticName">off</P>
    <P Name="AttributesFormatString">%&lt;Table&gt;
%&lt;BreakpointsForDimension1&gt;</P>
    <P Name="InputPortMap">u0</P>
    <P Name="NumberOfTableDimensions">1</P>
    <P Name="BreakpointsForDimension1">Aerodynamics.beta_bkpts_ind1</P>
    <P Name="Table">Aerodynamics.CZ_beta</P>
    <P Name="ExtrapMethod">Clip</P>
    <P Name="UseLastTableValue">on</P>
    <P Name="InternalRulePriority">Speed</P>
    <P Name="RndMeth">Simplest</P>
  </Block>
  <Block BlockType="Lookup_n-D" Name="2-D Lookup&#xA;Table" SID="75047">
    <P Name="Ports">[2, 1]</P>
    <P Name="Position">[-225, -72, -160, -8]</P>
    <P Name="ZOrder">32</P>
    <P Name="ShowName">off</P>
    <P Name="HideAutomaticName">off</P>
    <P Name="AttributesFormatString">%&lt;Table&gt;
%&lt;BreakpointsForDimension1&gt;
%&lt;BreakpointsForDimension2&gt;
</P>
    <P Name="InputPortMap">u0,u1</P>
    <P Name="BreakpointsForDimension1">Aerodynamics.dele_inc_bkpts_ind1</P>
    <P Name="BreakpointsForDimension2">Aerodynamics.dele_inc_bkpts_ind2</P>
    <P Name="Table">Aerodynamics.CZ_dele_inc</P>
    <P Name="ExtrapMethod">Clip</P>
    <P Name="UseLastTableValue">on</P>
    <P Name="InternalRulePriority">Speed</P>
    <P Name="RndMeth">Simplest</P>
    <Port>
      <P Name="PortNumber">1</P>
      <P Name="Name">CZ_dele</P>
    </Port>
  </Block>
  <Block BlockType="Lookup_n-D" Name="2-D Lookup&#xA;Table1" SID="75048">
    <P Name="Ports">[2, 1]</P>
    <P Name="Position">[-225, 68, -160, 132]</P>
    <P Name="ZOrder">37</P>
    <P Name="ShowName">off</P>
    <P Name="HideAutomaticName">off</P>
    <P Name="AttributesFormatString">%&lt;Table&gt;
%&lt;BreakpointsForDimension1&gt;
%&lt;BreakpointsForDimension2&gt;
</P>
    <P Name="InputPortMap">u0,u1</P>
    <P Name="BreakpointsForDimension1">Aerodynamics.dela_inc_bkpts_ind1</P>
    <P Name="BreakpointsForDimension2">Aerodynamics.dela_inc_bkpts_ind2</P>
    <P Name="Table">Aerodynamics.CZ_dela_inc</P>
    <P Name="ExtrapMethod">Clip</P>
    <P Name="UseLastTableValue">on</P>
    <P Name="InternalRulePriority">Speed</P>
    <P Name="RndMeth">Simplest</P>
    <Port>
      <P Name="PortNumber">1</P>
      <P Name="Name">CZ_dela</P>
    </Port>
  </Block>
  <Block BlockType="Lookup_n-D" Name="2-D Lookup&#xA;Table2" SID="75049">
    <P Name="Ports">[2, 1]</P>
    <P Name="Position">[-225, 208, -160, 272]</P>
    <P Name="ZOrder">38</P>
    <P Name="ShowName">off</P>
    <P Name="HideAutomaticName">off</P>
    <P Name="AttributesFormatString">%&lt;Table&gt;
%&lt;BreakpointsForDimension1&gt;
%&lt;BreakpointsForDimension2&gt;
</P>
    <P Name="InputPortMap">u0,u1</P>
    <P Name="BreakpointsForDimension1">Aerodynamics.delr_inc_bkpts_ind1</P>
    <P Name="BreakpointsForDimension2">Aerodynamics.delr_inc_bkpts_ind2</P>
    <P Name="Table">Aerodynamics.CZ_delr_inc</P>
    <P Name="ExtrapMethod">Clip</P>
    <P Name="UseLastTableValue">on</P>
    <P Name="InternalRulePriority">Speed</P>
    <P Name="RndMeth">Simplest</P>
    <Port>
      <P Name="PortNumber">1</P>
      <P Name="Name">CZ_delr</P>
    </Port>
  </Block>
  <Block BlockType="Constant" Name="Constant" SID="75050">
    <P Name="Position">[245, 75, 275, 105]</P>
    <P Name="ZOrder">51</P>
    <P Name="ShowName">off</P>
    <P Name="HideAutomaticName">off</P>
    <P Name="AttributesFormatString">%&lt;Value&gt;</P>
    <P Name="Value">Aerodynamics.CZ_bias</P>
  </Block>
  <Block BlockType="Gain" Name="Gain" SID="75051">
    <P Name="Position">[245, 15, 275, 45]</P>
    <P Name="ZOrder">50</P>
    <P Name="ShowName">off</P>
    <P Name="HideAutomaticName">off</P>
    <P Name="AttributesFormatString">%&lt;Gain&gt;</P>
    <P Name="Gain">Aerodynamics.CZ_scale</P>
  </Block>
  <Block BlockType="Sum" Name="Sum" SID="75052">
    <P Name="Ports">[4, 1]</P>
    <P Name="Position">[150, -248, 170, 308]</P>
    <P Name="ZOrder">4</P>
    <P Name="ShowName">off</P>
    <P Name="IconShape">rectangular</P>
    <P Name="Inputs">++++</P>
  </Block>
  <Block BlockType="Sum" Name="Sum1" SID="75053">
    <P Name="Ports">[2, 1]</P>
    <P Name="Position">[-35, -278, -15, -87]</P>
    <P Name="ZOrder">36</P>
    <P Name="ShowName">off</P>
    <P Name="IconShape">rectangular</P>
    <Port>
      <P Name="PortNumber">1</P>
      <P Name="Name">CZ_0</P>
      <P Name="DataLoggingDecimateData">on</P>
      <P Name="DataLoggingDecimation">SL_decimation</P>
    </Port>
  </Block>
  <Block BlockType="Sum" Name="Sum2" SID="75054">
    <P Name="Ports">[2, 1]</P>
    <P Name="Position">[330, 20, 350, 40]</P>
    <P Name="ZOrder">52</P>
    <P Name="ShowName">off</P>
    <P Name="Inputs">|++</P>
    <Port>
      <P Name="PortNumber">1</P>
      <P Name="Name">CZ_B</P>
      <P Name="DataLogging">on</P>
      <P Name="DataLoggingDecimateData">on</P>
      <P Name="DataLoggingDecimation">SL_decimation</P>
    </Port>
  </Block>
  <Block BlockType="InportShadow" Name="alpha_deg D1" SID="75055">
    <P Name="Position">[-395, -62, -365, -48]</P>
    <P Name="ZOrder">40</P>
  </Block>
  <Block BlockType="InportShadow" Name="alpha_deg D2" SID="75056">
    <P Name="Position">[-395, 78, -365, 92]</P>
    <P Name="ZOrder">41</P>
  </Block>
  <Block BlockType="InportShadow" Name="beta_deg D1" SID="75057">
    <P Name="Position">[-395, 218, -365, 232]</P>
    <P Name="ZOrder">42</P>
    <P Name="Port">2</P>
  </Block>
  <Block BlockType="Outport" Name="CZ" SID="75058">
    <P Name="Position">[440, 23, 470, 37]</P>
    <P Name="ZOrder">-2</P>
  </Block>
  <Line>
    <P Name="ZOrder">1</P>
    <P Name="Src">75042#out:1</P>
    <P Name="Dst">75047#in:2</P>
  </Line>
  <Line>
    <P Name="ZOrder">2</P>
    <P Name="Src">75043#out:1</P>
    <P Name="Dst">75048#in:2</P>
  </Line>
  <Line>
    <P Name="ZOrder">3</P>
    <P Name="Src">75057#out:1</P>
    <P Name="Dst">75049#in:1</P>
  </Line>
  <Line>
    <P Name="Name">CZ_dele</P>
    <P Name="ZOrder">4</P>
    <P Name="Labels">[1, 1]</P>
    <P Name="Src">75047#out:1</P>
    <P Name="Dst">75052#in:2</P>
  </Line>
  <Line>
    <P Name="Name">CZ_dela</P>
    <P Name="ZOrder">5</P>
    <P Name="Labels">[1, 1]</P>
    <P Name="Src">75048#out:1</P>
    <P Name="Dst">75052#in:3</P>
  </Line>
  <Line>
    <P Name="ZOrder">6</P>
    <P Name="Src">75044#out:1</P>
    <P Name="Dst">75049#in:2</P>
  </Line>
  <Line>
    <P Name="Name">CZ_delr</P>
    <P Name="ZOrder">7</P>
    <P Name="Labels">[1, 1]</P>
    <P Name="Src">75049#out:1</P>
    <P Name="Dst">75052#in:4</P>
  </Line>
  <Line>
    <P Name="ZOrder">8</P>
    <P Name="Src">75056#out:1</P>
    <P Name="Dst">75048#in:1</P>
  </Line>
  <Line>
    <P Name="ZOrder">9</P>
    <P Name="Src">75055#out:1</P>
    <P Name="Dst">75047#in:1</P>
  </Line>
  <Line>
    <P Name="ZOrder">10</P>
    <P Name="Src">75040#out:1</P>
    <P Name="Dst">75045#in:1</P>
  </Line>
  <Line>
    <P Name="ZOrder">11</P>
    <P Name="Src">75046#out:1</P>
    <P Name="Dst">75053#in:2</P>
  </Line>
  <Line>
    <P Name="ZOrder">12</P>
    <P Name="Src">75045#out:1</P>
    <P Name="Dst">75053#in:1</P>
  </Line>
  <Line>
    <P Name="Name">CZ_0</P>
    <P Name="ZOrder">13</P>
    <P Name="Labels">[1, 1]</P>
    <P Name="Src">75053#out:1</P>
    <P Name="Dst">75052#in:1</P>
  </Line>
  <Line>
    <P Name="ZOrder">14</P>
    <P Name="Src">75041#out:1</P>
    <P Name="Dst">75046#in:1</P>
  </Line>
  <Line>
    <P Name="Name">CZ_B</P>
    <P Name="ZOrder">15</P>
    <P Name="Labels">[1, 1]</P>
    <P Name="Src">75054#out:1</P>
    <P Name="Dst">75058#in:1</P>
  </Line>
  <Line>
    <P Name="ZOrder">16</P>
    <P Name="Src">75050#out:1</P>
    <P Name="Points">[60, 0]</P>
    <P Name="Dst">75054#in:2</P>
  </Line>
  <Line>
    <P Name="ZOrder">17</P>
    <P Name="Src">75051#out:1</P>
    <P Name="Dst">75054#in:1</P>
  </Line>
  <Line>
    <P Name="ZOrder">18</P>
    <P Name="Src">75052#out:1</P>
    <P Name="Dst">75051#in:1</P>
  </Line>
</System>
