<?xml version="1.0" encoding="utf-8"?>
<System>
  <P Name="Location">[-7, -7, 1481, 871]</P>
  <P Name="SystemRect">[0.000000, 0.000000, 0.000000, 0.000000]</P>
  <P Name="SetExecutionDomain">off</P>
  <P Name="ExecutionDomainType">Deduce</P>
  <P Name="ZoomFactor">150</P>
  <P Name="SimulinkSubDomain">Simulink</P>
  <Block BlockType="Inport" Name="mB_c" SID="80061">
    <P Name="Position">[5, 168, 35, 182]</P>
    <P Name="ZOrder">594</P>
    <P Name="BackgroundColor">yellow</P>
    <Port>
      <P Name="PortNumber">1</P>
      <P Name="PropagatedSignals">mB_c</P>
      <P Name="ShowPropagatedSignals">on</P>
    </Port>
  </Block>
  <Block BlockType="Sum" Name="Add" SID="80062">
    <P Name="Ports">[2, 1]</P>
    <P Name="Position">[285, 102, 315, 233]</P>
    <P Name="ZOrder">590</P>
    <P Name="ShowName">off</P>
    <P Name="IconShape">rectangular</P>
    <Port>
      <P Name="PortNumber">1</P>
      <P Name="Name">mB</P>
      <P Name="TestPoint">on</P>
      <P Name="DataLogging">on</P>
      <P Name="DataLoggingDecimateData">on</P>
      <P Name="DataLoggingDecimation">SL_decimation</P>
    </Port>
  </Block>
  <Block BlockType="Constant" Name="Constant" SID="80063">
    <P Name="Position">[95, 120, 160, 150]</P>
    <P Name="ZOrder">592</P>
    <P Name="ShowName">off</P>
    <P Name="Value">unc_mB_bl</P>
  </Block>
  <Block BlockType="Constant" Name="Constant1" SID="80064">
    <P Name="Position">[95, 205, 165, 235]</P>
    <P Name="ZOrder">597</P>
    <P Name="ShowName">off</P>
    <P Name="Value">unc_mB_scale</P>
  </Block>
  <Block BlockType="Product" Name="Product" SID="80065">
    <P Name="Ports">[2, 1]</P>
    <P Name="Position">[215, 154, 245, 241]</P>
    <P Name="ZOrder">596</P>
    <P Name="ShowName">off</P>
  </Block>
  <Block BlockType="Outport" Name="mB" SID="80066">
    <P Name="Position">[440, 163, 470, 177]</P>
    <P Name="ZOrder">595</P>
    <P Name="BackgroundColor">orange</P>
    <P Name="VectorParamsAs1DForOutWhenUnconnected">off</P>
  </Block>
  <Line>
    <P Name="ZOrder">1</P>
    <P Name="Src">80063#out:1</P>
    <P Name="Dst">80062#in:1</P>
  </Line>
  <Line>
    <P Name="ZOrder">2</P>
    <P Name="Labels">[0, 1]</P>
    <P Name="Src">80061#out:1</P>
    <P Name="Dst">80065#in:1</P>
  </Line>
  <Line>
    <P Name="Name">mB</P>
    <P Name="ZOrder">3</P>
    <P Name="Labels">[0, 1]</P>
    <P Name="Src">80062#out:1</P>
    <P Name="Dst">80066#in:1</P>
  </Line>
  <Line>
    <P Name="ZOrder">4</P>
    <P Name="Src">80064#out:1</P>
    <P Name="Dst">80065#in:2</P>
  </Line>
  <Line>
    <P Name="ZOrder">5</P>
    <P Name="Src">80065#out:1</P>
    <P Name="Dst">80062#in:2</P>
  </Line>
</System>
