<?xml version="1.0" encoding="utf-8"?>
<System>
  <P Name="Location">[457, 345, 875, 707]</P>
  <P Name="SystemRect">[0.000000, 0.000000, 0.000000, 0.000000]</P>
  <P Name="SetExecutionDomain">off</P>
  <P Name="ExecutionDomainType">Deduce</P>
  <P Name="SimulinkSubDomain">Simulink</P>
  <Block BlockType="Inport" Name="e" SID="74662:204">
    <P Name="Position">[25, 63, 55, 77]</P>
    <P Name="ZOrder">-1</P>
  </Block>
  <Block BlockType="Constant" Name="Constant" SID="74662:205">
    <P Name="Position">[105, 15, 135, 45]</P>
    <P Name="ZOrder">-2</P>
    <P Name="ShowName">off</P>
  </Block>
  <Block BlockType="Product" Name="Product1" SID="74662:206">
    <P Name="Ports">[2, 1]</P>
    <P Name="Position">[105, 55, 135, 90]</P>
    <P Name="ZOrder">-3</P>
    <P Name="ShowName">off</P>
    <P Name="RndMeth">Zero</P>
  </Block>
  <Block BlockType="Sum" Name="Sum1" SID="74662:207">
    <P Name="Ports">[2, 1]</P>
    <P Name="Position">[170, 20, 190, 40]</P>
    <P Name="ZOrder">-4</P>
    <P Name="ShowName">off</P>
    <P Name="Inputs">|+-</P>
  </Block>
  <Block BlockType="Sqrt" Name="sqrt" SID="74662:208">
    <P Name="Position">[215, 15, 245, 45]</P>
    <P Name="ZOrder">-5</P>
    <P Name="ShowName">off</P>
    <P Name="AlgorithmType">Newton-Raphson</P>
  </Block>
  <Block BlockType="Outport" Name="eps" SID="74662:209">
    <P Name="Position">[280, 23, 310, 37]</P>
    <P Name="ZOrder">-6</P>
    <P Name="VectorParamsAs1DForOutWhenUnconnected">off</P>
  </Block>
  <Line>
    <P Name="ZOrder">1</P>
    <P Name="Src">74662:204#out:1</P>
    <P Name="Points">[0, 0; 15, 0]</P>
    <Branch>
      <P Name="ZOrder">2</P>
      <P Name="Points">[0, -5]</P>
      <P Name="Dst">74662:206#in:1</P>
    </Branch>
    <Branch>
      <P Name="ZOrder">3</P>
      <P Name="Points">[0, 10]</P>
      <P Name="Dst">74662:206#in:2</P>
    </Branch>
  </Line>
  <Line>
    <P Name="ZOrder">4</P>
    <P Name="Src">74662:206#out:1</P>
    <P Name="Points">[40, 0]</P>
    <P Name="Dst">74662:207#in:2</P>
  </Line>
  <Line>
    <P Name="ZOrder">5</P>
    <P Name="Src">74662:205#out:1</P>
    <P Name="Dst">74662:207#in:1</P>
  </Line>
  <Line>
    <P Name="ZOrder">6</P>
    <P Name="Src">74662:207#out:1</P>
    <P Name="Dst">74662:208#in:1</P>
  </Line>
  <Line>
    <P Name="ZOrder">7</P>
    <P Name="Src">74662:208#out:1</P>
    <P Name="Dst">74662:209#in:1</P>
  </Line>
</System>
