<?xml version="1.0" encoding="utf-8"?>
<System>
  <P Name="Location">[-7, -7, 1481, 871]</P>
  <P Name="SystemRect">[0.000000, 0.000000, 0.000000, 0.000000]</P>
  <P Name="SetExecutionDomain">off</P>
  <P Name="ExecutionDomainType">Deduce</P>
  <P Name="ZoomFactor">129</P>
  <P Name="SimulinkSubDomain">Simulink</P>
  <Block BlockType="Inport" Name="mB" SID="77236">
    <P Name="Position">[325, 103, 355, 117]</P>
    <P Name="ZOrder">609</P>
    <P Name="BackgroundColor">yellow</P>
    <Port>
      <P Name="PortNumber">1</P>
      <P Name="PropagatedSignals">mB</P>
      <P Name="ShowPropagatedSignals">on</P>
    </Port>
  </Block>
  <Block BlockType="Inport" Name="mM" SID="77237">
    <P Name="Position">[325, 183, 355, 197]</P>
    <P Name="ZOrder">778</P>
    <P Name="BackgroundColor">yellow</P>
    <P Name="Port">2</P>
    <Port>
      <P Name="PortNumber">1</P>
      <P Name="PropagatedSignals">mM</P>
      <P Name="ShowPropagatedSignals">on</P>
    </Port>
  </Block>
  <Block BlockType="Lookup_n-D" Name="1-D Lookup&#xA;Table" SID="77238">
    <P Name="Ports">[1, 1]</P>
    <P Name="Position">[455, 158, 520, 222]</P>
    <P Name="ZOrder">773</P>
    <P Name="ShowName">off</P>
    <P Name="HideAutomaticName">off</P>
    <P Name="AttributesFormatString">%&lt;Table&gt;
%&lt;BreakpointsForDimension1&gt;
</P>
    <P Name="InputPortMap">u0</P>
    <P Name="NumberOfTableDimensions">1</P>
    <P Name="BreakpointsForDimension1">Mass_Props.propellant_bkpts</P>
    <P Name="Table">Mass_Props.CGx_m_tbl</P>
    <P Name="ExtrapMethod">Clip</P>
    <P Name="UseLastTableValue">on</P>
    <P Name="InternalRulePriority">Speed</P>
    <P Name="RndMeth">Simplest</P>
  </Block>
  <Block BlockType="Lookup_n-D" Name="1-D Lookup&#xA;Table3" SID="77239">
    <P Name="Ports">[1, 1]</P>
    <P Name="Position">[455, 298, 520, 362]</P>
    <P Name="ZOrder">774</P>
    <P Name="ShowName">off</P>
    <P Name="HideAutomaticName">off</P>
    <P Name="AttributesFormatString">%&lt;Table&gt;
%&lt;BreakpointsForDimension1&gt;
</P>
    <P Name="InputPortMap">u0</P>
    <P Name="NumberOfTableDimensions">1</P>
    <P Name="BreakpointsForDimension1">Mass_Props.propellant_bkpts</P>
    <P Name="Table">Mass_Props.CGy_m_tbl</P>
    <P Name="ExtrapMethod">Clip</P>
    <P Name="UseLastTableValue">on</P>
    <P Name="InternalRulePriority">Speed</P>
    <P Name="RndMeth">Simplest</P>
  </Block>
  <Block BlockType="Lookup_n-D" Name="1-D Lookup&#xA;Table6" SID="77240">
    <P Name="Ports">[1, 1]</P>
    <P Name="Position">[455, 438, 520, 502]</P>
    <P Name="ZOrder">775</P>
    <P Name="ShowName">off</P>
    <P Name="HideAutomaticName">off</P>
    <P Name="AttributesFormatString">%&lt;Table&gt;
%&lt;BreakpointsForDimension1&gt;
</P>
    <P Name="InputPortMap">u0</P>
    <P Name="NumberOfTableDimensions">1</P>
    <P Name="BreakpointsForDimension1">Mass_Props.propellant_bkpts</P>
    <P Name="Table">Mass_Props.CGz_m_tbl</P>
    <P Name="ExtrapMethod">Clip</P>
    <P Name="UseLastTableValue">on</P>
    <P Name="InternalRulePriority">Speed</P>
    <P Name="RndMeth">Simplest</P>
  </Block>
  <Block BlockType="Sum" Name="Add6" SID="77241">
    <P Name="Ports">[2, 1]</P>
    <P Name="Position">[650, 159, 675, 286]</P>
    <P Name="ZOrder">784</P>
    <P Name="ShowName">off</P>
    <P Name="IconShape">rectangular</P>
  </Block>
  <Block BlockType="Sum" Name="Add7" SID="77242">
    <P Name="Ports">[2, 1]</P>
    <P Name="Position">[650, 299, 675, 426]</P>
    <P Name="ZOrder">786</P>
    <P Name="ShowName">off</P>
    <P Name="IconShape">rectangular</P>
  </Block>
  <Block BlockType="Sum" Name="Add8" SID="77243">
    <P Name="Ports">[2, 1]</P>
    <P Name="Position">[650, 439, 675, 566]</P>
    <P Name="ZOrder">788</P>
    <P Name="ShowName">off</P>
    <P Name="IconShape">rectangular</P>
  </Block>
  <Block BlockType="Constant" Name="Constant10" SID="77244">
    <P Name="Position">[565, 242, 615, 268]</P>
    <P Name="ZOrder">785</P>
    <P Name="ShowName">off</P>
    <P Name="Value">unc_cg_x</P>
  </Block>
  <Block BlockType="Constant" Name="Constant11" SID="77245">
    <P Name="Position">[565, 380, 615, 410]</P>
    <P Name="ZOrder">787</P>
    <P Name="ShowName">off</P>
    <P Name="Value">unc_cg_y</P>
  </Block>
  <Block BlockType="Constant" Name="Constant12" SID="77246">
    <P Name="Position">[565, 520, 615, 550]</P>
    <P Name="ZOrder">789</P>
    <P Name="ShowName">off</P>
    <P Name="Value">unc_cg_z</P>
  </Block>
  <Block BlockType="Terminator" Name="Terminator1" SID="77247">
    <P Name="Position">[400, 100, 420, 120]</P>
    <P Name="ZOrder">790</P>
    <P Name="ShowName">off</P>
    <P Name="HideAutomaticName">off</P>
  </Block>
  <Block BlockType="Concatenate" Name="Vector&#xA;Concatenate1" SID="77248">
    <P Name="Ports">[3, 1]</P>
    <P Name="Position">[740, 151, 750, 579]</P>
    <P Name="ZOrder">776</P>
    <P Name="ShowName">off</P>
    <P Name="HideAutomaticName">off</P>
    <P Name="NumInputs">3</P>
    <Port>
      <P Name="PortNumber">1</P>
      <P Name="Name">pBPB</P>
      <P Name="DataLogging">on</P>
      <P Name="DataLoggingDecimateData">on</P>
      <P Name="DataLoggingDecimation">SL_decimation</P>
    </Port>
  </Block>
  <Block BlockType="InportShadow" Name="mM D2" SID="77249">
    <P Name="Position">[325, 323, 355, 337]</P>
    <P Name="ZOrder">779</P>
    <P Name="BackgroundColor">yellow</P>
    <P Name="Port">2</P>
    <Port>
      <P Name="PortNumber">1</P>
      <P Name="PropagatedSignals">mM</P>
      <P Name="ShowPropagatedSignals">on</P>
    </Port>
  </Block>
  <Block BlockType="InportShadow" Name="mM D3" SID="77250">
    <P Name="Position">[325, 463, 355, 477]</P>
    <P Name="ZOrder">780</P>
    <P Name="BackgroundColor">yellow</P>
    <P Name="Port">2</P>
    <Port>
      <P Name="PortNumber">1</P>
      <P Name="PropagatedSignals">mM</P>
      <P Name="ShowPropagatedSignals">on</P>
    </Port>
  </Block>
  <Block BlockType="Outport" Name="pBPB" SID="77251">
    <P Name="Position">[830, 358, 860, 372]</P>
    <P Name="ZOrder">608</P>
    <P Name="BackgroundColor">orange</P>
    <P Name="VectorParamsAs1DForOutWhenUnconnected">off</P>
  </Block>
  <Line>
    <P Name="ZOrder">1</P>
    <P Name="Src">77240#out:1</P>
    <P Name="Dst">77243#in:1</P>
  </Line>
  <Line>
    <P Name="ZOrder">2</P>
    <P Name="Src">77239#out:1</P>
    <P Name="Dst">77242#in:1</P>
  </Line>
  <Line>
    <P Name="Name">pBPB</P>
    <P Name="ZOrder">3</P>
    <P Name="Labels">[1, 1]</P>
    <P Name="Src">77248#out:1</P>
    <P Name="Dst">77251#in:1</P>
  </Line>
  <Line>
    <P Name="ZOrder">4</P>
    <P Name="Src">77238#out:1</P>
    <P Name="Dst">77241#in:1</P>
  </Line>
  <Line>
    <P Name="ZOrder">5</P>
    <P Name="Src">77237#out:1</P>
    <P Name="Dst">77238#in:1</P>
  </Line>
  <Line>
    <P Name="ZOrder">6</P>
    <P Name="Src">77249#out:1</P>
    <P Name="Dst">77239#in:1</P>
  </Line>
  <Line>
    <P Name="ZOrder">7</P>
    <P Name="Src">77250#out:1</P>
    <P Name="Dst">77240#in:1</P>
  </Line>
  <Line>
    <P Name="ZOrder">8</P>
    <P Name="Src">77241#out:1</P>
    <P Name="Dst">77248#in:1</P>
  </Line>
  <Line>
    <P Name="ZOrder">9</P>
    <P Name="Src">77244#out:1</P>
    <P Name="Dst">77241#in:2</P>
  </Line>
  <Line>
    <P Name="ZOrder">10</P>
    <P Name="Src">77245#out:1</P>
    <P Name="Dst">77242#in:2</P>
  </Line>
  <Line>
    <P Name="ZOrder">11</P>
    <P Name="Src">77242#out:1</P>
    <P Name="Dst">77248#in:2</P>
  </Line>
  <Line>
    <P Name="ZOrder">12</P>
    <P Name="Src">77246#out:1</P>
    <P Name="Dst">77243#in:2</P>
  </Line>
  <Line>
    <P Name="ZOrder">13</P>
    <P Name="Src">77243#out:1</P>
    <P Name="Dst">77248#in:3</P>
  </Line>
  <Line>
    <P Name="ZOrder">14</P>
    <P Name="Src">77236#out:1</P>
    <P Name="Dst">77247#in:1</P>
  </Line>
</System>
