<?xml version="1.0" encoding="utf-8"?>
<System>
  <P Name="Location">[-1927, -543, 8, 632]</P>
  <P Name="SystemRect">[0.000000, 0.000000, 0.000000, 0.000000]</P>
  <P Name="SetExecutionDomain">off</P>
  <P Name="ExecutionDomainType">Deduce</P>
  <P Name="SimulinkSubDomain">Simulink</P>
  <Block BlockType="Inport" Name="vector" SID="77159">
    <P Name="Position">[90, 308, 120, 322]</P>
    <P Name="ZOrder">128</P>
    <P Name="BackgroundColor">yellow</P>
  </Block>
  <Block BlockType="DotProduct" Name="Dot Product1" SID="77160">
    <P Name="Position">[275, 306, 305, 339]</P>
    <P Name="ZOrder">131</P>
    <P Name="OutDataTypeStr">Inherit: Inherit via internal rule</P>
  </Block>
  <Block BlockType="Math" Name="Math&#xA;Function1" SID="77161">
    <P Name="Ports">[1, 1]</P>
    <P Name="Position">[420, 310, 450, 340]</P>
    <P Name="ZOrder">130</P>
    <P Name="Operator">sqrt</P>
    <P Name="SignedPower">on</P>
  </Block>
  <Block BlockType="Outport" Name="norm_of_vector" SID="77162">
    <P Name="Position">[540, 318, 570, 332]</P>
    <P Name="ZOrder">93</P>
    <P Name="BackgroundColor">orange</P>
    <P Name="VectorParamsAs1DForOutWhenUnconnected">off</P>
  </Block>
  <Line>
    <P Name="ZOrder">1</P>
    <P Name="Src">77159#out:1</P>
    <P Name="Points">[80, 0]</P>
    <Branch>
      <P Name="ZOrder">2</P>
      <P Name="Dst">77160#in:1</P>
    </Branch>
    <Branch>
      <P Name="ZOrder">3</P>
      <P Name="Points">[0, 15]</P>
      <P Name="Dst">77160#in:2</P>
    </Branch>
  </Line>
  <Line>
    <P Name="ZOrder">4</P>
    <P Name="Src">77161#out:1</P>
    <P Name="Dst">77162#in:1</P>
  </Line>
  <Line>
    <P Name="ZOrder">5</P>
    <P Name="Src">77160#out:1</P>
    <P Name="Dst">77161#in:1</P>
  </Line>
  <Annotation SID="77164">
    <P Name="Name">Outputs [size]:

norm of vector [1]</P>
    <P Name="Position">[512, 216, 591, 254]</P>
    <P Name="InternalMargins">[0, 0, 0, 0]</P>
    <P Name="HorizontalAlignment">center</P>
    <P Name="VerticalAlignment">middle</P>
    <P Name="ZOrder">-1</P>
  </Annotation>
  <Annotation SID="77163">
    <P Name="Name">Inputs [size]:

vector  [3]</P>
    <P Name="Position">[51, 216, 109, 254]</P>
    <P Name="InternalMargins">[0, 0, 0, 0]</P>
    <P Name="HorizontalAlignment">center</P>
    <P Name="VerticalAlignment">middle</P>
    <P Name="ZOrder">-2</P>
  </Annotation>
</System>
