<?xml version="1.0" encoding="utf-8"?>
<System>
  <P Name="Location">[-1927, -543, 8, 632]</P>
  <P Name="SystemRect">[0.000000, 0.000000, 0.000000, 0.000000]</P>
  <P Name="SetExecutionDomain">off</P>
  <P Name="ExecutionDomainType">Deduce</P>
  <P Name="SimulinkSubDomain">Simulink</P>
  <Block BlockType="Inport" Name="q32" SID="75995">
    <P Name="Position">[-220, -12, -190, 2]</P>
    <P Name="ZOrder">1</P>
    <P Name="BackgroundColor">yellow</P>
  </Block>
  <Block BlockType="Inport" Name="q21" SID="75996">
    <P Name="Position">[155, 53, 185, 67]</P>
    <P Name="ZOrder">-1</P>
    <P Name="BackgroundColor">yellow</P>
    <P Name="Port">2</P>
  </Block>
  <Block BlockType="Sum" Name="Add" SID="75997">
    <P Name="Ports">[4, 1]</P>
    <P Name="Position">[110, -207, 135, 187]</P>
    <P Name="ZOrder">14</P>
    <P Name="ShowName">off</P>
    <P Name="IconShape">rectangular</P>
    <P Name="Inputs">++++</P>
    <Port>
      <P Name="PortNumber">1</P>
      <P Name="Name">Q(q32)</P>
    </Port>
  </Block>
  <Block BlockType="Constant" Name="Constant" SID="75998">
    <P Name="Position">[410, 40, 440, 70]</P>
    <P Name="ZOrder">504</P>
    <P Name="ShowName">off</P>
  </Block>
  <Block BlockType="Constant" Name="Constant1" SID="75999">
    <P Name="Position">[410, 130, 440, 160]</P>
    <P Name="ZOrder">505</P>
    <P Name="ShowName">off</P>
    <P Name="Value">-1</P>
  </Block>
  <Block BlockType="Demux" Name="Demux1" SID="76000">
    <P Name="Ports">[1, 4]</P>
    <P Name="Position">[-150, -203, -145, 193]</P>
    <P Name="ZOrder">3</P>
    <P Name="ShowName">off</P>
    <Port>
      <P Name="PortNumber">1</P>
      <P Name="Name">q1</P>
    </Port>
    <Port>
      <P Name="PortNumber">2</P>
      <P Name="Name">q2</P>
    </Port>
    <Port>
      <P Name="PortNumber">3</P>
      <P Name="Name">q3</P>
    </Port>
    <Port>
      <P Name="PortNumber">4</P>
      <P Name="Name">q4</P>
    </Port>
  </Block>
  <Block BlockType="Product" Name="Product" SID="76001">
    <P Name="Ports">[2, 1]</P>
    <P Name="Position">[50, -178, 80, -147]</P>
    <P Name="ZOrder">16</P>
    <P Name="ShowName">off</P>
  </Block>
  <Block BlockType="Product" Name="Product1" SID="76002">
    <P Name="Ports">[2, 1]</P>
    <P Name="Position">[50, -78, 80, -47]</P>
    <P Name="ZOrder">17</P>
    <P Name="ShowName">off</P>
  </Block>
  <Block BlockType="Product" Name="Product2" SID="76003">
    <P Name="Ports">[2, 1]</P>
    <P Name="Position">[50, 22, 80, 53]</P>
    <P Name="ZOrder">18</P>
    <P Name="ShowName">off</P>
  </Block>
  <Block BlockType="Product" Name="Product3" SID="76004">
    <P Name="Ports">[2, 1]</P>
    <P Name="Position">[50, 122, 80, 153]</P>
    <P Name="ZOrder">19</P>
    <P Name="ShowName">off</P>
  </Block>
  <Block BlockType="Product" Name="Product4" SID="76005">
    <P Name="Ports">[2, 1]</P>
    <P Name="Position">[580, 17, 610, 48]</P>
    <P Name="ZOrder">503</P>
    <P Name="ShowName">off</P>
  </Block>
  <Block BlockType="Product" Name="Product8" SID="76006">
    <P Name="Ports">[2, 1]</P>
    <P Name="Position">[225, -44, 265, 94]</P>
    <P Name="ZOrder">33</P>
    <P Name="ShowName">off</P>
    <P Name="Multiplication">Matrix(*)</P>
  </Block>
  <Block BlockType="Constant" Name="Q_1" SID="76007">
    <P Name="Position">[-115, -236, -25, -174]</P>
    <P Name="ZOrder">4</P>
    <P Name="HideAutomaticName">off</P>
    <P Name="Value">[0 0 0 1; 0 0 1 0; 0 -1 0 0; -1 0 0 0]</P>
  </Block>
  <Block BlockType="Constant" Name="Q_2" SID="76008">
    <P Name="Position">[-115, -136, -25, -74]</P>
    <P Name="ZOrder">7</P>
    <P Name="HideAutomaticName">off</P>
    <P Name="Value">[0 0 -1 0; 0 0 0 1; 1 0 0 0; 0 -1 0 0]</P>
  </Block>
  <Block BlockType="Constant" Name="Q_3" SID="76009">
    <P Name="Position">[-115, -36, -25, 26]</P>
    <P Name="ZOrder">8</P>
    <P Name="HideAutomaticName">off</P>
    <P Name="Value">[0 1 0 0; -1 0 0 0; 0 0 0 1; 0 0 -1 0]</P>
  </Block>
  <Block BlockType="Constant" Name="Q_4" SID="76010">
    <P Name="Position">[-115, 64, -25, 126]</P>
    <P Name="ZOrder">9</P>
    <P Name="HideAutomaticName">off</P>
    <P Name="Value">[1 0 0 0; 0 1 0 0; 0 0 1 0; 0 0 0 1]</P>
  </Block>
  <Block BlockType="Selector" Name="Selector" SID="76011">
    <P Name="Ports">[1, 1]</P>
    <P Name="Position">[400, 81, 440, 119]</P>
    <P Name="ZOrder">500</P>
    <P Name="IndexMode">Zero-based</P>
    <P Name="InputPortWidth">4</P>
    <P Name="IndexOptions">Index vector (dialog)</P>
    <P Name="Indices">3</P>
    <P Name="OutputSizes">1</P>
  </Block>
  <Block BlockType="Switch" Name="Switch" SID="76012">
    <P Name="Position">[480, 80, 530, 120]</P>
    <P Name="ZOrder">502</P>
    <P Name="InputSameDT">off</P>
    <P Name="SaturateOnIntegerOverflow">off</P>
  </Block>
  <Block BlockType="SubSystem" Name="normalize_quaternion" SID="76013">
    <P Name="Ports">[1, 1]</P>
    <P Name="Position">[290, 14, 350, 36]</P>
    <P Name="ZOrder">498</P>
    <P Name="RequestExecContextInheritance">off</P>
    <P Name="ContentPreviewEnabled">on</P>
    <Mask>
      <Display>disp (&apos; norm(q)&apos;)</Display>
      <Description>normalize a quaternion</Description>
      <Help>Name:

    normalize_quaternion

Description:

    This block normalizes the quaternion q21. It should be used as a 
    safety measure when computing quaternions.

Inputs  [size] [data type] [unit]:

    attitude quaternion q21  [4] [double] [-]

Outputs  [size] [data type] [unit]:

    normalized attitude quaternion q21  [4] [double] [-]
</Help>
    </Mask>
    <System Ref="system_76013"/>
  </Block>
  <Block BlockType="Outport" Name="q31" SID="76026">
    <P Name="Position">[650, 28, 680, 42]</P>
    <P Name="ZOrder">-2</P>
    <P Name="BackgroundColor">orange</P>
    <P Name="VectorParamsAs1DForOutWhenUnconnected">off</P>
  </Block>
  <Line>
    <P Name="ZOrder">1</P>
    <P Name="Src">76012#out:1</P>
    <P Name="Points">[15, 0; 0, -60]</P>
    <P Name="Dst">76005#in:2</P>
  </Line>
  <Line>
    <P Name="ZOrder">2</P>
    <P Name="Src">75998#out:1</P>
    <P Name="Points">[15, 0; 0, 30]</P>
    <P Name="Dst">76012#in:1</P>
  </Line>
  <Line>
    <P Name="ZOrder">3</P>
    <P Name="Src">75999#out:1</P>
    <P Name="Points">[15, 0; 0, -30]</P>
    <P Name="Dst">76012#in:3</P>
  </Line>
  <Line>
    <P Name="ZOrder">4</P>
    <P Name="Src">76005#out:1</P>
    <P Name="Dst">76026#in:1</P>
  </Line>
  <Line>
    <P Name="ZOrder">5</P>
    <P Name="Src">76011#out:1</P>
    <P Name="Dst">76012#in:2</P>
  </Line>
  <Line>
    <P Name="ZOrder">6</P>
    <P Name="Src">76013#out:1</P>
    <P Name="Points">[14, 0]</P>
    <Branch>
      <P Name="ZOrder">7</P>
      <P Name="Points">[0, 75]</P>
      <P Name="Dst">76011#in:1</P>
    </Branch>
    <Branch>
      <P Name="ZOrder">8</P>
      <P Name="Dst">76005#in:1</P>
    </Branch>
  </Line>
  <Line>
    <P Name="ZOrder">9</P>
    <P Name="Src">76006#out:1</P>
    <P Name="Dst">76013#in:1</P>
  </Line>
  <Line>
    <P Name="ZOrder">10</P>
    <P Name="Src">75995#out:1</P>
    <P Name="Dst">76000#in:1</P>
  </Line>
  <Line>
    <P Name="Name">Q(q32)</P>
    <P Name="ZOrder">11</P>
    <P Name="Labels">[1, 1]</P>
    <P Name="Src">75997#out:1</P>
    <P Name="Dst">76006#in:1</P>
  </Line>
  <Line>
    <P Name="ZOrder">12</P>
    <P Name="Src">76004#out:1</P>
    <P Name="Dst">75997#in:4</P>
  </Line>
  <Line>
    <P Name="ZOrder">13</P>
    <P Name="Src">76003#out:1</P>
    <P Name="Dst">75997#in:3</P>
  </Line>
  <Line>
    <P Name="ZOrder">14</P>
    <P Name="Src">76002#out:1</P>
    <P Name="Dst">75997#in:2</P>
  </Line>
  <Line>
    <P Name="ZOrder">15</P>
    <P Name="Src">76001#out:1</P>
    <P Name="Dst">75997#in:1</P>
  </Line>
  <Line>
    <P Name="ZOrder">16</P>
    <P Name="Src">76010#out:1</P>
    <P Name="Points">[33, 0; 0, 35]</P>
    <P Name="Dst">76004#in:1</P>
  </Line>
  <Line>
    <P Name="ZOrder">17</P>
    <P Name="Src">76009#out:1</P>
    <P Name="Points">[33, 0; 0, 35]</P>
    <P Name="Dst">76003#in:1</P>
  </Line>
  <Line>
    <P Name="ZOrder">18</P>
    <P Name="Src">76008#out:1</P>
    <P Name="Points">[33, 0; 0, 35]</P>
    <P Name="Dst">76002#in:1</P>
  </Line>
  <Line>
    <P Name="ZOrder">19</P>
    <P Name="Src">76007#out:1</P>
    <P Name="Points">[33, 0; 0, 35]</P>
    <P Name="Dst">76001#in:1</P>
  </Line>
  <Line>
    <P Name="Name">q4</P>
    <P Name="ZOrder">20</P>
    <P Name="Labels">[0, 0]</P>
    <P Name="Src">76000#out:4</P>
    <P Name="Dst">76004#in:2</P>
  </Line>
  <Line>
    <P Name="Name">q3</P>
    <P Name="ZOrder">21</P>
    <P Name="Labels">[0, 0]</P>
    <P Name="Src">76000#out:3</P>
    <P Name="Dst">76003#in:2</P>
  </Line>
  <Line>
    <P Name="Name">q2</P>
    <P Name="ZOrder">22</P>
    <P Name="Labels">[0, 0]</P>
    <P Name="Src">76000#out:2</P>
    <P Name="Dst">76002#in:2</P>
  </Line>
  <Line>
    <P Name="Name">q1</P>
    <P Name="ZOrder">23</P>
    <P Name="Labels">[0, 0]</P>
    <P Name="Src">76000#out:1</P>
    <P Name="Dst">76001#in:2</P>
  </Line>
  <Line>
    <P Name="ZOrder">24</P>
    <P Name="Src">75996#out:1</P>
    <P Name="Dst">76006#in:2</P>
  </Line>
  <Annotation SID="76028">
    <P Name="Name">Outputs [size]:

quaternion q31 [4]</P>
    <P Name="Position">[624, -32, 706, 6]</P>
    <P Name="InternalMargins">[0, 0, 0, 0]</P>
    <P Name="HorizontalAlignment">center</P>
    <P Name="VerticalAlignment">middle</P>
    <P Name="ZOrder">-1</P>
  </Annotation>
  <Annotation SID="76027">
    <P Name="Name">Inputs [size]:

quaternion q32 [4]
quaternion q21 [4]</P>
    <P Name="Position">[-262, -102, -180, -52]</P>
    <P Name="InternalMargins">[0, 0, 0, 0]</P>
    <P Name="HorizontalAlignment">center</P>
    <P Name="VerticalAlignment">middle</P>
    <P Name="ZOrder">-2</P>
  </Annotation>
</System>
