<?xml version="1.0" encoding="utf-8"?>
<System>
  <P Name="Location">[-7, -7, 1481, 871]</P>
  <P Name="SystemRect">[0.000000, 0.000000, 0.000000, 0.000000]</P>
  <P Name="SetExecutionDomain">off</P>
  <P Name="ExecutionDomainType">Deduce</P>
  <P Name="SimulinkSubDomain">Simulink</P>
  <Block BlockType="Inport" Name="siB_c" SID="78363">
    <P Name="Position">[1205, 643, 1235, 657]</P>
    <P Name="ZOrder">95</P>
    <P Name="BackgroundColor">yellow</P>
    <Port>
      <P Name="PortNumber">1</P>
      <P Name="Name">siB_c</P>
    </Port>
  </Block>
  <Block BlockType="Inport" Name="tRRR" SID="78364">
    <P Name="Position">[1205, 838, 1235, 852]</P>
    <P Name="ZOrder">112</P>
    <P Name="BackgroundColor">yellow</P>
    <P Name="Port">2</P>
    <Port>
      <P Name="PortNumber">1</P>
      <P Name="Name">tRRR</P>
    </Port>
  </Block>
  <Block BlockType="Sum" Name="Add" SID="78365">
    <P Name="Ports">[2, 1]</P>
    <P Name="Position">[1375, 642, 1405, 673]</P>
    <P Name="ZOrder">91</P>
    <P Name="ShowName">off</P>
    <P Name="IconShape">rectangular</P>
    <P Name="Inputs">+-</P>
  </Block>
  <Block BlockType="Sum" Name="Add1" SID="78366">
    <P Name="Ports">[2, 1]</P>
    <P Name="Position">[1585, 652, 1615, 683]</P>
    <P Name="ZOrder">93</P>
    <P Name="ShowName">off</P>
    <P Name="IconShape">rectangular</P>
    <P Name="Inputs">+-</P>
    <Port>
      <P Name="PortNumber">1</P>
      <P Name="Name">dd_siB</P>
    </Port>
  </Block>
  <Block BlockType="Sum" Name="Add3" SID="78367">
    <P Name="Ports">[3, 1]</P>
    <P Name="Position">[2425, 520, 2455, 660]</P>
    <P Name="ZOrder">121</P>
    <P Name="IconShape">rectangular</P>
    <P Name="Inputs">+++</P>
  </Block>
  <Block BlockType="Constant" Name="Constant1" SID="78368">
    <P Name="Position">[2345, 530, 2375, 560]</P>
    <P Name="ZOrder">123</P>
    <P Name="ShowName">off</P>
    <P Name="HideAutomaticName">off</P>
    <P Name="AttributesFormatString">%&lt;Value&gt;</P>
    <P Name="Value">Actuator.fin3_bias</P>
  </Block>
  <Block BlockType="From" Name="From2" SID="78369">
    <P Name="Position">[1910, 558, 1980, 582]</P>
    <P Name="ZOrder">110</P>
    <P Name="ShowName">off</P>
    <P Name="GotoTag">siB</P>
  </Block>
  <Block BlockType="From" Name="From3" SID="78370">
    <P Name="Position">[1615, 558, 1685, 582]</P>
    <P Name="ZOrder">109</P>
    <P Name="ShowName">off</P>
    <P Name="GotoTag">siB</P>
  </Block>
  <Block BlockType="From" Name="From4" SID="78371">
    <P Name="Position">[1615, 608, 1685, 632]</P>
    <P Name="ZOrder">111</P>
    <P Name="ShowName">off</P>
    <P Name="GotoTag">d_siB</P>
  </Block>
  <Block BlockType="Gain" Name="Gain" SID="78372">
    <P Name="Position">[1440, 645, 1540, 675]</P>
    <P Name="ZOrder">92</P>
    <P Name="ShowName">off</P>
    <P Name="Gain">omega^2</P>
  </Block>
  <Block BlockType="Gain" Name="Gain2" SID="78373">
    <P Name="Position">[1670, 749, 1835, 781]</P>
    <P Name="ZOrder">105</P>
    <P Name="BlockMirror">on</P>
    <P Name="ShowName">off</P>
    <P Name="Gain">2*dmp*omega</P>
    <P Name="Multiplication">Matrix(K*u)</P>
  </Block>
  <Block BlockType="Gain" Name="Gain3" SID="78374">
    <P Name="Position">[1815, 827, 1925, 863]</P>
    <P Name="ZOrder">116</P>
    <P Name="ShowName">off</P>
    <P Name="Gain">unc_bl</P>
  </Block>
  <Block BlockType="Gain" Name="Gain4" SID="78375">
    <P Name="Position">[2350, 575, 2380, 605]</P>
    <P Name="ZOrder">122</P>
    <P Name="ShowName">off</P>
    <P Name="HideAutomaticName">off</P>
    <P Name="AttributesFormatString">%&lt;Gain&gt;</P>
    <P Name="Gain">Actuator.fin3_scale</P>
  </Block>
  <Block BlockType="Goto" Name="Goto" SID="78376">
    <P Name="Position">[2570, 630, 2645, 650]</P>
    <P Name="ZOrder">99</P>
    <P Name="ShowName">off</P>
    <P Name="GotoTag">siB</P>
  </Block>
  <Block BlockType="Goto" Name="Goto1" SID="78377">
    <P Name="Position">[2570, 525, 2645, 545]</P>
    <P Name="ZOrder">100</P>
    <P Name="ShowName">off</P>
    <P Name="GotoTag">d_siB</P>
  </Block>
  <Block BlockType="Integrator" Name="Integrator" SID="78378">
    <P Name="Ports">[2, 1]</P>
    <P Name="Position">[1895, 610, 1925, 650]</P>
    <P Name="ZOrder">89</P>
    <P Name="ShowName">off</P>
    <P Name="ExternalReset">either</P>
    <P Name="InitialCondition">d_siB_0</P>
    <Port>
      <P Name="PortNumber">1</P>
      <P Name="Name">d_siB</P>
    </Port>
  </Block>
  <Block BlockType="Integrator" Name="Integrator1" SID="78379">
    <P Name="Ports">[1, 2]</P>
    <P Name="Position">[2195, 581, 2225, 614]</P>
    <P Name="ZOrder">90</P>
    <P Name="ShowName">off</P>
    <P Name="InitialCondition">siB_0</P>
    <P Name="LimitOutput">on</P>
    <P Name="UpperSaturationLimit">siB_max</P>
    <P Name="LowerSaturationLimit">siB_min</P>
    <P Name="ShowSaturationPort">on</P>
    <Port>
      <P Name="PortNumber">1</P>
      <P Name="Name">siB</P>
    </Port>
    <Port>
      <P Name="PortNumber">2</P>
      <P Name="Name">sat</P>
    </Port>
  </Block>
  <Block BlockType="SubSystem" Name="Limiting_Acceleration" SID="78380">
    <P Name="Ports">[3, 1]</P>
    <P Name="Position">[1735, 545, 1845, 695]</P>
    <P Name="ZOrder">94</P>
    <P Name="LibraryVersion">1.32</P>
    <P Name="ErrorFcn">Stateflow.Translate.translate</P>
    <P Name="PermitHierarchicalResolution">ExplicitOnly</P>
    <P Name="TreatAsAtomicUnit">on</P>
    <P Name="RequestExecContextInheritance">off</P>
    <P Name="SFBlockType">MATLAB Function</P>
    <Port>
      <P Name="PortNumber">1</P>
      <P Name="Name">dd_siB_l</P>
      <P Name="PropagatedSignals">ddsiB_l</P>
    </Port>
    <System Ref="system_78380"/>
  </Block>
  <Block BlockType="SubSystem" Name="Limiting_Rate" SID="78381">
    <P Name="Ports">[2, 1]</P>
    <P Name="Position">[2015, 542, 2115, 658]</P>
    <P Name="ZOrder">102</P>
    <P Name="LibraryVersion">1.32</P>
    <P Name="ErrorFcn">Stateflow.Translate.translate</P>
    <P Name="PermitHierarchicalResolution">ExplicitOnly</P>
    <P Name="TreatAsAtomicUnit">on</P>
    <P Name="RequestExecContextInheritance">off</P>
    <P Name="SFBlockType">MATLAB Function</P>
    <Port>
      <P Name="PortNumber">1</P>
      <P Name="Name">d_siB_l</P>
      <P Name="PropagatedSignals">y</P>
    </Port>
    <System Ref="system_78381"/>
  </Block>
  <Block BlockType="Saturate" Name="Saturation" SID="78382">
    <P Name="Position">[1285, 635, 1315, 665]</P>
    <P Name="ZOrder">104</P>
    <P Name="ShowName">off</P>
    <P Name="UpperLimit">siB_max</P>
    <P Name="LowerLimit">siB_min</P>
  </Block>
  <Block BlockType="Saturate" Name="Saturation1" SID="78383">
    <P Name="Position">[2500, 575, 2530, 605]</P>
    <P Name="ZOrder">118</P>
    <P Name="ShowName">off</P>
    <P Name="UpperLimit">siB_max</P>
    <P Name="LowerLimit">siB_min</P>
    <Port>
      <P Name="PortNumber">1</P>
      <P Name="Name">siB</P>
    </Port>
  </Block>
  <Block BlockType="Signum" Name="Sign" SID="78384">
    <P Name="Position">[1615, 830, 1645, 860]</P>
    <P Name="ZOrder">115</P>
  </Block>
  <Block BlockType="Outport" Name="siB" SID="78385">
    <P Name="Position">[2595, 583, 2625, 597]</P>
    <P Name="ZOrder">96</P>
    <P Name="BackgroundColor">orange</P>
    <P Name="VectorParamsAs1DForOutWhenUnconnected">off</P>
  </Block>
  <Block BlockType="Outport" Name="d_siB" SID="78386">
    <P Name="Position">[2595, 478, 2625, 492]</P>
    <P Name="ZOrder">97</P>
    <P Name="BackgroundColor">orange</P>
    <P Name="Port">2</P>
    <P Name="VectorParamsAs1DForOutWhenUnconnected">off</P>
  </Block>
  <Block BlockType="Outport" Name="dd_siB" SID="78387">
    <P Name="Position">[2595, 418, 2625, 432]</P>
    <P Name="ZOrder">98</P>
    <P Name="BackgroundColor">orange</P>
    <P Name="Port">3</P>
    <P Name="VectorParamsAs1DForOutWhenUnconnected">off</P>
  </Block>
  <Line>
    <P Name="Name">siB</P>
    <P Name="ZOrder">1</P>
    <P Name="Src">78383#out:1</P>
    <P Name="Points">[18, 0]</P>
    <Branch>
      <P Name="ZOrder">2</P>
      <P Name="Labels">[-1, 1]</P>
      <P Name="Dst">78385#in:1</P>
    </Branch>
    <Branch>
      <P Name="ZOrder">3</P>
      <P Name="Points">[0, 50]</P>
      <P Name="Dst">78376#in:1</P>
    </Branch>
  </Line>
  <Line>
    <P Name="Name">sat</P>
    <P Name="ZOrder">4</P>
    <P Name="Labels">[1, 0]</P>
    <P Name="Src">78379#out:2</P>
    <P Name="Points">[30, 0; 0, 80; -379, 0; 0, -45]</P>
    <P Name="Dst">78378#in:2</P>
  </Line>
  <Line>
    <P Name="ZOrder">5</P>
    <P Name="Src">78374#out:1</P>
    <P Name="Points">[474, 0; 0, -210]</P>
    <P Name="Dst">78367#in:3</P>
  </Line>
  <Line>
    <P Name="ZOrder">6</P>
    <P Name="Src">78384#out:1</P>
    <P Name="Dst">78374#in:1</P>
  </Line>
  <Line>
    <P Name="Name">tRRR</P>
    <P Name="ZOrder">7</P>
    <P Name="Labels">[-1, 1]</P>
    <P Name="Src">78364#out:1</P>
    <P Name="Dst">78384#in:1</P>
  </Line>
  <Line>
    <P Name="Name">siB</P>
    <P Name="ZOrder">8</P>
    <P Name="Src">78379#out:1</P>
    <P Name="Points">[70, 0]</P>
    <Branch>
      <P Name="ZOrder">9</P>
      <P Name="Labels">[1, 1]</P>
      <P Name="Dst">78375#in:1</P>
    </Branch>
    <Branch>
      <P Name="ZOrder">10</P>
      <P Name="Points">[0, 204; -940, 0]</P>
      <P Name="Dst">78365#in:2</P>
    </Branch>
  </Line>
  <Line>
    <P Name="Name">dd_siB</P>
    <P Name="ZOrder">11</P>
    <P Name="Labels">[-1, 1]</P>
    <P Name="Src">78366#out:1</P>
    <P Name="Dst">78380#in:3</P>
  </Line>
  <Line>
    <P Name="ZOrder">12</P>
    <P Name="Src">78373#out:1</P>
    <P Name="Points">[-95, 0]</P>
    <P Name="Dst">78366#in:2</P>
  </Line>
  <Line>
    <P Name="ZOrder">13</P>
    <P Name="Src">78372#out:1</P>
    <P Name="Dst">78366#in:1</P>
  </Line>
  <Line>
    <P Name="ZOrder">14</P>
    <P Name="Src">78365#out:1</P>
    <P Name="Dst">78372#in:1</P>
  </Line>
  <Line>
    <P Name="Name">dd_siB_l</P>
    <P Name="ZOrder">15</P>
    <P Name="Src">78380#out:1</P>
    <P Name="Points">[12, 0]</P>
    <Branch>
      <P Name="ZOrder">16</P>
      <P Name="Dst">78378#in:1</P>
    </Branch>
    <Branch>
      <P Name="ZOrder">17</P>
      <P Name="Labels">[-1, 1]</P>
      <P Name="Points">[0, -195]</P>
      <P Name="Dst">78387#in:1</P>
    </Branch>
  </Line>
  <Line>
    <P Name="Name">d_siB_l</P>
    <P Name="ZOrder">18</P>
    <P Name="Src">78381#out:1</P>
    <P Name="Points">[10, 0]</P>
    <Branch>
      <P Name="ZOrder">19</P>
      <P Name="Points">[0, -115; 397, 0]</P>
      <Branch>
        <P Name="ZOrder">20</P>
        <P Name="Labels">[-1, 1]</P>
        <P Name="Dst">78386#in:1</P>
      </Branch>
      <Branch>
        <P Name="ZOrder">21</P>
        <P Name="Points">[0, 50]</P>
        <P Name="Dst">78377#in:1</P>
      </Branch>
    </Branch>
    <Branch>
      <P Name="ZOrder">22</P>
      <P Name="Labels">[-1, 1]</P>
      <P Name="Dst">78379#in:1</P>
    </Branch>
  </Line>
  <Line>
    <P Name="Name">d_siB</P>
    <P Name="ZOrder">23</P>
    <P Name="Src">78378#out:1</P>
    <P Name="Points">[9, 0]</P>
    <Branch>
      <P Name="ZOrder">24</P>
      <P Name="Labels">[-1, 1]</P>
      <P Name="Dst">78381#in:2</P>
    </Branch>
    <Branch>
      <P Name="ZOrder">25</P>
      <P Name="Points">[0, 135]</P>
      <P Name="Dst">78373#in:1</P>
    </Branch>
  </Line>
  <Line>
    <P Name="ZOrder">26</P>
    <P Name="Src">78382#out:1</P>
    <P Name="Dst">78365#in:1</P>
  </Line>
  <Line>
    <P Name="ZOrder">27</P>
    <P Name="Src">78367#out:1</P>
    <P Name="Dst">78383#in:1</P>
  </Line>
  <Line>
    <P Name="Name">siB_c</P>
    <P Name="ZOrder">28</P>
    <P Name="Labels">[-1, 1]</P>
    <P Name="Src">78363#out:1</P>
    <P Name="Dst">78382#in:1</P>
  </Line>
  <Line>
    <P Name="ZOrder">29</P>
    <P Name="Src">78371#out:1</P>
    <P Name="Dst">78380#in:2</P>
  </Line>
  <Line>
    <P Name="ZOrder">30</P>
    <P Name="Src">78370#out:1</P>
    <P Name="Dst">78380#in:1</P>
  </Line>
  <Line>
    <P Name="ZOrder">31</P>
    <P Name="Src">78369#out:1</P>
    <P Name="Dst">78381#in:1</P>
  </Line>
  <Line>
    <P Name="ZOrder">32</P>
    <P Name="Src">78368#out:1</P>
    <P Name="Dst">78367#in:1</P>
  </Line>
  <Line>
    <P Name="ZOrder">33</P>
    <P Name="Src">78375#out:1</P>
    <P Name="Dst">78367#in:2</P>
  </Line>
  <Annotation SID="78388">
    <P Name="Name">&lt;!DOCTYPE HTML PUBLIC &quot;-//W3C//DTD HTML 4.0//EN&quot; &quot;http://www.w3.org/TR/REC-html40/strict.dtd&quot;&gt;
&lt;html&gt;&lt;head&gt;&lt;meta name=&quot;qrichtext&quot; content=&quot;1&quot; /&gt;&lt;style type=&quot;text/css&quot;&gt;
p, li { white-space: pre-wrap; }
&lt;/style&gt;&lt;/head&gt;&lt;body style=&quot; font-family:&apos;Arial&apos;; font-size:10px; font-weight:400; font-style:normal;&quot;&gt;
&lt;p style=&quot;-qt-paragraph-type:empty; margin-top:0px; margin-bottom:0px; margin-left:0px; margin-right:0px; -qt-block-indent:0; text-indent:0px;&quot;&gt;&lt;br /&gt;&lt;/p&gt;&lt;/body&gt;&lt;/html&gt;</P>
    <P Name="Position">[2357, 723, 2359, 737]</P>
    <P Name="InternalMargins">[0, 0, 0, 0]</P>
    <P Name="Interpreter">rich</P>
    <P Name="ZOrder">-1</P>
  </Annotation>
</System>
