<?xml version="1.0" encoding="utf-8"?>
<System>
  <P Name="Location">[-7, -7, 1543, 831]</P>
  <P Name="SystemRect">[0.000000, 0.000000, 0.000000, 0.000000]</P>
  <P Name="SetExecutionDomain">off</P>
  <P Name="ExecutionDomainType">Deduce</P>
  <P Name="SimulinkSubDomain">Simulink</P>
  <Block BlockType="Inport" Name="External Inputs" SID="80583">
    <P Name="Position">[1045, 288, 1075, 302]</P>
    <P Name="ZOrder">21868</P>
  </Block>
  <Block BlockType="Inport" Name="States" SID="80584">
    <P Name="Position">[1045, 238, 1075, 252]</P>
    <P Name="ZOrder">21867</P>
    <P Name="Port">2</P>
  </Block>
  <Block BlockType="Inport" Name="ALT&#xA;" SID="80585">
    <P Name="Position">[1250, 458, 1280, 472]</P>
    <P Name="ZOrder">21946</P>
    <P Name="Port">3</P>
  </Block>
  <Block BlockType="SubSystem" Name="Communication Delay - 7ms" SID="80586">
    <P Name="Ports">[1, 1]</P>
    <P Name="Position">[1365, 290, 1435, 340]</P>
    <P Name="ZOrder">22154</P>
    <P Name="RequestExecContextInheritance">off</P>
    <P Name="ContentPreviewEnabled">on</P>
    <System Ref="system_80586"/>
  </Block>
  <Block BlockType="SubSystem" Name="Communication Delay - 7ms1" SID="80594">
    <P Name="Ports">[1, 1]</P>
    <P Name="Position">[1400, 380, 1470, 430]</P>
    <P Name="ZOrder">22159</P>
    <P Name="RequestExecContextInheritance">off</P>
    <P Name="ContentPreviewEnabled">on</P>
    <System Ref="system_80594"/>
  </Block>
  <Block BlockType="SubSystem" Name="Communication Delay - 7ms2" SID="80602">
    <P Name="Ports">[1, 1]</P>
    <P Name="Position">[1745, 142, 1795, 188]</P>
    <P Name="ZOrder">22155</P>
    <P Name="RequestExecContextInheritance">off</P>
    <P Name="ContentPreviewEnabled">on</P>
    <System Ref="system_80602"/>
  </Block>
  <Block BlockType="Constant" Name="Constant4" SID="80610">
    <P Name="Position">[995, 335, 1120, 355]</P>
    <P Name="ZOrder">21873</P>
    <P Name="OutDataTypeStr">single</P>
  </Block>
  <Block BlockType="Scope" Name="Debug" SID="80611">
    <P Name="Ports">[1]</P>
    <P Name="Position">[2115, 254, 2145, 286]</P>
    <P Name="ZOrder">21934</P>
    <P Name="ScopeSpecificationString">Simulink.scopes.TimeScopeBlockCfg(&apos;CurrentConfiguration&apos;, extmgr.ConfigurationSet(extmgr.Configuration(&apos;Core&apos;,&apos;General UI&apos;,true),extmgr.Configuration(&apos;Core&apos;,&apos;Source UI&apos;,true),extmgr.Configuration(&apos;Sources&apos;,&apos;WiredSimulink&apos;,true,&apos;DataLoggingVariableName&apos;,&apos;ScopeData7&apos;),extmgr.Configuration(&apos;Visuals&apos;,&apos;Time Domain&apos;,true,&apos;SerializedDisplays&apos;,{struct(&apos;MinYLimReal&apos;,&apos;-0.125&apos;,&apos;MaxYLimReal&apos;,&apos;1.125&apos;,&apos;YLabelReal&apos;,&apos;&apos;,&apos;MinYLimMag&apos;,&apos;0.00000&apos;,&apos;MaxYLimMag&apos;,&apos;1.125&apos;,&apos;LegendVisibility&apos;,&apos;off&apos;,&apos;XGrid&apos;,true,&apos;YGrid&apos;,true,&apos;PlotMagPhase&apos;,false,&apos;AxesColor&apos;,[0 0 0],&apos;AxesTickColor&apos;,[0.686274509803922 0.686274509803922 0.686274509803922],&apos;ColorOrder&apos;,[1 1 0.0666666666666667;0.0745098039215686 0.623529411764706 1;1 0.411764705882353 0.16078431372549;0.392156862745098 0.831372549019608 0.0745098039215686;0.717647058823529 0.274509803921569 1;0.0588235294117647 1 1;1 0.0745098039215686 0.650980392156863],&apos;Title&apos;,&apos;%&lt;SignalLabel&gt;&apos;,&apos;LinePropertiesCache&apos;,{{}},&apos;UserDefinedChannelNames&apos;,{{}},&apos;NumLines&apos;,1,&apos;LineNames&apos;,{{&apos;Recieve from Pixhawk/gyroZ&apos;}},&apos;ShowContent&apos;,true,&apos;Placement&apos;,1)},&apos;DisplayPropertyDefaults&apos;,struct(&apos;MinYLimReal&apos;,&apos;-0.125&apos;,&apos;MaxYLimReal&apos;,&apos;1.125&apos;,&apos;YLabelReal&apos;,&apos;&apos;,&apos;MinYLimMag&apos;,&apos;0.00000&apos;,&apos;MaxYLimMag&apos;,&apos;1.125&apos;,&apos;LegendVisibility&apos;,&apos;off&apos;,&apos;XGrid&apos;,true,&apos;YGrid&apos;,true,&apos;PlotMagPhase&apos;,false,&apos;AxesColor&apos;,[0 0 0],&apos;AxesTickColor&apos;,[0.686274509803922 0.686274509803922 0.686274509803922],&apos;ColorOrder&apos;,[0.0745098039215686 0.623529411764706 1;1 0.411764705882353 0.16078431372549;1 1 0.0666666666666667;0.717647058823529 0.274509803921569 1;0.392156862745098 0.831372549019608 0.0745098039215686;0.0588235294117647 1 1;1 0.0745098039215686 0.650980392156863])),extmgr.Configuration(&apos;Tools&apos;,&apos;Plot Navigation&apos;,true,&apos;PreviousAutoscale&apos;,&apos;XY&apos;),extmgr.Configuration(&apos;Tools&apos;,&apos;Measurements&apos;,true,&apos;Version&apos;,&apos;2019b&apos;)),&apos;Version&apos;,&apos;2019b&apos;,&apos;Position&apos;,[3016 321 560 420])</P>
    <P Name="NumInputPorts">1</P>
    <P Name="Floating">off</P>
  </Block>
  <Block BlockType="Scope" Name="FCC Sync" SID="80612">
    <P Name="Ports">[1]</P>
    <P Name="Position">[2150, 29, 2180, 61]</P>
    <P Name="ZOrder">21936</P>
    <P Name="ScopeSpecificationString">Simulink.scopes.TimeScopeBlockCfg(&apos;CurrentConfiguration&apos;, extmgr.ConfigurationSet(extmgr.Configuration(&apos;Core&apos;,&apos;General UI&apos;,true),extmgr.Configuration(&apos;Core&apos;,&apos;Source UI&apos;,true),extmgr.Configuration(&apos;Sources&apos;,&apos;WiredSimulink&apos;,true,&apos;DataLoggingVariableName&apos;,&apos;ScopeData8&apos;),extmgr.Configuration(&apos;Visuals&apos;,&apos;Time Domain&apos;,true,&apos;SerializedDisplays&apos;,{struct(&apos;MinYLimReal&apos;,&apos;14063.8619&apos;,&apos;MaxYLimReal&apos;,&apos;15176.86398&apos;,&apos;YLabelReal&apos;,&apos;&apos;,&apos;MinYLimMag&apos;,&apos;14063.8619&apos;,&apos;MaxYLimMag&apos;,&apos;15176.86398&apos;,&apos;LegendVisibility&apos;,&apos;off&apos;,&apos;XGrid&apos;,true,&apos;YGrid&apos;,true,&apos;PlotMagPhase&apos;,false,&apos;AxesColor&apos;,[0 0 0],&apos;AxesTickColor&apos;,[0.686274509803922 0.686274509803922 0.686274509803922],&apos;ColorOrder&apos;,[1 1 0.0666666666666667;0.0745098039215686 0.623529411764706 1;1 0.411764705882353 0.16078431372549;0.392156862745098 0.831372549019608 0.0745098039215686;0.717647058823529 0.274509803921569 1;0.0588235294117647 1 1;1 0.0745098039215686 0.650980392156863],&apos;Title&apos;,&apos;%&lt;SignalLabel&gt;&apos;,&apos;LinePropertiesCache&apos;,{{[],struct(&apos;Color&apos;,[0.0745098039215686 0.623529411764706 1],&apos;LineStyle&apos;,&apos;-&apos;,&apos;LineWidth&apos;,1,&apos;Marker&apos;,&apos;none&apos;,&apos;Visible&apos;,&apos;on&apos;)}},&apos;UserDefinedChannelNames&apos;,{{}},&apos;NumLines&apos;,2,&apos;LineNames&apos;,{{&apos;In Sync:1&apos;,&apos;In Sync:2&apos;}},&apos;ShowContent&apos;,true,&apos;Placement&apos;,1)},&apos;DisplayPropertyDefaults&apos;,struct(&apos;MinYLimReal&apos;,&apos;14063.8619&apos;,&apos;MaxYLimReal&apos;,&apos;15176.86398&apos;,&apos;YLabelReal&apos;,&apos;&apos;,&apos;MinYLimMag&apos;,&apos;14063.8619&apos;,&apos;MaxYLimMag&apos;,&apos;15176.86398&apos;,&apos;LegendVisibility&apos;,&apos;off&apos;,&apos;XGrid&apos;,true,&apos;YGrid&apos;,true,&apos;PlotMagPhase&apos;,false,&apos;AxesColor&apos;,[0 0 0],&apos;AxesTickColor&apos;,[0.686274509803922 0.686274509803922 0.686274509803922],&apos;ColorOrder&apos;,[0.0745098039215686 0.623529411764706 1;1 0.411764705882353 0.16078431372549;1 1 0.0666666666666667;0.717647058823529 0.274509803921569 1;0.392156862745098 0.831372549019608 0.0745098039215686;0.0588235294117647 1 1;1 0.0745098039215686 0.650980392156863])),extmgr.Configuration(&apos;Tools&apos;,&apos;Plot Navigation&apos;,true,&apos;OnceAtStop&apos;,false,&apos;PreviousAutoscale&apos;,&apos;XY&apos;),extmgr.Configuration(&apos;Tools&apos;,&apos;Measurements&apos;,true,&apos;Version&apos;,&apos;2021a&apos;)),&apos;Version&apos;,&apos;2021a&apos;,&apos;Position&apos;,[1 41 1536 748.8])</P>
    <P Name="NumInputPorts">1</P>
    <P Name="Floating">off</P>
  </Block>
  <Block BlockType="SubSystem" Name="In Sync" SID="80613">
    <P Name="Ports">[2, 1]</P>
    <P Name="Position">[2075, -4, 2130, 94]</P>
    <P Name="ZOrder">21923</P>
    <P Name="NameLocation">top</P>
    <P Name="RequestExecContextInheritance">off</P>
    <P Name="ContentPreviewEnabled">on</P>
    <System Ref="system_80613"/>
  </Block>
  <Block BlockType="SubSystem" Name="Pixhawk1" SID="80622">
    <P Name="Ports">[2, 1]</P>
    <P Name="Position">[1515, 141, 1610, 234]</P>
    <P Name="ZOrder">42086</P>
    <P Name="Commented">on</P>
    <P Name="TreatAsAtomicUnit">on</P>
    <P Name="RequestExecContextInheritance">off</P>
    <P Name="VariantControl">VSS_FCC_EMUL</P>
    <System Ref="system_80622"/>
  </Block>
  <Block BlockType="SubSystem" Name="Pixhawk2" SID="80760">
    <P Name="Ports">[2, 1]</P>
    <P Name="Position">[1535, 291, 1630, 384]</P>
    <P Name="ZOrder">42092</P>
    <P Name="ForegroundColor">red</P>
    <P Name="DialogController">pil_create_dialog</P>
    <P Name="DialogControllerArgs" Ref="bdmxdata:DialogControllerArgs_80760"/>
    <P Name="LoadFcn">try
   if ~strcmp(rtw.pil.getPILVersion, &apos;9.10 (R2021a)_15&apos;)
      set_param(gcb, &apos;DialogController&apos;, &apos;&apos;);
      set_param(gcb, &apos;DialogControllerArgs&apos;, &apos;&apos;);
   end
catch e
      set_param(gcb, &apos;DialogController&apos;, &apos;&apos;);
      set_param(gcb, &apos;DialogControllerArgs&apos;, &apos;&apos;);
end
</P>
    <P Name="RequestExecContextInheritance">off</P>
    <P Name="ContentPreviewEnabled">on</P>
    <Mask>
      <Display IconOpaque="transparent">disp(&apos;PIL&apos;);</Display>
      <Description>PIL:pil:XILBlockMaskDesc</Description>
    </Mask>
    <System Ref="system_80760"/>
  </Block>
  <Block BlockType="SubSystem" Name="Recieve from Pixhawk" SID="80773">
    <P Name="Ports">[1, 3]</P>
    <P Name="Position">[1905, 89, 2015, 241]</P>
    <P Name="ZOrder">21861</P>
    <P Name="RequestExecContextInheritance">off</P>
    <P Name="ContentPreviewEnabled">on</P>
    <Port>
      <P Name="PortNumber">1</P>
      <P Name="Name">receive</P>
    </Port>
    <System Ref="system_80773"/>
  </Block>
  <Block BlockType="SubSystem" Name="Send to Pixhawk" SID="80786">
    <P Name="Ports">[3, 2]</P>
    <P Name="Position">[1170, 221, 1280, 369]</P>
    <P Name="ZOrder">21865</P>
    <P Name="RequestExecContextInheritance">off</P>
    <P Name="ContentPreviewEnabled">on</P>
    <System Ref="system_80786"/>
  </Block>
  <Block BlockType="Outport" Name="FCC Data" SID="80828">
    <P Name="Position">[2125, 158, 2155, 172]</P>
    <P Name="ZOrder">21929</P>
  </Block>
  <Line>
    <P Name="ZOrder">1</P>
    <P Name="Src">80610#out:1</P>
    <P Name="Dst">80786#in:3</P>
  </Line>
  <Line>
    <P Name="ZOrder">2</P>
    <P Name="Src">80583#out:1</P>
    <P Name="Dst">80786#in:2</P>
  </Line>
  <Line>
    <P Name="ZOrder">3</P>
    <P Name="Src">80584#out:1</P>
    <P Name="Dst">80786#in:1</P>
  </Line>
  <Line>
    <P Name="ZOrder">4</P>
    <P Name="Src">80786#out:1</P>
    <P Name="Points">[150, 0; 0, -212; 227, 0; 0, -28; 413, 0]</P>
    <P Name="Dst">80613#in:1</P>
  </Line>
  <Line>
    <P Name="Name">receive</P>
    <P Name="ZOrder">5</P>
    <P Name="Labels">[2, 1]</P>
    <P Name="Src">80773#out:1</P>
    <P Name="Points">[15, 0; 0, -45]</P>
    <P Name="Dst">80613#in:2</P>
  </Line>
  <Line>
    <P Name="ZOrder">6</P>
    <P Name="Src">80773#out:3</P>
    <P Name="Points">[25, 0; 0, 55]</P>
    <P Name="Dst">80611#in:1</P>
  </Line>
  <Line>
    <P Name="ZOrder">7</P>
    <P Name="Src">80613#out:1</P>
    <P Name="Dst">80612#in:1</P>
  </Line>
  <Line>
    <P Name="ZOrder">8</P>
    <P Name="Src">80602#out:1</P>
    <P Name="Dst">80773#in:1</P>
  </Line>
  <Line>
    <P Name="ZOrder">9</P>
    <P Name="Src">80786#out:2</P>
    <P Name="Points">[38, 0; 0, -20]</P>
    <P Name="Dst">80586#in:1</P>
  </Line>
  <Line>
    <P Name="ZOrder">10</P>
    <P Name="Src">80585#out:1</P>
    <P Name="Points">[41, 0; 0, -60]</P>
    <P Name="Dst">80594#in:1</P>
  </Line>
  <Line>
    <P Name="ZOrder">11</P>
    <P Name="Src">80773#out:2</P>
    <P Name="Dst">80828#in:1</P>
  </Line>
  <Line>
    <P Name="ZOrder">12</P>
    <P Name="Src">80586#out:1</P>
    <P Name="Points">[35, 0]</P>
    <Branch>
      <P Name="ZOrder">13</P>
      <P Name="Dst">80760#in:1</P>
    </Branch>
    <Branch>
      <P Name="ZOrder">14</P>
      <P Name="Points">[0, -150]</P>
      <P Name="Dst">80622#in:1</P>
    </Branch>
  </Line>
  <Line>
    <P Name="ZOrder">15</P>
    <P Name="Src">80594#out:1</P>
    <P Name="Points">[20, 0; 0, -45]</P>
    <Branch>
      <P Name="ZOrder">16</P>
      <P Name="Dst">80760#in:2</P>
    </Branch>
    <Branch>
      <P Name="ZOrder">17</P>
      <P Name="Points">[0, -150]</P>
      <P Name="Dst">80622#in:2</P>
    </Branch>
  </Line>
  <Line>
    <P Name="ZOrder">18</P>
    <P Name="Src">80760#out:1</P>
    <P Name="Points">[24, 0; 0, -175]</P>
    <P Name="Dst">80602#in:1</P>
  </Line>
  <Annotation SID="80829">
    <P Name="Name">&lt;!DOCTYPE HTML PUBLIC &quot;-//W3C//DTD HTML 4.0//EN&quot; &quot;http://www.w3.org/TR/REC-html40/strict.dtd&quot;&gt;
&lt;html&gt;&lt;head&gt;&lt;meta name=&quot;qrichtext&quot; content=&quot;1&quot; /&gt;&lt;style type=&quot;text/css&quot;&gt;
p, li { white-space: pre-wrap; }
&lt;/style&gt;&lt;/head&gt;&lt;body align=&quot;left&quot; style=&quot; font-family:&apos;Helvetica&apos;; font-size:10px; font-weight:400; font-style:normal;&quot;&gt;
&lt;p align=&quot;center&quot; style=&quot; margin-top:0px; margin-bottom:0px; margin-left:0px; margin-right:0px; -qt-block-indent:0; text-indent:0px;&quot;&gt;&lt;span style=&quot; font-size:10px; color:#00b050;&quot;&gt;State Estimation:&lt;/span&gt;&lt;/p&gt;
&lt;p align=&quot;center&quot; style=&quot; margin-top:0px; margin-bottom:0px; margin-left:0px; margin-right:0px; -qt-block-indent:0; text-indent:0px;&quot;&gt;&lt;span style=&quot; font-size:10px; color:#00b050;&quot;&gt;0 - use state variables calculated by FDM.&lt;/span&gt;&lt;/p&gt;
&lt;p align=&quot;center&quot; style=&quot; margin-top:0px; margin-bottom:0px; margin-left:0px; margin-right:0px; -qt-block-indent:0; text-indent:0px;&quot;&gt;&lt;span style=&quot; font-size:10px; color:#00b050;&quot;&gt;1 - use or our own INS&lt;/span&gt;&lt;/p&gt;&lt;/body&gt;&lt;/html&gt;</P>
    <P Name="Position">[940, 366, 1174, 404]</P>
    <P Name="InternalMargins">[0, 0, 0, 0]</P>
    <P Name="FixedHeight">on</P>
    <P Name="FixedWidth">on</P>
    <P Name="ForegroundColor">green</P>
    <P Name="Interpreter">rich</P>
    <P Name="ZOrder">-1</P>
  </Annotation>
</System>
