<?xml version="1.0" encoding="utf-8"?>
<System>
  <P Name="Location">[1912, -8, 3848, 1048]</P>
  <P Name="SystemRect">[0.000000, 0.000000, 0.000000, 0.000000]</P>
  <P Name="SetExecutionDomain">off</P>
  <P Name="ExecutionDomainType">Deduce</P>
  <P Name="SimulinkSubDomain">Simulink</P>
  <Block BlockType="Inport" Name="pBEE" SID="78054">
    <P Name="Position">[50, 373, 80, 387]</P>
    <P Name="ZOrder">511</P>
    <P Name="BackgroundColor">yellow</P>
    <Port>
      <P Name="PortNumber">1</P>
      <P Name="Name">pBEE</P>
    </Port>
  </Block>
  <Block BlockType="SubSystem" Name="Geodetic_altitude" SID="78055">
    <P Name="Ports">[4, 1]</P>
    <P Name="Position">[615, 467, 800, 568]</P>
    <P Name="ZOrder">515</P>
    <P Name="RequestExecContextInheritance">off</P>
    <Port>
      <P Name="PortNumber">1</P>
      <P Name="PropagatedSignals">alt</P>
      <P Name="ShowPropagatedSignals">on</P>
    </Port>
    <System Ref="system_78055"/>
  </Block>
  <Block BlockType="SubSystem" Name="Geodetic_latitude" SID="78079">
    <P Name="Ports">[3, 1]</P>
    <P Name="Position">[345, 364, 520, 446]</P>
    <P Name="ZOrder">514</P>
    <P Name="RequestExecContextInheritance">off</P>
    <Port>
      <P Name="PortNumber">1</P>
      <P Name="PropagatedSignals">lat</P>
      <P Name="ShowPropagatedSignals">on</P>
    </Port>
    <System Ref="system_78079"/>
  </Block>
  <Block BlockType="Selector" Name="Selector1" SID="78131">
    <P Name="Ports">[1, 1]</P>
    <P Name="Position">[365, 231, 405, 259]</P>
    <P Name="ZOrder">507</P>
    <P Name="ShowName">off</P>
    <P Name="IndexMode">Zero-based</P>
    <P Name="InputPortWidth">3</P>
    <P Name="IndexOptions">Index vector (dialog)</P>
    <P Name="Indices">1</P>
    <P Name="OutputSizes">1</P>
    <Port>
      <P Name="PortNumber">1</P>
      <P Name="Name">pBEE_y</P>
    </Port>
  </Block>
  <Block BlockType="Selector" Name="Selector2" SID="78132">
    <P Name="Ports">[1, 1]</P>
    <P Name="Position">[365, 265, 405, 295]</P>
    <P Name="ZOrder">506</P>
    <P Name="ShowName">off</P>
    <P Name="IndexMode">Zero-based</P>
    <P Name="InputPortWidth">3</P>
    <P Name="IndexOptions">Index vector (dialog)</P>
    <P Name="Indices">0</P>
    <P Name="OutputSizes">1</P>
    <Port>
      <P Name="PortNumber">1</P>
      <P Name="Name">pBEE_x</P>
    </Port>
  </Block>
  <Block BlockType="Trigonometry" Name="Trigonometric&#xA;Function1" SID="78133">
    <P Name="Ports">[2, 1]</P>
    <P Name="Position">[485, 225, 540, 300]</P>
    <P Name="ZOrder">505</P>
    <P Name="ShowName">off</P>
    <P Name="Operator">atan2</P>
    <Port>
      <P Name="PortNumber">1</P>
      <P Name="Name">lon</P>
    </Port>
  </Block>
  <Block BlockType="Constant" Name="c_flat" SID="78134">
    <P Name="Position">[195, 515, 255, 545]</P>
    <P Name="ZOrder">517</P>
    <P Name="Value">c_flat</P>
    <Port>
      <P Name="PortNumber">1</P>
      <P Name="Name">c_flat</P>
    </Port>
  </Block>
  <Block BlockType="Constant" Name="c_rsma" SID="78135">
    <P Name="Position">[190, 390, 255, 420]</P>
    <P Name="ZOrder">516</P>
    <P Name="Value">c_rsma</P>
    <Port>
      <P Name="PortNumber">1</P>
      <P Name="Name">c_rsma</P>
    </Port>
  </Block>
  <Block BlockType="Outport" Name="lon" SID="78136">
    <P Name="Position">[960, 258, 990, 272]</P>
    <P Name="ZOrder">508</P>
    <P Name="BackgroundColor">orange</P>
    <P Name="VectorParamsAs1DForOutWhenUnconnected">off</P>
  </Block>
  <Block BlockType="Outport" Name="lat" SID="78137">
    <P Name="Position">[960, 398, 990, 412]</P>
    <P Name="ZOrder">509</P>
    <P Name="BackgroundColor">orange</P>
    <P Name="Port">2</P>
    <P Name="VectorParamsAs1DForOutWhenUnconnected">off</P>
  </Block>
  <Block BlockType="Outport" Name="alt" SID="78138">
    <P Name="Position">[960, 513, 990, 527]</P>
    <P Name="ZOrder">510</P>
    <P Name="BackgroundColor">orange</P>
    <P Name="Port">3</P>
    <P Name="VectorParamsAs1DForOutWhenUnconnected">off</P>
  </Block>
  <Line>
    <P Name="Name">c_flat</P>
    <P Name="ZOrder">1</P>
    <P Name="Src">78134#out:1</P>
    <P Name="Points">[21, 0]</P>
    <Branch>
      <P Name="ZOrder">2</P>
      <P Name="Labels">[-1, 1]</P>
      <P Name="Dst">78055#in:3</P>
    </Branch>
    <Branch>
      <P Name="ZOrder">3</P>
      <P Name="Labels">[-1, 1]</P>
      <P Name="Points">[0, -100]</P>
      <P Name="Dst">78079#in:3</P>
    </Branch>
  </Line>
  <Line>
    <P Name="Name">c_rsma</P>
    <P Name="ZOrder">4</P>
    <P Name="Src">78135#out:1</P>
    <P Name="Points">[44, 0]</P>
    <Branch>
      <P Name="ZOrder">5</P>
      <P Name="Labels">[1, 0]</P>
      <P Name="Dst">78079#in:2</P>
    </Branch>
    <Branch>
      <P Name="ZOrder">6</P>
      <P Name="Labels">[-1, 1]</P>
      <P Name="Points">[0, 100]</P>
      <P Name="Dst">78055#in:2</P>
    </Branch>
  </Line>
  <Line>
    <P Name="Name">pBEE_y</P>
    <P Name="ZOrder">7</P>
    <P Name="Labels">[-1, 1]</P>
    <P Name="Src">78131#out:1</P>
    <P Name="Dst">78133#in:1</P>
  </Line>
  <Line>
    <P Name="Name">pBEE_x</P>
    <P Name="ZOrder">8</P>
    <P Name="Labels">[-1, 1]</P>
    <P Name="Src">78132#out:1</P>
    <P Name="Dst">78133#in:2</P>
  </Line>
  <Line>
    <P Name="ZOrder">9</P>
    <P Name="Src">78079#out:1</P>
    <P Name="Points">[43, 0]</P>
    <Branch>
      <P Name="ZOrder">10</P>
      <P Name="Labels">[-1, 1]</P>
      <P Name="Points">[0, 150]</P>
      <P Name="Dst">78055#in:4</P>
    </Branch>
    <Branch>
      <P Name="ZOrder">11</P>
      <P Name="Labels">[-1, 1]</P>
      <P Name="Dst">78137#in:1</P>
    </Branch>
  </Line>
  <Line>
    <P Name="ZOrder">12</P>
    <P Name="Labels">[-1, 1]</P>
    <P Name="Src">78055#out:1</P>
    <P Name="Dst">78138#in:1</P>
  </Line>
  <Line>
    <P Name="Name">lon</P>
    <P Name="ZOrder">13</P>
    <P Name="Labels">[-1, 1]</P>
    <P Name="Src">78133#out:1</P>
    <P Name="Dst">78136#in:1</P>
  </Line>
  <Line>
    <P Name="Name">pBEE</P>
    <P Name="ZOrder">14</P>
    <P Name="Src">78054#out:1</P>
    <P Name="Points">[43, 0]</P>
    <Branch>
      <P Name="ZOrder">15</P>
      <P Name="Points">[0, -100]</P>
      <Branch>
        <P Name="ZOrder">16</P>
        <P Name="Labels">[-1, 1]</P>
        <P Name="Points">[0, -35]</P>
        <P Name="Dst">78131#in:1</P>
      </Branch>
      <Branch>
        <P Name="ZOrder">17</P>
        <P Name="Labels">[-1, 1]</P>
        <P Name="Dst">78132#in:1</P>
      </Branch>
    </Branch>
    <Branch>
      <P Name="ZOrder">18</P>
      <P Name="Points">[31, 0]</P>
      <Branch>
        <P Name="ZOrder">19</P>
        <P Name="Labels">[-1, 1]</P>
        <P Name="Dst">78079#in:1</P>
      </Branch>
      <Branch>
        <P Name="ZOrder">20</P>
        <P Name="Labels">[-1, 1]</P>
        <P Name="Points">[0, 100]</P>
        <P Name="Dst">78055#in:1</P>
      </Branch>
    </Branch>
  </Line>
  <Annotation SID="78140">
    <P Name="Name">Outputs [size]:

geodetic longitude [1]
geodetic latitude [1]
geodetic altitude [1]</P>
    <P Name="Position">[912, 102, 1008, 164]</P>
    <P Name="InternalMargins">[0, 0, 0, 0]</P>
    <P Name="HorizontalAlignment">center</P>
    <P Name="VerticalAlignment">middle</P>
    <P Name="ZOrder">-1</P>
  </Annotation>
  <Annotation SID="78139">
    <P Name="Name">Inputs [size]:

position_E [3]</P>
    <P Name="Position">[32, 320, 94, 358]</P>
    <P Name="InternalMargins">[0, 0, 0, 0]</P>
    <P Name="HorizontalAlignment">center</P>
    <P Name="VerticalAlignment">middle</P>
    <P Name="ZOrder">-2</P>
  </Annotation>
</System>
