<?xml version="1.0" encoding="utf-8"?>
<System>
  <P Name="Location">[-7, -7, 1481, 871]</P>
  <P Name="SystemRect">[0.000000, 0.000000, 0.000000, 0.000000]</P>
  <P Name="SetExecutionDomain">off</P>
  <P Name="ExecutionDomainType">Deduce</P>
  <P Name="ZoomFactor">200</P>
  <P Name="SimulinkSubDomain">Simulink</P>
  <Block BlockType="Inport" Name="JMMM" SID="80118">
    <P Name="Position">[515, 88, 545, 102]</P>
    <P Name="ZOrder">736</P>
    <P Name="BackgroundColor">yellow</P>
    <Port>
      <P Name="PortNumber">1</P>
      <P Name="PropagatedSignals">JMMM</P>
      <P Name="ShowPropagatedSignals">on</P>
    </Port>
  </Block>
  <Block BlockType="SubSystem" Name="3_rot_mat" SID="80119">
    <P Name="Ports">[3, 1]</P>
    <P Name="Position">[335, 9, 475, 121]</P>
    <P Name="ZOrder">733</P>
    <P Name="ShowPortLabels">FromPortBlockName</P>
    <P Name="RequestExecContextInheritance">off</P>
    <Mask>
      <Type>Rotation um 1, 2 oder 3 Achsen</Type>
      <Display/>
      <Description>Dieser Block liefert die Rotationsmatrix T12 für den Fall zurück, dass sich das Ziel-Koordinatensystem (1) durch Drehungen um 1, 2 oder 3 Achsen gegenüber dem Ausgangskoordinatensystem (2) beschreiben lässt (passive Drehung).
 
Die Anzahl der Rotation sowie die Reihenfolge ist frei einstellbar.
 
Die Rotationswinkel haben die Einheit [rad].
</Description>
      <MaskParameter Name="rot_1" Type="popup">
        <Prompt>1. Rotation</Prompt>
        <Value>Rotation um z-Achse</Value>
        <TypeOptions>
          <Option>Rotation um x-Achse</Option>
          <Option>Rotation um y-Achse</Option>
          <Option>Rotation um z-Achse</Option>
        </TypeOptions>
      </MaskParameter>
      <MaskParameter Name="rot_2" Type="popup">
        <Prompt>2. Rotation</Prompt>
        <Value>Rotation um y-Achse</Value>
        <TypeOptions>
          <Option>Rotation um x-Achse</Option>
          <Option>Rotation um y-Achse</Option>
          <Option>Rotation um z-Achse</Option>
        </TypeOptions>
      </MaskParameter>
      <MaskParameter Name="rot_3" Type="popup">
        <Prompt>3. Rotation</Prompt>
        <Value>Rotation um x-Achse</Value>
        <TypeOptions>
          <Option>Rotation um x-Achse</Option>
          <Option>Rotation um y-Achse</Option>
          <Option>Rotation um z-Achse</Option>
        </TypeOptions>
      </MaskParameter>
    </Mask>
    <System Ref="system_80119"/>
  </Block>
  <Block BlockType="Math" Name="Math&#xA;Function" SID="80284">
    <P Name="Ports">[1, 1]</P>
    <P Name="Position">[570, 140, 600, 170]</P>
    <P Name="ZOrder">729</P>
    <P Name="ShowName">off</P>
    <P Name="Operator">transpose</P>
    <P Name="SignedPower">on</P>
  </Block>
  <Block BlockType="Product" Name="Matrix Multiply" SID="80285">
    <P Name="Ports">[2, 1]</P>
    <P Name="Position">[610, 49, 665, 111]</P>
    <P Name="ZOrder">734</P>
    <P Name="ShowName">off</P>
    <P Name="Multiplication">Matrix(*)</P>
  </Block>
  <Block BlockType="Product" Name="Matrix Multiply1" SID="80286">
    <P Name="Ports">[2, 1]</P>
    <P Name="Position">[705, 43, 755, 192]</P>
    <P Name="ZOrder">735</P>
    <P Name="ShowName">off</P>
    <P Name="Multiplication">Matrix(*)</P>
    <Port>
      <P Name="PortNumber">1</P>
      <P Name="Name">JMMB</P>
    </Port>
  </Block>
  <Block BlockType="Constant" Name="Thrust_rot_z" SID="80287">
    <P Name="Position">[235, 22, 300, 38]</P>
    <P Name="ZOrder">730</P>
    <P Name="ShowName">off</P>
    <P Name="Value">unc_prp_z</P>
  </Block>
  <Block BlockType="Constant" Name="thrust_rot_x" SID="80288">
    <P Name="Position">[235, 92, 300, 108]</P>
    <P Name="ZOrder">732</P>
    <P Name="ShowName">off</P>
    <P Name="Value">unc_prp_x</P>
  </Block>
  <Block BlockType="Constant" Name="thrust_rot_y" SID="80289">
    <P Name="Position">[235, 57, 300, 73]</P>
    <P Name="ZOrder">731</P>
    <P Name="ShowName">off</P>
    <P Name="Value">unc_prp_y</P>
  </Block>
  <Block BlockType="Outport" Name="JMMB" SID="80290">
    <P Name="Position">[805, 113, 835, 127]</P>
    <P Name="ZOrder">737</P>
    <P Name="BackgroundColor">orange</P>
    <P Name="VectorParamsAs1DForOutWhenUnconnected">off</P>
  </Block>
  <Line>
    <P Name="ZOrder">1</P>
    <P Name="Src">80284#out:1</P>
    <P Name="Dst">80286#in:2</P>
  </Line>
  <Line>
    <P Name="ZOrder">2</P>
    <P Name="Src">80285#out:1</P>
    <P Name="Dst">80286#in:1</P>
  </Line>
  <Line>
    <P Name="ZOrder">3</P>
    <P Name="Labels">[0, 1]</P>
    <P Name="Src">80118#out:1</P>
    <P Name="Dst">80285#in:2</P>
  </Line>
  <Line>
    <P Name="ZOrder">4</P>
    <P Name="Src">80119#out:1</P>
    <P Name="Points">[27, 0]</P>
    <Branch>
      <P Name="ZOrder">5</P>
      <P Name="Points">[0, 90]</P>
      <P Name="Dst">80284#in:1</P>
    </Branch>
    <Branch>
      <P Name="ZOrder">6</P>
      <P Name="Dst">80285#in:1</P>
    </Branch>
  </Line>
  <Line>
    <P Name="Name">JMMB</P>
    <P Name="ZOrder">7</P>
    <P Name="Labels">[0, 1]</P>
    <P Name="Src">80286#out:1</P>
    <P Name="Dst">80290#in:1</P>
  </Line>
  <Line>
    <P Name="ZOrder">8</P>
    <P Name="Src">80289#out:1</P>
    <P Name="Dst">80119#in:2</P>
  </Line>
  <Line>
    <P Name="ZOrder">9</P>
    <P Name="Src">80288#out:1</P>
    <P Name="Dst">80119#in:3</P>
  </Line>
  <Line>
    <P Name="ZOrder">10</P>
    <P Name="Src">80287#out:1</P>
    <P Name="Dst">80119#in:1</P>
  </Line>
</System>
