<?xml version="1.0" encoding="utf-8"?>
<System>
  <P Name="Location">[46, 82, 381, 738]</P>
  <P Name="SystemRect">[0.000000, 0.000000, 0.000000, 0.000000]</P>
  <P Name="SetExecutionDomain">off</P>
  <P Name="ExecutionDomainType">Deduce</P>
  <P Name="SimulinkSubDomain">Simulink</P>
  <Block BlockType="Inport" Name="p q r " SID="74834:7:39">
    <P Name="Position">[20, 48, 50, 62]</P>
    <P Name="ZOrder">-1</P>
  </Block>
  <Block BlockType="Inport" Name="distance" SID="74834:7:40">
    <P Name="Position">[90, 78, 120, 92]</P>
    <P Name="ZOrder">-2</P>
    <P Name="Port">2</P>
  </Block>
  <Block BlockType="SubSystem" Name="w x (w x d)" SID="74834:7:41">
    <P Name="Ports">[2, 1]</P>
    <P Name="Position">[285, 17, 380, 88]</P>
    <P Name="ZOrder">-3</P>
    <P Name="PermitHierarchicalResolution">ExplicitOnly</P>
    <P Name="RequestExecContextInheritance">off</P>
    <Mask>
      <Type>CrossProduct</Type>
      <Display IconOpaque="transparent" RunInitForIconRedraw="on" IconUnits="normalized">text(.5,.5,&apos;Cross\nProduct\nC = AxB&apos;, ...
	&apos;HorizontalAlignment&apos;,&apos;Center&apos;,...
	&apos;VerticalAlignment&apos;,&apos;middle&apos;)</Display>
      <Description>shared_aeroblks:sharedaeroblkutil:blockCrossProductDesc</Description>
      <Initialization>if aerosharedtest(gcb)
    aerosharedicon(&apos;shared&apos;);
else
    sharedautoicon(&apos;shared&apos;);
end</Initialization>
      <Help>eval(&apos;if license(&apos;&apos;test&apos;&apos;,&apos;&apos;Aerospace_Blockset&apos;&apos;)aerosharedhelp(&apos;&apos;threebythree_cross_product&apos;&apos;);elseif license(&apos;&apos;test&apos;&apos;,&apos;&apos;Powertrain_Blockset&apos;&apos;)sharedautohelp(&apos;&apos;threebythree_cross_product&apos;&apos;);end&apos;)</Help>
      <MaskParameter Name="aMode" Type="edit" Tunable="off" Internal="on" Visible="off">
        <Value>aMode</Value>
      </MaskParameter>
      <DialogControl Type="Group" Name="DescGroupVar">
        <Prompt>%&lt;MaskType&gt;</Prompt>
        <DialogControl Type="Text" Name="DescTextVar">
          <Prompt>%&lt;MaskDescription&gt;</Prompt>
        </DialogControl>
        <DialogControl Type="Edit" Name="aMode">
          <ControlOptions PromptLocation="left"/>
        </DialogControl>
      </DialogControl>
    </Mask>
    <System Ref="system_74834_7_41"/>
  </Block>
  <Block BlockType="SubSystem" Name="w x d" SID="74834:7:42">
    <P Name="Ports">[2, 1]</P>
    <P Name="Position">[155, 40, 250, 100]</P>
    <P Name="ZOrder">-4</P>
    <P Name="PermitHierarchicalResolution">ExplicitOnly</P>
    <P Name="RequestExecContextInheritance">off</P>
    <Mask>
      <Type>CrossProduct</Type>
      <Display IconOpaque="transparent" RunInitForIconRedraw="on" IconUnits="normalized">text(.5,.5,&apos;Cross\nProduct\nC = AxB&apos;, ...
	&apos;HorizontalAlignment&apos;,&apos;Center&apos;,...
	&apos;VerticalAlignment&apos;,&apos;middle&apos;)</Display>
      <Description>shared_aeroblks:sharedaeroblkutil:blockCrossProductDesc</Description>
      <Initialization>if aerosharedtest(gcb)
    aerosharedicon(&apos;shared&apos;);
else
    sharedautoicon(&apos;shared&apos;);
end</Initialization>
      <Help>eval(&apos;if license(&apos;&apos;test&apos;&apos;,&apos;&apos;Aerospace_Blockset&apos;&apos;)aerosharedhelp(&apos;&apos;threebythree_cross_product&apos;&apos;);elseif license(&apos;&apos;test&apos;&apos;,&apos;&apos;Powertrain_Blockset&apos;&apos;)sharedautohelp(&apos;&apos;threebythree_cross_product&apos;&apos;);end&apos;)</Help>
      <MaskParameter Name="aMode" Type="edit" Tunable="off" Internal="on" Visible="off">
        <Value>aMode</Value>
      </MaskParameter>
      <DialogControl Type="Group" Name="DescGroupVar">
        <Prompt>%&lt;MaskType&gt;</Prompt>
        <DialogControl Type="Text" Name="DescTextVar">
          <Prompt>%&lt;MaskDescription&gt;</Prompt>
        </DialogControl>
        <DialogControl Type="Edit" Name="aMode">
          <ControlOptions PromptLocation="left"/>
        </DialogControl>
      </DialogControl>
    </Mask>
    <System Ref="system_74834_7_42"/>
  </Block>
  <Block BlockType="Outport" Name="w x ( w x d)" SID="74834:7:43">
    <P Name="Position">[405, 48, 435, 62]</P>
    <P Name="ZOrder">-5</P>
    <P Name="VectorParamsAs1DForOutWhenUnconnected">off</P>
  </Block>
  <Line>
    <P Name="ZOrder">1</P>
    <P Name="Src">74834:7:39#out:1</P>
    <P Name="Points">[20, 0]</P>
    <Branch>
      <P Name="ZOrder">2</P>
      <P Name="Points">[0, -20]</P>
      <P Name="Dst">74834:7:41#in:1</P>
    </Branch>
    <Branch>
      <P Name="ZOrder">3</P>
      <P Name="Dst">74834:7:42#in:1</P>
    </Branch>
  </Line>
  <Line>
    <P Name="ZOrder">4</P>
    <P Name="Src">74834:7:42#out:1</P>
    <P Name="Dst">74834:7:41#in:2</P>
  </Line>
  <Line>
    <P Name="ZOrder">5</P>
    <P Name="Src">74834:7:40#out:1</P>
    <P Name="Dst">74834:7:42#in:2</P>
  </Line>
  <Line>
    <P Name="ZOrder">6</P>
    <P Name="Src">74834:7:41#out:1</P>
    <P Name="Dst">74834:7:43#in:1</P>
  </Line>
</System>
