<?xml version="1.0" encoding="utf-8"?>
<System>
  <P Name="Location">[-7, -7, 1481, 871]</P>
  <P Name="SystemRect">[0.000000, 0.000000, 0.000000, 0.000000]</P>
  <P Name="SetExecutionDomain">off</P>
  <P Name="ExecutionDomainType">Deduce</P>
  <P Name="ZoomFactor">250</P>
  <P Name="SimulinkSubDomain">Simulink</P>
  <Block BlockType="Inport" Name="gE" SID="78278">
    <P Name="Position">[80, 88, 110, 102]</P>
    <P Name="ZOrder">1446</P>
    <P Name="BackgroundColor">yellow</P>
    <Port>
      <P Name="PortNumber">1</P>
      <P Name="PropagatedSignals">gE</P>
      <P Name="ShowPropagatedSignals">on</P>
    </Port>
  </Block>
  <Block BlockType="Constant" Name="Constant1" SID="78279">
    <P Name="Position">[240, 25, 270, 55]</P>
    <P Name="ZOrder">1442</P>
    <P Name="ShowName">off</P>
    <P Name="Value">0</P>
  </Block>
  <Block BlockType="DotProduct" Name="Dot Product" SID="78280">
    <P Name="Position">[180, 72, 210, 103]</P>
    <P Name="ZOrder">1444</P>
    <P Name="OutDataTypeStr">Inherit: Inherit via internal rule</P>
  </Block>
  <Block BlockType="Sqrt" Name="Sqrt" SID="78281">
    <P Name="Position">[240, 75, 270, 105]</P>
    <P Name="ZOrder">1443</P>
  </Block>
  <Block BlockType="Concatenate" Name="Vector&#xA;Concatenate" SID="78282">
    <P Name="Ports">[3, 1]</P>
    <P Name="Position">[320, 25, 325, 105]</P>
    <P Name="ZOrder">1445</P>
    <P Name="ShowName">off</P>
    <P Name="NumInputs">3</P>
    <P Name="Mode">Multidimensional array</P>
    <Port>
      <P Name="PortNumber">1</P>
      <P Name="Name">gBG</P>
    </Port>
  </Block>
  <Block BlockType="Outport" Name="gBG" SID="78283">
    <P Name="Position">[395, 58, 425, 72]</P>
    <P Name="ZOrder">1447</P>
    <P Name="BackgroundColor">orange</P>
    <P Name="VectorParamsAs1DForOutWhenUnconnected">off</P>
  </Block>
  <Line>
    <P Name="ZOrder">1</P>
    <P Name="Labels">[0, 1]</P>
    <P Name="Src">78278#out:1</P>
    <P Name="Points">[46, 0]</P>
    <Branch>
      <P Name="ZOrder">2</P>
      <P Name="Points">[0, -15]</P>
      <P Name="Dst">78280#in:1</P>
    </Branch>
    <Branch>
      <P Name="ZOrder">3</P>
      <P Name="Dst">78280#in:2</P>
    </Branch>
  </Line>
  <Line>
    <P Name="ZOrder">4</P>
    <P Name="Src">78279#out:1</P>
    <P Name="Points">[13, 0]</P>
    <Branch>
      <P Name="ZOrder">5</P>
      <P Name="Points">[0, 25]</P>
      <P Name="Dst">78282#in:2</P>
    </Branch>
    <Branch>
      <P Name="ZOrder">6</P>
      <P Name="Dst">78282#in:1</P>
    </Branch>
  </Line>
  <Line>
    <P Name="ZOrder">7</P>
    <P Name="Src">78281#out:1</P>
    <P Name="Dst">78282#in:3</P>
  </Line>
  <Line>
    <P Name="Name">gBG</P>
    <P Name="ZOrder">8</P>
    <P Name="Labels">[0, 1]</P>
    <P Name="Src">78282#out:1</P>
    <P Name="Dst">78283#in:1</P>
  </Line>
  <Line>
    <P Name="ZOrder">9</P>
    <P Name="Src">78280#out:1</P>
    <P Name="Dst">78281#in:1</P>
  </Line>
</System>
