<?xml version="1.0" encoding="utf-8"?>
<System>
  <P Name="Location">[-1927, -543, 8, 632]</P>
  <P Name="SystemRect">[0.000000, 0.000000, 0.000000, 0.000000]</P>
  <P Name="SetExecutionDomain">off</P>
  <P Name="ExecutionDomainType">Deduce</P>
  <P Name="SimulinkSubDomain">Simulink</P>
  <Block BlockType="Inport" Name="alpha1" SID="74797:104">
    <P Name="Position">[820, 423, 850, 437]</P>
    <P Name="ZOrder">65</P>
  </Block>
  <Block BlockType="Constant" Name="Constant10" SID="74797:105">
    <P Name="Position">[1000, 720, 1030, 750]</P>
    <P Name="ZOrder">63</P>
    <P Name="ShowName">off</P>
    <P Name="Value">0</P>
  </Block>
  <Block BlockType="Constant" Name="Constant11" SID="74797:106">
    <P Name="Position">[1000, 765, 1030, 795]</P>
    <P Name="ZOrder">64</P>
    <P Name="ShowName">off</P>
  </Block>
  <Block BlockType="Constant" Name="Constant4" SID="74797:107">
    <P Name="Position">[1000, 675, 1030, 705]</P>
    <P Name="ZOrder">62</P>
    <P Name="ShowName">off</P>
    <P Name="Value">0</P>
  </Block>
  <Block BlockType="Constant" Name="Constant7" SID="74797:108">
    <P Name="Position">[1000, 585, 1030, 615]</P>
    <P Name="ZOrder">61</P>
    <P Name="ShowName">off</P>
    <P Name="Value">0</P>
  </Block>
  <Block BlockType="Constant" Name="Constant8" SID="74797:109">
    <P Name="Position">[1000, 395, 1030, 425]</P>
    <P Name="ZOrder">57</P>
    <P Name="ShowName">off</P>
    <P Name="Value">0</P>
  </Block>
  <Block BlockType="Gain" Name="Gain" SID="74797:110">
    <P Name="Position">[1205, 350, 1235, 380]</P>
    <P Name="ZOrder">66</P>
    <P Name="ShowName">off</P>
    <P Name="Gain">-1</P>
  </Block>
  <Block BlockType="Concatenate" Name="Matrix&#xA;Concatenate" SID="74797:111">
    <P Name="Ports">[3, 1]</P>
    <P Name="Position">[1515, 506, 1595, 604]</P>
    <P Name="ZOrder">48</P>
    <P Name="ShowName">off</P>
    <P Name="NumInputs">3</P>
    <P Name="Mode">Multidimensional array</P>
    <P Name="ConcatenateDimension">2</P>
  </Block>
  <Block BlockType="Mux" Name="Mux" SID="74797:112">
    <P Name="Ports">[3, 1]</P>
    <P Name="Position">[1335, 300, 1340, 430]</P>
    <P Name="ZOrder">44</P>
    <P Name="ShowName">off</P>
    <P Name="Inputs">3</P>
    <P Name="DisplayOption">bar</P>
  </Block>
  <Block BlockType="Mux" Name="Mux1" SID="74797:113">
    <P Name="Ports">[3, 1]</P>
    <P Name="Position">[1335, 490, 1340, 620]</P>
    <P Name="ZOrder">45</P>
    <P Name="ShowName">off</P>
    <P Name="Inputs">3</P>
    <P Name="DisplayOption">bar</P>
  </Block>
  <Block BlockType="Mux" Name="Mux2" SID="74797:114">
    <P Name="Ports">[3, 1]</P>
    <P Name="Position">[1335, 670, 1340, 800]</P>
    <P Name="ZOrder">47</P>
    <P Name="ShowName">off</P>
    <P Name="Inputs">3</P>
    <P Name="DisplayOption">bar</P>
  </Block>
  <Block BlockType="Trigonometry" Name="Trigonometric&#xA;Function" SID="74797:115">
    <P Name="Ports">[1, 1]</P>
    <P Name="Position">[1095, 540, 1125, 570]</P>
    <P Name="ZOrder">31</P>
    <P Name="ShowName">off</P>
    <P Name="Operator">cos</P>
  </Block>
  <Block BlockType="Trigonometry" Name="Trigonometric&#xA;Function1" SID="74797:116">
    <P Name="Ports">[1, 1]</P>
    <P Name="Position">[1095, 495, 1125, 525]</P>
    <P Name="ZOrder">58</P>
    <P Name="ShowName">off</P>
  </Block>
  <Block BlockType="Trigonometry" Name="Trigonometric&#xA;Function3" SID="74797:117">
    <P Name="Ports">[1, 1]</P>
    <P Name="Position">[1095, 305, 1125, 335]</P>
    <P Name="ZOrder">53</P>
    <P Name="ShowName">off</P>
    <P Name="Operator">cos</P>
  </Block>
  <Block BlockType="Trigonometry" Name="Trigonometric&#xA;Function4" SID="74797:118">
    <P Name="Ports">[1, 1]</P>
    <P Name="Position">[1095, 350, 1125, 380]</P>
    <P Name="ZOrder">55</P>
    <P Name="ShowName">off</P>
  </Block>
  <Block BlockType="Outport" Name="1Rot_Matrix_z" SID="74797:119">
    <P Name="Position">[1760, 548, 1790, 562]</P>
    <P Name="ZOrder">-2</P>
    <P Name="VectorParamsAs1DForOutWhenUnconnected">off</P>
  </Block>
  <Line>
    <P Name="ZOrder">1</P>
    <P Name="Src">74797:115#out:1</P>
    <P Name="Dst">74797:113#in:2</P>
  </Line>
  <Line>
    <P Name="ZOrder">2</P>
    <P Name="Src">74797:112#out:1</P>
    <P Name="Points">[83, 0; 0, 160]</P>
    <P Name="Dst">74797:111#in:1</P>
  </Line>
  <Line>
    <P Name="ZOrder">3</P>
    <P Name="Src">74797:113#out:1</P>
    <P Name="Dst">74797:111#in:2</P>
  </Line>
  <Line>
    <P Name="ZOrder">4</P>
    <P Name="Src">74797:114#out:1</P>
    <P Name="Points">[83, 0; 0, -150]</P>
    <P Name="Dst">74797:111#in:3</P>
  </Line>
  <Line>
    <P Name="ZOrder">5</P>
    <P Name="Src">74797:116#out:1</P>
    <P Name="Dst">74797:113#in:1</P>
  </Line>
  <Line>
    <P Name="ZOrder">6</P>
    <P Name="Src">74797:108#out:1</P>
    <P Name="Dst">74797:113#in:3</P>
  </Line>
  <Line>
    <P Name="ZOrder">7</P>
    <P Name="Src">74797:107#out:1</P>
    <P Name="Dst">74797:114#in:1</P>
  </Line>
  <Line>
    <P Name="ZOrder">8</P>
    <P Name="Src">74797:105#out:1</P>
    <P Name="Dst">74797:114#in:2</P>
  </Line>
  <Line>
    <P Name="ZOrder">9</P>
    <P Name="Src">74797:106#out:1</P>
    <P Name="Dst">74797:114#in:3</P>
  </Line>
  <Line>
    <P Name="ZOrder">10</P>
    <P Name="Src">74797:117#out:1</P>
    <P Name="Dst">74797:112#in:1</P>
  </Line>
  <Line>
    <P Name="ZOrder">11</P>
    <P Name="Src">74797:118#out:1</P>
    <P Name="Dst">74797:110#in:1</P>
  </Line>
  <Line>
    <P Name="ZOrder">12</P>
    <P Name="Src">74797:109#out:1</P>
    <P Name="Dst">74797:112#in:3</P>
  </Line>
  <Line>
    <P Name="ZOrder">13</P>
    <P Name="Src">74797:111#out:1</P>
    <P Name="Dst">74797:119#in:1</P>
  </Line>
  <Line>
    <P Name="ZOrder">14</P>
    <P Name="Src">74797:104#out:1</P>
    <P Name="Points">[95, 0]</P>
    <Branch>
      <P Name="ZOrder">15</P>
      <P Name="Points">[0, -87; 69, 0]</P>
      <Branch>
        <P Name="ZOrder">16</P>
        <P Name="Points">[0, -23]</P>
        <P Name="Dst">74797:117#in:1</P>
      </Branch>
      <Branch>
        <P Name="ZOrder">17</P>
        <P Name="Points">[0, 22]</P>
        <P Name="Dst">74797:118#in:1</P>
      </Branch>
    </Branch>
    <Branch>
      <P Name="ZOrder">18</P>
      <P Name="Points">[0, 102; 68, 0]</P>
      <Branch>
        <P Name="ZOrder">19</P>
        <P Name="Points">[0, 23]</P>
        <P Name="Dst">74797:115#in:1</P>
      </Branch>
      <Branch>
        <P Name="ZOrder">20</P>
        <P Name="Points">[0, -22]</P>
        <P Name="Dst">74797:116#in:1</P>
      </Branch>
    </Branch>
  </Line>
  <Line>
    <P Name="ZOrder">21</P>
    <P Name="Src">74797:110#out:1</P>
    <P Name="Dst">74797:112#in:2</P>
  </Line>
</System>
