<?xml version="1.0" encoding="utf-8"?>
<System>
  <P Name="Location">[-7, -7, 1481, 871]</P>
  <P Name="SystemRect">[0.000000, 0.000000, 0.000000, 0.000000]</P>
  <P Name="SetExecutionDomain">off</P>
  <P Name="ExecutionDomainType">Deduce</P>
  <P Name="SimulinkSubDomain">Simulink</P>
  <Block BlockType="Inport" Name="d_pBII" SID="76923">
    <P Name="Position">[35, 128, 65, 142]</P>
    <P Name="ZOrder">-1</P>
    <P Name="BackgroundColor">yellow</P>
    <Port>
      <P Name="PortNumber">1</P>
      <P Name="PropagatedSignals">d_pBII</P>
      <P Name="ShowPropagatedSignals">on</P>
    </Port>
  </Block>
  <Block BlockType="Inport" Name="d_vBII" SID="76924">
    <P Name="Position">[35, 188, 65, 202]</P>
    <P Name="ZOrder">1</P>
    <P Name="BackgroundColor">yellow</P>
    <P Name="Port">2</P>
    <Port>
      <P Name="PortNumber">1</P>
      <P Name="PropagatedSignals">d_vBII</P>
      <P Name="ShowPropagatedSignals">on</P>
    </Port>
  </Block>
  <Block BlockType="Inport" Name="d_qIB" SID="76925">
    <P Name="Position">[160, 248, 190, 262]</P>
    <P Name="ZOrder">2</P>
    <P Name="BackgroundColor">yellow</P>
    <P Name="Port">3</P>
    <Port>
      <P Name="PortNumber">1</P>
      <P Name="PropagatedSignals">d_qIB</P>
      <P Name="ShowPropagatedSignals">on</P>
    </Port>
  </Block>
  <Block BlockType="Inport" Name="d_wBIB" SID="76926">
    <P Name="Position">[170, 308, 200, 322]</P>
    <P Name="ZOrder">3</P>
    <P Name="BackgroundColor">yellow</P>
    <P Name="Port">4</P>
    <Port>
      <P Name="PortNumber">1</P>
      <P Name="PropagatedSignals">d_wBIB</P>
      <P Name="ShowPropagatedSignals">on</P>
    </Port>
  </Block>
  <Block BlockType="Inport" Name="x0" SID="76927">
    <P Name="Position">[320, 258, 350, 272]</P>
    <P Name="ZOrder">6</P>
    <P Name="BackgroundColor">yellow</P>
    <P Name="Port">5</P>
    <Port>
      <P Name="PortNumber">1</P>
      <P Name="ShowPropagatedSignals">on</P>
    </Port>
  </Block>
  <Block BlockType="BusCreator" Name="Bus&#xA;Creator" SID="76928">
    <P Name="Ports">[6, 1]</P>
    <P Name="Position">[820, 21, 825, 689]</P>
    <P Name="ZOrder">511</P>
    <P Name="ShowName">off</P>
    <P Name="Inputs">6</P>
    <P Name="DisplayOption">bar</P>
    <P Name="InheritFromInputs">on</P>
    <Port>
      <P Name="PortNumber">1</P>
      <P Name="Name">eom_bus</P>
    </Port>
  </Block>
  <Block BlockType="Reshape" Name="Reshape" SID="76929">
    <P Name="Ports">[1, 1]</P>
    <P Name="Position">[330, 213, 360, 237]</P>
    <P Name="ZOrder">807</P>
    <P Name="OutputDimensionality">Customize</P>
    <P Name="OutputDimensions">[13,1]</P>
    <Port>
      <P Name="PortNumber">1</P>
      <P Name="Name">d_x</P>
    </Port>
  </Block>
  <Block BlockType="Reshape" Name="Reshape1" SID="76930">
    <P Name="Ports">[1, 1]</P>
    <P Name="Position">[420, 508, 450, 532]</P>
    <P Name="ZOrder">808</P>
    <P Name="OutputDimensionality">Customize</P>
    <P Name="OutputDimensions">[3,1]</P>
    <Port>
      <P Name="PortNumber">1</P>
      <P Name="Name">d_wBIB</P>
      <P Name="DataLogging">on</P>
    </Port>
  </Block>
  <Block BlockType="Reshape" Name="Reshape2" SID="76931">
    <P Name="Ports">[1, 1]</P>
    <P Name="Position">[420, 618, 450, 642]</P>
    <P Name="ZOrder">809</P>
    <P Name="OutputDimensionality">Customize</P>
    <P Name="OutputDimensions">[3,1]</P>
    <Port>
      <P Name="PortNumber">1</P>
      <P Name="Name">d_vBII</P>
      <P Name="DataLogging">on</P>
    </Port>
  </Block>
  <Block BlockType="Selector" Name="Selector" SID="76932">
    <P Name="Ports">[1, 1]</P>
    <P Name="Position">[545, 33, 610, 127]</P>
    <P Name="ZOrder">512</P>
    <P Name="ShowName">off</P>
    <P Name="IndexMode">Zero-based</P>
    <P Name="InputPortWidth">13</P>
    <P Name="IndexOptions">Index vector (dialog)</P>
    <P Name="Indices">0:2</P>
    <P Name="OutputSizes">3</P>
    <Port>
      <P Name="PortNumber">1</P>
      <P Name="Name">pBII</P>
      <P Name="DataLogging">on</P>
    </Port>
  </Block>
  <Block BlockType="Selector" Name="Selector1" SID="76933">
    <P Name="Ports">[1, 1]</P>
    <P Name="Position">[545, 143, 610, 237]</P>
    <P Name="ZOrder">516</P>
    <P Name="ShowName">off</P>
    <P Name="IndexMode">Zero-based</P>
    <P Name="InputPortWidth">13</P>
    <P Name="IndexOptions">Index vector (dialog)</P>
    <P Name="Indices">3:5</P>
    <P Name="OutputSizes">3</P>
    <Port>
      <P Name="PortNumber">1</P>
      <P Name="Name">vBII</P>
      <P Name="DataLogging">on</P>
    </Port>
  </Block>
  <Block BlockType="Selector" Name="Selector2" SID="76934">
    <P Name="Ports">[1, 1]</P>
    <P Name="Position">[545, 253, 610, 347]</P>
    <P Name="ZOrder">517</P>
    <P Name="ShowName">off</P>
    <P Name="IndexMode">Zero-based</P>
    <P Name="InputPortWidth">13</P>
    <P Name="IndexOptions">Index vector (dialog)</P>
    <P Name="Indices">6:9</P>
    <P Name="OutputSizes">3</P>
    <Port>
      <P Name="PortNumber">1</P>
      <P Name="Name">qIB</P>
    </Port>
  </Block>
  <Block BlockType="Selector" Name="Selector3" SID="76935">
    <P Name="Ports">[1, 1]</P>
    <P Name="Position">[545, 363, 610, 457]</P>
    <P Name="ZOrder">518</P>
    <P Name="ShowName">off</P>
    <P Name="IndexMode">Zero-based</P>
    <P Name="InputPortWidth">13</P>
    <P Name="IndexOptions">Index vector (dialog)</P>
    <P Name="Indices">10:12</P>
    <P Name="OutputSizes">3</P>
    <Port>
      <P Name="PortNumber">1</P>
      <P Name="Name">wBIB</P>
      <P Name="TestPoint">on</P>
      <P Name="DataLogging">on</P>
      <P Name="DataLoggingDecimateData">on</P>
      <P Name="DataLoggingDecimation">SL_decimation</P>
    </Port>
  </Block>
  <Block BlockType="Concatenate" Name="Vector&#xA;Concatenate" SID="76936">
    <P Name="Ports">[4, 1]</P>
    <P Name="Position">[290, 103, 300, 347]</P>
    <P Name="ZOrder">4</P>
    <P Name="ShowName">off</P>
    <P Name="NumInputs">4</P>
    <P Name="ConcatenateDimension">2</P>
    <Port>
      <P Name="PortNumber">1</P>
      <P Name="Name">d_x</P>
    </Port>
  </Block>
  <Block BlockType="Integrator" Name="integration_eom" SID="76937">
    <P Name="Ports">[2, 1]</P>
    <P Name="Position">[420, 204, 450, 286]</P>
    <P Name="ZOrder">5</P>
    <P Name="InitialConditionSource">external</P>
    <Port>
      <P Name="PortNumber">1</P>
      <P Name="Name">x</P>
    </Port>
  </Block>
  <Block BlockType="SubSystem" Name="normalize_quaternion" SID="76938">
    <P Name="Ports">[1, 1]</P>
    <P Name="Position">[660, 279, 760, 321]</P>
    <P Name="ZOrder">811</P>
    <P Name="RequestExecContextInheritance">off</P>
    <P Name="ContentPreviewEnabled">on</P>
    <Mask>
      <Display>disp (&apos; norm(q)&apos;)</Display>
      <Description>normalize a quaternion</Description>
      <Help>Name:

    normalize_quaternion

Description:

    This block normalizes the quaternion q21. It should be used as a 
    safety measure when computing quaternions.

Inputs  [size] [data type] [unit]:

    attitude quaternion q21  [4] [double] [-]

Outputs  [size] [data type] [unit]:

    normalized attitude quaternion q21  [4] [double] [-]
</Help>
    </Mask>
    <Port>
      <P Name="PortNumber">1</P>
      <P Name="Name">qIB</P>
    </Port>
    <System Ref="system_76938"/>
  </Block>
  <Block BlockType="Outport" Name="eom" SID="76951">
    <P Name="Position">[1000, 348, 1030, 362]</P>
    <P Name="ZOrder">-2</P>
    <P Name="BackgroundColor">orange</P>
    <P Name="VectorParamsAs1DForOutWhenUnconnected">off</P>
  </Block>
  <Line>
    <P Name="Name">qIB</P>
    <P Name="ZOrder">1</P>
    <P Name="Labels">[0, 1]</P>
    <P Name="Src">76938#out:1</P>
    <P Name="Dst">76928#in:3</P>
  </Line>
  <Line>
    <P Name="Name">d_vBII</P>
    <P Name="ZOrder">2</P>
    <P Name="Labels">[0, 1]</P>
    <P Name="Src">76931#out:1</P>
    <P Name="Dst">76928#in:6</P>
  </Line>
  <Line>
    <P Name="Name">d_wBIB</P>
    <P Name="ZOrder">3</P>
    <P Name="Labels">[0, 1]</P>
    <P Name="Src">76930#out:1</P>
    <P Name="Dst">76928#in:5</P>
  </Line>
  <Line>
    <P Name="Name">d_x</P>
    <P Name="ZOrder">4</P>
    <P Name="Labels">[1, 1]</P>
    <P Name="Src">76929#out:1</P>
    <P Name="Dst">76937#in:1</P>
  </Line>
  <Line>
    <P Name="ZOrder">5</P>
    <P Name="Labels">[-1, 1]</P>
    <P Name="Src">76923#out:1</P>
    <P Name="Dst">76936#in:1</P>
  </Line>
  <Line>
    <P Name="ZOrder">6</P>
    <P Name="Src">76924#out:1</P>
    <P Name="Points">[19, 0]</P>
    <Branch>
      <P Name="ZOrder">7</P>
      <P Name="Labels">[-1, 1]</P>
      <P Name="Dst">76936#in:2</P>
    </Branch>
    <Branch>
      <P Name="ZOrder">8</P>
      <P Name="Labels">[2, 1]</P>
      <P Name="Points">[0, 435]</P>
      <P Name="Dst">76931#in:1</P>
    </Branch>
  </Line>
  <Line>
    <P Name="ZOrder">9</P>
    <P Name="Labels">[-1, 1]</P>
    <P Name="Src">76925#out:1</P>
    <P Name="Dst">76936#in:3</P>
  </Line>
  <Line>
    <P Name="ZOrder">10</P>
    <P Name="Src">76926#out:1</P>
    <P Name="Points">[54, 0]</P>
    <Branch>
      <P Name="ZOrder">11</P>
      <P Name="Labels">[-1, 1]</P>
      <P Name="Dst">76936#in:4</P>
    </Branch>
    <Branch>
      <P Name="ZOrder">12</P>
      <P Name="Labels">[2, 1]</P>
      <P Name="Points">[0, 205]</P>
      <P Name="Dst">76930#in:1</P>
    </Branch>
  </Line>
  <Line>
    <P Name="Name">d_x</P>
    <P Name="ZOrder">13</P>
    <P Name="Labels">[1, 0]</P>
    <P Name="Src">76936#out:1</P>
    <P Name="Dst">76929#in:1</P>
  </Line>
  <Line>
    <P Name="Name">x</P>
    <P Name="ZOrder">14</P>
    <P Name="Labels">[-1, 1]</P>
    <P Name="Src">76937#out:1</P>
    <P Name="Points">[43, 0]</P>
    <Branch>
      <P Name="ZOrder">15</P>
      <P Name="Points">[0, 55]</P>
      <Branch>
        <P Name="ZOrder">16</P>
        <P Name="Dst">76934#in:1</P>
      </Branch>
      <Branch>
        <P Name="ZOrder">17</P>
        <P Name="Points">[0, 110]</P>
        <P Name="Dst">76935#in:1</P>
      </Branch>
    </Branch>
    <Branch>
      <P Name="ZOrder">18</P>
      <P Name="Points">[0, -55]</P>
      <Branch>
        <P Name="ZOrder">19</P>
        <P Name="Points">[0, -110]</P>
        <P Name="Dst">76932#in:1</P>
      </Branch>
      <Branch>
        <P Name="ZOrder">20</P>
        <P Name="Dst">76933#in:1</P>
      </Branch>
    </Branch>
  </Line>
  <Line>
    <P Name="ZOrder">21</P>
    <P Name="Labels">[-1, 1]</P>
    <P Name="Src">76927#out:1</P>
    <P Name="Dst">76937#in:2</P>
  </Line>
  <Line>
    <P Name="Name">pBII</P>
    <P Name="ZOrder">22</P>
    <P Name="Labels">[0, 1]</P>
    <P Name="Src">76932#out:1</P>
    <P Name="Dst">76928#in:1</P>
  </Line>
  <Line>
    <P Name="Name">vBII</P>
    <P Name="ZOrder">23</P>
    <P Name="Labels">[0, 1]</P>
    <P Name="Src">76933#out:1</P>
    <P Name="Dst">76928#in:2</P>
  </Line>
  <Line>
    <P Name="Name">qIB</P>
    <P Name="ZOrder">24</P>
    <P Name="Labels">[0, 1]</P>
    <P Name="Src">76934#out:1</P>
    <P Name="Dst">76938#in:1</P>
  </Line>
  <Line>
    <P Name="Name">wBIB</P>
    <P Name="ZOrder">25</P>
    <P Name="Labels">[0, 1]</P>
    <P Name="Src">76935#out:1</P>
    <P Name="Dst">76928#in:4</P>
  </Line>
  <Line>
    <P Name="Name">eom_bus</P>
    <P Name="ZOrder">26</P>
    <P Name="Labels">[0, 1]</P>
    <P Name="Src">76928#out:1</P>
    <P Name="Dst">76951#in:1</P>
  </Line>
</System>
