<?xml version="1.0" encoding="utf-8"?>
<System>
  <P Name="Location">[-1927, -543, 8, 632]</P>
  <P Name="SystemRect">[0.000000, 0.000000, 0.000000, 0.000000]</P>
  <P Name="SetExecutionDomain">off</P>
  <P Name="ExecutionDomainType">Deduce</P>
  <P Name="SimulinkSubDomain">Simulink</P>
  <Block BlockType="Inport" Name="pBEE" SID="78500">
    <P Name="Position">[55, 233, 85, 247]</P>
    <P Name="ZOrder">-1</P>
    <P Name="BackgroundColor">yellow</P>
  </Block>
  <Block BlockType="Inport" Name="c_rsma" SID="78501">
    <P Name="Position">[55, 63, 85, 77]</P>
    <P Name="ZOrder">-2</P>
    <P Name="BackgroundColor">yellow</P>
    <P Name="Port">2</P>
  </Block>
  <Block BlockType="Inport" Name="c_flat" SID="78502">
    <P Name="Position">[55, 98, 85, 112]</P>
    <P Name="ZOrder">-3</P>
    <P Name="BackgroundColor">yellow</P>
    <P Name="Port">3</P>
  </Block>
  <Block BlockType="Sum" Name="Add" SID="78503">
    <P Name="Ports">[2, 1]</P>
    <P Name="Position">[375, 212, 405, 243]</P>
    <P Name="ZOrder">6</P>
    <P Name="ShowName">off</P>
    <P Name="IconShape">rectangular</P>
  </Block>
  <Block BlockType="Sum" Name="Add1" SID="78504">
    <P Name="Ports">[2, 1]</P>
    <P Name="Position">[795, 407, 825, 438]</P>
    <P Name="ZOrder">26</P>
    <P Name="ShowName">off</P>
    <P Name="IconShape">rectangular</P>
  </Block>
  <Block BlockType="Constant" Name="Constant" SID="78505">
    <P Name="Position">[365, 95, 395, 125]</P>
    <P Name="ZOrder">1</P>
  </Block>
  <Block BlockType="Demux" Name="Demux1" SID="78506">
    <P Name="Ports">[1, 3]</P>
    <P Name="Position">[120, 174, 125, 306]</P>
    <P Name="ZOrder">-4</P>
    <P Name="BackgroundColor">black</P>
    <P Name="ShowName">off</P>
    <P Name="Outputs">[1;1;1]</P>
    <P Name="DisplayOption">none</P>
  </Block>
  <Block BlockType="Product" Name="Divide" SID="78507">
    <P Name="Ports">[2, 1]</P>
    <P Name="Position">[575, 357, 605, 388]</P>
    <P Name="ZOrder">14</P>
    <P Name="ShowName">off</P>
    <P Name="Inputs">*/</P>
  </Block>
  <Block BlockType="Product" Name="Divide1" SID="78508">
    <P Name="Ports">[2, 1]</P>
    <P Name="Position">[250, 422, 280, 453]</P>
    <P Name="ZOrder">15</P>
    <P Name="ShowName">off</P>
    <P Name="Inputs">*/</P>
  </Block>
  <Block BlockType="Product" Name="Divide2" SID="78509">
    <P Name="Ports">[2, 1]</P>
    <P Name="Position">[890, 417, 920, 448]</P>
    <P Name="ZOrder">20</P>
    <P Name="ShowName">off</P>
    <P Name="Inputs">*/</P>
  </Block>
  <Block BlockType="From" Name="From" SID="78510">
    <P Name="Position">[300, 61, 335, 79]</P>
    <P Name="ZOrder">-5</P>
    <P Name="ShowName">off</P>
    <P Name="CloseFcn">tagdialog Close</P>
    <P Name="GotoTag">a</P>
  </Block>
  <Block BlockType="From" Name="From1" SID="78511">
    <P Name="Position">[300, 136, 335, 154]</P>
    <P Name="ZOrder">-6</P>
    <P Name="ShowName">off</P>
    <P Name="CloseFcn">tagdialog Close</P>
    <P Name="GotoTag">f</P>
  </Block>
  <Block BlockType="From" Name="From10" SID="78512">
    <P Name="Position">[95, 456, 130, 474]</P>
    <P Name="ZOrder">-7</P>
    <P Name="ShowName">off</P>
    <P Name="CloseFcn">tagdialog Close</P>
    <P Name="GotoTag">b</P>
  </Block>
  <Block BlockType="From" Name="From12" SID="78513">
    <P Name="Position">[715, 406, 750, 424]</P>
    <P Name="ZOrder">-8</P>
    <P Name="ShowName">off</P>
    <P Name="CloseFcn">tagdialog Close</P>
    <P Name="GotoTag">z</P>
  </Block>
  <Block BlockType="From" Name="From14" SID="78514">
    <P Name="Position">[570, 421, 605, 439]</P>
    <P Name="ZOrder">-10</P>
    <P Name="ShowName">off</P>
    <P Name="CloseFcn">tagdialog Close</P>
    <P Name="GotoTag">b</P>
  </Block>
  <Block BlockType="From" Name="From16" SID="78515">
    <P Name="Position">[715, 626, 750, 644]</P>
    <P Name="ZOrder">-11</P>
    <P Name="ShowName">off</P>
    <P Name="CloseFcn">tagdialog Close</P>
    <P Name="GotoTag">P</P>
  </Block>
  <Block BlockType="From" Name="From18" SID="78516">
    <P Name="Position">[570, 641, 605, 659]</P>
    <P Name="ZOrder">-13</P>
    <P Name="ShowName">off</P>
    <P Name="CloseFcn">tagdialog Close</P>
    <P Name="GotoTag">a</P>
  </Block>
  <Block BlockType="From" Name="From4" SID="78517">
    <P Name="Position">[315, 316, 350, 334]</P>
    <P Name="ZOrder">-16</P>
    <P Name="ShowName">off</P>
    <P Name="CloseFcn">tagdialog Close</P>
    <P Name="GotoTag">a</P>
  </Block>
  <Block BlockType="From" Name="From5" SID="78518">
    <P Name="Position">[315, 361, 350, 379]</P>
    <P Name="ZOrder">-17</P>
    <P Name="ShowName">off</P>
    <P Name="CloseFcn">tagdialog Close</P>
    <P Name="GotoTag">b</P>
  </Block>
  <Block BlockType="From" Name="From6" SID="78519">
    <P Name="Position">[35, 396, 70, 414]</P>
    <P Name="ZOrder">-18</P>
    <P Name="ShowName">off</P>
    <P Name="CloseFcn">tagdialog Close</P>
    <P Name="GotoTag">z</P>
  </Block>
  <Block BlockType="From" Name="From7" SID="78520">
    <P Name="Position">[410, 516, 445, 534]</P>
    <P Name="ZOrder">-19</P>
    <P Name="ShowName">off</P>
    <P Name="CloseFcn">tagdialog Close</P>
    <P Name="GotoTag">f</P>
  </Block>
  <Block BlockType="From" Name="From8" SID="78521">
    <P Name="Position">[105, 411, 140, 429]</P>
    <P Name="ZOrder">-20</P>
    <P Name="ShowName">off</P>
    <P Name="CloseFcn">tagdialog Close</P>
    <P Name="GotoTag">a</P>
  </Block>
  <Block BlockType="From" Name="From9" SID="78522">
    <P Name="Position">[35, 441, 70, 459]</P>
    <P Name="ZOrder">-21</P>
    <P Name="ShowName">off</P>
    <P Name="CloseFcn">tagdialog Close</P>
    <P Name="GotoTag">P</P>
  </Block>
  <Block BlockType="Gain" Name="Gain" SID="78523">
    <P Name="Position">[505, 510, 535, 540]</P>
    <P Name="ZOrder">10</P>
    <P Name="ShowName">off</P>
    <P Name="Gain">2</P>
  </Block>
  <Block BlockType="Goto" Name="Goto" SID="78524">
    <P Name="Position">[150, 61, 185, 79]</P>
    <P Name="ZOrder">-22</P>
    <P Name="ShowName">off</P>
    <P Name="GotoTag">a</P>
  </Block>
  <Block BlockType="Goto" Name="Goto1" SID="78525">
    <P Name="Position">[150, 96, 185, 114]</P>
    <P Name="ZOrder">-23</P>
    <P Name="ShowName">off</P>
    <P Name="GotoTag">f</P>
  </Block>
  <Block BlockType="Goto" Name="Goto4" SID="78526">
    <P Name="Position">[195, 276, 230, 294]</P>
    <P Name="ZOrder">-26</P>
    <P Name="ShowName">off</P>
    <P Name="GotoTag">z</P>
  </Block>
  <Block BlockType="Goto" Name="Goto5" SID="78527">
    <P Name="Position">[645, 126, 680, 144]</P>
    <P Name="ZOrder">-27</P>
    <P Name="ShowName">off</P>
    <P Name="GotoTag">b</P>
  </Block>
  <Block BlockType="Goto" Name="Goto6" SID="78528">
    <P Name="Position">[530, 221, 565, 239]</P>
    <P Name="ZOrder">-28</P>
    <P Name="ShowName">off</P>
    <P Name="GotoTag">P</P>
  </Block>
  <Block BlockType="Product" Name="Product" SID="78529">
    <P Name="Ports">[2, 1]</P>
    <P Name="Position">[510, 117, 540, 148]</P>
    <P Name="ZOrder">3</P>
    <P Name="ShowName">off</P>
  </Block>
  <Block BlockType="Product" Name="Product1" SID="78530">
    <P Name="Ports">[2, 1]</P>
    <P Name="Position">[305, 187, 335, 218]</P>
    <P Name="ZOrder">4</P>
    <P Name="ShowName">off</P>
  </Block>
  <Block BlockType="Product" Name="Product10" SID="78531">
    <P Name="Ports">[3, 1]</P>
    <P Name="Position">[650, 389, 680, 471]</P>
    <P Name="ZOrder">25</P>
    <P Name="ShowName">off</P>
    <P Name="Inputs">3</P>
  </Block>
  <Block BlockType="Product" Name="Product11" SID="78532">
    <P Name="Ports">[3, 1]</P>
    <P Name="Position">[650, 609, 680, 691]</P>
    <P Name="ZOrder">28</P>
    <P Name="ShowName">off</P>
    <P Name="Inputs">3</P>
  </Block>
  <Block BlockType="Product" Name="Product2" SID="78533">
    <P Name="Ports">[2, 1]</P>
    <P Name="Position">[305, 232, 335, 263]</P>
    <P Name="ZOrder">5</P>
    <P Name="ShowName">off</P>
  </Block>
  <Block BlockType="Product" Name="Product3" SID="78534">
    <P Name="Ports">[2, 1]</P>
    <P Name="Position">[505, 562, 535, 593]</P>
    <P Name="ZOrder">8</P>
    <P Name="ShowName">off</P>
  </Block>
  <Block BlockType="Product" Name="Product4" SID="78535">
    <P Name="Ports">[2, 1]</P>
    <P Name="Position">[420, 317, 450, 348]</P>
    <P Name="ZOrder">11</P>
    <P Name="ShowName">off</P>
  </Block>
  <Block BlockType="Product" Name="Product5" SID="78536">
    <P Name="Ports">[2, 1]</P>
    <P Name="Position">[420, 362, 450, 393]</P>
    <P Name="ZOrder">13</P>
    <P Name="ShowName">off</P>
  </Block>
  <Block BlockType="Product" Name="Product6" SID="78537">
    <P Name="Ports">[2, 1]</P>
    <P Name="Position">[175, 397, 205, 428]</P>
    <P Name="ZOrder">16</P>
    <P Name="ShowName">off</P>
  </Block>
  <Block BlockType="Product" Name="Product7" SID="78538">
    <P Name="Ports">[2, 1]</P>
    <P Name="Position">[175, 442, 205, 473]</P>
    <P Name="ZOrder">17</P>
    <P Name="ShowName">off</P>
  </Block>
  <Block BlockType="Product" Name="Product8" SID="78539">
    <P Name="Ports">[3, 1]</P>
    <P Name="Position">[510, 429, 540, 481]</P>
    <P Name="ZOrder">22</P>
    <P Name="ShowName">off</P>
    <P Name="Inputs">3</P>
  </Block>
  <Block BlockType="Product" Name="Product9" SID="78540">
    <P Name="Ports">[3, 1]</P>
    <P Name="Position">[510, 649, 540, 701]</P>
    <P Name="ZOrder">24</P>
    <P Name="ShowName">off</P>
    <P Name="Inputs">3</P>
  </Block>
  <Block BlockType="Sqrt" Name="Sqrt" SID="78541">
    <P Name="Position">[450, 215, 480, 245]</P>
    <P Name="ZOrder">7</P>
  </Block>
  <Block BlockType="Sum" Name="Subtract" SID="78542">
    <P Name="Ports">[2, 1]</P>
    <P Name="Position">[430, 122, 460, 153]</P>
    <P Name="ZOrder">2</P>
    <P Name="ShowName">off</P>
    <P Name="IconShape">rectangular</P>
    <P Name="Inputs">+-</P>
  </Block>
  <Block BlockType="Sum" Name="Subtract1" SID="78543">
    <P Name="Ports">[2, 1]</P>
    <P Name="Position">[590, 557, 620, 588]</P>
    <P Name="ZOrder">9</P>
    <P Name="ShowName">off</P>
    <P Name="IconShape">rectangular</P>
    <P Name="Inputs">+-</P>
  </Block>
  <Block BlockType="Sum" Name="Subtract2" SID="78544">
    <P Name="Ports">[2, 1]</P>
    <P Name="Position">[495, 342, 525, 373]</P>
    <P Name="ZOrder">12</P>
    <P Name="ShowName">off</P>
    <P Name="IconShape">rectangular</P>
    <P Name="Inputs">+-</P>
  </Block>
  <Block BlockType="Sum" Name="Subtract3" SID="78545">
    <P Name="Ports">[2, 1]</P>
    <P Name="Position">[795, 627, 825, 658]</P>
    <P Name="ZOrder">27</P>
    <P Name="ShowName">off</P>
    <P Name="IconShape">rectangular</P>
    <P Name="Inputs">+-</P>
  </Block>
  <Block BlockType="Trigonometry" Name="Trigonometric&#xA;Function" SID="78546">
    <P Name="Ports">[1, 1]</P>
    <P Name="Position">[330, 425, 360, 455]</P>
    <P Name="ZOrder">18</P>
    <P Name="ShowName">off</P>
    <P Name="Operator">atan</P>
  </Block>
  <Block BlockType="Trigonometry" Name="Trigonometric&#xA;Function1" SID="78547">
    <P Name="Ports">[1, 1]</P>
    <P Name="Position">[965, 420, 995, 450]</P>
    <P Name="ZOrder">19</P>
    <P Name="ShowName">off</P>
    <P Name="Operator">atan</P>
    <Port>
      <P Name="PortNumber">1</P>
      <P Name="Name">lat</P>
    </Port>
  </Block>
  <Block BlockType="Trigonometry" Name="Trigonometric&#xA;Function2" SID="78548">
    <P Name="Ports">[1, 1]</P>
    <P Name="Position">[435, 425, 465, 455]</P>
    <P Name="ZOrder">21</P>
    <P Name="ShowName">off</P>
  </Block>
  <Block BlockType="Trigonometry" Name="Trigonometric&#xA;Function3" SID="78549">
    <P Name="Ports">[1, 1]</P>
    <P Name="Position">[435, 645, 465, 675]</P>
    <P Name="ZOrder">23</P>
    <P Name="ShowName">off</P>
    <P Name="Operator">cos</P>
  </Block>
  <Block BlockType="Outport" Name="lat" SID="78550">
    <P Name="Position">[1045, 428, 1075, 442]</P>
    <P Name="ZOrder">-42</P>
    <P Name="BackgroundColor">orange</P>
    <P Name="VectorParamsAs1DForOutWhenUnconnected">off</P>
  </Block>
  <Line>
    <P Name="ZOrder">1</P>
    <P Name="Src">78507#out:1</P>
    <P Name="Points">[18, 0; 0, 30]</P>
    <P Name="Dst">78531#in:1</P>
  </Line>
  <Line>
    <P Name="ZOrder">2</P>
    <P Name="Src">78540#out:1</P>
    <P Name="Dst">78532#in:3</P>
  </Line>
  <Line>
    <P Name="ZOrder">3</P>
    <P Name="Src">78532#out:1</P>
    <P Name="Dst">78545#in:2</P>
  </Line>
  <Line>
    <P Name="ZOrder">4</P>
    <P Name="Src">78545#out:1</P>
    <P Name="Points">[28, 0; 0, -205]</P>
    <P Name="Dst">78509#in:2</P>
  </Line>
  <Line>
    <P Name="ZOrder">5</P>
    <P Name="Src">78504#out:1</P>
    <P Name="Dst">78509#in:1</P>
  </Line>
  <Line>
    <P Name="ZOrder">6</P>
    <P Name="Src">78531#out:1</P>
    <P Name="Dst">78504#in:2</P>
  </Line>
  <Line>
    <P Name="ZOrder">7</P>
    <P Name="Src">78539#out:1</P>
    <P Name="Dst">78531#in:3</P>
  </Line>
  <Line>
    <P Name="ZOrder">8</P>
    <P Name="Src">78549#out:1</P>
    <P Name="Points">[12, 0]</P>
    <Branch>
      <P Name="ZOrder">9</P>
      <P Name="Dst">78540#in:1</P>
    </Branch>
    <Branch>
      <P Name="ZOrder">10</P>
      <P Name="Points">[0, 15]</P>
      <Branch>
        <P Name="ZOrder">11</P>
        <P Name="Points">[0, 15]</P>
        <P Name="Dst">78540#in:3</P>
      </Branch>
      <Branch>
        <P Name="ZOrder">12</P>
        <P Name="Dst">78540#in:2</P>
      </Branch>
    </Branch>
  </Line>
  <Line>
    <P Name="ZOrder">13</P>
    <P Name="Src">78548#out:1</P>
    <P Name="Points">[12, 0]</P>
    <Branch>
      <P Name="ZOrder">14</P>
      <P Name="Dst">78539#in:1</P>
    </Branch>
    <Branch>
      <P Name="ZOrder">15</P>
      <P Name="Points">[0, 15]</P>
      <Branch>
        <P Name="ZOrder">16</P>
        <P Name="Points">[0, 15]</P>
        <P Name="Dst">78539#in:3</P>
      </Branch>
      <Branch>
        <P Name="ZOrder">17</P>
        <P Name="Dst">78539#in:2</P>
      </Branch>
    </Branch>
  </Line>
  <Line>
    <P Name="ZOrder">18</P>
    <P Name="Src">78509#out:1</P>
    <P Name="Dst">78547#in:1</P>
  </Line>
  <Line>
    <P Name="ZOrder">19</P>
    <P Name="Src">78508#out:1</P>
    <P Name="Dst">78546#in:1</P>
  </Line>
  <Line>
    <P Name="ZOrder">20</P>
    <P Name="Src">78538#out:1</P>
    <P Name="Points">[18, 0; 0, -15]</P>
    <P Name="Dst">78508#in:2</P>
  </Line>
  <Line>
    <P Name="ZOrder">21</P>
    <P Name="Src">78537#out:1</P>
    <P Name="Points">[18, 0; 0, 15]</P>
    <P Name="Dst">78508#in:1</P>
  </Line>
  <Line>
    <P Name="ZOrder">22</P>
    <P Name="Src">78544#out:1</P>
    <P Name="Points">[20, 0; 0, 5]</P>
    <P Name="Dst">78507#in:1</P>
  </Line>
  <Line>
    <P Name="ZOrder">23</P>
    <P Name="Src">78536#out:1</P>
    <P Name="Points">[18, 0]</P>
    <Branch>
      <P Name="ZOrder">24</P>
      <P Name="Dst">78507#in:2</P>
    </Branch>
    <Branch>
      <P Name="ZOrder">25</P>
      <P Name="Points">[0, -15]</P>
      <P Name="Dst">78544#in:2</P>
    </Branch>
  </Line>
  <Line>
    <P Name="ZOrder">26</P>
    <P Name="Src">78535#out:1</P>
    <P Name="Points">[18, 0; 0, 15]</P>
    <P Name="Dst">78544#in:1</P>
  </Line>
  <Line>
    <P Name="ZOrder">27</P>
    <P Name="Src">78523#out:1</P>
    <P Name="Points">[23, 0; 0, 40]</P>
    <P Name="Dst">78543#in:1</P>
  </Line>
  <Line>
    <P Name="ZOrder">28</P>
    <P Name="Src">78534#out:1</P>
    <P Name="Dst">78543#in:2</P>
  </Line>
  <Line>
    <P Name="ZOrder">29</P>
    <P Name="Src">78541#out:1</P>
    <P Name="Dst">78528#in:1</P>
  </Line>
  <Line>
    <P Name="ZOrder">30</P>
    <P Name="Src">78503#out:1</P>
    <P Name="Dst">78541#in:1</P>
  </Line>
  <Line>
    <P Name="ZOrder">31</P>
    <P Name="Src">78533#out:1</P>
    <P Name="Points">[20, 0]</P>
    <P Name="Dst">78503#in:2</P>
  </Line>
  <Line>
    <P Name="ZOrder">32</P>
    <P Name="Src">78530#out:1</P>
    <P Name="Points">[20, 0]</P>
    <P Name="Dst">78503#in:1</P>
  </Line>
  <Line>
    <P Name="ZOrder">33</P>
    <P Name="Src">78529#out:1</P>
    <P Name="Dst">78527#in:1</P>
  </Line>
  <Line>
    <P Name="ZOrder">34</P>
    <P Name="Src">78542#out:1</P>
    <P Name="Dst">78529#in:2</P>
  </Line>
  <Line>
    <P Name="ZOrder">35</P>
    <P Name="Src">78505#out:1</P>
    <P Name="Points">[13, 0; 0, 20]</P>
    <P Name="Dst">78542#in:1</P>
  </Line>
  <Line>
    <P Name="Name">lat</P>
    <P Name="ZOrder">36</P>
    <P Name="Labels">[-1, 1]</P>
    <P Name="Src">78547#out:1</P>
    <P Name="Dst">78550#in:1</P>
  </Line>
  <Line>
    <P Name="ZOrder">37</P>
    <P Name="Src">78516#out:1</P>
    <P Name="Dst">78532#in:2</P>
  </Line>
  <Line>
    <P Name="ZOrder">38</P>
    <P Name="Src">78543#out:1</P>
    <P Name="Points">[5, 0; 0, 50]</P>
    <P Name="Dst">78532#in:1</P>
  </Line>
  <Line>
    <P Name="ZOrder">39</P>
    <P Name="Src">78515#out:1</P>
    <P Name="Dst">78545#in:1</P>
  </Line>
  <Line>
    <P Name="ZOrder">40</P>
    <P Name="Src">78514#out:1</P>
    <P Name="Dst">78531#in:2</P>
  </Line>
  <Line>
    <P Name="ZOrder">41</P>
    <P Name="Src">78513#out:1</P>
    <P Name="Dst">78504#in:1</P>
  </Line>
  <Line>
    <P Name="ZOrder">42</P>
    <P Name="Src">78512#out:1</P>
    <P Name="Dst">78538#in:2</P>
  </Line>
  <Line>
    <P Name="ZOrder">43</P>
    <P Name="Src">78522#out:1</P>
    <P Name="Dst">78538#in:1</P>
  </Line>
  <Line>
    <P Name="ZOrder">44</P>
    <P Name="Src">78546#out:1</P>
    <P Name="Points">[24, 0]</P>
    <Branch>
      <P Name="ZOrder">45</P>
      <P Name="Dst">78548#in:1</P>
    </Branch>
    <Branch>
      <P Name="ZOrder">46</P>
      <P Name="Points">[0, 220]</P>
      <P Name="Dst">78549#in:1</P>
    </Branch>
  </Line>
  <Line>
    <P Name="ZOrder">47</P>
    <P Name="Src">78521#out:1</P>
    <P Name="Dst">78537#in:2</P>
  </Line>
  <Line>
    <P Name="ZOrder">48</P>
    <P Name="Src">78519#out:1</P>
    <P Name="Dst">78537#in:1</P>
  </Line>
  <Line>
    <P Name="ZOrder">49</P>
    <P Name="Src">78520#out:1</P>
    <P Name="Points">[22, 0]</P>
    <Branch>
      <P Name="ZOrder">50</P>
      <P Name="Dst">78523#in:1</P>
    </Branch>
    <Branch>
      <P Name="ZOrder">51</P>
      <P Name="Points">[0, 45; 1, 0]</P>
      <Branch>
        <P Name="ZOrder">52</P>
        <P Name="Dst">78534#in:1</P>
      </Branch>
      <Branch>
        <P Name="ZOrder">53</P>
        <P Name="Points">[0, 15]</P>
        <P Name="Dst">78534#in:2</P>
      </Branch>
    </Branch>
  </Line>
  <Line>
    <P Name="ZOrder">54</P>
    <P Name="Src">78518#out:1</P>
    <P Name="Points">[32, 0]</P>
    <Branch>
      <P Name="ZOrder">55</P>
      <P Name="Dst">78536#in:1</P>
    </Branch>
    <Branch>
      <P Name="ZOrder">56</P>
      <P Name="Points">[0, 15]</P>
      <P Name="Dst">78536#in:2</P>
    </Branch>
  </Line>
  <Line>
    <P Name="ZOrder">57</P>
    <P Name="Src">78517#out:1</P>
    <P Name="Points">[32, 0]</P>
    <Branch>
      <P Name="ZOrder">58</P>
      <P Name="Dst">78535#in:1</P>
    </Branch>
    <Branch>
      <P Name="ZOrder">59</P>
      <P Name="Points">[0, 15]</P>
      <P Name="Dst">78535#in:2</P>
    </Branch>
  </Line>
  <Line>
    <P Name="ZOrder">60</P>
    <P Name="Src">78506#out:2</P>
    <P Name="Points">[142, 0]</P>
    <Branch>
      <P Name="ZOrder">61</P>
      <P Name="Dst">78533#in:1</P>
    </Branch>
    <Branch>
      <P Name="ZOrder">62</P>
      <P Name="Points">[0, 15]</P>
      <P Name="Dst">78533#in:2</P>
    </Branch>
  </Line>
  <Line>
    <P Name="ZOrder">63</P>
    <P Name="Src">78506#out:1</P>
    <P Name="Points">[141, 0]</P>
    <Branch>
      <P Name="ZOrder">64</P>
      <P Name="Dst">78530#in:1</P>
    </Branch>
    <Branch>
      <P Name="ZOrder">65</P>
      <P Name="Points">[0, 15]</P>
      <P Name="Dst">78530#in:2</P>
    </Branch>
  </Line>
  <Line>
    <P Name="ZOrder">66</P>
    <P Name="Src">78511#out:1</P>
    <P Name="Dst">78542#in:2</P>
  </Line>
  <Line>
    <P Name="ZOrder">67</P>
    <P Name="Src">78510#out:1</P>
    <P Name="Points">[145, 0; 0, 55]</P>
    <P Name="Dst">78529#in:1</P>
  </Line>
  <Line>
    <P Name="ZOrder">68</P>
    <P Name="Src">78506#out:3</P>
    <P Name="Dst">78526#in:1</P>
  </Line>
  <Line>
    <P Name="ZOrder">69</P>
    <P Name="Src">78500#out:1</P>
    <P Name="Dst">78506#in:1</P>
  </Line>
  <Line>
    <P Name="ZOrder">70</P>
    <P Name="Src">78501#out:1</P>
    <P Name="Dst">78524#in:1</P>
  </Line>
  <Line>
    <P Name="ZOrder">71</P>
    <P Name="Src">78502#out:1</P>
    <P Name="Dst">78525#in:1</P>
  </Line>
</System>
