<?xml version="1.0" encoding="utf-8"?>
<System>
  <P Name="Location">[-7, -7, 1543, 831]</P>
  <P Name="SystemRect">[0.000000, 0.000000, 0.000000, 0.000000]</P>
  <P Name="Open">on</P>
  <P Name="SetExecutionDomain">off</P>
  <P Name="ExecutionDomainType">Deduce</P>
  <P Name="ZoomFactor">80</P>
  <P Name="SimulinkSubDomain">Simulink</P>
  <Block BlockType="Inport" Name="External Inputs" SID="74328">
    <P Name="Position">[840, 353, 870, 367]</P>
    <P Name="ZOrder">21868</P>
    <P Name="BackgroundColor">[0.850980, 0.325490, 0.098039]</P>
  </Block>
  <Block BlockType="Inport" Name="Missile States" SID="74329">
    <P Name="Position">[840, 293, 870, 307]</P>
    <P Name="ZOrder">21867</P>
    <P Name="BackgroundColor">[0.850980, 0.325490, 0.098039]</P>
    <P Name="Port">2</P>
  </Block>
  <Block BlockType="Inport" Name="Virtual IMU" SID="74330">
    <P Name="Position">[840, 323, 870, 337]</P>
    <P Name="ZOrder">22267</P>
    <P Name="BackgroundColor">[0.850980, 0.325490, 0.098039]</P>
    <P Name="Port">3</P>
  </Block>
  <Block BlockType="BusCreator" Name="Bus&#xA;Creator" SID="74331">
    <P Name="Ports">[2, 1]</P>
    <P Name="Position">[1745, 225, 1760, 325]</P>
    <P Name="ZOrder">21928</P>
    <P Name="BackgroundColor">[0.850980, 0.325490, 0.098039]</P>
    <P Name="ShowName">off</P>
    <P Name="Inputs">2</P>
    <P Name="DisplayOption">bar</P>
    <P Name="InheritFromInputs">on</P>
    <Port>
      <P Name="PortNumber">1</P>
      <P Name="Name">FCC data</P>
    </Port>
  </Block>
  <Block BlockType="SubSystem" Name="Communication Delay - 7ms" SID="81480">
    <P Name="Ports">[1, 1]</P>
    <P Name="Position">[1070, 275, 1140, 325]</P>
    <P Name="ZOrder">22273</P>
    <P Name="RequestExecContextInheritance">off</P>
    <P Name="ContentPreviewEnabled">on</P>
    <System Ref="system_81480"/>
  </Block>
  <Block BlockType="SubSystem" Name="Communication Delay - 7ms1" SID="81488">
    <P Name="Ports">[1, 1]</P>
    <P Name="Position">[1420, 275, 1490, 325]</P>
    <P Name="ZOrder">22274</P>
    <P Name="RequestExecContextInheritance">off</P>
    <P Name="ContentPreviewEnabled">on</P>
    <System Ref="system_81488"/>
  </Block>
  <Block BlockType="Constant" Name="Constant1" SID="74332">
    <P Name="Position">[820, 262, 895, 278]</P>
    <P Name="ZOrder">21937</P>
    <P Name="BackgroundColor">[0.850980, 0.325490, 0.098039]</P>
    <P Name="Value">Enable_Gyros</P>
    <P Name="OutDataTypeStr">single</P>
  </Block>
  <Block BlockType="Constant" Name="Constant4" SID="74333">
    <P Name="Position">[820, 232, 895, 248]</P>
    <P Name="ZOrder">21873</P>
    <P Name="BackgroundColor">[0.850980, 0.325490, 0.098039]</P>
    <P Name="Value">Enable_INS</P>
    <P Name="OutDataTypeStr">single</P>
  </Block>
  <Block BlockType="Scope" Name="Debug" SID="74334">
    <P Name="Ports">[1]</P>
    <P Name="Position">[1715, 334, 1745, 366]</P>
    <P Name="ZOrder">21934</P>
    <P Name="BackgroundColor">[0.850980, 0.325490, 0.098039]</P>
    <P Name="ScopeSpecificationString">Simulink.scopes.TimeScopeBlockCfg(&apos;CurrentConfiguration&apos;, extmgr.ConfigurationSet(extmgr.Configuration(&apos;Core&apos;,&apos;General UI&apos;,true),extmgr.Configuration(&apos;Core&apos;,&apos;Source UI&apos;,true),extmgr.Configuration(&apos;Sources&apos;,&apos;WiredSimulink&apos;,true,&apos;DataLoggingVariableName&apos;,&apos;ScopeData7&apos;),extmgr.Configuration(&apos;Visuals&apos;,&apos;Time Domain&apos;,true,&apos;SerializedDisplays&apos;,{struct(&apos;MinYLimReal&apos;,&apos;-1.00000&apos;,&apos;MaxYLimReal&apos;,&apos;1.00000&apos;,&apos;YLabelReal&apos;,&apos;&apos;,&apos;MinYLimMag&apos;,&apos;0.00000&apos;,&apos;MaxYLimMag&apos;,&apos;1.00000&apos;,&apos;LegendVisibility&apos;,&apos;off&apos;,&apos;XGrid&apos;,true,&apos;YGrid&apos;,true,&apos;PlotMagPhase&apos;,false,&apos;AxesColor&apos;,[0 0 0],&apos;AxesTickColor&apos;,[0.686274509803922 0.686274509803922 0.686274509803922],&apos;ColorOrder&apos;,[1 1 0.0666666666666667;0.0745098039215686 0.623529411764706 1;1 0.411764705882353 0.16078431372549;0.392156862745098 0.831372549019608 0.0745098039215686;0.717647058823529 0.274509803921569 1;0.0588235294117647 1 1;1 0.0745098039215686 0.650980392156863],&apos;Title&apos;,&apos;%&lt;SignalLabel&gt;&apos;,&apos;LinePropertiesCache&apos;,{{}},&apos;UserDefinedChannelNames&apos;,{{}},&apos;NumLines&apos;,1,&apos;LineNames&apos;,{{&apos;Recieve from Pixhawk/debug&apos;}},&apos;ShowContent&apos;,true,&apos;Placement&apos;,1)},&apos;DisplayPropertyDefaults&apos;,struct(&apos;MinYLimReal&apos;,&apos;-1.00000&apos;,&apos;MaxYLimReal&apos;,&apos;1.00000&apos;,&apos;YLabelReal&apos;,&apos;&apos;,&apos;MinYLimMag&apos;,&apos;0.00000&apos;,&apos;MaxYLimMag&apos;,&apos;1.00000&apos;,&apos;LegendVisibility&apos;,&apos;off&apos;,&apos;XGrid&apos;,true,&apos;YGrid&apos;,true,&apos;PlotMagPhase&apos;,false,&apos;AxesColor&apos;,[0 0 0],&apos;AxesTickColor&apos;,[0.686274509803922 0.686274509803922 0.686274509803922],&apos;ColorOrder&apos;,[0.0745098039215686 0.623529411764706 1;1 0.411764705882353 0.16078431372549;1 1 0.0666666666666667;0.717647058823529 0.274509803921569 1;0.392156862745098 0.831372549019608 0.0745098039215686;0.0588235294117647 1 1;1 0.0745098039215686 0.650980392156863])),extmgr.Configuration(&apos;Tools&apos;,&apos;Plot Navigation&apos;,true,&apos;PreviousAutoscale&apos;,&apos;XY&apos;),extmgr.Configuration(&apos;Tools&apos;,&apos;Measurements&apos;,true,&apos;Version&apos;,&apos;2019b&apos;)),&apos;Version&apos;,&apos;2019b&apos;,&apos;Position&apos;,[3016 321 560 420])</P>
    <P Name="NumInputPorts">1</P>
    <P Name="Floating">off</P>
  </Block>
  <Block BlockType="SubSystem" Name="Heartbeat Check" SID="74566">
    <P Name="Ports">[0, 1]</P>
    <P Name="Position">[1215, 118, 1320, 162]</P>
    <P Name="ZOrder">21923</P>
    <P Name="BackgroundColor">[0.850980, 0.325490, 0.098039]</P>
    <P Name="NameLocation">top</P>
    <P Name="RequestExecContextInheritance">off</P>
    <System Ref="system_74566"/>
  </Block>
  <Block BlockType="SubSystem" Name="Pixhawk Block" SID="81259">
    <P Name="Ports">[1, 1]</P>
    <P Name="Position">[1175, 229, 1385, 371]</P>
    <P Name="ZOrder">22272</P>
    <P Name="BackgroundColor">[0.850980, 0.325490, 0.098039]</P>
    <P Name="RequestExecContextInheritance">off</P>
    <P Name="ContentPreviewEnabled">on</P>
    <System Ref="system_81259"/>
  </Block>
  <Block BlockType="SubSystem" Name="Recieve from FCC" SID="74579">
    <P Name="Ports">[1, 3]</P>
    <P Name="Position">[1530, 224, 1640, 376]</P>
    <P Name="ZOrder">21861</P>
    <P Name="BackgroundColor">[0.850980, 0.325490, 0.098039]</P>
    <P Name="RequestExecContextInheritance">off</P>
    <Port>
      <P Name="PortNumber">1</P>
      <P Name="Name">Control Surface Cmd</P>
    </Port>
    <Port>
      <P Name="PortNumber">2</P>
      <P Name="Name">Internal Data</P>
    </Port>
    <System Ref="system_74579"/>
  </Block>
  <Block BlockType="Scope" Name="Scope1" SID="74606">
    <P Name="Ports">[1]</P>
    <P Name="Position">[1350, 124, 1380, 156]</P>
    <P Name="ZOrder">22214</P>
    <P Name="BackgroundColor">[0.850980, 0.325490, 0.098039]</P>
    <P Name="ScopeSpecificationString">Simulink.scopes.TimeScopeBlockCfg(&apos;CurrentConfiguration&apos;, extmgr.ConfigurationSet(extmgr.Configuration(&apos;Core&apos;,&apos;General UI&apos;,true),extmgr.Configuration(&apos;Core&apos;,&apos;Source UI&apos;,true),extmgr.Configuration(&apos;Sources&apos;,&apos;WiredSimulink&apos;,true,&apos;DataLoggingVariableName&apos;,&apos;ScopeData1&apos;,&apos;DataLogging&apos;,true,&apos;DataLoggingSaveFormat&apos;,&apos;StructureWithTime&apos;),extmgr.Configuration(&apos;Visuals&apos;,&apos;Time Domain&apos;,true,&apos;SerializedDisplays&apos;,{struct(&apos;MinYLimReal&apos;,&apos;-1.75&apos;,&apos;MaxYLimReal&apos;,&apos;15.75&apos;,&apos;YLabelReal&apos;,&apos;&apos;,&apos;MinYLimMag&apos;,&apos;0.00000&apos;,&apos;MaxYLimMag&apos;,&apos;15.75&apos;,&apos;LegendVisibility&apos;,&apos;Off&apos;,&apos;XGrid&apos;,true,&apos;YGrid&apos;,true,&apos;PlotMagPhase&apos;,false,&apos;AxesColor&apos;,[0 0 0],&apos;AxesTickColor&apos;,[0.686274509803922 0.686274509803922 0.686274509803922],&apos;ColorOrder&apos;,[1 1 0.0666666666666667;0.0745098039215686 0.623529411764706 1;1 0.411764705882353 0.16078431372549;0.392156862745098 0.831372549019608 0.0745098039215686;0.717647058823529 0.274509803921569 1;0.0588235294117647 1 1;1 0.0745098039215686 0.650980392156863],&apos;Title&apos;,&apos;%&lt;SignalLabel&gt;&apos;,&apos;LinePropertiesCache&apos;,{{}},&apos;UserDefinedChannelNames&apos;,{{}},&apos;NumLines&apos;,1,&apos;LineNames&apos;,{{&apos;Heartbeat Check&apos;}},&apos;ShowContent&apos;,true,&apos;Placement&apos;,1)},&apos;DisplayPropertyDefaults&apos;,struct(&apos;MinYLimReal&apos;,&apos;-1.75&apos;,&apos;MaxYLimReal&apos;,&apos;15.75&apos;,&apos;YLabelReal&apos;,&apos;&apos;,&apos;MinYLimMag&apos;,&apos;0.00000&apos;,&apos;MaxYLimMag&apos;,&apos;15.75&apos;,&apos;LegendVisibility&apos;,&apos;Off&apos;,&apos;XGrid&apos;,true,&apos;YGrid&apos;,true,&apos;PlotMagPhase&apos;,false,&apos;AxesColor&apos;,[0 0 0],&apos;AxesTickColor&apos;,[0.686274509803922 0.686274509803922 0.686274509803922],&apos;ColorOrder&apos;,[0.0745098039215686 0.623529411764706 1;1 0.411764705882353 0.16078431372549;1 1 0.0666666666666667;0.717647058823529 0.274509803921569 1;0.392156862745098 0.831372549019608 0.0745098039215686;0.0588235294117647 1 1;1 0.0745098039215686 0.650980392156863])),extmgr.Configuration(&apos;Tools&apos;,&apos;Plot Navigation&apos;,true,&apos;OnceAtStop&apos;,false,&apos;PreviousAutoscale&apos;,&apos;XY&apos;),extmgr.Configuration(&apos;Tools&apos;,&apos;Measurements&apos;,true,&apos;Version&apos;,&apos;2019b&apos;)),&apos;Version&apos;,&apos;2019b&apos;,&apos;Position&apos;,[3150 561 560 420])</P>
    <P Name="NumInputPorts">1</P>
    <P Name="Floating">off</P>
  </Block>
  <Block BlockType="SubSystem" Name="Send to FCC" SID="74607">
    <P Name="Ports">[5, 1]</P>
    <P Name="Position">[925, 219, 1035, 381]</P>
    <P Name="ZOrder">21865</P>
    <P Name="BackgroundColor">[0.850980, 0.325490, 0.098039]</P>
    <P Name="RequestExecContextInheritance">off</P>
    <System Ref="system_74607"/>
  </Block>
  <Block BlockType="Outport" Name="FCC Data" SID="74652">
    <P Name="Position">[1800, 268, 1830, 282]</P>
    <P Name="ZOrder">21929</P>
    <P Name="BackgroundColor">[0.850980, 0.325490, 0.098039]</P>
  </Block>
  <Line>
    <P Name="ZOrder">1</P>
    <P Name="Src">74333#out:1</P>
    <P Name="Dst">74607#in:1</P>
  </Line>
  <Line>
    <P Name="Name">Internal Data</P>
    <P Name="ZOrder">2</P>
    <P Name="Labels">[0, 0]</P>
    <P Name="Src">74579#out:2</P>
    <P Name="Dst">74331#in:2</P>
  </Line>
  <Line>
    <P Name="Name">Control Surface Cmd</P>
    <P Name="ZOrder">3</P>
    <P Name="Labels">[0, 0]</P>
    <P Name="Src">74579#out:1</P>
    <P Name="Dst">74331#in:1</P>
  </Line>
  <Line>
    <P Name="ZOrder">4</P>
    <P Name="Src">74328#out:1</P>
    <P Name="Dst">74607#in:5</P>
  </Line>
  <Line>
    <P Name="ZOrder">5</P>
    <P Name="Src">74329#out:1</P>
    <P Name="Dst">74607#in:3</P>
  </Line>
  <Line>
    <P Name="ZOrder">8</P>
    <P Name="Src">74579#out:3</P>
    <P Name="Dst">74334#in:1</P>
  </Line>
  <Line>
    <P Name="ZOrder">9</P>
    <P Name="Src">74332#out:1</P>
    <P Name="Dst">74607#in:2</P>
  </Line>
  <Line>
    <P Name="ZOrder">10</P>
    <P Name="Src">74566#out:1</P>
    <P Name="Dst">74606#in:1</P>
  </Line>
  <Line>
    <P Name="Name">FCC data</P>
    <P Name="ZOrder">11</P>
    <P Name="Labels">[0, 0]</P>
    <P Name="Src">74331#out:1</P>
    <P Name="Dst">74652#in:1</P>
  </Line>
  <Line>
    <P Name="ZOrder">12</P>
    <P Name="Src">74330#out:1</P>
    <P Name="Dst">74607#in:4</P>
  </Line>
  <Line>
    <P Name="ZOrder">21</P>
    <P Name="Src">74607#out:1</P>
    <P Name="Dst">81480#in:1</P>
  </Line>
  <Line>
    <P Name="ZOrder">22</P>
    <P Name="Src">81259#out:1</P>
    <P Name="Dst">81488#in:1</P>
  </Line>
  <Line>
    <P Name="ZOrder">23</P>
    <P Name="Src">81480#out:1</P>
    <P Name="Dst">81259#in:1</P>
  </Line>
  <Line>
    <P Name="ZOrder">24</P>
    <P Name="Src">81488#out:1</P>
    <P Name="Dst">74579#in:1</P>
  </Line>
</System>
