<?xml version="1.0" encoding="utf-8"?>
<System>
  <P Name="Location">[207, 53, 2019, 1216]</P>
  <P Name="SystemRect">[0.000000, 0.000000, 0.000000, 0.000000]</P>
  <P Name="SetExecutionDomain">off</P>
  <P Name="ExecutionDomainType">Deduce</P>
  <P Name="ZoomFactor">200</P>
  <P Name="SimulinkSubDomain">Simulink</P>
  <Block BlockType="Inport" Name="FCC Data" SID="80394">
    <P Name="Position">[-80, 52, -50, 68]</P>
    <P Name="ZOrder">1</P>
    <P Name="BackgroundColor">cyan</P>
  </Block>
  <Block BlockType="BusCreator" Name="Bus&#xA;Creator" SID="80395">
    <P Name="Ports">[4, 1]</P>
    <P Name="Position">[435, -53, 450, 128]</P>
    <P Name="ZOrder">22046</P>
    <P Name="BackgroundColor">cyan</P>
    <P Name="ShowName">off</P>
    <P Name="Inputs">4</P>
    <P Name="DisplayOption">bar</P>
    <P Name="InheritFromInputs">on</P>
  </Block>
  <Block BlockType="Demux" Name="Demux" SID="80396">
    <P Name="Ports">[1, 4]</P>
    <P Name="Position">[345, -50, 365, 125]</P>
    <P Name="ZOrder">21737</P>
    <P Name="BackgroundColor">cyan</P>
    <P Name="ShowName">off</P>
    <Port>
      <P Name="PortNumber">1</P>
      <P Name="Name">Fin_1</P>
    </Port>
    <Port>
      <P Name="PortNumber">2</P>
      <P Name="Name">Fin_2</P>
    </Port>
    <Port>
      <P Name="PortNumber">3</P>
      <P Name="Name">Fin_3</P>
    </Port>
    <Port>
      <P Name="PortNumber">4</P>
      <P Name="Name">Fin_4</P>
    </Port>
  </Block>
  <Block BlockType="Reference" Name="Encoder Input" SID="80397">
    <P Name="Ports">[0, 1]</P>
    <P Name="Position">[35, 45, 90, 85]</P>
    <P Name="ZOrder">21736</P>
    <P Name="BackgroundColor">cyan</P>
    <P Name="AttributesFormatString">National Instruments\nPCIe-6321 [auto]</P>
    <P Name="LibraryVersion">1.242</P>
    <P Name="SourceBlock">sldrtlib/Encoder Input</P>
    <P Name="SourceType">Simulink Desktop Real-Time Encoder Input</P>
    <P Name="SourceProductBaseCode">WT</P>
    <InstanceData>
      <P Name="MultiThreadCoSim">auto</P>
      <P Name="SampleTime">0.001</P>
      <P Name="MaxMissedTicks">10</P>
      <P Name="ShowMissedTicks">off</P>
      <P Name="YieldWhenWaiting">off</P>
      <P Name="DrvName">National_Instruments/PCIe-6321</P>
      <P Name="DrvAddress">4294967295</P>
      <P Name="DrvOptions">[0 0 0 2 2 2 2]</P>
      <P Name="Channels">1:4</P>
      <P Name="QuadMode">3</P>
      <P Name="IndexPulse">1</P>
      <P Name="InputFilter">Inf</P>
      <P Name="DataType">1</P>
    </InstanceData>
  </Block>
  <Block BlockType="From" Name="From3" SID="80398">
    <P Name="Position">[95, 0, 180, 20]</P>
    <P Name="ZOrder">22053</P>
    <P Name="BackgroundColor">cyan</P>
    <P Name="GotoTag">HIL_Ready</P>
    <P Name="TagVisibility">global</P>
  </Block>
  <Block BlockType="SubSystem" Name="Reset Encoders" SID="80399">
    <P Name="Ports">[2, 1]</P>
    <P Name="Position">[230, -19, 310, 94]</P>
    <P Name="ZOrder">22055</P>
    <P Name="BackgroundColor">cyan</P>
    <P Name="RequestExecContextInheritance">off</P>
    <System Ref="system_80399"/>
  </Block>
  <Block BlockType="Terminator" Name="Terminator" SID="80409">
    <P Name="Position">[-30, 50, -10, 70]</P>
    <P Name="ZOrder">21739</P>
    <P Name="BackgroundColor">cyan</P>
  </Block>
  <Block BlockType="Gain" Name="Ticks to rads" SID="80410">
    <P Name="Position">[135, 46, 200, 84]</P>
    <P Name="ZOrder">22047</P>
    <P Name="BackgroundColor">cyan</P>
    <P Name="Gain">2*pi/4096</P>
  </Block>
  <Block BlockType="Outport" Name="Fin Deflections" SID="80411">
    <P Name="Position">[490, 34, 525, 46]</P>
    <P Name="ZOrder">2</P>
    <P Name="BackgroundColor">cyan</P>
  </Block>
  <Line>
    <P Name="ZOrder">1</P>
    <P Name="Src">80397#out:1</P>
    <P Name="Dst">80410#in:1</P>
  </Line>
  <Line>
    <P Name="ZOrder">2</P>
    <P Name="Src">80394#out:1</P>
    <P Name="Dst">80409#in:1</P>
  </Line>
  <Line>
    <P Name="ZOrder">3</P>
    <P Name="Src">80395#out:1</P>
    <P Name="Dst">80411#in:1</P>
  </Line>
  <Line>
    <P Name="Name">Fin_3</P>
    <P Name="ZOrder">4</P>
    <P Name="Labels">[1, 1]</P>
    <P Name="Src">80396#out:3</P>
    <P Name="Dst">80395#in:3</P>
  </Line>
  <Line>
    <P Name="Name">Fin_2</P>
    <P Name="ZOrder">5</P>
    <P Name="Labels">[1, 1]</P>
    <P Name="Src">80396#out:2</P>
    <P Name="Dst">80395#in:2</P>
  </Line>
  <Line>
    <P Name="Name">Fin_1</P>
    <P Name="ZOrder">6</P>
    <P Name="Labels">[1, 1]</P>
    <P Name="Src">80396#out:1</P>
    <P Name="Dst">80395#in:1</P>
  </Line>
  <Line>
    <P Name="Name">Fin_4</P>
    <P Name="ZOrder">7</P>
    <P Name="Labels">[1, 1]</P>
    <P Name="Src">80396#out:4</P>
    <P Name="Dst">80395#in:4</P>
  </Line>
  <Line>
    <P Name="ZOrder">8</P>
    <P Name="Src">80398#out:1</P>
    <P Name="Dst">80399#in:1</P>
  </Line>
  <Line>
    <P Name="ZOrder">9</P>
    <P Name="Src">80410#out:1</P>
    <P Name="Dst">80399#in:2</P>
  </Line>
  <Line>
    <P Name="ZOrder">10</P>
    <P Name="Src">80399#out:1</P>
    <P Name="Dst">80396#in:1</P>
  </Line>
</System>
