<?xml version="1.0" encoding="utf-8"?>
<System>
  <P Name="Location">[-1927, -543, 8, 632]</P>
  <P Name="SystemRect">[0.000000, 0.000000, 0.000000, 0.000000]</P>
  <P Name="SetExecutionDomain">off</P>
  <P Name="ExecutionDomainType">Deduce</P>
  <P Name="ZoomFactor">99</P>
  <P Name="SimulinkSubDomain">Simulink</P>
  <Block BlockType="Inport" Name="r1" SID="77080">
    <P Name="Position">[155, 273, 185, 287]</P>
    <P Name="ZOrder">-1</P>
    <P Name="BackgroundColor">yellow</P>
  </Block>
  <Block BlockType="Inport" Name="q21" SID="77081">
    <P Name="Position">[-370, 183, -340, 197]</P>
    <P Name="ZOrder">1</P>
    <P Name="BackgroundColor">yellow</P>
    <P Name="Port">2</P>
  </Block>
  <Block BlockType="Sum" Name="Add" SID="77082">
    <P Name="Ports">[4, 1]</P>
    <P Name="Position">[15, -12, 40, 382]</P>
    <P Name="ZOrder">14</P>
    <P Name="ShowName">off</P>
    <P Name="IconShape">rectangular</P>
    <P Name="Inputs">++++</P>
    <Port>
      <P Name="PortNumber">1</P>
      <P Name="Name">Q(q)</P>
    </Port>
  </Block>
  <Block BlockType="Sum" Name="Add1" SID="77083">
    <P Name="Ports">[4, 1]</P>
    <P Name="Position">[15, -447, 40, -53]</P>
    <P Name="ZOrder">25</P>
    <P Name="ShowName">off</P>
    <P Name="IconShape">rectangular</P>
    <P Name="Inputs">++++</P>
    <Port>
      <P Name="PortNumber">1</P>
      <P Name="Name">Q~(q)</P>
    </Port>
  </Block>
  <Block BlockType="Constant" Name="Constant" SID="77084">
    <P Name="Position">[220, 320, 240, 340]</P>
    <P Name="ZOrder">32</P>
    <P Name="ShowName">off</P>
    <P Name="Value">0</P>
  </Block>
  <Block BlockType="Demux" Name="Demux" SID="77085">
    <P Name="Ports">[1, 3]</P>
    <P Name="Position">[225, 245, 230, 315]</P>
    <P Name="ZOrder">2</P>
    <P Name="ShowName">off</P>
    <P Name="Outputs">3</P>
    <Port>
      <P Name="PortNumber">1</P>
      <P Name="Name">rx</P>
    </Port>
    <Port>
      <P Name="PortNumber">2</P>
      <P Name="Name">ry</P>
    </Port>
    <Port>
      <P Name="PortNumber">3</P>
      <P Name="Name">rz</P>
    </Port>
  </Block>
  <Block BlockType="Demux" Name="Demux1" SID="77086">
    <P Name="Ports">[1, 4]</P>
    <P Name="Position">[-245, -8, -240, 388]</P>
    <P Name="ZOrder">3</P>
    <P Name="ShowName">off</P>
    <Port>
      <P Name="PortNumber">1</P>
      <P Name="Name">q1</P>
    </Port>
    <Port>
      <P Name="PortNumber">2</P>
      <P Name="Name">q2</P>
    </Port>
    <Port>
      <P Name="PortNumber">3</P>
      <P Name="Name">q3</P>
    </Port>
    <Port>
      <P Name="PortNumber">4</P>
      <P Name="Name">q4</P>
    </Port>
  </Block>
  <Block BlockType="Demux" Name="Demux2" SID="77087">
    <P Name="Ports">[1, 4]</P>
    <P Name="Position">[-245, -443, -240, -47]</P>
    <P Name="ZOrder">20</P>
    <P Name="ShowName">off</P>
    <Port>
      <P Name="PortNumber">1</P>
      <P Name="Name">q1</P>
    </Port>
    <Port>
      <P Name="PortNumber">2</P>
      <P Name="Name">q2</P>
    </Port>
    <Port>
      <P Name="PortNumber">3</P>
      <P Name="Name">q3</P>
    </Port>
    <Port>
      <P Name="PortNumber">4</P>
      <P Name="Name">q4</P>
    </Port>
  </Block>
  <Block BlockType="Math" Name="Math&#xA;Function" SID="77088">
    <P Name="Ports">[1, 1]</P>
    <P Name="Position">[145, -265, 175, -235]</P>
    <P Name="ZOrder">30</P>
    <P Name="Operator">transpose</P>
    <P Name="SignedPower">on</P>
    <Port>
      <P Name="PortNumber">1</P>
      <P Name="Name">Q~T(q)</P>
    </Port>
  </Block>
  <Block BlockType="Product" Name="Product" SID="77089">
    <P Name="Ports">[2, 1]</P>
    <P Name="Position">[-45, 17, -15, 48]</P>
    <P Name="ZOrder">16</P>
    <P Name="ShowName">off</P>
  </Block>
  <Block BlockType="Product" Name="Product1" SID="77090">
    <P Name="Ports">[2, 1]</P>
    <P Name="Position">[-45, 117, -15, 148]</P>
    <P Name="ZOrder">17</P>
    <P Name="ShowName">off</P>
  </Block>
  <Block BlockType="Product" Name="Product2" SID="77091">
    <P Name="Ports">[2, 1]</P>
    <P Name="Position">[-45, 217, -15, 248]</P>
    <P Name="ZOrder">18</P>
    <P Name="ShowName">off</P>
  </Block>
  <Block BlockType="Product" Name="Product3" SID="77092">
    <P Name="Ports">[2, 1]</P>
    <P Name="Position">[-45, 317, -15, 348]</P>
    <P Name="ZOrder">19</P>
    <P Name="ShowName">off</P>
  </Block>
  <Block BlockType="Product" Name="Product4" SID="77093">
    <P Name="Ports">[2, 1]</P>
    <P Name="Position">[-45, -418, -15, -387]</P>
    <P Name="ZOrder">26</P>
    <P Name="ShowName">off</P>
  </Block>
  <Block BlockType="Product" Name="Product5" SID="77094">
    <P Name="Ports">[2, 1]</P>
    <P Name="Position">[-45, -318, -15, -287]</P>
    <P Name="ZOrder">27</P>
    <P Name="ShowName">off</P>
  </Block>
  <Block BlockType="Product" Name="Product6" SID="77095">
    <P Name="Ports">[2, 1]</P>
    <P Name="Position">[-45, -218, -15, -187]</P>
    <P Name="ZOrder">28</P>
    <P Name="ShowName">off</P>
  </Block>
  <Block BlockType="Product" Name="Product7" SID="77096">
    <P Name="Ports">[2, 1]</P>
    <P Name="Position">[-45, -118, -15, -87]</P>
    <P Name="ZOrder">29</P>
    <P Name="ShowName">off</P>
  </Block>
  <Block BlockType="Product" Name="Product8" SID="77097">
    <P Name="Ports">[3, 1]</P>
    <P Name="Position">[400, -44, 440, 94]</P>
    <P Name="ZOrder">33</P>
    <P Name="ShowName">off</P>
    <P Name="Inputs">3</P>
    <P Name="Multiplication">Matrix(*)</P>
  </Block>
  <Block BlockType="Constant" Name="Q_1" SID="77098">
    <P Name="Position">[-210, -41, -120, 21]</P>
    <P Name="ZOrder">4</P>
    <P Name="HideAutomaticName">off</P>
    <P Name="Value">[0 0 0 1; 0 0 1 0; 0 -1 0 0; -1 0 0 0]</P>
  </Block>
  <Block BlockType="Constant" Name="Q_2" SID="77099">
    <P Name="Position">[-210, 59, -120, 121]</P>
    <P Name="ZOrder">7</P>
    <P Name="HideAutomaticName">off</P>
    <P Name="Value">[0 0 -1 0; 0 0 0 1; 1 0 0 0; 0 -1 0 0]</P>
  </Block>
  <Block BlockType="Constant" Name="Q_3" SID="77100">
    <P Name="Position">[-210, 159, -120, 221]</P>
    <P Name="ZOrder">8</P>
    <P Name="HideAutomaticName">off</P>
    <P Name="Value">[0 1 0 0; -1 0 0 0; 0 0 0 1; 0 0 -1 0]</P>
  </Block>
  <Block BlockType="Constant" Name="Q_4" SID="77101">
    <P Name="Position">[-210, 259, -120, 321]</P>
    <P Name="ZOrder">9</P>
    <P Name="HideAutomaticName">off</P>
    <P Name="Value">[1 0 0 0; 0 1 0 0; 0 0 1 0; 0 0 0 1]</P>
  </Block>
  <Block BlockType="Constant" Name="Q~_1" SID="77102">
    <P Name="Position">[-210, -476, -120, -414]</P>
    <P Name="ZOrder">21</P>
    <P Name="HideAutomaticName">off</P>
    <P Name="Value">[0 0 0 1; 0 0 -1 0; 0 1 0 0; -1 0 0 0]</P>
  </Block>
  <Block BlockType="Constant" Name="Q~_2" SID="77103">
    <P Name="Position">[-210, -376, -120, -314]</P>
    <P Name="ZOrder">22</P>
    <P Name="HideAutomaticName">off</P>
    <P Name="Value">[0 0 1 0; 0 0 0 1; -1 0 0 0; 0 -1 0 0]</P>
  </Block>
  <Block BlockType="Constant" Name="Q~_3" SID="77104">
    <P Name="Position">[-210, -276, -120, -214]</P>
    <P Name="ZOrder">23</P>
    <P Name="HideAutomaticName">off</P>
    <P Name="Value">[0 -1 0 0; 1 0 0 0; 0 0 0 1; 0 0 -1 0]</P>
  </Block>
  <Block BlockType="Constant" Name="Q~_4" SID="77105">
    <P Name="Position">[-210, -176, -120, -114]</P>
    <P Name="ZOrder">24</P>
    <P Name="HideAutomaticName">off</P>
    <P Name="Value">[1 0 0 0; 0 1 0 0; 0 0 1 0; 0 0 0 1]</P>
  </Block>
  <Block BlockType="Selector" Name="Selector" SID="77106">
    <P Name="Ports">[1, 1]</P>
    <P Name="Position">[480, 6, 520, 44]</P>
    <P Name="ZOrder">35</P>
    <P Name="IndexMode">Zero-based</P>
    <P Name="InputPortWidth">4</P>
    <P Name="IndexOptions">Index vector (dialog)</P>
    <P Name="Indices">[0 1 2]</P>
    <P Name="OutputSizes">1</P>
  </Block>
  <Block BlockType="Concatenate" Name="Vector&#xA;Concatenate" SID="77107">
    <P Name="Ports">[4, 1]</P>
    <P Name="Position">[320, 243, 325, 342]</P>
    <P Name="ZOrder">31</P>
    <P Name="ShowName">off</P>
    <P Name="NumInputs">4</P>
  </Block>
  <Block BlockType="Outport" Name="r2" SID="77108">
    <P Name="Position">[565, 18, 595, 32]</P>
    <P Name="ZOrder">-2</P>
    <P Name="BackgroundColor">orange</P>
    <P Name="VectorParamsAs1DForOutWhenUnconnected">off</P>
  </Block>
  <Line>
    <P Name="ZOrder">1</P>
    <P Name="Src">77106#out:1</P>
    <P Name="Dst">77108#in:1</P>
  </Line>
  <Line>
    <P Name="ZOrder">2</P>
    <P Name="Src">77097#out:1</P>
    <P Name="Dst">77106#in:1</P>
  </Line>
  <Line>
    <P Name="ZOrder">3</P>
    <P Name="Src">77107#out:1</P>
    <P Name="Points">[33, 0; 0, -225]</P>
    <P Name="Dst">77097#in:3</P>
  </Line>
  <Line>
    <P Name="ZOrder">4</P>
    <P Name="Src">77084#out:1</P>
    <P Name="Dst">77107#in:4</P>
  </Line>
  <Line>
    <P Name="Name">Q~T(q)</P>
    <P Name="ZOrder">5</P>
    <P Name="Labels">[1, 1]</P>
    <P Name="Src">77088#out:1</P>
    <P Name="Points">[108, 0; 0, 230]</P>
    <P Name="Dst">77097#in:1</P>
  </Line>
  <Line>
    <P Name="ZOrder">6</P>
    <P Name="Src">77104#out:1</P>
    <P Name="Points">[33, 0; 0, 35]</P>
    <P Name="Dst">77095#in:1</P>
  </Line>
  <Line>
    <P Name="ZOrder">7</P>
    <P Name="Src">77102#out:1</P>
    <P Name="Points">[33, 0; 0, 35]</P>
    <P Name="Dst">77093#in:1</P>
  </Line>
  <Line>
    <P Name="ZOrder">8</P>
    <P Name="Src">77105#out:1</P>
    <P Name="Points">[33, 0; 0, 35]</P>
    <P Name="Dst">77096#in:1</P>
  </Line>
  <Line>
    <P Name="ZOrder">9</P>
    <P Name="Src">77095#out:1</P>
    <P Name="Dst">77083#in:3</P>
  </Line>
  <Line>
    <P Name="Name">q3</P>
    <P Name="ZOrder">10</P>
    <P Name="Labels">[0, 0]</P>
    <P Name="Src">77087#out:3</P>
    <P Name="Dst">77095#in:2</P>
  </Line>
  <Line>
    <P Name="ZOrder">11</P>
    <P Name="Src">77094#out:1</P>
    <P Name="Dst">77083#in:2</P>
  </Line>
  <Line>
    <P Name="Name">q2</P>
    <P Name="ZOrder">12</P>
    <P Name="Labels">[0, 0]</P>
    <P Name="Src">77087#out:2</P>
    <P Name="Dst">77094#in:2</P>
  </Line>
  <Line>
    <P Name="Name">Q~(q)</P>
    <P Name="ZOrder">13</P>
    <P Name="Labels">[1, 1]</P>
    <P Name="Src">77083#out:1</P>
    <P Name="Dst">77088#in:1</P>
  </Line>
  <Line>
    <P Name="ZOrder">14</P>
    <P Name="Src">77081#out:1</P>
    <P Name="Points">[37, 0]</P>
    <Branch>
      <P Name="ZOrder">15</P>
      <P Name="Dst">77086#in:1</P>
    </Branch>
    <Branch>
      <P Name="ZOrder">16</P>
      <P Name="Points">[0, -435]</P>
      <P Name="Dst">77087#in:1</P>
    </Branch>
  </Line>
  <Line>
    <P Name="ZOrder">17</P>
    <P Name="Src">77096#out:1</P>
    <P Name="Dst">77083#in:4</P>
  </Line>
  <Line>
    <P Name="ZOrder">18</P>
    <P Name="Src">77093#out:1</P>
    <P Name="Dst">77083#in:1</P>
  </Line>
  <Line>
    <P Name="ZOrder">19</P>
    <P Name="Src">77103#out:1</P>
    <P Name="Points">[33, 0; 0, 35]</P>
    <P Name="Dst">77094#in:1</P>
  </Line>
  <Line>
    <P Name="Name">q4</P>
    <P Name="ZOrder">20</P>
    <P Name="Labels">[0, 0]</P>
    <P Name="Src">77087#out:4</P>
    <P Name="Dst">77096#in:2</P>
  </Line>
  <Line>
    <P Name="Name">q1</P>
    <P Name="ZOrder">21</P>
    <P Name="Labels">[0, 0]</P>
    <P Name="Src">77087#out:1</P>
    <P Name="Dst">77093#in:2</P>
  </Line>
  <Line>
    <P Name="Name">Q(q)</P>
    <P Name="ZOrder">22</P>
    <P Name="Labels">[1, 1]</P>
    <P Name="Src">77082#out:1</P>
    <P Name="Points">[175, 0; 0, -160]</P>
    <P Name="Dst">77097#in:2</P>
  </Line>
  <Line>
    <P Name="ZOrder">23</P>
    <P Name="Src">77092#out:1</P>
    <P Name="Dst">77082#in:4</P>
  </Line>
  <Line>
    <P Name="ZOrder">24</P>
    <P Name="Src">77091#out:1</P>
    <P Name="Dst">77082#in:3</P>
  </Line>
  <Line>
    <P Name="ZOrder">25</P>
    <P Name="Src">77090#out:1</P>
    <P Name="Dst">77082#in:2</P>
  </Line>
  <Line>
    <P Name="ZOrder">26</P>
    <P Name="Src">77089#out:1</P>
    <P Name="Dst">77082#in:1</P>
  </Line>
  <Line>
    <P Name="ZOrder">27</P>
    <P Name="Src">77101#out:1</P>
    <P Name="Points">[33, 0; 0, 35]</P>
    <P Name="Dst">77092#in:1</P>
  </Line>
  <Line>
    <P Name="ZOrder">28</P>
    <P Name="Src">77100#out:1</P>
    <P Name="Points">[33, 0; 0, 35]</P>
    <P Name="Dst">77091#in:1</P>
  </Line>
  <Line>
    <P Name="ZOrder">29</P>
    <P Name="Src">77099#out:1</P>
    <P Name="Points">[33, 0; 0, 35]</P>
    <P Name="Dst">77090#in:1</P>
  </Line>
  <Line>
    <P Name="ZOrder">30</P>
    <P Name="Src">77098#out:1</P>
    <P Name="Points">[33, 0; 0, 35]</P>
    <P Name="Dst">77089#in:1</P>
  </Line>
  <Line>
    <P Name="Name">q4</P>
    <P Name="ZOrder">31</P>
    <P Name="Labels">[0, 0]</P>
    <P Name="Src">77086#out:4</P>
    <P Name="Dst">77092#in:2</P>
  </Line>
  <Line>
    <P Name="Name">q3</P>
    <P Name="ZOrder">32</P>
    <P Name="Labels">[0, 0]</P>
    <P Name="Src">77086#out:3</P>
    <P Name="Dst">77091#in:2</P>
  </Line>
  <Line>
    <P Name="Name">q2</P>
    <P Name="ZOrder">33</P>
    <P Name="Labels">[0, 0]</P>
    <P Name="Src">77086#out:2</P>
    <P Name="Dst">77090#in:2</P>
  </Line>
  <Line>
    <P Name="Name">q1</P>
    <P Name="ZOrder">34</P>
    <P Name="Labels">[0, 0]</P>
    <P Name="Src">77086#out:1</P>
    <P Name="Dst">77089#in:2</P>
  </Line>
  <Line>
    <P Name="Name">rz</P>
    <P Name="ZOrder">35</P>
    <P Name="Labels">[1, 1]</P>
    <P Name="Src">77085#out:3</P>
    <P Name="Dst">77107#in:3</P>
  </Line>
  <Line>
    <P Name="Name">ry</P>
    <P Name="ZOrder">36</P>
    <P Name="Labels">[1, 1]</P>
    <P Name="Src">77085#out:2</P>
    <P Name="Dst">77107#in:2</P>
  </Line>
  <Line>
    <P Name="Name">rx</P>
    <P Name="ZOrder">37</P>
    <P Name="Labels">[1, 1]</P>
    <P Name="Src">77085#out:1</P>
    <P Name="Dst">77107#in:1</P>
  </Line>
  <Line>
    <P Name="ZOrder">38</P>
    <P Name="Src">77080#out:1</P>
    <P Name="Dst">77085#in:1</P>
  </Line>
  <Annotation SID="77110">
    <P Name="Name">Outputs [size]:

vector r2 [3]</P>
    <P Name="Position">[547, -44, 612, -6]</P>
    <P Name="InternalMargins">[0, 0, 0, 0]</P>
    <P Name="HorizontalAlignment">center</P>
    <P Name="VerticalAlignment">middle</P>
    <P Name="ZOrder">-1</P>
  </Annotation>
  <Annotation SID="77109">
    <P Name="Name">Inputs [size]:

vector r1 [3]
quaternion q21 [4]</P>
    <P Name="Position">[-450, -44, -368, 6]</P>
    <P Name="InternalMargins">[0, 0, 0, 0]</P>
    <P Name="HorizontalAlignment">center</P>
    <P Name="VerticalAlignment">middle</P>
    <P Name="ZOrder">-2</P>
  </Annotation>
</System>
