<?xml version="1.0" encoding="utf-8"?>
<System>
  <P Name="Location">[457, 345, 875, 707]</P>
  <P Name="SystemRect">[0.000000, 0.000000, 0.000000, 0.000000]</P>
  <P Name="SetExecutionDomain">off</P>
  <P Name="ExecutionDomainType">Deduce</P>
  <P Name="SimulinkSubDomain">Simulink</P>
  <Block BlockType="Inport" Name="eps" SID="74662:53">
    <P Name="Position">[25, 53, 55, 67]</P>
    <P Name="ZOrder">-1</P>
  </Block>
  <Block BlockType="Inport" Name="mu" SID="74662:54">
    <P Name="Position">[25, 83, 55, 97]</P>
    <P Name="ZOrder">-2</P>
    <P Name="Port">2</P>
  </Block>
  <Block BlockType="Constant" Name="Constant" SID="74662:55">
    <P Name="Position">[155, 15, 185, 45]</P>
    <P Name="ZOrder">-3</P>
    <P Name="ShowName">off</P>
  </Block>
  <Block BlockType="Product" Name="Product1" SID="74662:56">
    <P Name="Ports">[4, 1]</P>
    <P Name="Position">[155, 57, 185, 93]</P>
    <P Name="ZOrder">-4</P>
    <P Name="ShowName">off</P>
    <P Name="Inputs">4</P>
    <P Name="RndMeth">Zero</P>
  </Block>
  <Block BlockType="Sum" Name="Sum1" SID="74662:57">
    <P Name="Ports">[2, 1]</P>
    <P Name="Position">[220, 20, 240, 40]</P>
    <P Name="ZOrder">-5</P>
    <P Name="ShowName">off</P>
    <P Name="Inputs">|+-</P>
  </Block>
  <Block BlockType="Trigonometry" Name="Trigonometric&#xA;Function1" SID="74662:58">
    <P Name="Ports">[1, 1]</P>
    <P Name="Position">[80, 75, 110, 105]</P>
    <P Name="ZOrder">-6</P>
    <P Name="ShowName">off</P>
  </Block>
  <Block BlockType="Outport" Name="denom" SID="74662:59">
    <P Name="Position">[280, 23, 310, 37]</P>
    <P Name="ZOrder">-7</P>
    <P Name="VectorParamsAs1DForOutWhenUnconnected">off</P>
  </Block>
  <Line>
    <P Name="ZOrder">1</P>
    <P Name="Src">74662:54#out:1</P>
    <P Name="Dst">74662:58#in:1</P>
  </Line>
  <Line>
    <P Name="ZOrder">2</P>
    <P Name="Src">74662:58#out:1</P>
    <P Name="Points">[10, 0]</P>
    <Branch>
      <P Name="ZOrder">3</P>
      <P Name="Dst">74662:56#in:4</P>
    </Branch>
    <Branch>
      <P Name="ZOrder">4</P>
      <P Name="Points">[0, -10]</P>
      <P Name="Dst">74662:56#in:3</P>
    </Branch>
  </Line>
  <Line>
    <P Name="ZOrder">5</P>
    <P Name="Src">74662:53#out:1</P>
    <P Name="Points">[75, 0]</P>
    <Branch>
      <P Name="ZOrder">6</P>
      <P Name="Points">[0, 0]</P>
      <P Name="Dst">74662:56#in:1</P>
    </Branch>
    <Branch>
      <P Name="ZOrder">7</P>
      <P Name="Points">[5, 0]</P>
      <P Name="Dst">74662:56#in:2</P>
    </Branch>
  </Line>
  <Line>
    <P Name="ZOrder">8</P>
    <P Name="Src">74662:56#out:1</P>
    <P Name="Points">[40, 0]</P>
    <P Name="Dst">74662:57#in:2</P>
  </Line>
  <Line>
    <P Name="ZOrder">9</P>
    <P Name="Src">74662:55#out:1</P>
    <P Name="Dst">74662:57#in:1</P>
  </Line>
  <Line>
    <P Name="ZOrder">10</P>
    <P Name="Src">74662:57#out:1</P>
    <P Name="Dst">74662:59#in:1</P>
  </Line>
</System>
