<?xml version="1.0" encoding="utf-8"?>
<System>
  <P Name="Location">[-7, -7, 1481, 871]</P>
  <P Name="SystemRect">[0.000000, 0.000000, 0.000000, 0.000000]</P>
  <P Name="SetExecutionDomain">off</P>
  <P Name="ExecutionDomainType">Deduce</P>
  <P Name="ZoomFactor">150</P>
  <P Name="SimulinkSubDomain">Simulink</P>
  <Block BlockType="Inport" Name="flight_dyn" SID="78569">
    <P Name="Position">[155, 43, 185, 57]</P>
    <P Name="ZOrder">1665</P>
    <P Name="BackgroundColor">yellow</P>
    <Port>
      <P Name="PortNumber">1</P>
      <P Name="PropagatedSignals">flight_dyn_bus</P>
      <P Name="ShowPropagatedSignals">on</P>
    </Port>
  </Block>
  <Block BlockType="BusCreator" Name="Bus&#xA;Creator" SID="78570">
    <P Name="Ports">[7, 1]</P>
    <P Name="Position">[655, -147, 660, 247]</P>
    <P Name="ZOrder">1668</P>
    <P Name="ShowName">off</P>
    <P Name="Inputs">7</P>
    <P Name="DisplayOption">bar</P>
    <P Name="InheritFromInputs">on</P>
    <Port>
      <P Name="PortNumber">1</P>
      <P Name="Name">motion_kin_bus</P>
    </Port>
  </Block>
  <Block BlockType="BusSelector" Name="Bus&#xA;Selector" SID="78571">
    <P Name="Ports">[1, 3]</P>
    <P Name="Position">[265, -141, 270, 241]</P>
    <P Name="ZOrder">1602</P>
    <P Name="ShowName">off</P>
    <P Name="OutputSignals">lat,lon,qIB</P>
    <Port>
      <P Name="PortNumber">1</P>
      <P Name="Name">&lt;lat&gt;</P>
    </Port>
    <Port>
      <P Name="PortNumber">2</P>
      <P Name="Name">&lt;lon&gt;</P>
    </Port>
    <Port>
      <P Name="PortNumber">3</P>
      <P Name="Name">&lt;qIB&gt;</P>
    </Port>
  </Block>
  <Block BlockType="SubSystem" Name="calc_motion_kinematics" SID="78572">
    <P Name="Ports">[3, 7]</P>
    <P Name="Position">[370, -139, 555, 239]</P>
    <P Name="ZOrder">1674</P>
    <P Name="RequestExecContextInheritance">off</P>
    <P Name="ContentPreviewEnabled">on</P>
    <Port>
      <P Name="PortNumber">1</P>
      <P Name="PropagatedSignals">wIEE</P>
      <P Name="ShowPropagatedSignals">on</P>
    </Port>
    <Port>
      <P Name="PortNumber">2</P>
      <P Name="PropagatedSignals">TIE</P>
      <P Name="ShowPropagatedSignals">on</P>
    </Port>
    <Port>
      <P Name="PortNumber">3</P>
      <P Name="PropagatedSignals">TEB</P>
      <P Name="ShowPropagatedSignals">on</P>
    </Port>
    <Port>
      <P Name="PortNumber">4</P>
      <P Name="PropagatedSignals">TGB</P>
      <P Name="ShowPropagatedSignals">on</P>
    </Port>
    <Port>
      <P Name="PortNumber">5</P>
      <P Name="PropagatedSignals">TEG</P>
      <P Name="ShowPropagatedSignals">on</P>
    </Port>
    <Port>
      <P Name="PortNumber">6</P>
      <P Name="PropagatedSignals">wEGG</P>
      <P Name="ShowPropagatedSignals">on</P>
    </Port>
    <Port>
      <P Name="PortNumber">7</P>
      <P Name="PropagatedSignals">TIB</P>
      <P Name="ShowPropagatedSignals">on</P>
    </Port>
    <System Ref="system_78572"/>
  </Block>
  <Block BlockType="Outport" Name="motion_kin" SID="79097">
    <P Name="Position">[750, 43, 780, 57]</P>
    <P Name="ZOrder">1669</P>
    <P Name="BackgroundColor">orange</P>
    <P Name="VectorParamsAs1DForOutWhenUnconnected">off</P>
  </Block>
  <Line>
    <P Name="ZOrder">1</P>
    <P Name="Labels">[1, 0]</P>
    <P Name="Src">78569#out:1</P>
    <P Name="Dst">78571#in:1</P>
  </Line>
  <Line>
    <P Name="Name">motion_kin_bus</P>
    <P Name="ZOrder">2</P>
    <P Name="Labels">[1, 0]</P>
    <P Name="Src">78570#out:1</P>
    <P Name="Dst">79097#in:1</P>
  </Line>
  <Line>
    <P Name="Name">&lt;lat&gt;</P>
    <P Name="ZOrder">3</P>
    <P Name="Labels">[0, 0]</P>
    <P Name="Src">78571#out:1</P>
    <P Name="Dst">78572#in:1</P>
  </Line>
  <Line>
    <P Name="Name">&lt;lon&gt;</P>
    <P Name="ZOrder">4</P>
    <P Name="Labels">[0, 0]</P>
    <P Name="Src">78571#out:2</P>
    <P Name="Dst">78572#in:2</P>
  </Line>
  <Line>
    <P Name="Name">&lt;qIB&gt;</P>
    <P Name="ZOrder">5</P>
    <P Name="Labels">[0, 1]</P>
    <P Name="Src">78571#out:3</P>
    <P Name="Dst">78572#in:3</P>
  </Line>
  <Line>
    <P Name="ZOrder">6</P>
    <P Name="Labels">[0, 1]</P>
    <P Name="Src">78572#out:1</P>
    <P Name="Dst">78570#in:1</P>
  </Line>
  <Line>
    <P Name="ZOrder">7</P>
    <P Name="Labels">[0, 1]</P>
    <P Name="Src">78572#out:2</P>
    <P Name="Dst">78570#in:2</P>
  </Line>
  <Line>
    <P Name="ZOrder">8</P>
    <P Name="Labels">[0, 1]</P>
    <P Name="Src">78572#out:3</P>
    <P Name="Dst">78570#in:3</P>
  </Line>
  <Line>
    <P Name="ZOrder">9</P>
    <P Name="Labels">[0, 1]</P>
    <P Name="Src">78572#out:4</P>
    <P Name="Dst">78570#in:4</P>
  </Line>
  <Line>
    <P Name="ZOrder">10</P>
    <P Name="Labels">[0, 1]</P>
    <P Name="Src">78572#out:5</P>
    <P Name="Dst">78570#in:5</P>
  </Line>
  <Line>
    <P Name="ZOrder">11</P>
    <P Name="Labels">[0, 1]</P>
    <P Name="Src">78572#out:6</P>
    <P Name="Dst">78570#in:6</P>
  </Line>
  <Line>
    <P Name="ZOrder">12</P>
    <P Name="Labels">[0, 1]</P>
    <P Name="Src">78572#out:7</P>
    <P Name="Dst">78570#in:7</P>
  </Line>
</System>
