<?xml version="1.0" encoding="utf-8"?>
<System>
  <P Name="Location">[1, 0, 711, 869]</P>
  <P Name="SystemRect">[0.000000, 0.000000, 0.000000, 0.000000]</P>
  <P Name="SetExecutionDomain">off</P>
  <P Name="ExecutionDomainType">Deduce</P>
  <P Name="SIDHighWatermark">209</P>
  <P Name="SimulinkSubDomain">Simulink</P>
  <Block BlockType="Inport" Name="Xe" SID="74662:1">
    <P Name="Position">[55, 88, 85, 102]</P>
    <P Name="ZOrder">-1</P>
    <P Name="Unit">m</P>
  </Block>
  <Block BlockType="Inport" Name="ground height" SID="74662:2">
    <P Name="Position">[75, 303, 105, 317]</P>
    <P Name="ZOrder">-2</P>
    <P Name="Port">2</P>
    <P Name="Unit">m</P>
  </Block>
  <Block BlockType="UnitConfiguration" Name="Disallow CGS" SID="74662:123">
    <P Name="Position">[585, 175, 605, 190]</P>
    <P Name="ZOrder">25675</P>
    <P Name="UnitSystems" Ref="bdmxdata:UnitSystems_74662_123"/>
    <P Name="UnitSystemsStr">English,SI,SI (extended)</P>
    <P Name="AllowAllUnitSystems">off</P>
  </Block>
  <Block BlockType="SubSystem" Name="LatLong wrap" SID="74662:108">
    <P Name="Ports">[1, 1]</P>
    <P Name="Position">[490, 98, 555, 142]</P>
    <P Name="ZOrder">25671</P>
    <P Name="RequestExecContextInheritance">off</P>
    <Mask>
      <Display RunInitForIconRedraw="on">port_label(&apos;input&apos;,1,&apos;[\mu l]&apos;,&apos;texmode&apos;,&apos;on&apos;)
port_label(&apos;output&apos;,1,&apos;[\mu l]_{wrap}&apos;,&apos;texmode&apos;,&apos;on&apos;)</Display>
      <Initialization>aeroicon(&apos;aeroblk&apos;)</Initialization>
    </Mask>
    <System Ref="system_74662_108"/>
  </Block>
  <Block BlockType="SubSystem" Name="LatLong wrap1" SID="74662:109">
    <P Name="Ports">[1, 1]</P>
    <P Name="Position">[200, 223, 275, 247]</P>
    <P Name="ZOrder">25672</P>
    <P Name="RequestExecContextInheritance">off</P>
    <Mask>
      <Display RunInitForIconRedraw="on">port_label(&apos;input&apos;,1,&apos;[\mu l]&apos;,&apos;texmode&apos;,&apos;on&apos;)
port_label(&apos;output&apos;,1,&apos;[\mu l]_{wrap}&apos;,&apos;texmode&apos;,&apos;on&apos;)</Display>
      <Initialization>aeroicon(&apos;aeroblk&apos;)</Initialization>
    </Mask>
    <System Ref="system_74662_109"/>
  </Block>
  <Block BlockType="SubSystem" Name="LongLat_offset" SID="74662:32">
    <P Name="Ports">[2, 1]</P>
    <P Name="Position">[215, 73, 305, 162]</P>
    <P Name="ZOrder">-4</P>
    <P Name="RequestExecContextInheritance">off</P>
    <System Ref="system_74662_32"/>
  </Block>
  <Block BlockType="Selector" Name="Sel1" SID="74662:93">
    <P Name="Ports">[1, 1]</P>
    <P Name="Position">[160, 72, 180, 118]</P>
    <P Name="ZOrder">-6</P>
    <P Name="InputPortWidth">3</P>
    <P Name="IndexOptions">Index vector (dialog)</P>
    <P Name="Indices">[1,2]</P>
    <P Name="OutputSizes">1</P>
  </Block>
  <Block BlockType="Selector" Name="Sel2" SID="74662:94">
    <P Name="Ports">[1, 1]</P>
    <P Name="Position">[195, 352, 215, 398]</P>
    <P Name="ZOrder">-7</P>
    <P Name="InputPortWidth">3</P>
    <P Name="IndexOptions">Index vector (dialog)</P>
    <P Name="Indices">3</P>
    <P Name="OutputSizes">1</P>
  </Block>
  <Block BlockType="Sum" Name="Sum" SID="74662:95">
    <P Name="Ports">[2, 1]</P>
    <P Name="Position">[450, 110, 470, 130]</P>
    <P Name="ZOrder">-8</P>
    <P Name="ShowName">off</P>
    <P Name="Inputs">|++</P>
  </Block>
  <Block BlockType="Sum" Name="Sum1" SID="74662:96">
    <P Name="Ports">[2, 1]</P>
    <P Name="Position">[460, 330, 480, 350]</P>
    <P Name="ZOrder">-9</P>
    <P Name="ShowName">off</P>
    <P Name="Inputs">-+</P>
  </Block>
  <Block BlockType="InportShadow" Name="Xe " SID="74662:97">
    <P Name="Position">[80, 368, 110, 382]</P>
    <P Name="ZOrder">-10</P>
    <P Name="Unit">m</P>
  </Block>
  <Block BlockType="UnaryMinus" Name="Ze2height" SID="74662:98">
    <P Name="Position">[245, 360, 275, 390]</P>
    <P Name="ZOrder">-11</P>
    <Port>
      <P Name="PortNumber">1</P>
      <P Name="Name">alt</P>
    </Port>
  </Block>
  <Block BlockType="Selector" Name="initial_latg" SID="74662:110">
    <P Name="Ports">[1, 1]</P>
    <P Name="Position">[215, 188, 255, 202]</P>
    <P Name="ZOrder">25673</P>
    <P Name="BlockMirror">on</P>
    <P Name="InputPortWidth">2</P>
    <P Name="IndexOptions">Index vector (dialog)</P>
    <P Name="Indices">[1]</P>
    <P Name="OutputSizes">1</P>
  </Block>
  <Block BlockType="Constant" Name="initial_pos" SID="74662:100">
    <P Name="Position">[60, 221, 125, 249]</P>
    <P Name="ZOrder">-13</P>
    <P Name="Value">LL0</P>
  </Block>
  <Block BlockType="SubSystem" Name="pos_deg" SID="74662:111">
    <P Name="Ports">[1, 1]</P>
    <P Name="Position">[355, 111, 395, 129]</P>
    <P Name="ZOrder">25674</P>
    <P Name="RequestExecContextInheritance">off</P>
    <System Ref="system_74662_111"/>
  </Block>
  <Block BlockType="Outport" Name="mu&#xA;l" SID="74662:102">
    <P Name="Position">[580, 113, 610, 127]</P>
    <P Name="ZOrder">-15</P>
    <P Name="Unit">deg</P>
    <P Name="VectorParamsAs1DForOutWhenUnconnected">off</P>
  </Block>
  <Block BlockType="Outport" Name="h" SID="74662:103">
    <P Name="Position">[550, 333, 580, 347]</P>
    <P Name="ZOrder">-16</P>
    <P Name="Port">2</P>
    <P Name="Unit">m</P>
    <P Name="VectorParamsAs1DForOutWhenUnconnected">off</P>
  </Block>
  <Line>
    <P Name="ZOrder">1</P>
    <P Name="Src">74662:111#out:1</P>
    <P Name="Dst">74662:95#in:1</P>
  </Line>
  <Line>
    <P Name="ZOrder">2</P>
    <P Name="Src">74662:32#out:1</P>
    <P Name="Dst">74662:111#in:1</P>
  </Line>
  <Line>
    <P Name="ZOrder">3</P>
    <P Name="Src">74662:109#out:1</P>
    <P Name="Points">[180, 0; 0, -40]</P>
    <Branch>
      <P Name="ZOrder">4</P>
      <P Name="Dst">74662:110#in:1</P>
    </Branch>
    <Branch>
      <P Name="ZOrder">5</P>
      <P Name="Dst">74662:95#in:2</P>
    </Branch>
  </Line>
  <Line>
    <P Name="ZOrder">6</P>
    <P Name="Src">74662:100#out:1</P>
    <P Name="Dst">74662:109#in:1</P>
  </Line>
  <Line>
    <P Name="ZOrder">7</P>
    <P Name="Src">74662:108#out:1</P>
    <P Name="Dst">74662:102#in:1</P>
  </Line>
  <Line>
    <P Name="ZOrder">8</P>
    <P Name="Src">74662:110#out:1</P>
    <P Name="Points">[-74, 0; 0, -55]</P>
    <P Name="Dst">74662:32#in:2</P>
  </Line>
  <Line>
    <P Name="ZOrder">9</P>
    <P Name="Src">74662:97#out:1</P>
    <P Name="Dst">74662:94#in:1</P>
  </Line>
  <Line>
    <P Name="ZOrder">10</P>
    <P Name="Src">74662:93#out:1</P>
    <P Name="Dst">74662:32#in:1</P>
  </Line>
  <Line>
    <P Name="ZOrder">11</P>
    <P Name="Src">74662:2#out:1</P>
    <P Name="Points">[360, 0]</P>
    <P Name="Dst">74662:96#in:1</P>
  </Line>
  <Line>
    <P Name="ZOrder">12</P>
    <P Name="Src">74662:96#out:1</P>
    <P Name="Dst">74662:103#in:1</P>
  </Line>
  <Line>
    <P Name="Name">alt</P>
    <P Name="ZOrder">13</P>
    <P Name="Labels">[0, 0]</P>
    <P Name="Src">74662:98#out:1</P>
    <P Name="Points">[190, 0]</P>
    <P Name="Dst">74662:96#in:2</P>
  </Line>
  <Line>
    <P Name="ZOrder">14</P>
    <P Name="Src">74662:94#out:1</P>
    <P Name="Dst">74662:98#in:1</P>
  </Line>
  <Line>
    <P Name="ZOrder">15</P>
    <P Name="Src">74662:95#out:1</P>
    <P Name="Dst">74662:108#in:1</P>
  </Line>
  <Line>
    <P Name="ZOrder">16</P>
    <P Name="Src">74662:1#out:1</P>
    <P Name="Dst">74662:93#in:1</P>
  </Line>
</System>
