<?xml version="1.0" encoding="utf-8"?>
<System>
  <P Name="Location">[-1687, -7, 7, 1018]</P>
  <P Name="SystemRect">[0.000000, 0.000000, 0.000000, 0.000000]</P>
  <P Name="SetExecutionDomain">off</P>
  <P Name="ExecutionDomainType">Deduce</P>
  <P Name="SimulinkSubDomain">Simulink</P>
  <Block BlockType="Inport" Name="dcm11" SID="79446">
    <P Name="Position">[20, 28, 50, 42]</P>
    <P Name="ZOrder">11</P>
    <P Name="BackgroundColor">yellow</P>
  </Block>
  <Block BlockType="Inport" Name="dcm22" SID="79447">
    <P Name="Position">[20, 93, 50, 107]</P>
    <P Name="ZOrder">12</P>
    <P Name="BackgroundColor">yellow</P>
    <P Name="Port">2</P>
  </Block>
  <Block BlockType="Inport" Name="dcm33" SID="79448">
    <P Name="Position">[20, 143, 50, 157]</P>
    <P Name="ZOrder">13</P>
    <P Name="BackgroundColor">yellow</P>
    <P Name="Port">3</P>
  </Block>
  <Block BlockType="Sum" Name="Add" SID="79449">
    <P Name="Ports">[2, 1]</P>
    <P Name="Position">[200, 27, 230, 58]</P>
    <P Name="ZOrder">5</P>
    <P Name="ShowName">off</P>
    <P Name="IconShape">rectangular</P>
  </Block>
  <Block BlockType="Sum" Name="Add1" SID="79450">
    <P Name="Ports">[2, 1]</P>
    <P Name="Position">[200, 77, 230, 108]</P>
    <P Name="ZOrder">7</P>
    <P Name="ShowName">off</P>
    <P Name="IconShape">rectangular</P>
  </Block>
  <Block BlockType="Sum" Name="Add2" SID="79451">
    <P Name="Ports">[2, 1]</P>
    <P Name="Position">[200, 127, 230, 158]</P>
    <P Name="ZOrder">9</P>
    <P Name="ShowName">off</P>
    <P Name="IconShape">rectangular</P>
  </Block>
  <Block BlockType="Logic" Name="Logical&#xA;Operator" SID="79452">
    <P Name="Ports">[3, 1]</P>
    <P Name="Position">[320, 16, 355, 174]</P>
    <P Name="ZOrder">10</P>
    <P Name="ShowName">off</P>
    <P Name="Inputs">3</P>
    <P Name="AllPortsSameDT">off</P>
    <P Name="OutDataTypeStr">boolean</P>
    <Port>
      <P Name="PortNumber">1</P>
      <P Name="Name">q_R^0(R)</P>
    </Port>
  </Block>
  <Block BlockType="Reference" Name="dcm11 &gt;= -dcm22" SID="79453">
    <P Name="Ports">[1, 1]</P>
    <P Name="Position">[255, 30, 285, 60]</P>
    <P Name="ZOrder">4</P>
    <P Name="LibraryVersion">1.453</P>
    <P Name="SourceBlock">simulink/Logic and Bit
Operations/Compare
To Zero</P>
    <P Name="SourceType">Compare To Zero</P>
    <P Name="SourceProductName">ISim Simulink Block Set</P>
    <InstanceData>
      <P Name="RTWMemSecFuncInitTerm">Inherit from model</P>
      <P Name="RTWMemSecFuncExecute">Inherit from model</P>
      <P Name="RTWMemSecDataConstants">Inherit from model</P>
      <P Name="RTWMemSecDataInternal">Inherit from model</P>
      <P Name="RTWMemSecDataParameters">Inherit from model</P>
      <P Name="ContentPreviewEnabled">on</P>
      <P Name="relop">&gt;=</P>
      <P Name="OutDataTypeStr">boolean</P>
      <P Name="ZeroCross">on</P>
    </InstanceData>
  </Block>
  <Block BlockType="Reference" Name="dcm11 &gt;= -dcm33" SID="79454">
    <P Name="Ports">[1, 1]</P>
    <P Name="Position">[255, 80, 285, 110]</P>
    <P Name="ZOrder">6</P>
    <P Name="LibraryVersion">1.453</P>
    <P Name="SourceBlock">simulink/Logic and Bit
Operations/Compare
To Zero</P>
    <P Name="SourceType">Compare To Zero</P>
    <P Name="SourceProductName">ISim Simulink Block Set</P>
    <InstanceData>
      <P Name="RTWMemSecFuncInitTerm">Inherit from model</P>
      <P Name="RTWMemSecFuncExecute">Inherit from model</P>
      <P Name="RTWMemSecDataConstants">Inherit from model</P>
      <P Name="RTWMemSecDataInternal">Inherit from model</P>
      <P Name="RTWMemSecDataParameters">Inherit from model</P>
      <P Name="ContentPreviewEnabled">on</P>
      <P Name="relop">&gt;=</P>
      <P Name="OutDataTypeStr">boolean</P>
      <P Name="ZeroCross">on</P>
    </InstanceData>
  </Block>
  <Block BlockType="Reference" Name="dcm22 &gt;= -dcm33" SID="79455">
    <P Name="Ports">[1, 1]</P>
    <P Name="Position">[255, 130, 285, 160]</P>
    <P Name="ZOrder">8</P>
    <P Name="LibraryVersion">1.453</P>
    <P Name="SourceBlock">simulink/Logic and Bit
Operations/Compare
To Zero</P>
    <P Name="SourceType">Compare To Zero</P>
    <P Name="SourceProductName">ISim Simulink Block Set</P>
    <InstanceData>
      <P Name="RTWMemSecFuncInitTerm">Inherit from model</P>
      <P Name="RTWMemSecFuncExecute">Inherit from model</P>
      <P Name="RTWMemSecDataConstants">Inherit from model</P>
      <P Name="RTWMemSecDataInternal">Inherit from model</P>
      <P Name="RTWMemSecDataParameters">Inherit from model</P>
      <P Name="ContentPreviewEnabled">on</P>
      <P Name="relop">&gt;=</P>
      <P Name="OutDataTypeStr">boolean</P>
      <P Name="ZeroCross">on</P>
    </InstanceData>
  </Block>
  <Block BlockType="Outport" Name="q_R^0(R)" SID="79456">
    <P Name="Position">[480, 88, 510, 102]</P>
    <P Name="ZOrder">14</P>
    <P Name="BackgroundColor">orange</P>
    <P Name="VectorParamsAs1DForOutWhenUnconnected">off</P>
  </Block>
  <Line>
    <P Name="Name">q_R^0(R)</P>
    <P Name="ZOrder">1</P>
    <P Name="Labels">[1, 1]</P>
    <P Name="Src">79452#out:1</P>
    <P Name="Dst">79456#in:1</P>
  </Line>
  <Line>
    <P Name="ZOrder">2</P>
    <P Name="Src">79455#out:1</P>
    <P Name="Dst">79452#in:3</P>
  </Line>
  <Line>
    <P Name="ZOrder">3</P>
    <P Name="Src">79446#out:1</P>
    <P Name="Points">[31, 0]</P>
    <Branch>
      <P Name="ZOrder">4</P>
      <P Name="Dst">79449#in:1</P>
    </Branch>
    <Branch>
      <P Name="ZOrder">5</P>
      <P Name="Points">[0, 50]</P>
      <P Name="Dst">79450#in:1</P>
    </Branch>
  </Line>
  <Line>
    <P Name="ZOrder">6</P>
    <P Name="Src">79454#out:1</P>
    <P Name="Dst">79452#in:2</P>
  </Line>
  <Line>
    <P Name="ZOrder">7</P>
    <P Name="Src">79453#out:1</P>
    <P Name="Dst">79452#in:1</P>
  </Line>
  <Line>
    <P Name="ZOrder">8</P>
    <P Name="Src">79451#out:1</P>
    <P Name="Dst">79455#in:1</P>
  </Line>
  <Line>
    <P Name="ZOrder">9</P>
    <P Name="Src">79450#out:1</P>
    <P Name="Dst">79454#in:1</P>
  </Line>
  <Line>
    <P Name="ZOrder">10</P>
    <P Name="Src">79449#out:1</P>
    <P Name="Dst">79453#in:1</P>
  </Line>
  <Line>
    <P Name="ZOrder">11</P>
    <P Name="Src">79448#out:1</P>
    <P Name="Points">[85, 0]</P>
    <Branch>
      <P Name="ZOrder">12</P>
      <P Name="Points">[0, -50]</P>
      <P Name="Dst">79450#in:2</P>
    </Branch>
    <Branch>
      <P Name="ZOrder">13</P>
      <P Name="Dst">79451#in:2</P>
    </Branch>
  </Line>
  <Line>
    <P Name="ZOrder">14</P>
    <P Name="Src">79447#out:1</P>
    <P Name="Points">[59, 0]</P>
    <Branch>
      <P Name="ZOrder">15</P>
      <P Name="Points">[0, -50]</P>
      <P Name="Dst">79449#in:2</P>
    </Branch>
    <Branch>
      <P Name="ZOrder">16</P>
      <P Name="Points">[0, 35]</P>
      <P Name="Dst">79451#in:1</P>
    </Branch>
  </Line>
</System>
