<?xml version="1.0" encoding="utf-8"?>
<System>
  <P Name="Location">[-8, -8, 2568, 1408]</P>
  <P Name="SystemRect">[0.000000, 0.000000, 0.000000, 0.000000]</P>
  <P Name="SetExecutionDomain">off</P>
  <P Name="ExecutionDomainType">Deduce</P>
  <P Name="ZoomFactor">125</P>
  <P Name="SimulinkSubDomain">Simulink</P>
  <Block BlockType="Inport" Name="Translation_States" SID="77574">
    <P Name="Position">[-270, -187, -240, -173]</P>
    <P Name="ZOrder">429</P>
  </Block>
  <Block BlockType="Inport" Name="Rotation_States" SID="77575">
    <P Name="Position">[-270, 8, -240, 22]</P>
    <P Name="ZOrder">435</P>
    <P Name="Port">2</P>
  </Block>
  <Block BlockType="Inport" Name="Translation_States_Dot" SID="77576">
    <P Name="Position">[-270, 203, -240, 217]</P>
    <P Name="ZOrder">432</P>
    <P Name="Port">3</P>
  </Block>
  <Block BlockType="Inport" Name="Rotation_States_Dot" SID="77577">
    <P Name="Position">[-270, 398, -240, 412]</P>
    <P Name="ZOrder">486</P>
    <P Name="Port">4</P>
  </Block>
  <Block BlockType="Inport" Name="Attitude_States" SID="77578">
    <P Name="Position">[-270, 538, -240, 552]</P>
    <P Name="ZOrder">438</P>
    <P Name="Port">5</P>
  </Block>
  <Block BlockType="Inport" Name="POS_NED" SID="77579">
    <P Name="Position">[-270, 788, -240, 802]</P>
    <P Name="ZOrder">447</P>
    <P Name="Port">6</P>
  </Block>
  <Block BlockType="Inport" Name="POS_NED_dot" SID="77580">
    <P Name="Position">[-270, 953, -240, 967]</P>
    <P Name="ZOrder">22213</P>
    <P Name="Port">7</P>
  </Block>
  <Block BlockType="BusCreator" Name="Bus&#xA;Creator1" SID="77581">
    <P Name="Ports">[3, 1]</P>
    <P Name="Position">[320, 903, 325, 1017]</P>
    <P Name="ZOrder">22212</P>
    <P Name="ShowName">off</P>
    <P Name="Inputs">3</P>
    <P Name="DisplayOption">bar</P>
    <P Name="InheritFromInputs">on</P>
    <Port>
      <P Name="PortNumber">1</P>
      <P Name="Name">POS_NED_dot</P>
    </Port>
  </Block>
  <Block BlockType="BusCreator" Name="Bus&#xA;Creator12" SID="77582">
    <P Name="Ports">[3, 1]</P>
    <P Name="Position">[320, 738, 325, 852]</P>
    <P Name="ZOrder">426</P>
    <P Name="ShowName">off</P>
    <P Name="Inputs">3</P>
    <P Name="DisplayOption">bar</P>
    <P Name="InheritFromInputs">on</P>
    <Port>
      <P Name="PortNumber">1</P>
      <P Name="Name">POS_NED</P>
    </Port>
  </Block>
  <Block BlockType="BusCreator" Name="Bus&#xA;Creator13" SID="77583">
    <P Name="Ports">[3, 1]</P>
    <P Name="Position">[320, 348, 325, 462]</P>
    <P Name="ZOrder">485</P>
    <P Name="ShowName">off</P>
    <P Name="Inputs">3</P>
    <P Name="DisplayOption">bar</P>
    <P Name="InheritFromInputs">on</P>
    <Port>
      <P Name="PortNumber">1</P>
      <P Name="Name">Rotation_States_Dot</P>
    </Port>
  </Block>
  <Block BlockType="BusCreator" Name="Bus&#xA;Creator3" SID="77584">
    <P Name="Ports">[7, 1]</P>
    <P Name="Position">[920, -245, 925, 935]</P>
    <P Name="ZOrder">416</P>
    <P Name="ShowName">off</P>
    <P Name="Inputs">7</P>
    <P Name="DisplayOption">bar</P>
    <P Name="InheritFromInputs">on</P>
    <Port>
      <P Name="PortNumber">1</P>
      <P Name="Name">FDM_States</P>
    </Port>
  </Block>
  <Block BlockType="BusCreator" Name="Bus&#xA;Creator4" SID="77585">
    <P Name="Ports">[3, 1]</P>
    <P Name="Position">[320, -237, 325, -123]</P>
    <P Name="ZOrder">417</P>
    <P Name="ShowName">off</P>
    <P Name="Inputs">3</P>
    <P Name="DisplayOption">bar</P>
    <P Name="InheritFromInputs">on</P>
    <Port>
      <P Name="PortNumber">1</P>
      <P Name="Name">Translation_States</P>
    </Port>
  </Block>
  <Block BlockType="BusCreator" Name="Bus&#xA;Creator5" SID="77586">
    <P Name="Ports">[3, 1]</P>
    <P Name="Position">[320, 153, 325, 267]</P>
    <P Name="ZOrder">418</P>
    <P Name="ShowName">off</P>
    <P Name="Inputs">3</P>
    <P Name="DisplayOption">bar</P>
    <P Name="InheritFromInputs">on</P>
    <Port>
      <P Name="PortNumber">1</P>
      <P Name="Name">Translation_States_Dot</P>
    </Port>
  </Block>
  <Block BlockType="BusCreator" Name="Bus&#xA;Creator6" SID="77587">
    <P Name="Ports">[3, 1]</P>
    <P Name="Position">[320, -42, 325, 72]</P>
    <P Name="ZOrder">419</P>
    <P Name="ShowName">off</P>
    <P Name="Inputs">3</P>
    <P Name="DisplayOption">bar</P>
    <P Name="InheritFromInputs">on</P>
    <Port>
      <P Name="PortNumber">1</P>
      <P Name="Name">Rotation_States</P>
    </Port>
  </Block>
  <Block BlockType="BusCreator" Name="Bus&#xA;Creator7" SID="77588">
    <P Name="Ports">[2, 1]</P>
    <P Name="Position">[495, 540, 500, 655]</P>
    <P Name="ZOrder">420</P>
    <P Name="ShowName">off</P>
    <P Name="Inputs">2</P>
    <P Name="DisplayOption">bar</P>
    <P Name="InheritFromInputs">on</P>
    <Port>
      <P Name="PortNumber">1</P>
      <P Name="Name">Attitude_States</P>
    </Port>
  </Block>
  <Block BlockType="BusCreator" Name="Bus&#xA;Creator8" SID="77589">
    <P Name="Ports">[3, 1]</P>
    <P Name="Position">[390, 488, 395, 602]</P>
    <P Name="ZOrder">421</P>
    <P Name="ShowName">off</P>
    <P Name="Inputs">3</P>
    <P Name="DisplayOption">bar</P>
    <P Name="InheritFromInputs">on</P>
    <Port>
      <P Name="PortNumber">1</P>
      <P Name="Name">ATT_Euler</P>
    </Port>
  </Block>
  <Block BlockType="BusCreator" Name="Bus&#xA;Creator9" SID="77590">
    <P Name="Ports">[4, 1]</P>
    <P Name="Position">[390, 615, 395, 735]</P>
    <P Name="ZOrder">422</P>
    <P Name="ShowName">off</P>
    <P Name="Inputs">4</P>
    <P Name="DisplayOption">bar</P>
    <P Name="InheritFromInputs">on</P>
    <Port>
      <P Name="PortNumber">1</P>
      <P Name="Name">ATT_Quaternions</P>
    </Port>
  </Block>
  <Block BlockType="Demux" Name="Demux" SID="77591">
    <P Name="Ports">[1, 4]</P>
    <P Name="Position">[225, 615, 230, 735]</P>
    <P Name="ZOrder">427</P>
    <P Name="ShowName">off</P>
    <Port>
      <P Name="PortNumber">1</P>
      <P Name="Name">quat_0</P>
    </Port>
    <Port>
      <P Name="PortNumber">2</P>
      <P Name="Name">quat_1</P>
    </Port>
    <Port>
      <P Name="PortNumber">3</P>
      <P Name="Name">quat_2</P>
    </Port>
    <Port>
      <P Name="PortNumber">4</P>
      <P Name="Name">quat_3</P>
    </Port>
  </Block>
  <Block BlockType="Demux" Name="Demux1" SID="77592">
    <P Name="Ports">[1, 3]</P>
    <P Name="Position">[-65, -237, -60, -123]</P>
    <P Name="ZOrder">490</P>
    <P Name="ShowName">off</P>
    <P Name="Outputs">3</P>
    <Port>
      <P Name="PortNumber">1</P>
      <P Name="Name">u_mDs</P>
    </Port>
    <Port>
      <P Name="PortNumber">2</P>
      <P Name="Name">v_mDs</P>
    </Port>
    <Port>
      <P Name="PortNumber">3</P>
      <P Name="Name">w_mDs</P>
    </Port>
  </Block>
  <Block BlockType="Demux" Name="Demux2" SID="77593">
    <P Name="Ports">[1, 3]</P>
    <P Name="Position">[-65, -42, -60, 72]</P>
    <P Name="ZOrder">491</P>
    <P Name="ShowName">off</P>
    <P Name="Outputs">3</P>
    <Port>
      <P Name="PortNumber">1</P>
      <P Name="Name">p_radDs</P>
    </Port>
    <Port>
      <P Name="PortNumber">2</P>
      <P Name="Name">q_radDs</P>
    </Port>
    <Port>
      <P Name="PortNumber">3</P>
      <P Name="Name">r_radDs</P>
    </Port>
  </Block>
  <Block BlockType="Demux" Name="Demux3" SID="77594">
    <P Name="Ports">[1, 3]</P>
    <P Name="Position">[-65, 153, -60, 267]</P>
    <P Name="ZOrder">492</P>
    <P Name="ShowName">off</P>
    <P Name="Outputs">3</P>
    <Port>
      <P Name="PortNumber">1</P>
      <P Name="Name">u_dot_mDs2</P>
    </Port>
    <Port>
      <P Name="PortNumber">2</P>
      <P Name="Name">v_dot_mDs2</P>
    </Port>
    <Port>
      <P Name="PortNumber">3</P>
      <P Name="Name">w_dot_mDs2</P>
    </Port>
  </Block>
  <Block BlockType="Demux" Name="Demux4" SID="77595">
    <P Name="Ports">[1, 3]</P>
    <P Name="Position">[-65, 348, -60, 462]</P>
    <P Name="ZOrder">493</P>
    <P Name="ShowName">off</P>
    <P Name="Outputs">3</P>
    <Port>
      <P Name="PortNumber">1</P>
      <P Name="Name">p_dot_radDs2</P>
    </Port>
    <Port>
      <P Name="PortNumber">2</P>
      <P Name="Name">q_dot_radDs2</P>
    </Port>
    <Port>
      <P Name="PortNumber">3</P>
      <P Name="Name">r_dot_radDs2</P>
    </Port>
  </Block>
  <Block BlockType="Demux" Name="Demux5" SID="77596">
    <P Name="Ports">[1, 3]</P>
    <P Name="Position">[-65, 488, -60, 602]</P>
    <P Name="ZOrder">494</P>
    <P Name="ShowName">off</P>
    <P Name="Outputs">3</P>
    <Port>
      <P Name="PortNumber">1</P>
      <P Name="Name">Phi_rad</P>
    </Port>
    <Port>
      <P Name="PortNumber">2</P>
      <P Name="Name">Theta_rad</P>
    </Port>
    <Port>
      <P Name="PortNumber">3</P>
      <P Name="Name">Psi_rad</P>
    </Port>
  </Block>
  <Block BlockType="Demux" Name="Demux6" SID="77597">
    <P Name="Ports">[1, 3]</P>
    <P Name="Position">[-65, 738, -60, 852]</P>
    <P Name="ZOrder">495</P>
    <P Name="ShowName">off</P>
    <P Name="Outputs">3</P>
    <Port>
      <P Name="PortNumber">1</P>
      <P Name="Name">POS_x_NED_m</P>
    </Port>
    <Port>
      <P Name="PortNumber">2</P>
      <P Name="Name">POS_y_NED_m</P>
    </Port>
    <Port>
      <P Name="PortNumber">3</P>
      <P Name="Name">POS_z_NED_m</P>
    </Port>
  </Block>
  <Block BlockType="Demux" Name="Demux7" SID="77598">
    <P Name="Ports">[1, 3]</P>
    <P Name="Position">[-65, 903, -60, 1017]</P>
    <P Name="ZOrder">22214</P>
    <P Name="ShowName">off</P>
    <P Name="Outputs">3</P>
    <Port>
      <P Name="PortNumber">1</P>
      <P Name="Name">POS_x_NED_dot_m</P>
    </Port>
    <Port>
      <P Name="PortNumber">2</P>
      <P Name="Name">POS_y_NED_dot_m</P>
    </Port>
    <Port>
      <P Name="PortNumber">3</P>
      <P Name="Name">POS_z_NED_dot_m</P>
    </Port>
  </Block>
  <Block BlockType="SubSystem" Name="Rotation Angles to Quaternions" SID="77599">
    <P Name="Ports">[1, 1]</P>
    <P Name="Position">[100, 654, 200, 696]</P>
    <P Name="ZOrder">423</P>
    <P Name="HideAutomaticName">off</P>
    <P Name="AttributesFormatString">Rotation Order: %&lt;rotationOrder&gt;</P>
    <P Name="PermitHierarchicalResolution">ExplicitOnly</P>
    <P Name="RequestExecContextInheritance">off</P>
    <P Name="ContentPreviewEnabled">on</P>
    <Mask SelfModifiable="on">
      <Type>Ang2Quat</Type>
      <Display RunInitForIconRedraw="on">port_label(&apos;input&apos;,1,&apos;[R_1,R_2,R_3]&apos;,&apos;texmode&apos;,&apos;on&apos;)
port_label(&apos;output&apos;,1,&apos;q&apos;,&apos;texmode&apos;,&apos;on&apos;)</Display>
      <Description>shared_aeroblks:sharedaeroblktransform:blockAng2QuatDesc</Description>
      <Initialization>if aerosharedtest(gcb)
    ports=aerosharedicon(&apos;sharedang2quat&apos;);
else
    ports=sharedautoicon(&apos;sharedang2quat&apos;);
end</Initialization>
      <Help>eval(&apos;if license(&apos;&apos;test&apos;&apos;,&apos;&apos;Aerospace_Blockset&apos;&apos;)aerosharedhelp(&apos;&apos;rotation_angles_to_quaternions&apos;&apos;);elseif license(&apos;&apos;test&apos;&apos;,&apos;&apos;Powertrain_Blockset&apos;&apos;)sharedautohelp(&apos;&apos;rotation_angles_to_quaternions&apos;&apos;);end&apos;)</Help>
      <MaskParameter Name="rotationOrder" Type="popup" Tunable="off">
        <Prompt>shared_aeroblks:sharedaeroblktransform:blockAng2QuatParamRotationOrder</Prompt>
        <Value>ZYX</Value>
        <TypeOptions>
          <Option>shared_aeroblks:sharedaeroblktransform:blockParamComboZYX</Option>
          <Option>shared_aeroblks:sharedaeroblktransform:blockParamComboZYZ</Option>
          <Option>shared_aeroblks:sharedaeroblktransform:blockParamComboZXY</Option>
          <Option>shared_aeroblks:sharedaeroblktransform:blockParamComboZXZ</Option>
          <Option>shared_aeroblks:sharedaeroblktransform:blockParamComboYXZ</Option>
          <Option>shared_aeroblks:sharedaeroblktransform:blockParamComboYXY</Option>
          <Option>shared_aeroblks:sharedaeroblktransform:blockParamComboYZX</Option>
          <Option>shared_aeroblks:sharedaeroblktransform:blockParamComboYZY</Option>
          <Option>shared_aeroblks:sharedaeroblktransform:blockParamComboXYZ</Option>
          <Option>shared_aeroblks:sharedaeroblktransform:blockParamComboXYX</Option>
          <Option>shared_aeroblks:sharedaeroblktransform:blockParamComboXZY</Option>
          <Option>shared_aeroblks:sharedaeroblktransform:blockParamComboXZX</Option>
        </TypeOptions>
      </MaskParameter>
      <MaskParameter Name="aMode" Type="edit" Tunable="off" Internal="on" Visible="off">
        <Value>aMode</Value>
      </MaskParameter>
      <DialogControl Type="Group" Name="DescGroupVar">
        <Prompt>%&lt;MaskType&gt;</Prompt>
        <DialogControl Type="Text" Name="DescTextVar">
          <Prompt>%&lt;MaskDescription&gt;</Prompt>
        </DialogControl>
      </DialogControl>
      <DialogControl Type="Group" Name="ParameterGroupVar">
        <Prompt>Simulink:studio:ToolBarParametersMenu</Prompt>
        <DialogControl Type="Popup" Name="rotationOrder">
          <Prompt>Rotation order:</Prompt>
          <ControlOptions PromptLocation="left"/>
        </DialogControl>
        <DialogControl Type="Edit" Name="aMode">
          <ControlOptions PromptLocation="left"/>
        </DialogControl>
      </DialogControl>
    </Mask>
    <System Ref="system_77599"/>
  </Block>
  <Block BlockType="Selector" Name="Selector" SID="77600">
    <P Name="Ports">[1, 1]</P>
    <P Name="Position">[-25, 656, 15, 694]</P>
    <P Name="ZOrder">22211</P>
    <P Name="InputPortWidth">3</P>
    <P Name="IndexOptions">Index vector (dialog)</P>
    <P Name="Indices">[3,2,1]</P>
    <P Name="OutputSizes">1</P>
  </Block>
  <Block BlockType="SubSystem" Name="Three-axis Inertial&#xA;Measurement Unit3" SID="77601">
    <P Name="Ports">[5, 2]</P>
    <P Name="Position">[-625, 833, -380, 1207]</P>
    <P Name="ZOrder">22210</P>
    <P Name="Commented">on</P>
    <P Name="PermitHierarchicalResolution">ExplicitOnly</P>
    <P Name="RequestExecContextInheritance">off</P>
    <P Name="ContentPreviewEnabled">on</P>
    <Mask SelfModifiable="on">
      <Type>Three-axis Inertial Measurement Unit</Type>
      <Display RunInitForIconRedraw="on">port_label(ports(1).type,ports(1).port,ports(1).txt,&apos;texmode&apos;,&apos;on&apos;);
port_label(ports(2).type,ports(2).port,ports(2).txt,&apos;texmode&apos;,&apos;on&apos;);
port_label(ports(3).type,ports(3).port,ports(3).txt,&apos;texmode&apos;,&apos;on&apos;);
port_label(ports(4).type,ports(4).port,ports(4).txt,&apos;texmode&apos;,&apos;on&apos;);
port_label(ports(5).type,ports(5).port,ports(5).txt,&apos;texmode&apos;,&apos;on&apos;);
port_label(ports(6).type,ports(6).port,ports(6).txt,&apos;texmode&apos;,&apos;on&apos;);
port_label(ports(7).type,ports(7).port,ports(7).txt,&apos;texmode&apos;,&apos;on&apos;);
</Display>
      <Description>aeroblks:aeroblknav:blockThreeaxisInertialMeasurementUnitDesc</Description>
      <Initialization>block = gcb;   
ports=aeroicon(&apos;aeroblkimu&apos;,&apos;icon&apos;);</Initialization>
      <Help>eval(&apos;asbhelp&apos;);</Help>
      <MaskParameter Name="units" Type="popup" Tunable="off">
        <Prompt>aeroblks:aeroblknav:blockThreeaxisInertialMeasurementUnitParamUnits</Prompt>
        <Value>Metric (MKS)</Value>
        <TypeOptions>
          <Option>aeroblks:aeroblknav:blockThreeaxisInertialMeasurementUnitParamComboMetricMKS</Option>
          <Option>aeroblks:aeroblknav:blockThreeaxisInertialMeasurementUnitParamComboEnglish</Option>
        </TypeOptions>
      </MaskParameter>
      <MaskParameter Name="imu" Type="edit">
        <Prompt>aeroblks:aeroblknav:blockThreeaxisInertialMeasurementUnitParamIMUlocation</Prompt>
        <Value>[0 0 0]</Value>
      </MaskParameter>
      <MaskParameter Name="i_Ts" Type="edit" Tunable="off">
        <Prompt>aeroblks:aeroblknav:blockThreeaxisInertialMeasurementUnitParamUpdaterate</Prompt>
        <Value>0</Value>
      </MaskParameter>
      <MaskParameter Name="dtype_a" Type="checkbox" Tunable="off">
        <Prompt>aeroblks:aeroblknav:blockThreeaxisInertialMeasurementUnitParamSecondorderdynamicsforaccelerometer</Prompt>
        <Value>on</Value>
        <Callback>aeroicon(&apos;aeroblkimu&apos;)</Callback>
      </MaskParameter>
      <MaskParameter Name="w_a" Type="edit">
        <Prompt>aeroblks:aeroblknav:blockThreeaxisInertialMeasurementUnitParamAccelerometernaturalfrequencyradsec</Prompt>
        <Value>190</Value>
      </MaskParameter>
      <MaskParameter Name="z_a" Type="edit">
        <Prompt>aeroblks:aeroblknav:blockThreeaxisInertialMeasurementUnitParamAccelerometerdampingratio</Prompt>
        <Value>0.707</Value>
      </MaskParameter>
      <MaskParameter Name="a_sf_cc" Type="edit">
        <Prompt>aeroblks:aeroblknav:blockThreeaxisInertialMeasurementUnitParamAccelerometerscalefactorandcrosscoupling</Prompt>
        <Value>[1 0 0; 0 1 0; 0 0 1]</Value>
      </MaskParameter>
      <MaskParameter Name="a_bias" Type="edit">
        <Prompt>aeroblks:aeroblknav:blockThreeaxisInertialMeasurementUnitParamAccelerometermeasurementbias</Prompt>
        <Value>[0 0 0]</Value>
      </MaskParameter>
      <MaskParameter Name="a_sat" Type="edit" Tunable="off">
        <Prompt>aeroblks:aeroblknav:blockThreeaxisInertialMeasurementUnitParamAccelerometerupperandlowerlimits</Prompt>
        <Value>[-inf  -inf  -inf  inf inf inf]</Value>
      </MaskParameter>
      <MaskParameter Name="dtype_g" Type="checkbox" Tunable="off">
        <Prompt>aeroblks:aeroblknav:blockThreeaxisInertialMeasurementUnitParamSecondorderdynamicsforgyro</Prompt>
        <Value>on</Value>
        <Callback>aeroicon(&apos;aeroblkimu&apos;)</Callback>
      </MaskParameter>
      <MaskParameter Name="w_g" Type="edit">
        <Prompt>aeroblks:aeroblknav:blockThreeaxisInertialMeasurementUnitParamGyronaturalfrequencyradsec</Prompt>
        <Value>190</Value>
      </MaskParameter>
      <MaskParameter Name="z_g" Type="edit">
        <Prompt>aeroblks:aeroblknav:blockThreeaxisInertialMeasurementUnitParamGyrodampingratio</Prompt>
        <Value>0.707</Value>
      </MaskParameter>
      <MaskParameter Name="g_sf_cc" Type="edit">
        <Prompt>aeroblks:aeroblknav:blockThreeaxisInertialMeasurementUnitParamGyroscalefactorsandcrosscoupling</Prompt>
        <Value>[1 0 0; 0 1 0; 0 0 1]</Value>
      </MaskParameter>
      <MaskParameter Name="g_bias" Type="edit">
        <Prompt>aeroblks:aeroblknav:blockThreeaxisInertialMeasurementUnitParamGyromeasurementbias</Prompt>
        <Value>[0 0 0]</Value>
      </MaskParameter>
      <MaskParameter Name="g_sens" Type="edit">
        <Prompt>aeroblks:aeroblknav:blockThreeaxisInertialMeasurementUnitParamGsensitivebias</Prompt>
        <Value>[0 0 0]</Value>
      </MaskParameter>
      <MaskParameter Name="g_sat" Type="edit" Tunable="off">
        <Prompt>aeroblks:aeroblknav:blockThreeaxisInertialMeasurementUnitParamGyroupperandlowerlimits</Prompt>
        <Value>[-inf  -inf  -inf  inf inf inf]</Value>
      </MaskParameter>
      <MaskParameter Name="i_rand" Type="checkbox" Tunable="off">
        <Prompt>aeroblks:aeroblknav:blockThreeaxisInertialMeasurementUnitParamNoiseon</Prompt>
        <Value>on</Value>
        <Callback>aeroicon(&apos;aeroblkimu&apos;)</Callback>
      </MaskParameter>
      <MaskParameter Name="i_seeds" Type="edit" Tunable="off">
        <Prompt>aeroblks:aeroblknav:blockThreeaxisInertialMeasurementUnitParamNoiseseeds</Prompt>
        <Value>[23093 23094 23095 23096 23097 23098]</Value>
      </MaskParameter>
      <MaskParameter Name="i_pow" Type="edit" Tunable="off">
        <Prompt>aeroblks:aeroblknav:blockThreeaxisInertialMeasurementUnitParamNoisepower</Prompt>
        <Value>[0.001 0.001 0.001 0.0001 0.0001 0.0001]</Value>
      </MaskParameter>
      <DialogControl Type="Group" Name="DescGroupVar">
        <Prompt>%&lt;MaskType&gt;</Prompt>
        <DialogControl Type="Text" Name="DescTextVar">
          <Prompt>%&lt;MaskDescription&gt;</Prompt>
        </DialogControl>
      </DialogControl>
      <DialogControl Type="TabContainer" Name="ParameterTabContainerVar">
        <DialogControl Type="Tab" Name="ParameterTabVar0">
          <Prompt>Main</Prompt>
          <DialogControl Type="Popup" Name="units">
            <Prompt>Units:</Prompt>
            <ControlOptions PromptLocation="left"/>
          </DialogControl>
          <DialogControl Type="Edit" Name="imu">
            <Prompt>IMU location:</Prompt>
            <ControlOptions PromptLocation="left"/>
          </DialogControl>
          <DialogControl Type="Edit" Name="i_Ts">
            <Prompt>Update rate:</Prompt>
            <ControlOptions PromptLocation="left"/>
          </DialogControl>
        </DialogControl>
        <DialogControl Type="Tab" Name="ParameterTabVar01">
          <Prompt>Accelerometer</Prompt>
          <DialogControl Type="CheckBox" Name="dtype_a">
            <Prompt>Second-order dynamics for accelerometer</Prompt>
          </DialogControl>
          <DialogControl Type="Edit" Name="w_a">
            <Prompt>Accelerometer natural frequency (rad/sec):</Prompt>
            <ControlOptions PromptLocation="left"/>
          </DialogControl>
          <DialogControl Type="Edit" Name="z_a">
            <Prompt>Accelerometer damping ratio:</Prompt>
            <ControlOptions PromptLocation="left"/>
          </DialogControl>
          <DialogControl Type="Edit" Name="a_sf_cc">
            <Prompt>Accelerometer scale factor and cross-coupling:</Prompt>
            <ControlOptions PromptLocation="left"/>
          </DialogControl>
          <DialogControl Type="Edit" Name="a_bias">
            <Prompt>Accelerometer measurement bias:</Prompt>
            <ControlOptions PromptLocation="left"/>
          </DialogControl>
          <DialogControl Type="Edit" Name="a_sat">
            <Prompt>Accelerometer upper and lower limits:</Prompt>
            <ControlOptions PromptLocation="left"/>
          </DialogControl>
        </DialogControl>
        <DialogControl Type="Tab" Name="ParameterTabVar012">
          <Prompt>Gyroscope</Prompt>
          <DialogControl Type="CheckBox" Name="dtype_g">
            <Prompt>Second-order dynamics for gyro</Prompt>
          </DialogControl>
          <DialogControl Type="Edit" Name="w_g">
            <Prompt>Gyro natural frequency (rad/sec):</Prompt>
            <ControlOptions PromptLocation="left"/>
          </DialogControl>
          <DialogControl Type="Edit" Name="z_g">
            <Prompt>Gyro damping ratio:</Prompt>
            <ControlOptions PromptLocation="left"/>
          </DialogControl>
          <DialogControl Type="Edit" Name="g_sf_cc">
            <Prompt>Gyro scale factors and cross-coupling:</Prompt>
            <ControlOptions PromptLocation="left"/>
          </DialogControl>
          <DialogControl Type="Edit" Name="g_bias">
            <Prompt>Gyro measurement bias:</Prompt>
            <ControlOptions PromptLocation="left"/>
          </DialogControl>
          <DialogControl Type="Edit" Name="g_sens">
            <Prompt>G-sensitive bias:</Prompt>
            <ControlOptions PromptLocation="left"/>
          </DialogControl>
          <DialogControl Type="Edit" Name="g_sat">
            <Prompt>Gyro upper and lower limits:</Prompt>
            <ControlOptions PromptLocation="left"/>
          </DialogControl>
        </DialogControl>
        <DialogControl Type="Tab" Name="ParameterTabVar0123">
          <Prompt>Noise</Prompt>
          <DialogControl Type="CheckBox" Name="i_rand">
            <Prompt>Noise on</Prompt>
          </DialogControl>
          <DialogControl Type="Edit" Name="i_seeds">
            <Prompt>Noise seeds:</Prompt>
            <ControlOptions PromptLocation="left"/>
          </DialogControl>
          <DialogControl Type="Edit" Name="i_pow">
            <Prompt>Noise power:</Prompt>
            <ControlOptions PromptLocation="left"/>
          </DialogControl>
        </DialogControl>
      </DialogControl>
    </Mask>
    <System Ref="system_77601"/>
  </Block>
  <Block BlockType="Outport" Name="States" SID="77602">
    <P Name="Position">[1115, 333, 1145, 347]</P>
    <P Name="ZOrder">454</P>
    <P Name="VectorParamsAs1DForOutWhenUnconnected">off</P>
  </Block>
  <Line>
    <P Name="Name">Attitude_States</P>
    <P Name="ZOrder">1</P>
    <P Name="Labels">[1, 1]</P>
    <P Name="Src">77588#out:1</P>
    <P Name="Points">[227, 0; 0, -85]</P>
    <P Name="Dst">77584#in:5</P>
  </Line>
  <Line>
    <P Name="Name">quat_2</P>
    <P Name="ZOrder">2</P>
    <P Name="Labels">[1, 1]</P>
    <P Name="Src">77591#out:3</P>
    <P Name="Dst">77590#in:3</P>
  </Line>
  <Line>
    <P Name="Name">quat_3</P>
    <P Name="ZOrder">3</P>
    <P Name="Labels">[1, 1]</P>
    <P Name="Src">77591#out:4</P>
    <P Name="Dst">77590#in:4</P>
  </Line>
  <Line>
    <P Name="Name">quat_0</P>
    <P Name="ZOrder">4</P>
    <P Name="Labels">[1, 1]</P>
    <P Name="Src">77591#out:1</P>
    <P Name="Dst">77590#in:1</P>
  </Line>
  <Line>
    <P Name="Name">ATT_Quaternions</P>
    <P Name="ZOrder">5</P>
    <P Name="Labels">[2, 1]</P>
    <P Name="Src">77590#out:1</P>
    <P Name="Points">[40, 0; 0, -50]</P>
    <P Name="Dst">77588#in:2</P>
  </Line>
  <Line>
    <P Name="Name">POS_NED</P>
    <P Name="ZOrder">6</P>
    <P Name="Labels">[0, 0; 1, 0]</P>
    <P Name="Src">77582#out:1</P>
    <P Name="Points">[454, 0; 0, -110]</P>
    <P Name="Dst">77584#in:6</P>
  </Line>
  <Line>
    <P Name="Name">quat_1</P>
    <P Name="ZOrder">7</P>
    <P Name="Labels">[1, 1]</P>
    <P Name="Src">77591#out:2</P>
    <P Name="Dst">77590#in:2</P>
  </Line>
  <Line>
    <P Name="Name">ATT_Euler</P>
    <P Name="ZOrder">8</P>
    <P Name="Labels">[1, 1]</P>
    <P Name="Src">77589#out:1</P>
    <P Name="Points">[40, 0; 0, 25]</P>
    <P Name="Dst">77588#in:1</P>
  </Line>
  <Line>
    <P Name="Name">Translation_States</P>
    <P Name="ZOrder">9</P>
    <P Name="Labels">[2, 1]</P>
    <P Name="Src">77585#out:1</P>
    <P Name="Points">[375, 0; 0, 15]</P>
    <P Name="Dst">77584#in:1</P>
  </Line>
  <Line>
    <P Name="Name">Rotation_States</P>
    <P Name="ZOrder">10</P>
    <P Name="Labels">[1, 1]</P>
    <P Name="Src">77587#out:1</P>
    <P Name="Points">[247, 0; 0, -10]</P>
    <P Name="Dst">77584#in:2</P>
  </Line>
  <Line>
    <P Name="Name">Translation_States_Dot</P>
    <P Name="ZOrder">11</P>
    <P Name="Labels">[-1, 0]</P>
    <P Name="Src">77586#out:1</P>
    <P Name="Points">[299, 0; 0, -35]</P>
    <P Name="Dst">77584#in:3</P>
  </Line>
  <Line>
    <P Name="ZOrder">12</P>
    <P Name="Src">77599#out:1</P>
    <P Name="Dst">77591#in:1</P>
  </Line>
  <Line>
    <P Name="Name">POS_z_NED_m</P>
    <P Name="ZOrder">13</P>
    <P Name="Labels">[1, 1]</P>
    <P Name="Src">77597#out:3</P>
    <P Name="Dst">77582#in:3</P>
  </Line>
  <Line>
    <P Name="Name">POS_y_NED_m</P>
    <P Name="ZOrder">14</P>
    <P Name="Labels">[1, 1]</P>
    <P Name="Src">77597#out:2</P>
    <P Name="Dst">77582#in:2</P>
  </Line>
  <Line>
    <P Name="Name">POS_x_NED_m</P>
    <P Name="ZOrder">15</P>
    <P Name="Labels">[0, 0; 1, 1]</P>
    <P Name="Src">77597#out:1</P>
    <P Name="Dst">77582#in:1</P>
  </Line>
  <Line>
    <P Name="Name">Psi_rad</P>
    <P Name="ZOrder">16</P>
    <P Name="Labels">[1, 1]</P>
    <P Name="Src">77596#out:3</P>
    <P Name="Dst">77589#in:3</P>
  </Line>
  <Line>
    <P Name="Name">Theta_rad</P>
    <P Name="ZOrder">17</P>
    <P Name="Labels">[1, 1]</P>
    <P Name="Src">77596#out:2</P>
    <P Name="Dst">77589#in:2</P>
  </Line>
  <Line>
    <P Name="Name">Phi_rad</P>
    <P Name="ZOrder">18</P>
    <P Name="Labels">[1, 1]</P>
    <P Name="Src">77596#out:1</P>
    <P Name="Dst">77589#in:1</P>
  </Line>
  <Line>
    <P Name="Name">r_radDs</P>
    <P Name="ZOrder">19</P>
    <P Name="Labels">[1, 1]</P>
    <P Name="Src">77593#out:3</P>
    <P Name="Dst">77587#in:3</P>
  </Line>
  <Line>
    <P Name="Name">q_radDs</P>
    <P Name="ZOrder">20</P>
    <P Name="Labels">[1, 1]</P>
    <P Name="Src">77593#out:2</P>
    <P Name="Dst">77587#in:2</P>
  </Line>
  <Line>
    <P Name="Name">p_radDs</P>
    <P Name="ZOrder">21</P>
    <P Name="Labels">[1, 1]</P>
    <P Name="Src">77593#out:1</P>
    <P Name="Dst">77587#in:1</P>
  </Line>
  <Line>
    <P Name="Name">w_dot_mDs2</P>
    <P Name="ZOrder">22</P>
    <P Name="Labels">[1, 1]</P>
    <P Name="Src">77594#out:3</P>
    <P Name="Dst">77586#in:3</P>
  </Line>
  <Line>
    <P Name="Name">v_dot_mDs2</P>
    <P Name="ZOrder">23</P>
    <P Name="Labels">[1, 1]</P>
    <P Name="Src">77594#out:2</P>
    <P Name="Dst">77586#in:2</P>
  </Line>
  <Line>
    <P Name="Name">u_dot_mDs2</P>
    <P Name="ZOrder">24</P>
    <P Name="Labels">[1, 1]</P>
    <P Name="Src">77594#out:1</P>
    <P Name="Dst">77586#in:1</P>
  </Line>
  <Line>
    <P Name="Name">w_mDs</P>
    <P Name="ZOrder">25</P>
    <P Name="Labels">[1, 1]</P>
    <P Name="Src">77592#out:3</P>
    <P Name="Dst">77585#in:3</P>
  </Line>
  <Line>
    <P Name="Name">v_mDs</P>
    <P Name="ZOrder">26</P>
    <P Name="Labels">[1, 1]</P>
    <P Name="Src">77592#out:2</P>
    <P Name="Dst">77585#in:2</P>
  </Line>
  <Line>
    <P Name="Name">u_mDs</P>
    <P Name="ZOrder">27</P>
    <P Name="Labels">[1, 1]</P>
    <P Name="Src">77592#out:1</P>
    <P Name="Dst">77585#in:1</P>
  </Line>
  <Line>
    <P Name="Name">Rotation_States_Dot</P>
    <P Name="ZOrder">28</P>
    <P Name="Labels">[1, 1]</P>
    <P Name="Src">77583#out:1</P>
    <P Name="Points">[351, 0; 0, -60]</P>
    <P Name="Dst">77584#in:4</P>
  </Line>
  <Line>
    <P Name="Name">p_dot_radDs2</P>
    <P Name="ZOrder">29</P>
    <P Name="Labels">[1, 1]</P>
    <P Name="Src">77595#out:1</P>
    <P Name="Dst">77583#in:1</P>
  </Line>
  <Line>
    <P Name="Name">q_dot_radDs2</P>
    <P Name="ZOrder">30</P>
    <P Name="Labels">[1, 1]</P>
    <P Name="Src">77595#out:2</P>
    <P Name="Dst">77583#in:2</P>
  </Line>
  <Line>
    <P Name="Name">r_dot_radDs2</P>
    <P Name="ZOrder">31</P>
    <P Name="Labels">[1, 1]</P>
    <P Name="Src">77595#out:3</P>
    <P Name="Dst">77583#in:3</P>
  </Line>
  <Line>
    <P Name="ZOrder">32</P>
    <P Name="Src">77574#out:1</P>
    <P Name="Dst">77592#in:1</P>
  </Line>
  <Line>
    <P Name="ZOrder">33</P>
    <P Name="Src">77575#out:1</P>
    <P Name="Dst">77593#in:1</P>
  </Line>
  <Line>
    <P Name="ZOrder">34</P>
    <P Name="Src">77576#out:1</P>
    <P Name="Dst">77594#in:1</P>
  </Line>
  <Line>
    <P Name="ZOrder">35</P>
    <P Name="Src">77577#out:1</P>
    <P Name="Dst">77595#in:1</P>
  </Line>
  <Line>
    <P Name="ZOrder">36</P>
    <P Name="Src">77578#out:1</P>
    <P Name="Points">[61, 0]</P>
    <Branch>
      <P Name="ZOrder">37</P>
      <P Name="Points">[0, 130]</P>
      <P Name="Dst">77600#in:1</P>
    </Branch>
    <Branch>
      <P Name="ZOrder">38</P>
      <P Name="Dst">77596#in:1</P>
    </Branch>
  </Line>
  <Line>
    <P Name="ZOrder">39</P>
    <P Name="Src">77579#out:1</P>
    <P Name="Dst">77597#in:1</P>
  </Line>
  <Line>
    <P Name="Name">FDM_States</P>
    <P Name="ZOrder">40</P>
    <P Name="Labels">[0, 0]</P>
    <P Name="Src">77584#out:1</P>
    <P Name="Points">[90, 0; 0, -5]</P>
    <P Name="Dst">77602#in:1</P>
  </Line>
  <Line>
    <P Name="ZOrder">41</P>
    <P Name="Src">77600#out:1</P>
    <P Name="Dst">77599#in:1</P>
  </Line>
  <Line>
    <P Name="ZOrder">42</P>
    <P Name="Src">77580#out:1</P>
    <P Name="Dst">77598#in:1</P>
  </Line>
  <Line>
    <P Name="Name">POS_y_NED_dot_m</P>
    <P Name="ZOrder">43</P>
    <P Name="Labels">[1, 1]</P>
    <P Name="Src">77598#out:2</P>
    <P Name="Dst">77581#in:2</P>
  </Line>
  <Line>
    <P Name="Name">POS_z_NED_dot_m</P>
    <P Name="ZOrder">44</P>
    <P Name="Labels">[1, 1]</P>
    <P Name="Src">77598#out:3</P>
    <P Name="Dst">77581#in:3</P>
  </Line>
  <Line>
    <P Name="Name">POS_NED_dot</P>
    <P Name="ZOrder">45</P>
    <P Name="Labels">[0, 0; 1, 0]</P>
    <P Name="Src">77581#out:1</P>
    <P Name="Points">[497, 0; 0, -105]</P>
    <P Name="Dst">77584#in:7</P>
  </Line>
  <Line>
    <P Name="Name">POS_x_NED_dot_m</P>
    <P Name="ZOrder">46</P>
    <P Name="Labels">[1, 1]</P>
    <P Name="Src">77598#out:1</P>
    <P Name="Dst">77581#in:1</P>
  </Line>
</System>
