<?xml version="1.0" encoding="utf-8"?>
<System>
  <P Name="Location">[-7, -7, 1481, 871]</P>
  <P Name="SystemRect">[0.000000, 0.000000, 0.000000, 0.000000]</P>
  <P Name="SetExecutionDomain">off</P>
  <P Name="ExecutionDomainType">Deduce</P>
  <P Name="ZoomFactor">150</P>
  <P Name="SimulinkSubDomain">Simulink</P>
  <Block BlockType="Constant" Name="Constant6" SID="76073">
    <P Name="Position">[55, 20, 85, 50]</P>
    <P Name="ZOrder">1613</P>
    <P Name="ShowName">off</P>
    <P Name="Value">0</P>
  </Block>
  <Block BlockType="Constant" Name="Constant7" SID="76074">
    <P Name="Position">[55, 90, 85, 120]</P>
    <P Name="ZOrder">1614</P>
    <P Name="ShowName">off</P>
    <P Name="Value">c_rot</P>
  </Block>
  <Block BlockType="Constant" Name="Constant8" SID="76075">
    <P Name="Position">[55, 150, 85, 180]</P>
    <P Name="ZOrder">1617</P>
    <P Name="ShowName">off</P>
    <P Name="Value">0</P>
  </Block>
  <Block BlockType="Constant" Name="Constant9" SID="76076">
    <P Name="Position">[155, 120, 215, 150]</P>
    <P Name="ZOrder">1620</P>
    <P Name="ShowName">off</P>
    <P Name="Value">flag_I_rot</P>
  </Block>
  <Block BlockType="Switch" Name="Switch" SID="76077">
    <P Name="Position">[255, 40, 300, 230]</P>
    <P Name="ZOrder">1619</P>
    <P Name="Criteria">u2 &gt; Threshold</P>
    <P Name="InputSameDT">off</P>
    <P Name="SaturateOnIntegerOverflow">off</P>
    <Port>
      <P Name="PortNumber">1</P>
      <P Name="Name">wIEE</P>
    </Port>
  </Block>
  <Block BlockType="Concatenate" Name="Vector&#xA;Concatenate" SID="76078">
    <P Name="Ports">[3, 1]</P>
    <P Name="Position">[125, 16, 135, 124]</P>
    <P Name="ZOrder">1612</P>
    <P Name="ShowName">off</P>
    <P Name="NumInputs">3</P>
    <Port>
      <P Name="PortNumber">1</P>
      <P Name="Name">wIEE</P>
    </Port>
  </Block>
  <Block BlockType="Concatenate" Name="Vector&#xA;Concatenate1" SID="76079">
    <P Name="Ports">[3, 1]</P>
    <P Name="Position">[125, 146, 135, 254]</P>
    <P Name="ZOrder">1616</P>
    <P Name="ShowName">off</P>
    <P Name="NumInputs">3</P>
    <Port>
      <P Name="PortNumber">1</P>
      <P Name="Name">wIEE</P>
    </Port>
  </Block>
  <Block BlockType="Outport" Name="wIEE" SID="76080">
    <P Name="Position">[345, 128, 375, 142]</P>
    <P Name="ZOrder">1621</P>
    <P Name="BackgroundColor">orange</P>
    <P Name="VectorParamsAs1DForOutWhenUnconnected">off</P>
  </Block>
  <Line>
    <P Name="Name">wIEE</P>
    <P Name="ZOrder">1</P>
    <P Name="Labels">[0, 1]</P>
    <P Name="Src">76077#out:1</P>
    <P Name="Dst">76080#in:1</P>
  </Line>
  <Line>
    <P Name="ZOrder">2</P>
    <P Name="Src">76073#out:1</P>
    <P Name="Points">[18, 0]</P>
    <Branch>
      <P Name="ZOrder">3</P>
      <P Name="Points">[0, 35]</P>
      <P Name="Dst">76078#in:2</P>
    </Branch>
    <Branch>
      <P Name="ZOrder">4</P>
      <P Name="Dst">76078#in:1</P>
    </Branch>
  </Line>
  <Line>
    <P Name="ZOrder">5</P>
    <P Name="Src">76076#out:1</P>
    <P Name="Dst">76077#in:2</P>
  </Line>
  <Line>
    <P Name="Name">wIEE</P>
    <P Name="ZOrder">6</P>
    <P Name="Labels">[0, 1]</P>
    <P Name="Src">76078#out:1</P>
    <P Name="Dst">76077#in:1</P>
  </Line>
  <Line>
    <P Name="ZOrder">7</P>
    <P Name="Src">76074#out:1</P>
    <P Name="Dst">76078#in:3</P>
  </Line>
  <Line>
    <P Name="Name">wIEE</P>
    <P Name="ZOrder">8</P>
    <P Name="Labels">[0, 1]</P>
    <P Name="Src">76079#out:1</P>
    <P Name="Dst">76077#in:3</P>
  </Line>
  <Line>
    <P Name="ZOrder">9</P>
    <P Name="Src">76075#out:1</P>
    <P Name="Points">[18, 0]</P>
    <Branch>
      <P Name="ZOrder">10</P>
      <P Name="Dst">76079#in:1</P>
    </Branch>
    <Branch>
      <P Name="ZOrder">11</P>
      <P Name="Points">[0, 35]</P>
      <Branch>
        <P Name="ZOrder">12</P>
        <P Name="Points">[0, 35]</P>
        <P Name="Dst">76079#in:3</P>
      </Branch>
      <Branch>
        <P Name="ZOrder">13</P>
        <P Name="Dst">76079#in:2</P>
      </Branch>
    </Branch>
  </Line>
</System>
