<?xml version="1.0" encoding="utf-8"?>
<System>
  <P Name="Location">[-1687, -7, 7, 1018]</P>
  <P Name="SystemRect">[0.000000, 0.000000, 0.000000, 0.000000]</P>
  <P Name="SetExecutionDomain">off</P>
  <P Name="ExecutionDomainType">Deduce</P>
  <P Name="SimulinkSubDomain">Simulink</P>
  <Block BlockType="Inport" Name="T12" SID="76650">
    <P Name="Position">[-570, 283, -540, 297]</P>
    <P Name="ZOrder">-1</P>
    <P Name="BackgroundColor">yellow</P>
    <P Name="PortDimensions">[3 3]</P>
  </Block>
  <Block BlockType="SubSystem" Name="Case 0" SID="76651">
    <P Name="Ports">[3, 1]</P>
    <P Name="Position">[-235, -213, -75, -147]</P>
    <P Name="ZOrder">11</P>
    <P Name="RequestExecContextInheritance">off</P>
    <P Name="ContentPreviewEnabled">on</P>
    <System Ref="system_76651"/>
  </Block>
  <Block BlockType="SubSystem" Name="Case 1" SID="76663">
    <P Name="Ports">[3, 1]</P>
    <P Name="Position">[-235, -123, -75, -57]</P>
    <P Name="ZOrder">12</P>
    <P Name="RequestExecContextInheritance">off</P>
    <P Name="ContentPreviewEnabled">on</P>
    <System Ref="system_76663"/>
  </Block>
  <Block BlockType="SubSystem" Name="Case 2" SID="76675">
    <P Name="Ports">[3, 1]</P>
    <P Name="Position">[-235, -33, -75, 33]</P>
    <P Name="ZOrder">13</P>
    <P Name="RequestExecContextInheritance">off</P>
    <P Name="ContentPreviewEnabled">on</P>
    <System Ref="system_76675"/>
  </Block>
  <Block BlockType="SubSystem" Name="Case 3" SID="76687">
    <P Name="Ports">[3, 1]</P>
    <P Name="Position">[-235, 57, -75, 123]</P>
    <P Name="ZOrder">14</P>
    <P Name="RequestExecContextInheritance">off</P>
    <P Name="ContentPreviewEnabled">on</P>
    <System Ref="system_76687"/>
  </Block>
  <Block BlockType="Constant" Name="Constant" SID="76699">
    <P Name="Position">[430, 10, 460, 40]</P>
    <P Name="ZOrder">509</P>
    <P Name="ShowName">off</P>
  </Block>
  <Block BlockType="Constant" Name="Constant1" SID="76700">
    <P Name="Position">[430, 100, 460, 130]</P>
    <P Name="ZOrder">510</P>
    <P Name="ShowName">off</P>
    <P Name="Value">-1</P>
  </Block>
  <Block BlockType="Display" Name="Display" SID="76701">
    <P Name="Ports">[1]</P>
    <P Name="Position">[125, -195, 170, -165]</P>
    <P Name="ZOrder">23</P>
    <P Name="Decimation">1</P>
  </Block>
  <Block BlockType="Display" Name="Display1" SID="76702">
    <P Name="Ports">[1]</P>
    <P Name="Position">[125, -105, 170, -75]</P>
    <P Name="ZOrder">24</P>
    <P Name="Decimation">1</P>
  </Block>
  <Block BlockType="Display" Name="Display2" SID="76703">
    <P Name="Ports">[1]</P>
    <P Name="Position">[125, -15, 170, 15]</P>
    <P Name="ZOrder">25</P>
    <P Name="Decimation">1</P>
  </Block>
  <Block BlockType="Display" Name="Display3" SID="76704">
    <P Name="Ports">[1]</P>
    <P Name="Position">[125, 75, 170, 105]</P>
    <P Name="ZOrder">26</P>
    <P Name="Decimation">1</P>
  </Block>
  <Block BlockType="Merge" Name="Merge" SID="76705">
    <P Name="Ports">[4, 1]</P>
    <P Name="Position">[175, -186, 255, 176]</P>
    <P Name="ZOrder">21</P>
    <P Name="Inputs">4</P>
  </Block>
  <Block BlockType="Product" Name="Product4" SID="76706">
    <P Name="Ports">[2, 1]</P>
    <P Name="Position">[600, -13, 630, 18]</P>
    <P Name="ZOrder">508</P>
    <P Name="ShowName">off</P>
  </Block>
  <Block BlockType="Selector" Name="Selector" SID="76707">
    <P Name="Ports">[1, 1]</P>
    <P Name="Position">[420, 51, 460, 89]</P>
    <P Name="ZOrder">506</P>
    <P Name="IndexMode">Zero-based</P>
    <P Name="InputPortWidth">4</P>
    <P Name="IndexOptions">Index vector (dialog)</P>
    <P Name="Indices">3</P>
    <P Name="OutputSizes">1</P>
  </Block>
  <Block BlockType="Switch" Name="Switch" SID="76708">
    <P Name="Position">[500, 50, 550, 90]</P>
    <P Name="ZOrder">507</P>
    <P Name="InputSameDT">off</P>
    <P Name="SaturateOnIntegerOverflow">off</P>
  </Block>
  <Block BlockType="Selector" Name="dcm11" SID="76709">
    <P Name="Ports">[1, 1]</P>
    <P Name="Position">[-455, 51, -415, 89]</P>
    <P Name="ZOrder">1</P>
    <P Name="NumberOfDimensions">2</P>
    <P Name="IndexMode">Zero-based</P>
    <P Name="InputPortWidth">3</P>
    <P Name="IndexOptions">Index vector (dialog),Index vector (dialog)</P>
    <P Name="Indices">0,0</P>
    <P Name="OutputSizes">1,1</P>
    <Port>
      <P Name="PortNumber">1</P>
      <P Name="Name">dcm11</P>
    </Port>
  </Block>
  <Block BlockType="Selector" Name="dcm22" SID="76710">
    <P Name="Ports">[1, 1]</P>
    <P Name="Position">[-455, 111, -415, 149]</P>
    <P Name="ZOrder">2</P>
    <P Name="NumberOfDimensions">2</P>
    <P Name="IndexMode">Zero-based</P>
    <P Name="InputPortWidth">3</P>
    <P Name="IndexOptions">Index vector (dialog),Index vector (dialog)</P>
    <P Name="Indices">1,1</P>
    <P Name="OutputSizes">1,1</P>
    <Port>
      <P Name="PortNumber">1</P>
      <P Name="Name">dcm22</P>
    </Port>
  </Block>
  <Block BlockType="Selector" Name="dcm33" SID="76711">
    <P Name="Ports">[1, 1]</P>
    <P Name="Position">[-455, 171, -415, 209]</P>
    <P Name="ZOrder">3</P>
    <P Name="NumberOfDimensions">2</P>
    <P Name="IndexMode">Zero-based</P>
    <P Name="InputPortWidth">3</P>
    <P Name="IndexOptions">Index vector (dialog),Index vector (dialog)</P>
    <P Name="Indices">2,2</P>
    <P Name="OutputSizes">1,1</P>
    <Port>
      <P Name="PortNumber">1</P>
      <P Name="Name">dcm33</P>
    </Port>
  </Block>
  <Block BlockType="SubSystem" Name="normalize_quaternion" SID="76712">
    <P Name="Ports">[1, 1]</P>
    <P Name="Position">[310, -16, 370, 6]</P>
    <P Name="ZOrder">497</P>
    <P Name="RequestExecContextInheritance">off</P>
    <P Name="ContentPreviewEnabled">on</P>
    <Mask>
      <Display>disp (&apos; norm(q)&apos;)</Display>
      <Description>normalize a quaternion</Description>
      <Help>Name:

    normalize_quaternion

Description:

    This block normalizes the quaternion q21. It should be used as a 
    safety measure when computing quaternions.

Inputs  [size] [data type] [unit]:

    attitude quaternion q21  [4] [double] [-]

Outputs  [size] [data type] [unit]:

    normalized attitude quaternion q21  [4] [double] [-]
</Help>
    </Mask>
    <System Ref="system_76712"/>
  </Block>
  <Block BlockType="SubSystem" Name="q_R^0(R)" SID="76725">
    <P Name="Ports">[1, 1, 1]</P>
    <P Name="Position">[5, -164, 115, -116]</P>
    <P Name="ZOrder">15</P>
    <P Name="TreatAsAtomicUnit">on</P>
    <P Name="RequestExecContextInheritance">off</P>
    <P Name="ContentPreviewEnabled">on</P>
    <System Ref="system_76725"/>
  </Block>
  <Block BlockType="SubSystem" Name="q_R^1(R)" SID="76750">
    <P Name="Ports">[1, 1, 1]</P>
    <P Name="Position">[5, -74, 115, -26]</P>
    <P Name="ZOrder">18</P>
    <P Name="TreatAsAtomicUnit">on</P>
    <P Name="RequestExecContextInheritance">off</P>
    <P Name="ContentPreviewEnabled">on</P>
    <System Ref="system_76750"/>
  </Block>
  <Block BlockType="SubSystem" Name="q_R^2(R)" SID="76775">
    <P Name="Ports">[1, 1, 1]</P>
    <P Name="Position">[5, 16, 115, 64]</P>
    <P Name="ZOrder">19</P>
    <P Name="TreatAsAtomicUnit">on</P>
    <P Name="RequestExecContextInheritance">off</P>
    <P Name="ContentPreviewEnabled">on</P>
    <System Ref="system_76775"/>
  </Block>
  <Block BlockType="SubSystem" Name="q_R^3(R)" SID="76800">
    <P Name="Ports">[1, 1, 1]</P>
    <P Name="Position">[5, 106, 115, 154]</P>
    <P Name="ZOrder">20</P>
    <P Name="TreatAsAtomicUnit">on</P>
    <P Name="RequestExecContextInheritance">off</P>
    <P Name="ContentPreviewEnabled">on</P>
    <System Ref="system_76800"/>
  </Block>
  <Block BlockType="Outport" Name="q12" SID="76825">
    <P Name="Position">[670, -2, 700, 12]</P>
    <P Name="ZOrder">-2</P>
    <P Name="BackgroundColor">orange</P>
    <P Name="PortDimensions">[4 1]</P>
    <P Name="VectorParamsAs1DForOutWhenUnconnected">off</P>
  </Block>
  <Line>
    <P Name="ZOrder">1</P>
    <P Name="Src">76700#out:1</P>
    <P Name="Points">[15, 0; 0, -30]</P>
    <P Name="Dst">76708#in:3</P>
  </Line>
  <Line>
    <P Name="ZOrder">2</P>
    <P Name="Src">76708#out:1</P>
    <P Name="Points">[15, 0; 0, -60]</P>
    <P Name="Dst">76706#in:2</P>
  </Line>
  <Line>
    <P Name="ZOrder">3</P>
    <P Name="Src">76707#out:1</P>
    <P Name="Dst">76708#in:2</P>
  </Line>
  <Line>
    <P Name="ZOrder">4</P>
    <P Name="Src">76712#out:1</P>
    <P Name="Points">[14, 0]</P>
    <Branch>
      <P Name="ZOrder">5</P>
      <P Name="Points">[0, 75]</P>
      <P Name="Dst">76707#in:1</P>
    </Branch>
    <Branch>
      <P Name="ZOrder">6</P>
      <P Name="Dst">76706#in:1</P>
    </Branch>
  </Line>
  <Line>
    <P Name="ZOrder">7</P>
    <P Name="Src">76699#out:1</P>
    <P Name="Points">[15, 0; 0, 30]</P>
    <P Name="Dst">76708#in:1</P>
  </Line>
  <Line>
    <P Name="ZOrder">8</P>
    <P Name="Src">76706#out:1</P>
    <P Name="Dst">76825#in:1</P>
  </Line>
  <Line>
    <P Name="ZOrder">9</P>
    <P Name="Src">76705#out:1</P>
    <P Name="Dst">76712#in:1</P>
  </Line>
  <Line>
    <P Name="ZOrder">10</P>
    <P Name="Src">76750#out:1</P>
    <P Name="Dst">76705#in:2</P>
  </Line>
  <Line>
    <P Name="ZOrder">11</P>
    <P Name="Src">76775#out:1</P>
    <P Name="Dst">76705#in:3</P>
  </Line>
  <Line>
    <P Name="ZOrder">12</P>
    <P Name="Src">76800#out:1</P>
    <P Name="Dst">76705#in:4</P>
  </Line>
  <Line>
    <P Name="ZOrder">13</P>
    <P Name="Src">76725#out:1</P>
    <P Name="Dst">76705#in:1</P>
  </Line>
  <Line>
    <P Name="ZOrder">14</P>
    <P Name="Src">76687#out:1</P>
    <P Name="Points">[130, 0]</P>
    <Branch>
      <P Name="ZOrder">15</P>
      <P Name="Dst">76800#enable</P>
    </Branch>
    <Branch>
      <P Name="ZOrder">16</P>
      <P Name="Dst">76704#in:1</P>
    </Branch>
  </Line>
  <Line>
    <P Name="ZOrder">17</P>
    <P Name="Src">76675#out:1</P>
    <P Name="Points">[130, 0]</P>
    <Branch>
      <P Name="ZOrder">18</P>
      <P Name="Dst">76775#enable</P>
    </Branch>
    <Branch>
      <P Name="ZOrder">19</P>
      <P Name="Dst">76703#in:1</P>
    </Branch>
  </Line>
  <Line>
    <P Name="ZOrder">20</P>
    <P Name="Src">76650#out:1</P>
    <P Name="Points">[37, 0]</P>
    <Branch>
      <P Name="ZOrder">21</P>
      <P Name="Points">[461, 0; 0, -160]</P>
      <Branch>
        <P Name="ZOrder">22</P>
        <P Name="Points">[0, -90]</P>
        <Branch>
          <P Name="ZOrder">23</P>
          <P Name="Points">[0, -90]</P>
          <Branch>
            <P Name="ZOrder">24</P>
            <P Name="Points">[0, -90]</P>
            <P Name="Dst">76725#in:1</P>
          </Branch>
          <Branch>
            <P Name="ZOrder">25</P>
            <P Name="Dst">76750#in:1</P>
          </Branch>
        </Branch>
        <Branch>
          <P Name="ZOrder">26</P>
          <P Name="Dst">76775#in:1</P>
        </Branch>
      </Branch>
      <Branch>
        <P Name="ZOrder">27</P>
        <P Name="Dst">76800#in:1</P>
      </Branch>
    </Branch>
    <Branch>
      <P Name="ZOrder">28</P>
      <P Name="Points">[0, -100]</P>
      <Branch>
        <P Name="ZOrder">29</P>
        <P Name="Dst">76711#in:1</P>
      </Branch>
      <Branch>
        <P Name="ZOrder">30</P>
        <P Name="Points">[0, -60]</P>
        <Branch>
          <P Name="ZOrder">31</P>
          <P Name="Dst">76710#in:1</P>
        </Branch>
        <Branch>
          <P Name="ZOrder">32</P>
          <P Name="Points">[0, -60]</P>
          <P Name="Dst">76709#in:1</P>
        </Branch>
      </Branch>
    </Branch>
  </Line>
  <Line>
    <P Name="ZOrder">33</P>
    <P Name="Src">76663#out:1</P>
    <P Name="Points">[130, 0]</P>
    <Branch>
      <P Name="ZOrder">34</P>
      <P Name="Dst">76750#enable</P>
    </Branch>
    <Branch>
      <P Name="ZOrder">35</P>
      <P Name="Dst">76702#in:1</P>
    </Branch>
  </Line>
  <Line>
    <P Name="ZOrder">36</P>
    <P Name="Src">76651#out:1</P>
    <P Name="Points">[130, 0]</P>
    <Branch>
      <P Name="ZOrder">37</P>
      <P Name="Dst">76725#enable</P>
    </Branch>
    <Branch>
      <P Name="ZOrder">38</P>
      <P Name="Dst">76701#in:1</P>
    </Branch>
  </Line>
  <Line>
    <P Name="Name">dcm33</P>
    <P Name="ZOrder">39</P>
    <P Name="Labels">[0, 0]</P>
    <P Name="Src">76711#out:1</P>
    <P Name="Points">[127, 0; 0, -80]</P>
    <Branch>
      <P Name="ZOrder">40</P>
      <P Name="Dst">76687#in:3</P>
    </Branch>
    <Branch>
      <P Name="ZOrder">41</P>
      <P Name="Points">[0, -90]</P>
      <Branch>
        <P Name="ZOrder">42</P>
        <P Name="Dst">76675#in:3</P>
      </Branch>
      <Branch>
        <P Name="ZOrder">43</P>
        <P Name="Points">[0, -90]</P>
        <Branch>
          <P Name="ZOrder">44</P>
          <P Name="Dst">76663#in:3</P>
        </Branch>
        <Branch>
          <P Name="ZOrder">45</P>
          <P Name="Points">[0, -90]</P>
          <P Name="Dst">76651#in:3</P>
        </Branch>
      </Branch>
    </Branch>
  </Line>
  <Line>
    <P Name="Name">dcm22</P>
    <P Name="ZOrder">46</P>
    <P Name="Labels">[0, 0]</P>
    <P Name="Src">76710#out:1</P>
    <P Name="Points">[85, 0; 0, -40]</P>
    <Branch>
      <P Name="ZOrder">47</P>
      <P Name="Dst">76687#in:2</P>
    </Branch>
    <Branch>
      <P Name="ZOrder">48</P>
      <P Name="Points">[0, -90]</P>
      <Branch>
        <P Name="ZOrder">49</P>
        <P Name="Dst">76675#in:2</P>
      </Branch>
      <Branch>
        <P Name="ZOrder">50</P>
        <P Name="Points">[0, -90]</P>
        <Branch>
          <P Name="ZOrder">51</P>
          <P Name="Dst">76663#in:2</P>
        </Branch>
        <Branch>
          <P Name="ZOrder">52</P>
          <P Name="Points">[0, -90]</P>
          <P Name="Dst">76651#in:2</P>
        </Branch>
      </Branch>
    </Branch>
  </Line>
  <Line>
    <P Name="Name">dcm11</P>
    <P Name="ZOrder">53</P>
    <P Name="Labels">[0, 0]</P>
    <P Name="Src">76709#out:1</P>
    <P Name="Points">[42, 0]</P>
    <Branch>
      <P Name="ZOrder">54</P>
      <P Name="Dst">76687#in:1</P>
    </Branch>
    <Branch>
      <P Name="ZOrder">55</P>
      <P Name="Points">[0, -90]</P>
      <Branch>
        <P Name="ZOrder">56</P>
        <P Name="Dst">76675#in:1</P>
      </Branch>
      <Branch>
        <P Name="ZOrder">57</P>
        <P Name="Points">[0, -90]</P>
        <Branch>
          <P Name="ZOrder">58</P>
          <P Name="Dst">76663#in:1</P>
        </Branch>
        <Branch>
          <P Name="ZOrder">59</P>
          <P Name="Points">[0, -90]</P>
          <P Name="Dst">76651#in:1</P>
        </Branch>
      </Branch>
    </Branch>
  </Line>
  <Annotation SID="76827">
    <P Name="Name">Outputs [size]:

quaternion q12 [4x1]</P>
    <P Name="Position">[640, -69, 732, -31]</P>
    <P Name="InternalMargins">[0, 0, 0, 0]</P>
    <P Name="HorizontalAlignment">center</P>
    <P Name="VerticalAlignment">middle</P>
    <P Name="ZOrder">-1</P>
  </Annotation>
  <Annotation SID="76826">
    <P Name="Name">Inputs [size]:

direction cosine matrix T12 [3x3]</P>
    <P Name="Position">[-627, 331, -482, 369]</P>
    <P Name="InternalMargins">[0, 0, 0, 0]</P>
    <P Name="HorizontalAlignment">center</P>
    <P Name="VerticalAlignment">middle</P>
    <P Name="ZOrder">-2</P>
  </Annotation>
</System>
