<?xml version="1.0" encoding="utf-8"?>
<System>
  <P Name="Location">[1, 0, 711, 869]</P>
  <P Name="SystemRect">[0.000000, 0.000000, 0.000000, 0.000000]</P>
  <P Name="SetExecutionDomain">off</P>
  <P Name="ExecutionDomainType">Deduce</P>
  <P Name="SimulinkSubDomain">Simulink</P>
  <Block BlockType="Inport" Name="in" SID="74662:120">
    <P Name="Position">[110, 103, 140, 117]</P>
    <P Name="ZOrder">-1</P>
    <P Name="Unit">deg</P>
  </Block>
  <Block BlockType="UnitConversion" Name="Unit Conversion" SID="74662:121">
    <P Name="Position">[215, 85, 265, 135]</P>
    <P Name="ZOrder">2</P>
  </Block>
  <Block BlockType="Outport" Name="out" SID="74662:122">
    <P Name="Position">[360, 103, 390, 117]</P>
    <P Name="ZOrder">-2</P>
    <P Name="Unit">rad</P>
    <P Name="VectorParamsAs1DForOutWhenUnconnected">off</P>
  </Block>
  <Line>
    <P Name="ZOrder">1</P>
    <P Name="Src">74662:121#out:1</P>
    <P Name="Dst">74662:122#in:1</P>
  </Line>
  <Line>
    <P Name="ZOrder">2</P>
    <P Name="Src">74662:120#out:1</P>
    <P Name="Dst">74662:121#in:1</P>
  </Line>
</System>
