<?xml version="1.0" encoding="utf-8"?>
<System>
  <P Name="Location">[-7, -7, 1481, 871]</P>
  <P Name="SystemRect">[0.000000, 0.000000, 0.000000, 0.000000]</P>
  <P Name="SetExecutionDomain">off</P>
  <P Name="ExecutionDomainType">Deduce</P>
  <P Name="ZoomFactor">132</P>
  <P Name="SimulinkSubDomain">Simulink</P>
  <Block BlockType="Inport" Name="aero" SID="75640">
    <P Name="Position">[920, 63, 950, 77]</P>
    <P Name="ZOrder">1692</P>
    <P Name="BackgroundColor">yellow</P>
    <Port>
      <P Name="PortNumber">1</P>
      <P Name="PropagatedSignals">aero_bus</P>
      <P Name="ShowPropagatedSignals">on</P>
    </Port>
  </Block>
  <Block BlockType="Inport" Name="motion_kin" SID="75641">
    <P Name="Position">[920, 118, 950, 132]</P>
    <P Name="ZOrder">1691</P>
    <P Name="BackgroundColor">yellow</P>
    <P Name="Port">2</P>
    <Port>
      <P Name="PortNumber">1</P>
      <P Name="PropagatedSignals">motion_kin_bus</P>
      <P Name="ShowPropagatedSignals">on</P>
    </Port>
  </Block>
  <Block BlockType="Inport" Name="grav" SID="75642">
    <P Name="Position">[920, 308, 950, 322]</P>
    <P Name="ZOrder">1693</P>
    <P Name="BackgroundColor">yellow</P>
    <P Name="Port">3</P>
    <Port>
      <P Name="PortNumber">1</P>
      <P Name="PropagatedSignals">grav_bus</P>
      <P Name="ShowPropagatedSignals">on</P>
    </Port>
  </Block>
  <Block BlockType="Inport" Name="prp" SID="75643">
    <P Name="Position">[920, 418, 950, 432]</P>
    <P Name="ZOrder">1694</P>
    <P Name="BackgroundColor">yellow</P>
    <P Name="Port">4</P>
    <Port>
      <P Name="PortNumber">1</P>
      <P Name="PropagatedSignals">prp_bus</P>
      <P Name="ShowPropagatedSignals">on</P>
    </Port>
  </Block>
  <Block BlockType="Sum" Name="Add" SID="75644">
    <P Name="Ports">[3, 1]</P>
    <P Name="Position">[1340, 18, 1375, 262]</P>
    <P Name="ZOrder">1688</P>
    <P Name="ShowName">off</P>
    <P Name="IconShape">rectangular</P>
    <P Name="Inputs">+++</P>
    <Port>
      <P Name="PortNumber">1</P>
      <P Name="Name">FBTB</P>
      <P Name="TestPoint">on</P>
      <P Name="DataLogging">on</P>
      <P Name="DataLoggingDecimateData">on</P>
      <P Name="DataLoggingDecimation">SL_decimation</P>
    </Port>
  </Block>
  <Block BlockType="Sum" Name="Add1" SID="75645">
    <P Name="Ports">[2, 1]</P>
    <P Name="Position">[1340, 290, 1375, 485]</P>
    <P Name="ZOrder">1698</P>
    <P Name="ShowName">off</P>
    <P Name="IconShape">rectangular</P>
    <Port>
      <P Name="PortNumber">1</P>
      <P Name="Name">MBTB</P>
      <P Name="TestPoint">on</P>
      <P Name="DataLogging">on</P>
      <P Name="DataLoggingDecimateData">on</P>
      <P Name="DataLoggingDecimation">SL_decimation</P>
    </Port>
  </Block>
  <Block BlockType="BusCreator" Name="Bus&#xA;Creator" SID="75646">
    <P Name="Ports">[2, 1]</P>
    <P Name="Position">[1520, 246, 1525, 284]</P>
    <P Name="ZOrder">1700</P>
    <P Name="ShowName">off</P>
    <P Name="Inputs">2</P>
    <P Name="DisplayOption">bar</P>
    <P Name="InheritFromInputs">on</P>
    <Port>
      <P Name="PortNumber">1</P>
      <P Name="Name">for_mom_bus</P>
    </Port>
  </Block>
  <Block BlockType="BusSelector" Name="Bus&#xA;Selector" SID="75647">
    <P Name="Ports">[1, 2]</P>
    <P Name="Position">[1050, 51, 1055, 89]</P>
    <P Name="ZOrder">1684</P>
    <P Name="ShowName">off</P>
    <P Name="OutputSignals">FBAB,MBAB</P>
    <Port>
      <P Name="PortNumber">1</P>
      <P Name="Name">&lt;FBAB&gt;</P>
    </Port>
    <Port>
      <P Name="PortNumber">2</P>
      <P Name="Name">&lt;MBAB&gt;</P>
    </Port>
  </Block>
  <Block BlockType="BusSelector" Name="Bus&#xA;Selector1" SID="75648">
    <P Name="Ports">[1, 1]</P>
    <P Name="Position">[1050, 106, 1055, 144]</P>
    <P Name="ZOrder">1685</P>
    <P Name="ShowName">off</P>
    <P Name="OutputSignals">TGB</P>
    <Port>
      <P Name="PortNumber">1</P>
      <P Name="Name">&lt;TGB&gt;</P>
    </Port>
  </Block>
  <Block BlockType="BusSelector" Name="Bus&#xA;Selector2" SID="75649">
    <P Name="Ports">[1, 1]</P>
    <P Name="Position">[1050, 296, 1055, 334]</P>
    <P Name="ZOrder">1686</P>
    <P Name="ShowName">off</P>
    <P Name="OutputSignals">FBGG</P>
    <Port>
      <P Name="PortNumber">1</P>
      <P Name="Name">&lt;FBGG&gt;</P>
    </Port>
  </Block>
  <Block BlockType="BusSelector" Name="Bus&#xA;Selector3" SID="75650">
    <P Name="Ports">[1, 2]</P>
    <P Name="Position">[1050, 406, 1055, 444]</P>
    <P Name="ZOrder">1687</P>
    <P Name="ShowName">off</P>
    <P Name="OutputSignals">FBPB,MBPB</P>
    <Port>
      <P Name="PortNumber">1</P>
      <P Name="Name">&lt;FBPB&gt;</P>
    </Port>
    <Port>
      <P Name="PortNumber">2</P>
      <P Name="Name">&lt;MBPB&gt;</P>
    </Port>
  </Block>
  <Block BlockType="Math" Name="Math&#xA;Function" SID="75651">
    <P Name="Ports">[1, 1]</P>
    <P Name="Position">[1100, 110, 1130, 140]</P>
    <P Name="ZOrder">1690</P>
    <P Name="Operator">transpose</P>
    <P Name="SignedPower">on</P>
    <Port>
      <P Name="PortNumber">1</P>
      <P Name="Name">TBG</P>
    </Port>
  </Block>
  <Block BlockType="Product" Name="Product" SID="75652">
    <P Name="Ports">[2, 1]</P>
    <P Name="Position">[1180, 112, 1240, 163]</P>
    <P Name="ZOrder">1689</P>
    <P Name="ShowName">off</P>
    <P Name="Multiplication">Matrix(*)</P>
    <Port>
      <P Name="PortNumber">1</P>
      <P Name="Name">FBGB</P>
      <P Name="DataLogging">on</P>
      <P Name="DataLoggingDecimateData">on</P>
      <P Name="DataLoggingDecimation">SL_decimation</P>
    </Port>
  </Block>
  <Block BlockType="Outport" Name="for_mom_bus" SID="75653">
    <P Name="Position">[1610, 258, 1640, 272]</P>
    <P Name="ZOrder">1696</P>
    <P Name="BackgroundColor">orange</P>
    <P Name="VectorParamsAs1DForOutWhenUnconnected">off</P>
  </Block>
  <Line>
    <P Name="Name">&lt;FBAB&gt;</P>
    <P Name="ZOrder">1</P>
    <P Name="Labels">[0, 1]</P>
    <P Name="Src">75647#out:1</P>
    <P Name="Dst">75644#in:1</P>
  </Line>
  <Line>
    <P Name="Name">&lt;FBGG&gt;</P>
    <P Name="ZOrder">2</P>
    <P Name="Labels">[0, 1]</P>
    <P Name="Src">75649#out:1</P>
    <P Name="Points">[58, 0; 0, -165]</P>
    <P Name="Dst">75652#in:2</P>
  </Line>
  <Line>
    <P Name="Name">&lt;TGB&gt;</P>
    <P Name="ZOrder">3</P>
    <P Name="Labels">[0, 1]</P>
    <P Name="Src">75648#out:1</P>
    <P Name="Dst">75651#in:1</P>
  </Line>
  <Line>
    <P Name="Name">TBG</P>
    <P Name="ZOrder">4</P>
    <P Name="Labels">[0, 1]</P>
    <P Name="Src">75651#out:1</P>
    <P Name="Dst">75652#in:1</P>
  </Line>
  <Line>
    <P Name="ZOrder">5</P>
    <P Name="Labels">[1, 0]</P>
    <P Name="Src">75640#out:1</P>
    <P Name="Dst">75647#in:1</P>
  </Line>
  <Line>
    <P Name="Name">FBGB</P>
    <P Name="ZOrder">6</P>
    <P Name="Labels">[0, 1]</P>
    <P Name="Src">75652#out:1</P>
    <P Name="Dst">75644#in:2</P>
  </Line>
  <Line>
    <P Name="ZOrder">7</P>
    <P Name="Labels">[0, 1]</P>
    <P Name="Src">75643#out:1</P>
    <P Name="Dst">75650#in:1</P>
  </Line>
  <Line>
    <P Name="ZOrder">8</P>
    <P Name="Labels">[1, 0]</P>
    <P Name="Src">75641#out:1</P>
    <P Name="Dst">75648#in:1</P>
  </Line>
  <Line>
    <P Name="Name">FBTB</P>
    <P Name="ZOrder">9</P>
    <P Name="Labels">[0, 1]</P>
    <P Name="Src">75644#out:1</P>
    <P Name="Points">[68, 0; 0, 115]</P>
    <P Name="Dst">75646#in:1</P>
  </Line>
  <Line>
    <P Name="ZOrder">10</P>
    <P Name="Labels">[0, 1]</P>
    <P Name="Src">75642#out:1</P>
    <P Name="Dst">75649#in:1</P>
  </Line>
  <Line>
    <P Name="Name">MBTB</P>
    <P Name="ZOrder">11</P>
    <P Name="Labels">[0, 1]</P>
    <P Name="Src">75645#out:1</P>
    <P Name="Points">[68, 0; 0, -115]</P>
    <P Name="Dst">75646#in:2</P>
  </Line>
  <Line>
    <P Name="Name">&lt;MBAB&gt;</P>
    <P Name="ZOrder">12</P>
    <P Name="Labels">[0, 0]</P>
    <P Name="Src">75647#out:2</P>
    <P Name="Points">[239, 0; 0, 260]</P>
    <P Name="Dst">75645#in:1</P>
  </Line>
  <Line>
    <P Name="Name">&lt;FBPB&gt;</P>
    <P Name="ZOrder">13</P>
    <P Name="Labels">[0, 1]</P>
    <P Name="Src">75650#out:1</P>
    <P Name="Points">[134, 0; 0, -195]</P>
    <P Name="Dst">75644#in:3</P>
  </Line>
  <Line>
    <P Name="Name">for_mom_bus</P>
    <P Name="ZOrder">14</P>
    <P Name="Labels">[1, 0]</P>
    <P Name="Src">75646#out:1</P>
    <P Name="Dst">75653#in:1</P>
  </Line>
  <Line>
    <P Name="Name">&lt;MBPB&gt;</P>
    <P Name="ZOrder">15</P>
    <P Name="Labels">[0, 0]</P>
    <P Name="Src">75650#out:2</P>
    <P Name="Dst">75645#in:2</P>
  </Line>
</System>
