<?xml version="1.0" encoding="utf-8"?>
<System>
  <P Name="Location">[1, 0, 711, 869]</P>
  <P Name="SystemRect">[0.000000, 0.000000, 0.000000, 0.000000]</P>
  <P Name="SetExecutionDomain">off</P>
  <P Name="ExecutionDomainType">Deduce</P>
  <P Name="SimulinkSubDomain">Simulink</P>
  <Block BlockType="Inport" Name="XY" SID="74662:33">
    <P Name="Position">[60, 38, 90, 52]</P>
    <P Name="ZOrder">-1</P>
  </Block>
  <Block BlockType="Inport" Name="mu" SID="74662:34">
    <P Name="Position">[405, 93, 435, 107]</P>
    <P Name="ZOrder">-2</P>
    <P Name="Port">2</P>
  </Block>
  <Block BlockType="SubSystem" Name="Angle Conversion2" SID="74662:115">
    <P Name="Ports">[1, 1]</P>
    <P Name="Position">[70, 166, 110, 184]</P>
    <P Name="ZOrder">25738</P>
    <P Name="ShowName">off</P>
    <P Name="RequestExecContextInheritance">off</P>
    <System Ref="system_74662_115"/>
  </Block>
  <Block BlockType="Demux" Name="Demux" SID="74662:35">
    <P Name="Ports">[1, 2]</P>
    <P Name="Position">[130, 26, 135, 64]</P>
    <P Name="ZOrder">-3</P>
    <P Name="BackgroundColor">black</P>
    <P Name="ShowName">off</P>
    <P Name="Outputs">2</P>
  </Block>
  <Block BlockType="SubSystem" Name="Find Radian/Distance" SID="74662:36">
    <P Name="Ports">[1, 2]</P>
    <P Name="Position">[455, 72, 520, 123]</P>
    <P Name="ZOrder">-4</P>
    <P Name="RequestExecContextInheritance">off</P>
    <System Ref="system_74662_36"/>
  </Block>
  <Block BlockType="Mux" Name="Mux" SID="74662:68">
    <P Name="Ports">[2, 1]</P>
    <P Name="Position">[615, 81, 620, 119]</P>
    <P Name="ZOrder">-5</P>
    <P Name="ShowName">off</P>
    <P Name="Inputs">2</P>
    <P Name="DisplayOption">bar</P>
  </Block>
  <Block BlockType="Trigonometry" Name="SinCos" SID="74662:107">
    <P Name="Ports">[1, 2]</P>
    <P Name="Position">[145, 148, 175, 197]</P>
    <P Name="ZOrder">-6</P>
    <P Name="Operator">sincos</P>
  </Block>
  <Block BlockType="Sum" Name="Sum" SID="74662:70">
    <P Name="Ports">[2, 1]</P>
    <P Name="Position">[385, 35, 405, 55]</P>
    <P Name="ZOrder">-7</P>
    <P Name="ShowName">off</P>
    <P Name="Inputs">|+-</P>
  </Block>
  <Block BlockType="Sum" Name="Sum1" SID="74662:71">
    <P Name="Ports">[2, 1]</P>
    <P Name="Position">[380, 145, 400, 165]</P>
    <P Name="ZOrder">-8</P>
    <P Name="ShowName">off</P>
    <P Name="Inputs">|++</P>
  </Block>
  <Block BlockType="Product" Name="rad lat" SID="74662:73">
    <P Name="Ports">[2, 1]</P>
    <P Name="Position">[565, 37, 595, 68]</P>
    <P Name="ZOrder">-10</P>
    <P Name="RndMeth">Zero</P>
  </Block>
  <Block BlockType="Product" Name="rad long " SID="74662:74">
    <P Name="Ports">[2, 1]</P>
    <P Name="Position">[565, 132, 595, 163]</P>
    <P Name="ZOrder">-11</P>
    <P Name="RndMeth">Zero</P>
  </Block>
  <Block BlockType="Constant" Name="ref_pos" SID="74662:75">
    <P Name="Position">[15, 164, 50, 186]</P>
    <P Name="ZOrder">-12</P>
    <P Name="Value">psi</P>
  </Block>
  <Block BlockType="Product" Name="x*cos" SID="74662:76">
    <P Name="Ports">[2, 1]</P>
    <P Name="Position">[280, 27, 310, 58]</P>
    <P Name="ZOrder">-13</P>
    <P Name="RndMeth">Zero</P>
  </Block>
  <Block BlockType="Product" Name="x*sin" SID="74662:77">
    <P Name="Ports">[2, 1]</P>
    <P Name="Position">[280, 137, 310, 168]</P>
    <P Name="ZOrder">-14</P>
    <P Name="RndMeth">Zero</P>
  </Block>
  <Block BlockType="Product" Name="y*cos" SID="74662:78">
    <P Name="Ports">[2, 1]</P>
    <P Name="Position">[280, 192, 310, 223]</P>
    <P Name="ZOrder">-15</P>
    <P Name="RndMeth">Zero</P>
  </Block>
  <Block BlockType="Product" Name="y*sin" SID="74662:79">
    <P Name="Ports">[2, 1]</P>
    <P Name="Position">[280, 77, 310, 108]</P>
    <P Name="ZOrder">-16</P>
    <P Name="RndMeth">Zero</P>
  </Block>
  <Block BlockType="Outport" Name="DeltaLL_rad" SID="74662:80">
    <P Name="Position">[650, 93, 680, 107]</P>
    <P Name="ZOrder">-17</P>
    <P Name="VectorParamsAs1DForOutWhenUnconnected">off</P>
  </Block>
  <Line>
    <P Name="ZOrder">1</P>
    <P Name="Src">74662:34#out:1</P>
    <P Name="Dst">74662:36#in:1</P>
  </Line>
  <Line>
    <P Name="ZOrder">2</P>
    <P Name="Src">74662:36#out:1</P>
    <P Name="Points">[25, 0]</P>
    <P Name="Dst">74662:73#in:2</P>
  </Line>
  <Line>
    <P Name="ZOrder">3</P>
    <P Name="Src">74662:36#out:2</P>
    <P Name="Points">[25, 0]</P>
    <P Name="Dst">74662:74#in:1</P>
  </Line>
  <Line>
    <P Name="ZOrder">4</P>
    <P Name="Src">74662:73#out:1</P>
    <P Name="Dst">74662:68#in:1</P>
  </Line>
  <Line>
    <P Name="ZOrder">5</P>
    <P Name="Src">74662:74#out:1</P>
    <P Name="Dst">74662:68#in:2</P>
  </Line>
  <Line>
    <P Name="ZOrder">6</P>
    <P Name="Src">74662:68#out:1</P>
    <P Name="Dst">74662:80#in:1</P>
  </Line>
  <Line>
    <P Name="ZOrder">7</P>
    <P Name="Src">74662:115#out:1</P>
    <P Name="Dst">74662:107#in:1</P>
  </Line>
  <Line>
    <P Name="ZOrder">8</P>
    <P Name="Src">74662:35#out:2</P>
    <P Name="Points">[50, 0; 0, 30; 45, 0]</P>
    <Branch>
      <P Name="ZOrder">9</P>
      <P Name="Points">[0, 115]</P>
      <P Name="Dst">74662:78#in:1</P>
    </Branch>
    <Branch>
      <P Name="ZOrder">10</P>
      <P Name="Dst">74662:79#in:1</P>
    </Branch>
  </Line>
  <Line>
    <P Name="ZOrder">11</P>
    <P Name="Src">74662:71#out:1</P>
    <P Name="Dst">74662:74#in:2</P>
  </Line>
  <Line>
    <P Name="ZOrder">12</P>
    <P Name="Src">74662:78#out:1</P>
    <P Name="Points">[75, 0]</P>
    <P Name="Dst">74662:71#in:2</P>
  </Line>
  <Line>
    <P Name="ZOrder">13</P>
    <P Name="Src">74662:77#out:1</P>
    <P Name="Dst">74662:71#in:1</P>
  </Line>
  <Line>
    <P Name="ZOrder">14</P>
    <P Name="Src">74662:70#out:1</P>
    <P Name="Dst">74662:73#in:1</P>
  </Line>
  <Line>
    <P Name="ZOrder">15</P>
    <P Name="Src">74662:79#out:1</P>
    <P Name="Points">[80, 0]</P>
    <P Name="Dst">74662:70#in:2</P>
  </Line>
  <Line>
    <P Name="ZOrder">16</P>
    <P Name="Src">74662:107#out:1</P>
    <P Name="Points">[10, 0]</P>
    <Branch>
      <P Name="ZOrder">17</P>
      <P Name="Dst">74662:77#in:2</P>
    </Branch>
    <Branch>
      <P Name="ZOrder">18</P>
      <P Name="Points">[0, -60]</P>
      <P Name="Dst">74662:79#in:2</P>
    </Branch>
  </Line>
  <Line>
    <P Name="ZOrder">19</P>
    <P Name="Src">74662:76#out:1</P>
    <P Name="Dst">74662:70#in:1</P>
  </Line>
  <Line>
    <P Name="ZOrder">20</P>
    <P Name="Src">74662:107#out:2</P>
    <P Name="Points">[35, 0]</P>
    <Branch>
      <P Name="ZOrder">21</P>
      <P Name="Points">[0, 30]</P>
      <P Name="Dst">74662:78#in:2</P>
    </Branch>
    <Branch>
      <P Name="ZOrder">22</P>
      <P Name="Points">[0, -135]</P>
      <P Name="Dst">74662:76#in:2</P>
    </Branch>
  </Line>
  <Line>
    <P Name="ZOrder">23</P>
    <P Name="Src">74662:35#out:1</P>
    <P Name="Points">[110, 0]</P>
    <Branch>
      <P Name="ZOrder">24</P>
      <P Name="Points">[0, 110]</P>
      <P Name="Dst">74662:77#in:1</P>
    </Branch>
    <Branch>
      <P Name="ZOrder">25</P>
      <P Name="Dst">74662:76#in:1</P>
    </Branch>
  </Line>
  <Line>
    <P Name="ZOrder">26</P>
    <P Name="Src">74662:33#out:1</P>
    <P Name="Dst">74662:35#in:1</P>
  </Line>
  <Line>
    <P Name="ZOrder">27</P>
    <P Name="Src">74662:75#out:1</P>
    <P Name="Dst">74662:115#in:1</P>
  </Line>
</System>
