<?xml version="1.0" encoding="utf-8"?>
<System>
  <P Name="Location">[-7, -7, 1481, 871]</P>
  <P Name="SystemRect">[0.000000, 0.000000, 0.000000, 0.000000]</P>
  <P Name="SetExecutionDomain">off</P>
  <P Name="ExecutionDomainType">Deduce</P>
  <P Name="ZoomFactor">251</P>
  <P Name="SimulinkSubDomain">Simulink</P>
  <Block BlockType="Inport" Name="a_vB" SID="77175">
    <P Name="Position">[165, 33, 195, 47]</P>
    <P Name="ZOrder">1714</P>
    <P Name="BackgroundColor">yellow</P>
    <Port>
      <P Name="PortNumber">1</P>
      <P Name="PropagatedSignals">a_vB</P>
      <P Name="ShowPropagatedSignals">on</P>
    </Port>
  </Block>
  <Block BlockType="Inport" Name="wBIB" SID="77176">
    <P Name="Position">[165, 193, 195, 207]</P>
    <P Name="ZOrder">1715</P>
    <P Name="BackgroundColor">yellow</P>
    <P Name="Port">2</P>
    <Port>
      <P Name="PortNumber">1</P>
      <P Name="PropagatedSignals">wBIB</P>
      <P Name="ShowPropagatedSignals">on</P>
    </Port>
  </Block>
  <Block BlockType="Constant" Name="Constant1" SID="77177">
    <P Name="Position">[155, 70, 205, 90]</P>
    <P Name="ZOrder">1708</P>
    <P Name="ShowName">off</P>
    <P Name="AttributesFormatString">%&lt;Value&gt;</P>
    <P Name="Value">Aerodynamics.lref</P>
  </Block>
  <Block BlockType="Constant" Name="Constant2" SID="77178">
    <P Name="Position">[270, 110, 300, 130]</P>
    <P Name="ZOrder">1720</P>
    <P Name="ShowName">off</P>
    <P Name="Value">2</P>
  </Block>
  <Block BlockType="Demux" Name="Demux" SID="77179">
    <P Name="Ports">[1, 3]</P>
    <P Name="Position">[270, 136, 275, 264]</P>
    <P Name="ZOrder">1707</P>
    <P Name="ShowName">off</P>
    <P Name="Outputs">3</P>
  </Block>
  <Block BlockType="Product" Name="Divide1" SID="77180">
    <P Name="Ports">[3, 1]</P>
    <P Name="Position">[340, 19, 365, 141]</P>
    <P Name="ZOrder">1709</P>
    <P Name="ShowName">off</P>
    <P Name="Inputs">/*/</P>
  </Block>
  <Block BlockType="Product" Name="Product2" SID="77181">
    <P Name="Ports">[2, 1]</P>
    <P Name="Position">[480, 137, 510, 168]</P>
    <P Name="ZOrder">1710</P>
    <P Name="ShowName">off</P>
    <Port>
      <P Name="PortNumber">1</P>
      <P Name="Name">pBIB_star</P>
    </Port>
  </Block>
  <Block BlockType="Product" Name="Product3" SID="77182">
    <P Name="Ports">[2, 1]</P>
    <P Name="Position">[480, 177, 510, 208]</P>
    <P Name="ZOrder">1711</P>
    <P Name="ShowName">off</P>
    <Port>
      <P Name="PortNumber">1</P>
      <P Name="Name">qBIB_star</P>
    </Port>
  </Block>
  <Block BlockType="Product" Name="Product4" SID="77183">
    <P Name="Ports">[2, 1]</P>
    <P Name="Position">[480, 217, 510, 248]</P>
    <P Name="ZOrder">1712</P>
    <P Name="ShowName">off</P>
    <Port>
      <P Name="PortNumber">1</P>
      <P Name="Name">rBIB_star</P>
    </Port>
  </Block>
  <Block BlockType="Saturate" Name="Saturation1" SID="77184">
    <P Name="Position">[255, 25, 285, 55]</P>
    <P Name="ZOrder">1713</P>
    <P Name="ShowName">off</P>
    <P Name="AttributesFormatString">%&lt;UpperLimit&gt;
%&lt;LowerLimit&gt;</P>
    <P Name="UpperLimit">inf</P>
    <P Name="LowerLimit">100*eps</P>
  </Block>
  <Block BlockType="Concatenate" Name="Vector&#xA;Concatenate" SID="77185">
    <P Name="Ports">[3, 1]</P>
    <P Name="Position">[570, 135, 575, 255]</P>
    <P Name="ZOrder">1719</P>
    <P Name="ShowName">off</P>
    <P Name="NumInputs">3</P>
    <Port>
      <P Name="PortNumber">1</P>
      <P Name="Name">wBIB_star</P>
    </Port>
  </Block>
  <Block BlockType="Outport" Name="wBIB_star" SID="77186">
    <P Name="Position">[655, 188, 685, 202]</P>
    <P Name="ZOrder">1716</P>
    <P Name="BackgroundColor">orange</P>
    <P Name="VectorParamsAs1DForOutWhenUnconnected">off</P>
  </Block>
  <Line>
    <P Name="ZOrder">1</P>
    <P Name="Src">77179#out:2</P>
    <P Name="Dst">77182#in:2</P>
  </Line>
  <Line>
    <P Name="ZOrder">2</P>
    <P Name="Src">77180#out:1</P>
    <P Name="Points">[39, 0; 0, 65]</P>
    <Branch>
      <P Name="ZOrder">3</P>
      <P Name="Points">[0, 40]</P>
      <Branch>
        <P Name="ZOrder">4</P>
        <P Name="Points">[0, 40]</P>
        <P Name="Dst">77183#in:1</P>
      </Branch>
      <Branch>
        <P Name="ZOrder">5</P>
        <P Name="Dst">77182#in:1</P>
      </Branch>
    </Branch>
    <Branch>
      <P Name="ZOrder">6</P>
      <P Name="Dst">77181#in:1</P>
    </Branch>
  </Line>
  <Line>
    <P Name="ZOrder">7</P>
    <P Name="Src">77179#out:3</P>
    <P Name="Dst">77183#in:2</P>
  </Line>
  <Line>
    <P Name="ZOrder">8</P>
    <P Name="Labels">[0, 1]</P>
    <P Name="Src">77175#out:1</P>
    <P Name="Dst">77184#in:1</P>
  </Line>
  <Line>
    <P Name="ZOrder">9</P>
    <P Name="Labels">[0, 1]</P>
    <P Name="Src">77176#out:1</P>
    <P Name="Dst">77179#in:1</P>
  </Line>
  <Line>
    <P Name="Name">qBIB_star</P>
    <P Name="ZOrder">10</P>
    <P Name="Labels">[0, 1]</P>
    <P Name="Src">77182#out:1</P>
    <P Name="Dst">77185#in:2</P>
  </Line>
  <Line>
    <P Name="ZOrder">11</P>
    <P Name="Src">77179#out:1</P>
    <P Name="Dst">77181#in:2</P>
  </Line>
  <Line>
    <P Name="ZOrder">12</P>
    <P Name="Src">77184#out:1</P>
    <P Name="Dst">77180#in:1</P>
  </Line>
  <Line>
    <P Name="ZOrder">13</P>
    <P Name="Src">77177#out:1</P>
    <P Name="Dst">77180#in:2</P>
  </Line>
  <Line>
    <P Name="Name">rBIB_star</P>
    <P Name="ZOrder">14</P>
    <P Name="Labels">[0, 1]</P>
    <P Name="Src">77183#out:1</P>
    <P Name="Dst">77185#in:3</P>
  </Line>
  <Line>
    <P Name="Name">pBIB_star</P>
    <P Name="ZOrder">15</P>
    <P Name="Labels">[0, 1]</P>
    <P Name="Src">77181#out:1</P>
    <P Name="Dst">77185#in:1</P>
  </Line>
  <Line>
    <P Name="Name">wBIB_star</P>
    <P Name="ZOrder">16</P>
    <P Name="Labels">[0, 1]</P>
    <P Name="Src">77185#out:1</P>
    <P Name="Dst">77186#in:1</P>
  </Line>
  <Line>
    <P Name="ZOrder">17</P>
    <P Name="Src">77178#out:1</P>
    <P Name="Dst">77180#in:3</P>
  </Line>
</System>
