<?xml version="1.0" encoding="utf-8"?>
<System>
  <P Name="Location">[-1687, -7, 7, 1018]</P>
  <P Name="SystemRect">[0.000000, 0.000000, 0.000000, 0.000000]</P>
  <P Name="SetExecutionDomain">off</P>
  <P Name="ExecutionDomainType">Deduce</P>
  <P Name="SimulinkSubDomain">Simulink</P>
  <Block BlockType="Inport" Name="DCM" SID="79520">
    <P Name="Position">[-435, 43, -405, 57]</P>
    <P Name="ZOrder">-1</P>
    <P Name="BackgroundColor">yellow</P>
  </Block>
  <Block BlockType="EnablePort" Name="q_R^0(R) = TRUE" SID="79521">
    <P Name="Ports">[]</P>
    <P Name="Position">[-450, -250, -430, -230]</P>
    <P Name="ZOrder">-2</P>
  </Block>
  <Block BlockType="Sqrt" Name="(1+r11+r22+r33)^1/2" SID="79522">
    <P Name="Position">[-110, 240, -80, 270]</P>
    <P Name="ZOrder">15</P>
  </Block>
  <Block BlockType="Sum" Name="Add" SID="79523">
    <P Name="Ports">[4, 1]</P>
    <P Name="Position">[-185, 179, -145, 326]</P>
    <P Name="ZOrder">13</P>
    <P Name="ShowName">off</P>
    <P Name="IconShape">rectangular</P>
    <P Name="Inputs">++++</P>
  </Block>
  <Block BlockType="Constant" Name="Constant" SID="79524">
    <P Name="Position">[-280, 190, -255, 210]</P>
    <P Name="ZOrder">14</P>
    <P Name="ForegroundColor">orange</P>
    <P Name="ShowName">off</P>
  </Block>
  <Block BlockType="Product" Name="Divide" SID="79525">
    <P Name="Ports">[2, 1]</P>
    <P Name="Position">[65, 94, 95, 161]</P>
    <P Name="ZOrder">19</P>
    <P Name="ShowName">off</P>
    <P Name="Inputs">*/</P>
    <Port>
      <P Name="PortNumber">1</P>
      <P Name="Name">q3</P>
    </Port>
  </Block>
  <Block BlockType="Product" Name="Divide1" SID="79526">
    <P Name="Ports">[2, 1]</P>
    <P Name="Position">[65, -31, 95, 36]</P>
    <P Name="ZOrder">20</P>
    <P Name="ShowName">off</P>
    <P Name="Inputs">*/</P>
    <Port>
      <P Name="PortNumber">1</P>
      <P Name="Name">q2</P>
    </Port>
  </Block>
  <Block BlockType="Product" Name="Divide2" SID="79527">
    <P Name="Ports">[2, 1]</P>
    <P Name="Position">[65, -156, 95, -89]</P>
    <P Name="ZOrder">21</P>
    <P Name="ShowName">off</P>
    <P Name="Inputs">*/</P>
    <Port>
      <P Name="PortNumber">1</P>
      <P Name="Name">q1</P>
    </Port>
  </Block>
  <Block BlockType="Gain" Name="Gain" SID="79528">
    <P Name="Position">[170, 55, 200, 85]</P>
    <P Name="ZOrder">27</P>
    <P Name="ShowName">off</P>
    <P Name="Gain">0.5</P>
  </Block>
  <Block BlockType="Saturate" Name="Saturation" SID="79529">
    <P Name="Position">[-25, 240, 5, 270]</P>
    <P Name="ZOrder">28</P>
    <P Name="AttributesFormatString">%&lt;UpperLimit&gt;
%&lt;LowerLimit&gt;</P>
    <P Name="UpperLimit">inf</P>
    <P Name="LowerLimit">eps</P>
    <Port>
      <P Name="PortNumber">1</P>
      <P Name="Name">q4</P>
    </Port>
  </Block>
  <Block BlockType="Sum" Name="Subtract" SID="79530">
    <P Name="Ports">[2, 1]</P>
    <P Name="Position">[-185, -197, -145, -88]</P>
    <P Name="ZOrder">16</P>
    <P Name="ShowName">off</P>
    <P Name="IconShape">rectangular</P>
    <P Name="Inputs">+-</P>
    <Port>
      <P Name="PortNumber">1</P>
      <P Name="Name">dcm23-dcm32</P>
    </Port>
  </Block>
  <Block BlockType="Sum" Name="Subtract1" SID="79531">
    <P Name="Ports">[2, 1]</P>
    <P Name="Position">[-185, 53, -145, 162]</P>
    <P Name="ZOrder">17</P>
    <P Name="ShowName">off</P>
    <P Name="IconShape">rectangular</P>
    <P Name="Inputs">+-</P>
    <Port>
      <P Name="PortNumber">1</P>
      <P Name="Name">dcm12-dcm21</P>
    </Port>
  </Block>
  <Block BlockType="Sum" Name="Subtract2" SID="79532">
    <P Name="Ports">[2, 1]</P>
    <P Name="Position">[-185, -72, -145, 37]</P>
    <P Name="ZOrder">18</P>
    <P Name="ShowName">off</P>
    <P Name="IconShape">rectangular</P>
    <P Name="Inputs">+-</P>
    <Port>
      <P Name="PortNumber">1</P>
      <P Name="Name">dcm31-dcm13</P>
    </Port>
  </Block>
  <Block BlockType="Concatenate" Name="Vector&#xA;Concatenate" SID="79533">
    <P Name="Ports">[4, 1]</P>
    <P Name="Position">[130, -179, 135, 314]</P>
    <P Name="ZOrder">22</P>
    <P Name="ShowName">off</P>
    <P Name="NumInputs">4</P>
  </Block>
  <Block BlockType="Selector" Name="dcm11" SID="79534">
    <P Name="Ports">[1, 1]</P>
    <P Name="Position">[-290, 226, -250, 244]</P>
    <P Name="ZOrder">4</P>
    <P Name="NumberOfDimensions">2</P>
    <P Name="IndexMode">Zero-based</P>
    <P Name="InputPortWidth">3</P>
    <P Name="IndexOptions">Index vector (dialog),Index vector (dialog)</P>
    <P Name="Indices">0,0</P>
    <P Name="OutputSizes">1,1</P>
    <Port>
      <P Name="PortNumber">1</P>
      <P Name="Name">dcm11</P>
    </Port>
  </Block>
  <Block BlockType="Selector" Name="dcm12" SID="79535">
    <P Name="Ports">[1, 1]</P>
    <P Name="Position">[-290, 71, -250, 89]</P>
    <P Name="ZOrder">7</P>
    <P Name="NumberOfDimensions">2</P>
    <P Name="IndexMode">Zero-based</P>
    <P Name="InputPortWidth">3</P>
    <P Name="IndexOptions">Index vector (dialog),Index vector (dialog)</P>
    <P Name="Indices">0,1</P>
    <P Name="OutputSizes">1,1</P>
    <Port>
      <P Name="PortNumber">1</P>
      <P Name="Name">dcm12</P>
    </Port>
  </Block>
  <Block BlockType="Selector" Name="dcm13" SID="79536">
    <P Name="Ports">[1, 1]</P>
    <P Name="Position">[-290, 1, -250, 19]</P>
    <P Name="ZOrder">8</P>
    <P Name="NumberOfDimensions">2</P>
    <P Name="IndexMode">Zero-based</P>
    <P Name="InputPortWidth">3</P>
    <P Name="IndexOptions">Index vector (dialog),Index vector (dialog)</P>
    <P Name="Indices">0,2</P>
    <P Name="OutputSizes">1,1</P>
    <Port>
      <P Name="PortNumber">1</P>
      <P Name="Name">dcm13</P>
    </Port>
  </Block>
  <Block BlockType="Selector" Name="dcm21" SID="79537">
    <P Name="Ports">[1, 1]</P>
    <P Name="Position">[-290, 126, -250, 144]</P>
    <P Name="ZOrder">9</P>
    <P Name="NumberOfDimensions">2</P>
    <P Name="IndexMode">Zero-based</P>
    <P Name="InputPortWidth">3</P>
    <P Name="IndexOptions">Index vector (dialog),Index vector (dialog)</P>
    <P Name="Indices">1,0</P>
    <P Name="OutputSizes">1,1</P>
    <Port>
      <P Name="PortNumber">1</P>
      <P Name="Name">dcm21</P>
    </Port>
  </Block>
  <Block BlockType="Selector" Name="dcm22" SID="79538">
    <P Name="Ports">[1, 1]</P>
    <P Name="Position">[-290, 261, -250, 279]</P>
    <P Name="ZOrder">5</P>
    <P Name="NumberOfDimensions">2</P>
    <P Name="IndexMode">Zero-based</P>
    <P Name="InputPortWidth">3</P>
    <P Name="IndexOptions">Index vector (dialog),Index vector (dialog)</P>
    <P Name="Indices">1,1</P>
    <P Name="OutputSizes">1,1</P>
    <Port>
      <P Name="PortNumber">1</P>
      <P Name="Name">dcm22</P>
    </Port>
  </Block>
  <Block BlockType="Selector" Name="dcm23" SID="79539">
    <P Name="Ports">[1, 1]</P>
    <P Name="Position">[-290, -179, -250, -161]</P>
    <P Name="ZOrder">11</P>
    <P Name="NumberOfDimensions">2</P>
    <P Name="IndexMode">Zero-based</P>
    <P Name="InputPortWidth">3</P>
    <P Name="IndexOptions">Index vector (dialog),Index vector (dialog)</P>
    <P Name="Indices">1,2</P>
    <P Name="OutputSizes">1,1</P>
    <Port>
      <P Name="PortNumber">1</P>
      <P Name="Name">dcm23</P>
    </Port>
  </Block>
  <Block BlockType="Selector" Name="dcm31" SID="79540">
    <P Name="Ports">[1, 1]</P>
    <P Name="Position">[-290, -54, -250, -36]</P>
    <P Name="ZOrder">10</P>
    <P Name="NumberOfDimensions">2</P>
    <P Name="IndexMode">Zero-based</P>
    <P Name="InputPortWidth">3</P>
    <P Name="IndexOptions">Index vector (dialog),Index vector (dialog)</P>
    <P Name="Indices">2,0</P>
    <P Name="OutputSizes">1,1</P>
    <Port>
      <P Name="PortNumber">1</P>
      <P Name="Name">dcm31</P>
    </Port>
  </Block>
  <Block BlockType="Selector" Name="dcm32" SID="79541">
    <P Name="Ports">[1, 1]</P>
    <P Name="Position">[-290, -124, -250, -106]</P>
    <P Name="ZOrder">12</P>
    <P Name="NumberOfDimensions">2</P>
    <P Name="IndexMode">Zero-based</P>
    <P Name="InputPortWidth">3</P>
    <P Name="IndexOptions">Index vector (dialog),Index vector (dialog)</P>
    <P Name="Indices">2,1</P>
    <P Name="OutputSizes">1,1</P>
    <Port>
      <P Name="PortNumber">1</P>
      <P Name="Name">dcm32</P>
    </Port>
  </Block>
  <Block BlockType="Selector" Name="dcm33" SID="79542">
    <P Name="Ports">[1, 1]</P>
    <P Name="Position">[-290, 296, -250, 314]</P>
    <P Name="ZOrder">6</P>
    <P Name="NumberOfDimensions">2</P>
    <P Name="IndexMode">Zero-based</P>
    <P Name="InputPortWidth">3</P>
    <P Name="IndexOptions">Index vector (dialog),Index vector (dialog)</P>
    <P Name="Indices">2,2</P>
    <P Name="OutputSizes">1,1</P>
    <Port>
      <P Name="PortNumber">1</P>
      <P Name="Name">dcm33</P>
    </Port>
  </Block>
  <Block BlockType="Outport" Name="q_R^0(R)" SID="79543">
    <P Name="Position">[275, 63, 305, 77]</P>
    <P Name="ZOrder">-3</P>
    <P Name="BackgroundColor">orange</P>
    <P Name="VectorParamsAs1DForOutWhenUnconnected">off</P>
  </Block>
  <Line>
    <P Name="Name">q4</P>
    <P Name="ZOrder">1</P>
    <P Name="Src">79529#out:1</P>
    <P Name="Points">[22, 0]</P>
    <Branch>
      <P Name="ZOrder">2</P>
      <P Name="Points">[0, -110]</P>
      <Branch>
        <P Name="ZOrder">3</P>
        <P Name="Dst">79525#in:2</P>
      </Branch>
      <Branch>
        <P Name="ZOrder">4</P>
        <P Name="Points">[0, -125]</P>
        <Branch>
          <P Name="ZOrder">5</P>
          <P Name="Dst">79526#in:2</P>
        </Branch>
        <Branch>
          <P Name="ZOrder">6</P>
          <P Name="Points">[0, -125]</P>
          <P Name="Dst">79527#in:2</P>
        </Branch>
      </Branch>
    </Branch>
    <Branch>
      <P Name="ZOrder">7</P>
      <P Name="Labels">[1, 1]</P>
      <P Name="Dst">79533#in:4</P>
    </Branch>
  </Line>
  <Line>
    <P Name="ZOrder">8</P>
    <P Name="Src">79528#out:1</P>
    <P Name="Dst">79543#in:1</P>
  </Line>
  <Line>
    <P Name="ZOrder">9</P>
    <P Name="Src">79533#out:1</P>
    <P Name="Dst">79528#in:1</P>
  </Line>
  <Line>
    <P Name="Name">q3</P>
    <P Name="ZOrder">10</P>
    <P Name="Labels">[1, 1]</P>
    <P Name="Src">79525#out:1</P>
    <P Name="Dst">79533#in:3</P>
  </Line>
  <Line>
    <P Name="Name">q2</P>
    <P Name="ZOrder">11</P>
    <P Name="Labels">[1, 1]</P>
    <P Name="Src">79526#out:1</P>
    <P Name="Dst">79533#in:2</P>
  </Line>
  <Line>
    <P Name="Name">q1</P>
    <P Name="ZOrder">12</P>
    <P Name="Labels">[1, 1]</P>
    <P Name="Src">79527#out:1</P>
    <P Name="Dst">79533#in:1</P>
  </Line>
  <Line>
    <P Name="ZOrder">13</P>
    <P Name="Src">79522#out:1</P>
    <P Name="Dst">79529#in:1</P>
  </Line>
  <Line>
    <P Name="Name">dcm23-dcm32</P>
    <P Name="ZOrder">14</P>
    <P Name="Labels">[0, 0]</P>
    <P Name="Src">79530#out:1</P>
    <P Name="Dst">79527#in:1</P>
  </Line>
  <Line>
    <P Name="Name">dcm31-dcm13</P>
    <P Name="ZOrder">15</P>
    <P Name="Labels">[0, 0]</P>
    <P Name="Src">79532#out:1</P>
    <P Name="Dst">79526#in:1</P>
  </Line>
  <Line>
    <P Name="Name">dcm12-dcm21</P>
    <P Name="ZOrder">16</P>
    <P Name="Labels">[0, 0]</P>
    <P Name="Src">79531#out:1</P>
    <P Name="Dst">79525#in:1</P>
  </Line>
  <Line>
    <P Name="Name">dcm12</P>
    <P Name="ZOrder">17</P>
    <P Name="Labels">[0, 0]</P>
    <P Name="Src">79535#out:1</P>
    <P Name="Dst">79531#in:1</P>
  </Line>
  <Line>
    <P Name="Name">dcm21</P>
    <P Name="ZOrder">18</P>
    <P Name="Labels">[0, 0]</P>
    <P Name="Src">79537#out:1</P>
    <P Name="Dst">79531#in:2</P>
  </Line>
  <Line>
    <P Name="Name">dcm13</P>
    <P Name="ZOrder">19</P>
    <P Name="Labels">[0, 0]</P>
    <P Name="Src">79536#out:1</P>
    <P Name="Dst">79532#in:2</P>
  </Line>
  <Line>
    <P Name="Name">dcm31</P>
    <P Name="ZOrder">20</P>
    <P Name="Labels">[0, 0]</P>
    <P Name="Src">79540#out:1</P>
    <P Name="Dst">79532#in:1</P>
  </Line>
  <Line>
    <P Name="Name">dcm32</P>
    <P Name="ZOrder">21</P>
    <P Name="Labels">[0, 0]</P>
    <P Name="Src">79541#out:1</P>
    <P Name="Dst">79530#in:2</P>
  </Line>
  <Line>
    <P Name="Name">dcm23</P>
    <P Name="ZOrder">22</P>
    <P Name="Labels">[0, 0]</P>
    <P Name="Src">79539#out:1</P>
    <P Name="Dst">79530#in:1</P>
  </Line>
  <Line>
    <P Name="ZOrder">23</P>
    <P Name="Src">79523#out:1</P>
    <P Name="Dst">79522#in:1</P>
  </Line>
  <Line>
    <P Name="Name">dcm33</P>
    <P Name="ZOrder">24</P>
    <P Name="Labels">[0, 0]</P>
    <P Name="Src">79542#out:1</P>
    <P Name="Dst">79523#in:4</P>
  </Line>
  <Line>
    <P Name="Name">dcm22</P>
    <P Name="ZOrder">25</P>
    <P Name="Labels">[0, 0]</P>
    <P Name="Src">79538#out:1</P>
    <P Name="Dst">79523#in:3</P>
  </Line>
  <Line>
    <P Name="Name">dcm11</P>
    <P Name="ZOrder">26</P>
    <P Name="Labels">[0, 0]</P>
    <P Name="Src">79534#out:1</P>
    <P Name="Dst">79523#in:2</P>
  </Line>
  <Line>
    <P Name="ZOrder">27</P>
    <P Name="Src">79524#out:1</P>
    <P Name="Dst">79523#in:1</P>
  </Line>
  <Line>
    <P Name="ZOrder">28</P>
    <P Name="Src">79520#out:1</P>
    <P Name="Points">[42, 0]</P>
    <Branch>
      <P Name="ZOrder">29</P>
      <P Name="Points">[0, 30]</P>
      <Branch>
        <P Name="ZOrder">30</P>
        <P Name="Dst">79535#in:1</P>
      </Branch>
      <Branch>
        <P Name="ZOrder">31</P>
        <P Name="Points">[0, 55]</P>
        <Branch>
          <P Name="ZOrder">32</P>
          <P Name="Points">[0, 100]</P>
          <Branch>
            <P Name="ZOrder">33</P>
            <P Name="Dst">79534#in:1</P>
          </Branch>
          <Branch>
            <P Name="ZOrder">34</P>
            <P Name="Points">[0, 35]</P>
            <Branch>
              <P Name="ZOrder">35</P>
              <P Name="Dst">79538#in:1</P>
            </Branch>
            <Branch>
              <P Name="ZOrder">36</P>
              <P Name="Points">[0, 35]</P>
              <P Name="Dst">79542#in:1</P>
            </Branch>
          </Branch>
        </Branch>
        <Branch>
          <P Name="ZOrder">37</P>
          <P Name="Dst">79537#in:1</P>
        </Branch>
      </Branch>
    </Branch>
    <Branch>
      <P Name="ZOrder">38</P>
      <P Name="Points">[0, -40]</P>
      <Branch>
        <P Name="ZOrder">39</P>
        <P Name="Dst">79536#in:1</P>
      </Branch>
      <Branch>
        <P Name="ZOrder">40</P>
        <P Name="Points">[0, -55]</P>
        <Branch>
          <P Name="ZOrder">41</P>
          <P Name="Dst">79540#in:1</P>
        </Branch>
        <Branch>
          <P Name="ZOrder">42</P>
          <P Name="Points">[0, -70]</P>
          <Branch>
            <P Name="ZOrder">43</P>
            <P Name="Points">[0, -55]</P>
            <P Name="Dst">79539#in:1</P>
          </Branch>
          <Branch>
            <P Name="ZOrder">44</P>
            <P Name="Dst">79541#in:1</P>
          </Branch>
        </Branch>
      </Branch>
    </Branch>
  </Line>
</System>
