<?xml version="1.0" encoding="utf-8"?>
<System>
  <P Name="Location">[-1927, -543, 8, 632]</P>
  <P Name="SystemRect">[0.000000, 0.000000, 0.000000, 0.000000]</P>
  <P Name="SetExecutionDomain">off</P>
  <P Name="ExecutionDomainType">Deduce</P>
  <P Name="SimulinkSubDomain">Simulink</P>
  <Block BlockType="Inport" Name="b" SID="75405">
    <P Name="Position">[-180, 73, -150, 87]</P>
    <P Name="ZOrder">26</P>
    <P Name="BackgroundColor">yellow</P>
  </Block>
  <Block BlockType="Inport" Name="a" SID="75406">
    <P Name="Position">[-180, 138, -150, 152]</P>
    <P Name="ZOrder">27</P>
    <P Name="BackgroundColor">yellow</P>
    <P Name="Port">2</P>
  </Block>
  <Block BlockType="Sum" Name="Add" SID="75407">
    <P Name="Ports">[2, 1]</P>
    <P Name="Position">[155, 97, 185, 128]</P>
    <P Name="ZOrder">15</P>
    <P Name="ShowName">off</P>
    <P Name="IconShape">rectangular</P>
    <P Name="Inputs">-+</P>
  </Block>
  <Block BlockType="Sum" Name="Add1" SID="75408">
    <P Name="Ports">[2, 1]</P>
    <P Name="Position">[310, 102, 340, 133]</P>
    <P Name="ZOrder">18</P>
    <P Name="ShowName">off</P>
    <P Name="IconShape">rectangular</P>
    <P Name="Inputs">+-</P>
  </Block>
  <Block BlockType="Product" Name="Divide" SID="75409">
    <P Name="Ports">[2, 1]</P>
    <P Name="Position">[220, 107, 250, 138]</P>
    <P Name="ZOrder">16</P>
    <P Name="ShowName">off</P>
    <P Name="Inputs">*/</P>
    <Port>
      <P Name="PortNumber">1</P>
      <P Name="Name">f</P>
    </Port>
  </Block>
  <Block BlockType="Product" Name="Divide1" SID="75410">
    <P Name="Ports">[2, 1]</P>
    <P Name="Position">[385, 112, 415, 143]</P>
    <P Name="ZOrder">20</P>
    <P Name="ShowName">off</P>
    <P Name="Inputs">**</P>
  </Block>
  <Block BlockType="Sqrt" Name="Sqrt" SID="75411">
    <P Name="Position">[450, 115, 480, 145]</P>
    <P Name="ZOrder">17</P>
    <Port>
      <P Name="PortNumber">1</P>
      <P Name="Name">e</P>
    </Port>
  </Block>
  <Block BlockType="Constant" Name="a2" SID="75412">
    <P Name="Position">[190, 20, 285, 60]</P>
    <P Name="ZOrder">19</P>
    <P Name="ShowName">off</P>
    <P Name="Value">2</P>
  </Block>
  <Block BlockType="Outport" Name="e" SID="75413">
    <P Name="Position">[605, 123, 635, 137]</P>
    <P Name="ZOrder">23</P>
    <P Name="BackgroundColor">orange</P>
    <P Name="VectorParamsAs1DForOutWhenUnconnected">off</P>
  </Block>
  <Line>
    <P Name="Name">e</P>
    <P Name="ZOrder">1</P>
    <P Name="Labels">[0, 1]</P>
    <P Name="Src">75411#out:1</P>
    <P Name="Dst">75413#in:1</P>
  </Line>
  <Line>
    <P Name="ZOrder">2</P>
    <P Name="Src">75406#out:1</P>
    <P Name="Points">[279, 0]</P>
    <Branch>
      <P Name="ZOrder">3</P>
      <P Name="Points">[0, -25]</P>
      <P Name="Dst">75407#in:2</P>
    </Branch>
    <Branch>
      <P Name="ZOrder">4</P>
      <P Name="Points">[68, 0; 0, -15]</P>
      <P Name="Dst">75409#in:2</P>
    </Branch>
  </Line>
  <Line>
    <P Name="ZOrder">5</P>
    <P Name="Src">75405#out:1</P>
    <P Name="Points">[283, 0; 0, 25]</P>
    <P Name="Dst">75407#in:1</P>
  </Line>
  <Line>
    <P Name="ZOrder">6</P>
    <P Name="Src">75412#out:1</P>
    <P Name="Points">[3, 0; 0, 70]</P>
    <P Name="Dst">75408#in:1</P>
  </Line>
  <Line>
    <P Name="ZOrder">7</P>
    <P Name="Src">75410#out:1</P>
    <P Name="Dst">75411#in:1</P>
  </Line>
  <Line>
    <P Name="Name">f</P>
    <P Name="ZOrder">8</P>
    <P Name="Labels">[0, 1]</P>
    <P Name="Src">75409#out:1</P>
    <P Name="Points">[25, 0]</P>
    <Branch>
      <P Name="ZOrder">9</P>
      <P Name="Points">[0, 22; 76, 0; 0, -12]</P>
      <P Name="Dst">75410#in:2</P>
    </Branch>
    <Branch>
      <P Name="ZOrder">10</P>
      <P Name="Dst">75408#in:2</P>
    </Branch>
  </Line>
  <Line>
    <P Name="ZOrder">11</P>
    <P Name="Src">75408#out:1</P>
    <P Name="Dst">75410#in:1</P>
  </Line>
  <Line>
    <P Name="ZOrder">12</P>
    <P Name="Src">75407#out:1</P>
    <P Name="Dst">75409#in:1</P>
  </Line>
</System>
