<?xml version="1.0" encoding="utf-8"?>
<System>
  <P Name="Location">[-7, -7, 1481, 871]</P>
  <P Name="SystemRect">[0.000000, 0.000000, 0.000000, 0.000000]</P>
  <P Name="SetExecutionDomain">off</P>
  <P Name="ExecutionDomainType">Deduce</P>
  <P Name="SimulinkSubDomain">Simulink</P>
  <Block BlockType="Inport" Name="env_glbl" SID="78147">
    <P Name="Position">[20, 113, 50, 127]</P>
    <P Name="ZOrder">1557</P>
    <P Name="BackgroundColor">yellow</P>
    <Port>
      <P Name="PortNumber">1</P>
      <P Name="PropagatedSignals">env_glbl_bus</P>
      <P Name="ShowPropagatedSignals">on</P>
    </Port>
  </Block>
  <Block BlockType="BusSelector" Name="Bus&#xA;Selector1" SID="78148">
    <P Name="Ports">[1, 2]</P>
    <P Name="Position">[140, 101, 145, 139]</P>
    <P Name="ZOrder">1549</P>
    <P Name="ShowName">off</P>
    <P Name="OutputSignals">T_sim_glbl,T_sim_lnch</P>
    <Port>
      <P Name="PortNumber">1</P>
      <P Name="Name">&lt;T_sim_glbl&gt;</P>
    </Port>
    <Port>
      <P Name="PortNumber">2</P>
      <P Name="Name">&lt;T_sim_lnch&gt;</P>
    </Port>
  </Block>
  <Block BlockType="Constant" Name="Constant" SID="78149">
    <P Name="Position">[210, 157, 275, 183]</P>
    <P Name="ZOrder">1551</P>
    <P Name="ShowName">off</P>
    <P Name="Value">prp_T(end)</P>
  </Block>
  <Block BlockType="SubSystem" Name="MATLAB Function" SID="78150">
    <P Name="Ports">[2, 1]</P>
    <P Name="Position">[320, 94, 475, 196]</P>
    <P Name="ZOrder">1556</P>
    <P Name="LibraryVersion">1.32</P>
    <P Name="ErrorFcn">Stateflow.Translate.translate</P>
    <P Name="PermitHierarchicalResolution">ExplicitOnly</P>
    <P Name="TreatAsAtomicUnit">on</P>
    <P Name="RequestExecContextInheritance">off</P>
    <P Name="SFBlockType">MATLAB Function</P>
    <Port>
      <P Name="PortNumber">1</P>
      <P Name="Name">flag_base_drag</P>
      <P Name="DataLogging">on</P>
    </Port>
    <System Ref="system_78150"/>
  </Block>
  <Block BlockType="Sum" Name="Subtract" SID="78151">
    <P Name="Ports">[2, 1]</P>
    <P Name="Position">[245, 102, 275, 138]</P>
    <P Name="ZOrder">1553</P>
    <P Name="ShowName">off</P>
    <P Name="IconShape">rectangular</P>
    <P Name="Inputs">+-</P>
  </Block>
  <Block BlockType="Outport" Name="flag_base_drag" SID="78152">
    <P Name="Position">[605, 138, 635, 152]</P>
    <P Name="ZOrder">1558</P>
    <P Name="BackgroundColor">orange</P>
    <P Name="VectorParamsAs1DForOutWhenUnconnected">off</P>
  </Block>
  <Line>
    <P Name="ZOrder">1</P>
    <P Name="Src">78151#out:1</P>
    <P Name="Dst">78150#in:1</P>
  </Line>
  <Line>
    <P Name="ZOrder">2</P>
    <P Name="Src">78149#out:1</P>
    <P Name="Dst">78150#in:2</P>
  </Line>
  <Line>
    <P Name="Name">flag_base_drag</P>
    <P Name="ZOrder">3</P>
    <P Name="Labels">[1, 0]</P>
    <P Name="Src">78150#out:1</P>
    <P Name="Dst">78152#in:1</P>
  </Line>
  <Line>
    <P Name="Name">&lt;T_sim_glbl&gt;</P>
    <P Name="ZOrder">4</P>
    <P Name="Labels">[0, 1]</P>
    <P Name="Src">78148#out:1</P>
    <P Name="Dst">78151#in:1</P>
  </Line>
  <Line>
    <P Name="Name">&lt;T_sim_lnch&gt;</P>
    <P Name="ZOrder">5</P>
    <P Name="Labels">[0, 1]</P>
    <P Name="Src">78148#out:2</P>
    <P Name="Dst">78151#in:2</P>
  </Line>
  <Line>
    <P Name="ZOrder">6</P>
    <P Name="Labels">[0, 1]</P>
    <P Name="Src">78147#out:1</P>
    <P Name="Dst">78148#in:1</P>
  </Line>
</System>
