<?xml version="1.0" encoding="utf-8"?>
<System>
  <P Name="Location">[1913, -7, 3847, 1167]</P>
  <P Name="SystemRect">[0.000000, 0.000000, 0.000000, 0.000000]</P>
  <P Name="SetExecutionDomain">off</P>
  <P Name="ExecutionDomainType">Deduce</P>
  <P Name="ZoomFactor">136</P>
  <P Name="SimulinkSubDomain">Simulink</P>
  <Block BlockType="Inport" Name="FCC Data" SID="80383">
    <P Name="Position">[80, 138, 110, 152]</P>
    <P Name="ZOrder">-1</P>
    <P Name="BackgroundColor">cyan</P>
  </Block>
  <Block BlockType="SubSystem" Name="Emulated Servos" SID="80384">
    <P Name="Ports">[1, 1]</P>
    <P Name="Position">[195, 183, 350, 257]</P>
    <P Name="ZOrder">2</P>
    <P Name="BackgroundColor">cyan</P>
    <P Name="RequestExecContextInheritance">off</P>
    <P Name="VariantControl">VSS_SERVOS_OFF</P>
    <System Ref="system_80384"/>
  </Block>
  <Block BlockType="SubSystem" Name="Real Servos" SID="80393">
    <P Name="Ports">[1, 1]</P>
    <P Name="Position">[195, 42, 350, 118]</P>
    <P Name="ZOrder">1</P>
    <P Name="BackgroundColor">cyan</P>
    <P Name="RequestExecContextInheritance">off</P>
    <P Name="VariantControl">VSS_SERVOS_ON</P>
    <System Ref="system_80393"/>
  </Block>
  <Block BlockType="Outport" Name="Fin Deflections" SID="80412">
    <P Name="Position">[440, 138, 470, 152]</P>
    <P Name="ZOrder">-2</P>
    <P Name="BackgroundColor">cyan</P>
  </Block>
</System>
