<?xml version="1.0" encoding="utf-8"?>
<System>
  <P Name="Location">[-7, -7, 1543, 831]</P>
  <P Name="SystemRect">[0.000000, 0.000000, 0.000000, 0.000000]</P>
  <P Name="SetExecutionDomain">off</P>
  <P Name="ExecutionDomainType">Deduce</P>
  <P Name="ZoomFactor">175</P>
  <P Name="SimulinkSubDomain">Simulink</P>
  <Block BlockType="BusCreator" Name="Bus&#xA;Creator" SID="80830">
    <P Name="Ports">[3, 1]</P>
    <P Name="Position">[1070, -79, 1090, 49]</P>
    <P Name="ZOrder">22199</P>
    <P Name="ShowName">off</P>
    <P Name="Inputs">3</P>
    <P Name="DisplayOption">bar</P>
    <P Name="InheritFromInputs">on</P>
  </Block>
  <Block BlockType="Constant" Name="Zero" SID="80831">
    <P Name="Position">[540, 90, 570, 120]</P>
    <P Name="ZOrder">22200</P>
    <P Name="Value">0</P>
    <P Name="OutDataTypeStr">Inherit: Inherit via back propagation</P>
    <Port>
      <P Name="PortNumber">1</P>
      <P Name="Name">psi cmd rad</P>
    </Port>
  </Block>
  <Block BlockType="Constant" Name="Zero1" SID="80832">
    <P Name="Position">[540, -30, 570, 0]</P>
    <P Name="ZOrder">22201</P>
    <P Name="Value">0</P>
    <P Name="OutDataTypeStr">Inherit: Inherit via back propagation</P>
    <Port>
      <P Name="PortNumber">1</P>
      <P Name="Name">theta cmd rad</P>
    </Port>
  </Block>
  <Block BlockType="Constant" Name="Zero2" SID="80833">
    <P Name="Position">[915, -70, 945, -40]</P>
    <P Name="ZOrder">22202</P>
    <P Name="Value">0</P>
    <P Name="OutDataTypeStr">Inherit: Inherit via back propagation</P>
    <Port>
      <P Name="PortNumber">1</P>
      <P Name="Name">phi cmd rad</P>
    </Port>
  </Block>
  <Block BlockType="Outport" Name="commands" SID="80834">
    <P Name="Position">[1210, -22, 1240, -8]</P>
    <P Name="ZOrder">22198</P>
  </Block>
  <Line>
    <P Name="Name">theta cmd rad</P>
    <P Name="ZOrder">10</P>
    <P Name="Labels">[0, 0; -1, 0]</P>
    <P Name="Src">80832#out:1</P>
    <P Name="Dst">80830#in:2</P>
  </Line>
  <Line>
    <P Name="ZOrder">11</P>
    <P Name="Src">80830#out:1</P>
    <P Name="Dst">80834#in:1</P>
  </Line>
  <Line>
    <P Name="Name">psi cmd rad</P>
    <P Name="ZOrder">12</P>
    <P Name="Labels">[-1, 0]</P>
    <P Name="Src">80831#out:1</P>
    <P Name="Points">[345, 0; 0, -80]</P>
    <P Name="Dst">80830#in:3</P>
  </Line>
  <Line>
    <P Name="Name">phi cmd rad</P>
    <P Name="ZOrder">13</P>
    <P Name="Labels">[0, 0]</P>
    <P Name="Src">80833#out:1</P>
    <P Name="Dst">80830#in:1</P>
  </Line>
</System>
