<?xml version="1.0" encoding="utf-8"?>
<System>
  <P Name="Location">[34, 30, 1204, 951]</P>
  <P Name="SystemRect">[0.000000, 0.000000, 0.000000, 0.000000]</P>
  <P Name="SetExecutionDomain">off</P>
  <P Name="ExecutionDomainType">Deduce</P>
  <P Name="ZoomFactor">175</P>
  <P Name="SimulinkSubDomain">Simulink</P>
  <Block BlockType="DataTypeConversion" Name="Cast To Double14" SID="74643">
    <P Name="Position">[75, 23, 150, 57]</P>
    <P Name="ZOrder">22071</P>
    <P Name="OutDataTypeStr">single</P>
    <P Name="RndMeth">Floor</P>
    <P Name="SaturateOnIntegerOverflow">off</P>
    <Port>
      <P Name="PortNumber">1</P>
      <P Name="Name">send</P>
    </Port>
  </Block>
  <Block BlockType="Reference" Name="Heartbeat" SID="74644">
    <P Name="Ports">[0, 1]</P>
    <P Name="Position">[20, 25, 50, 55]</P>
    <P Name="ZOrder">21879</P>
    <P Name="LibraryVersion">1.480</P>
    <P Name="SourceBlock">simulink/Sources/Counter
Free-Running</P>
    <P Name="SourceType">Counter Free-Running</P>
    <P Name="SourceProductBaseCode">SL</P>
    <InstanceData>
      <P Name="RTWMemSecFuncInitTerm">Inherit from model</P>
      <P Name="RTWMemSecFuncExecute">Inherit from model</P>
      <P Name="RTWMemSecDataConstants">Inherit from model</P>
      <P Name="RTWMemSecDataInternal">Inherit from model</P>
      <P Name="RTWMemSecDataParameters">Inherit from model</P>
      <P Name="ContentPreviewEnabled">on</P>
      <P Name="NumBits">16</P>
      <P Name="tsamp">-1</P>
    </InstanceData>
  </Block>
  <Block BlockType="Sum" Name="Subtract" SID="74645">
    <P Name="Ports">[2, 1]</P>
    <P Name="Position">[215, 32, 245, 63]</P>
    <P Name="ZOrder">22069</P>
    <P Name="IconShape">rectangular</P>
    <P Name="Inputs">+-</P>
  </Block>
  <Block BlockType="Constant" Name="Zero" SID="74646">
    <P Name="Position">[130, 95, 160, 125]</P>
    <P Name="ZOrder">22070</P>
    <P Name="Value">1000</P>
    <P Name="OutDataTypeStr">Inherit: Inherit via back propagation</P>
  </Block>
  <Block BlockType="Outport" Name="Out1" SID="74647">
    <P Name="Position">[340, 43, 370, 57]</P>
    <P Name="ZOrder">22072</P>
  </Block>
  <Line>
    <P Name="ZOrder">1</P>
    <P Name="Src">74644#out:1</P>
    <P Name="Dst">74643#in:1</P>
  </Line>
  <Line>
    <P Name="ZOrder">2</P>
    <P Name="Src">74646#out:1</P>
    <P Name="Points">[23, 0; 0, -55]</P>
    <P Name="Dst">74645#in:2</P>
  </Line>
  <Line>
    <P Name="Name">send</P>
    <P Name="ZOrder">3</P>
    <P Name="Labels">[0, 0]</P>
    <P Name="Src">74643#out:1</P>
    <P Name="Dst">74645#in:1</P>
  </Line>
  <Line>
    <P Name="ZOrder">4</P>
    <P Name="Src">74645#out:1</P>
    <P Name="Dst">74647#in:1</P>
  </Line>
  <Annotation SID="74648">
    <P Name="Name">Starting the heartbeat at negative values prevents unwanted FCC behaviour on startup</P>
    <P Name="Position">[3, -5, 388, 9]</P>
    <P Name="InternalMargins">[0, 0, 0, 0]</P>
    <P Name="ForegroundColor">green</P>
    <P Name="ZOrder">-1</P>
  </Annotation>
</System>
