<?xml version="1.0" encoding="utf-8"?>
<System>
  <P Name="Location">[-1927, -543, 8, 632]</P>
  <P Name="SystemRect">[0.000000, 0.000000, 0.000000, 0.000000]</P>
  <P Name="SetExecutionDomain">off</P>
  <P Name="ExecutionDomainType">Deduce</P>
  <P Name="SimulinkSubDomain">Simulink</P>
  <Block BlockType="Inport" Name="pBEE" SID="75706">
    <P Name="Position">[55, 233, 85, 247]</P>
    <P Name="ZOrder">-1</P>
    <P Name="BackgroundColor">yellow</P>
  </Block>
  <Block BlockType="Inport" Name="c_rsma" SID="75707">
    <P Name="Position">[55, 63, 85, 77]</P>
    <P Name="ZOrder">-2</P>
    <P Name="BackgroundColor">yellow</P>
    <P Name="Port">2</P>
  </Block>
  <Block BlockType="Inport" Name="c_flat" SID="75708">
    <P Name="Position">[55, 98, 85, 112]</P>
    <P Name="ZOrder">-3</P>
    <P Name="BackgroundColor">yellow</P>
    <P Name="Port">3</P>
  </Block>
  <Block BlockType="Sum" Name="Add" SID="75709">
    <P Name="Ports">[2, 1]</P>
    <P Name="Position">[375, 212, 405, 243]</P>
    <P Name="ZOrder">6</P>
    <P Name="ShowName">off</P>
    <P Name="IconShape">rectangular</P>
  </Block>
  <Block BlockType="Sum" Name="Add1" SID="75710">
    <P Name="Ports">[2, 1]</P>
    <P Name="Position">[795, 407, 825, 438]</P>
    <P Name="ZOrder">26</P>
    <P Name="ShowName">off</P>
    <P Name="IconShape">rectangular</P>
  </Block>
  <Block BlockType="Constant" Name="Constant" SID="75711">
    <P Name="Position">[365, 95, 395, 125]</P>
    <P Name="ZOrder">1</P>
  </Block>
  <Block BlockType="Demux" Name="Demux1" SID="75712">
    <P Name="Ports">[1, 3]</P>
    <P Name="Position">[120, 174, 125, 306]</P>
    <P Name="ZOrder">-4</P>
    <P Name="BackgroundColor">black</P>
    <P Name="ShowName">off</P>
    <P Name="Outputs">[1;1;1]</P>
    <P Name="DisplayOption">none</P>
  </Block>
  <Block BlockType="Product" Name="Divide" SID="75713">
    <P Name="Ports">[2, 1]</P>
    <P Name="Position">[575, 357, 605, 388]</P>
    <P Name="ZOrder">14</P>
    <P Name="ShowName">off</P>
    <P Name="Inputs">*/</P>
  </Block>
  <Block BlockType="Product" Name="Divide1" SID="75714">
    <P Name="Ports">[2, 1]</P>
    <P Name="Position">[250, 422, 280, 453]</P>
    <P Name="ZOrder">15</P>
    <P Name="ShowName">off</P>
    <P Name="Inputs">*/</P>
  </Block>
  <Block BlockType="Product" Name="Divide2" SID="75715">
    <P Name="Ports">[2, 1]</P>
    <P Name="Position">[890, 417, 920, 448]</P>
    <P Name="ZOrder">20</P>
    <P Name="ShowName">off</P>
    <P Name="Inputs">*/</P>
  </Block>
  <Block BlockType="From" Name="From" SID="75716">
    <P Name="Position">[300, 61, 335, 79]</P>
    <P Name="ZOrder">-5</P>
    <P Name="ShowName">off</P>
    <P Name="CloseFcn">tagdialog Close</P>
    <P Name="GotoTag">a</P>
  </Block>
  <Block BlockType="From" Name="From1" SID="75717">
    <P Name="Position">[300, 136, 335, 154]</P>
    <P Name="ZOrder">-6</P>
    <P Name="ShowName">off</P>
    <P Name="CloseFcn">tagdialog Close</P>
    <P Name="GotoTag">f</P>
  </Block>
  <Block BlockType="From" Name="From10" SID="75718">
    <P Name="Position">[95, 456, 130, 474]</P>
    <P Name="ZOrder">-7</P>
    <P Name="ShowName">off</P>
    <P Name="CloseFcn">tagdialog Close</P>
    <P Name="GotoTag">b</P>
  </Block>
  <Block BlockType="From" Name="From12" SID="75719">
    <P Name="Position">[715, 406, 750, 424]</P>
    <P Name="ZOrder">-8</P>
    <P Name="ShowName">off</P>
    <P Name="CloseFcn">tagdialog Close</P>
    <P Name="GotoTag">z</P>
  </Block>
  <Block BlockType="From" Name="From14" SID="75720">
    <P Name="Position">[570, 421, 605, 439]</P>
    <P Name="ZOrder">-10</P>
    <P Name="ShowName">off</P>
    <P Name="CloseFcn">tagdialog Close</P>
    <P Name="GotoTag">b</P>
  </Block>
  <Block BlockType="From" Name="From16" SID="75721">
    <P Name="Position">[715, 626, 750, 644]</P>
    <P Name="ZOrder">-11</P>
    <P Name="ShowName">off</P>
    <P Name="CloseFcn">tagdialog Close</P>
    <P Name="GotoTag">P</P>
  </Block>
  <Block BlockType="From" Name="From18" SID="75722">
    <P Name="Position">[570, 641, 605, 659]</P>
    <P Name="ZOrder">-13</P>
    <P Name="ShowName">off</P>
    <P Name="CloseFcn">tagdialog Close</P>
    <P Name="GotoTag">a</P>
  </Block>
  <Block BlockType="From" Name="From4" SID="75723">
    <P Name="Position">[315, 316, 350, 334]</P>
    <P Name="ZOrder">-16</P>
    <P Name="ShowName">off</P>
    <P Name="CloseFcn">tagdialog Close</P>
    <P Name="GotoTag">a</P>
  </Block>
  <Block BlockType="From" Name="From5" SID="75724">
    <P Name="Position">[315, 361, 350, 379]</P>
    <P Name="ZOrder">-17</P>
    <P Name="ShowName">off</P>
    <P Name="CloseFcn">tagdialog Close</P>
    <P Name="GotoTag">b</P>
  </Block>
  <Block BlockType="From" Name="From6" SID="75725">
    <P Name="Position">[35, 396, 70, 414]</P>
    <P Name="ZOrder">-18</P>
    <P Name="ShowName">off</P>
    <P Name="CloseFcn">tagdialog Close</P>
    <P Name="GotoTag">z</P>
  </Block>
  <Block BlockType="From" Name="From7" SID="75726">
    <P Name="Position">[410, 516, 445, 534]</P>
    <P Name="ZOrder">-19</P>
    <P Name="ShowName">off</P>
    <P Name="CloseFcn">tagdialog Close</P>
    <P Name="GotoTag">f</P>
  </Block>
  <Block BlockType="From" Name="From8" SID="75727">
    <P Name="Position">[105, 411, 140, 429]</P>
    <P Name="ZOrder">-20</P>
    <P Name="ShowName">off</P>
    <P Name="CloseFcn">tagdialog Close</P>
    <P Name="GotoTag">a</P>
  </Block>
  <Block BlockType="From" Name="From9" SID="75728">
    <P Name="Position">[35, 441, 70, 459]</P>
    <P Name="ZOrder">-21</P>
    <P Name="ShowName">off</P>
    <P Name="CloseFcn">tagdialog Close</P>
    <P Name="GotoTag">P</P>
  </Block>
  <Block BlockType="Gain" Name="Gain" SID="75729">
    <P Name="Position">[505, 510, 535, 540]</P>
    <P Name="ZOrder">10</P>
    <P Name="ShowName">off</P>
    <P Name="Gain">2</P>
  </Block>
  <Block BlockType="Goto" Name="Goto" SID="75730">
    <P Name="Position">[150, 61, 185, 79]</P>
    <P Name="ZOrder">-22</P>
    <P Name="ShowName">off</P>
    <P Name="GotoTag">a</P>
  </Block>
  <Block BlockType="Goto" Name="Goto1" SID="75731">
    <P Name="Position">[150, 96, 185, 114]</P>
    <P Name="ZOrder">-23</P>
    <P Name="ShowName">off</P>
    <P Name="GotoTag">f</P>
  </Block>
  <Block BlockType="Goto" Name="Goto4" SID="75732">
    <P Name="Position">[195, 276, 230, 294]</P>
    <P Name="ZOrder">-26</P>
    <P Name="ShowName">off</P>
    <P Name="GotoTag">z</P>
  </Block>
  <Block BlockType="Goto" Name="Goto5" SID="75733">
    <P Name="Position">[645, 126, 680, 144]</P>
    <P Name="ZOrder">-27</P>
    <P Name="ShowName">off</P>
    <P Name="GotoTag">b</P>
  </Block>
  <Block BlockType="Goto" Name="Goto6" SID="75734">
    <P Name="Position">[530, 221, 565, 239]</P>
    <P Name="ZOrder">-28</P>
    <P Name="ShowName">off</P>
    <P Name="GotoTag">P</P>
  </Block>
  <Block BlockType="Product" Name="Product" SID="75735">
    <P Name="Ports">[2, 1]</P>
    <P Name="Position">[510, 117, 540, 148]</P>
    <P Name="ZOrder">3</P>
    <P Name="ShowName">off</P>
  </Block>
  <Block BlockType="Product" Name="Product1" SID="75736">
    <P Name="Ports">[2, 1]</P>
    <P Name="Position">[305, 187, 335, 218]</P>
    <P Name="ZOrder">4</P>
    <P Name="ShowName">off</P>
  </Block>
  <Block BlockType="Product" Name="Product10" SID="75737">
    <P Name="Ports">[3, 1]</P>
    <P Name="Position">[650, 389, 680, 471]</P>
    <P Name="ZOrder">25</P>
    <P Name="ShowName">off</P>
    <P Name="Inputs">3</P>
  </Block>
  <Block BlockType="Product" Name="Product11" SID="75738">
    <P Name="Ports">[3, 1]</P>
    <P Name="Position">[650, 609, 680, 691]</P>
    <P Name="ZOrder">28</P>
    <P Name="ShowName">off</P>
    <P Name="Inputs">3</P>
  </Block>
  <Block BlockType="Product" Name="Product2" SID="75739">
    <P Name="Ports">[2, 1]</P>
    <P Name="Position">[305, 232, 335, 263]</P>
    <P Name="ZOrder">5</P>
    <P Name="ShowName">off</P>
  </Block>
  <Block BlockType="Product" Name="Product3" SID="75740">
    <P Name="Ports">[2, 1]</P>
    <P Name="Position">[505, 562, 535, 593]</P>
    <P Name="ZOrder">8</P>
    <P Name="ShowName">off</P>
  </Block>
  <Block BlockType="Product" Name="Product4" SID="75741">
    <P Name="Ports">[2, 1]</P>
    <P Name="Position">[420, 317, 450, 348]</P>
    <P Name="ZOrder">11</P>
    <P Name="ShowName">off</P>
  </Block>
  <Block BlockType="Product" Name="Product5" SID="75742">
    <P Name="Ports">[2, 1]</P>
    <P Name="Position">[420, 362, 450, 393]</P>
    <P Name="ZOrder">13</P>
    <P Name="ShowName">off</P>
  </Block>
  <Block BlockType="Product" Name="Product6" SID="75743">
    <P Name="Ports">[2, 1]</P>
    <P Name="Position">[175, 397, 205, 428]</P>
    <P Name="ZOrder">16</P>
    <P Name="ShowName">off</P>
  </Block>
  <Block BlockType="Product" Name="Product7" SID="75744">
    <P Name="Ports">[2, 1]</P>
    <P Name="Position">[175, 442, 205, 473]</P>
    <P Name="ZOrder">17</P>
    <P Name="ShowName">off</P>
  </Block>
  <Block BlockType="Product" Name="Product8" SID="75745">
    <P Name="Ports">[3, 1]</P>
    <P Name="Position">[510, 429, 540, 481]</P>
    <P Name="ZOrder">22</P>
    <P Name="ShowName">off</P>
    <P Name="Inputs">3</P>
  </Block>
  <Block BlockType="Product" Name="Product9" SID="75746">
    <P Name="Ports">[3, 1]</P>
    <P Name="Position">[510, 649, 540, 701]</P>
    <P Name="ZOrder">24</P>
    <P Name="ShowName">off</P>
    <P Name="Inputs">3</P>
  </Block>
  <Block BlockType="Sqrt" Name="Sqrt" SID="75747">
    <P Name="Position">[450, 215, 480, 245]</P>
    <P Name="ZOrder">7</P>
  </Block>
  <Block BlockType="Sum" Name="Subtract" SID="75748">
    <P Name="Ports">[2, 1]</P>
    <P Name="Position">[430, 122, 460, 153]</P>
    <P Name="ZOrder">2</P>
    <P Name="ShowName">off</P>
    <P Name="IconShape">rectangular</P>
    <P Name="Inputs">+-</P>
  </Block>
  <Block BlockType="Sum" Name="Subtract1" SID="75749">
    <P Name="Ports">[2, 1]</P>
    <P Name="Position">[590, 557, 620, 588]</P>
    <P Name="ZOrder">9</P>
    <P Name="ShowName">off</P>
    <P Name="IconShape">rectangular</P>
    <P Name="Inputs">+-</P>
  </Block>
  <Block BlockType="Sum" Name="Subtract2" SID="75750">
    <P Name="Ports">[2, 1]</P>
    <P Name="Position">[495, 342, 525, 373]</P>
    <P Name="ZOrder">12</P>
    <P Name="ShowName">off</P>
    <P Name="IconShape">rectangular</P>
    <P Name="Inputs">+-</P>
  </Block>
  <Block BlockType="Sum" Name="Subtract3" SID="75751">
    <P Name="Ports">[2, 1]</P>
    <P Name="Position">[795, 627, 825, 658]</P>
    <P Name="ZOrder">27</P>
    <P Name="ShowName">off</P>
    <P Name="IconShape">rectangular</P>
    <P Name="Inputs">+-</P>
  </Block>
  <Block BlockType="Trigonometry" Name="Trigonometric&#xA;Function" SID="75752">
    <P Name="Ports">[1, 1]</P>
    <P Name="Position">[330, 425, 360, 455]</P>
    <P Name="ZOrder">18</P>
    <P Name="ShowName">off</P>
    <P Name="Operator">atan</P>
  </Block>
  <Block BlockType="Trigonometry" Name="Trigonometric&#xA;Function1" SID="75753">
    <P Name="Ports">[1, 1]</P>
    <P Name="Position">[965, 420, 995, 450]</P>
    <P Name="ZOrder">19</P>
    <P Name="ShowName">off</P>
    <P Name="Operator">atan</P>
    <Port>
      <P Name="PortNumber">1</P>
      <P Name="Name">lat</P>
    </Port>
  </Block>
  <Block BlockType="Trigonometry" Name="Trigonometric&#xA;Function2" SID="75754">
    <P Name="Ports">[1, 1]</P>
    <P Name="Position">[435, 425, 465, 455]</P>
    <P Name="ZOrder">21</P>
    <P Name="ShowName">off</P>
  </Block>
  <Block BlockType="Trigonometry" Name="Trigonometric&#xA;Function3" SID="75755">
    <P Name="Ports">[1, 1]</P>
    <P Name="Position">[435, 645, 465, 675]</P>
    <P Name="ZOrder">23</P>
    <P Name="ShowName">off</P>
    <P Name="Operator">cos</P>
  </Block>
  <Block BlockType="Outport" Name="lat" SID="75756">
    <P Name="Position">[1045, 428, 1075, 442]</P>
    <P Name="ZOrder">-42</P>
    <P Name="BackgroundColor">orange</P>
    <P Name="VectorParamsAs1DForOutWhenUnconnected">off</P>
  </Block>
  <Line>
    <P Name="ZOrder">1</P>
    <P Name="Src">75713#out:1</P>
    <P Name="Points">[18, 0; 0, 30]</P>
    <P Name="Dst">75737#in:1</P>
  </Line>
  <Line>
    <P Name="ZOrder">2</P>
    <P Name="Src">75746#out:1</P>
    <P Name="Dst">75738#in:3</P>
  </Line>
  <Line>
    <P Name="ZOrder">3</P>
    <P Name="Src">75738#out:1</P>
    <P Name="Dst">75751#in:2</P>
  </Line>
  <Line>
    <P Name="ZOrder">4</P>
    <P Name="Src">75751#out:1</P>
    <P Name="Points">[28, 0; 0, -205]</P>
    <P Name="Dst">75715#in:2</P>
  </Line>
  <Line>
    <P Name="ZOrder">5</P>
    <P Name="Src">75710#out:1</P>
    <P Name="Dst">75715#in:1</P>
  </Line>
  <Line>
    <P Name="ZOrder">6</P>
    <P Name="Src">75737#out:1</P>
    <P Name="Dst">75710#in:2</P>
  </Line>
  <Line>
    <P Name="ZOrder">7</P>
    <P Name="Src">75745#out:1</P>
    <P Name="Dst">75737#in:3</P>
  </Line>
  <Line>
    <P Name="ZOrder">8</P>
    <P Name="Src">75755#out:1</P>
    <P Name="Points">[12, 0]</P>
    <Branch>
      <P Name="ZOrder">9</P>
      <P Name="Dst">75746#in:1</P>
    </Branch>
    <Branch>
      <P Name="ZOrder">10</P>
      <P Name="Points">[0, 15]</P>
      <Branch>
        <P Name="ZOrder">11</P>
        <P Name="Points">[0, 15]</P>
        <P Name="Dst">75746#in:3</P>
      </Branch>
      <Branch>
        <P Name="ZOrder">12</P>
        <P Name="Dst">75746#in:2</P>
      </Branch>
    </Branch>
  </Line>
  <Line>
    <P Name="ZOrder">13</P>
    <P Name="Src">75754#out:1</P>
    <P Name="Points">[12, 0]</P>
    <Branch>
      <P Name="ZOrder">14</P>
      <P Name="Dst">75745#in:1</P>
    </Branch>
    <Branch>
      <P Name="ZOrder">15</P>
      <P Name="Points">[0, 15]</P>
      <Branch>
        <P Name="ZOrder">16</P>
        <P Name="Points">[0, 15]</P>
        <P Name="Dst">75745#in:3</P>
      </Branch>
      <Branch>
        <P Name="ZOrder">17</P>
        <P Name="Dst">75745#in:2</P>
      </Branch>
    </Branch>
  </Line>
  <Line>
    <P Name="ZOrder">18</P>
    <P Name="Src">75715#out:1</P>
    <P Name="Dst">75753#in:1</P>
  </Line>
  <Line>
    <P Name="ZOrder">19</P>
    <P Name="Src">75714#out:1</P>
    <P Name="Dst">75752#in:1</P>
  </Line>
  <Line>
    <P Name="ZOrder">20</P>
    <P Name="Src">75744#out:1</P>
    <P Name="Points">[18, 0; 0, -15]</P>
    <P Name="Dst">75714#in:2</P>
  </Line>
  <Line>
    <P Name="ZOrder">21</P>
    <P Name="Src">75743#out:1</P>
    <P Name="Points">[18, 0; 0, 15]</P>
    <P Name="Dst">75714#in:1</P>
  </Line>
  <Line>
    <P Name="ZOrder">22</P>
    <P Name="Src">75750#out:1</P>
    <P Name="Points">[20, 0; 0, 5]</P>
    <P Name="Dst">75713#in:1</P>
  </Line>
  <Line>
    <P Name="ZOrder">23</P>
    <P Name="Src">75742#out:1</P>
    <P Name="Points">[18, 0]</P>
    <Branch>
      <P Name="ZOrder">24</P>
      <P Name="Dst">75713#in:2</P>
    </Branch>
    <Branch>
      <P Name="ZOrder">25</P>
      <P Name="Points">[0, -15]</P>
      <P Name="Dst">75750#in:2</P>
    </Branch>
  </Line>
  <Line>
    <P Name="ZOrder">26</P>
    <P Name="Src">75741#out:1</P>
    <P Name="Points">[18, 0; 0, 15]</P>
    <P Name="Dst">75750#in:1</P>
  </Line>
  <Line>
    <P Name="ZOrder">27</P>
    <P Name="Src">75729#out:1</P>
    <P Name="Points">[23, 0; 0, 40]</P>
    <P Name="Dst">75749#in:1</P>
  </Line>
  <Line>
    <P Name="ZOrder">28</P>
    <P Name="Src">75740#out:1</P>
    <P Name="Dst">75749#in:2</P>
  </Line>
  <Line>
    <P Name="ZOrder">29</P>
    <P Name="Src">75747#out:1</P>
    <P Name="Dst">75734#in:1</P>
  </Line>
  <Line>
    <P Name="ZOrder">30</P>
    <P Name="Src">75709#out:1</P>
    <P Name="Dst">75747#in:1</P>
  </Line>
  <Line>
    <P Name="ZOrder">31</P>
    <P Name="Src">75739#out:1</P>
    <P Name="Points">[20, 0]</P>
    <P Name="Dst">75709#in:2</P>
  </Line>
  <Line>
    <P Name="ZOrder">32</P>
    <P Name="Src">75736#out:1</P>
    <P Name="Points">[20, 0]</P>
    <P Name="Dst">75709#in:1</P>
  </Line>
  <Line>
    <P Name="ZOrder">33</P>
    <P Name="Src">75735#out:1</P>
    <P Name="Dst">75733#in:1</P>
  </Line>
  <Line>
    <P Name="ZOrder">34</P>
    <P Name="Src">75748#out:1</P>
    <P Name="Dst">75735#in:2</P>
  </Line>
  <Line>
    <P Name="ZOrder">35</P>
    <P Name="Src">75711#out:1</P>
    <P Name="Points">[13, 0; 0, 20]</P>
    <P Name="Dst">75748#in:1</P>
  </Line>
  <Line>
    <P Name="Name">lat</P>
    <P Name="ZOrder">36</P>
    <P Name="Labels">[-1, 1]</P>
    <P Name="Src">75753#out:1</P>
    <P Name="Dst">75756#in:1</P>
  </Line>
  <Line>
    <P Name="ZOrder">37</P>
    <P Name="Src">75722#out:1</P>
    <P Name="Dst">75738#in:2</P>
  </Line>
  <Line>
    <P Name="ZOrder">38</P>
    <P Name="Src">75749#out:1</P>
    <P Name="Points">[5, 0; 0, 50]</P>
    <P Name="Dst">75738#in:1</P>
  </Line>
  <Line>
    <P Name="ZOrder">39</P>
    <P Name="Src">75721#out:1</P>
    <P Name="Dst">75751#in:1</P>
  </Line>
  <Line>
    <P Name="ZOrder">40</P>
    <P Name="Src">75720#out:1</P>
    <P Name="Dst">75737#in:2</P>
  </Line>
  <Line>
    <P Name="ZOrder">41</P>
    <P Name="Src">75719#out:1</P>
    <P Name="Dst">75710#in:1</P>
  </Line>
  <Line>
    <P Name="ZOrder">42</P>
    <P Name="Src">75718#out:1</P>
    <P Name="Dst">75744#in:2</P>
  </Line>
  <Line>
    <P Name="ZOrder">43</P>
    <P Name="Src">75728#out:1</P>
    <P Name="Dst">75744#in:1</P>
  </Line>
  <Line>
    <P Name="ZOrder">44</P>
    <P Name="Src">75752#out:1</P>
    <P Name="Points">[24, 0]</P>
    <Branch>
      <P Name="ZOrder">45</P>
      <P Name="Dst">75754#in:1</P>
    </Branch>
    <Branch>
      <P Name="ZOrder">46</P>
      <P Name="Points">[0, 220]</P>
      <P Name="Dst">75755#in:1</P>
    </Branch>
  </Line>
  <Line>
    <P Name="ZOrder">47</P>
    <P Name="Src">75727#out:1</P>
    <P Name="Dst">75743#in:2</P>
  </Line>
  <Line>
    <P Name="ZOrder">48</P>
    <P Name="Src">75725#out:1</P>
    <P Name="Dst">75743#in:1</P>
  </Line>
  <Line>
    <P Name="ZOrder">49</P>
    <P Name="Src">75726#out:1</P>
    <P Name="Points">[22, 0]</P>
    <Branch>
      <P Name="ZOrder">50</P>
      <P Name="Dst">75729#in:1</P>
    </Branch>
    <Branch>
      <P Name="ZOrder">51</P>
      <P Name="Points">[0, 45; 1, 0]</P>
      <Branch>
        <P Name="ZOrder">52</P>
        <P Name="Dst">75740#in:1</P>
      </Branch>
      <Branch>
        <P Name="ZOrder">53</P>
        <P Name="Points">[0, 15]</P>
        <P Name="Dst">75740#in:2</P>
      </Branch>
    </Branch>
  </Line>
  <Line>
    <P Name="ZOrder">54</P>
    <P Name="Src">75724#out:1</P>
    <P Name="Points">[32, 0]</P>
    <Branch>
      <P Name="ZOrder">55</P>
      <P Name="Dst">75742#in:1</P>
    </Branch>
    <Branch>
      <P Name="ZOrder">56</P>
      <P Name="Points">[0, 15]</P>
      <P Name="Dst">75742#in:2</P>
    </Branch>
  </Line>
  <Line>
    <P Name="ZOrder">57</P>
    <P Name="Src">75723#out:1</P>
    <P Name="Points">[32, 0]</P>
    <Branch>
      <P Name="ZOrder">58</P>
      <P Name="Dst">75741#in:1</P>
    </Branch>
    <Branch>
      <P Name="ZOrder">59</P>
      <P Name="Points">[0, 15]</P>
      <P Name="Dst">75741#in:2</P>
    </Branch>
  </Line>
  <Line>
    <P Name="ZOrder">60</P>
    <P Name="Src">75712#out:2</P>
    <P Name="Points">[142, 0]</P>
    <Branch>
      <P Name="ZOrder">61</P>
      <P Name="Dst">75739#in:1</P>
    </Branch>
    <Branch>
      <P Name="ZOrder">62</P>
      <P Name="Points">[0, 15]</P>
      <P Name="Dst">75739#in:2</P>
    </Branch>
  </Line>
  <Line>
    <P Name="ZOrder">63</P>
    <P Name="Src">75712#out:1</P>
    <P Name="Points">[141, 0]</P>
    <Branch>
      <P Name="ZOrder">64</P>
      <P Name="Dst">75736#in:1</P>
    </Branch>
    <Branch>
      <P Name="ZOrder">65</P>
      <P Name="Points">[0, 15]</P>
      <P Name="Dst">75736#in:2</P>
    </Branch>
  </Line>
  <Line>
    <P Name="ZOrder">66</P>
    <P Name="Src">75717#out:1</P>
    <P Name="Dst">75748#in:2</P>
  </Line>
  <Line>
    <P Name="ZOrder">67</P>
    <P Name="Src">75716#out:1</P>
    <P Name="Points">[145, 0; 0, 55]</P>
    <P Name="Dst">75735#in:1</P>
  </Line>
  <Line>
    <P Name="ZOrder">68</P>
    <P Name="Src">75712#out:3</P>
    <P Name="Dst">75732#in:1</P>
  </Line>
  <Line>
    <P Name="ZOrder">69</P>
    <P Name="Src">75706#out:1</P>
    <P Name="Dst">75712#in:1</P>
  </Line>
  <Line>
    <P Name="ZOrder">70</P>
    <P Name="Src">75707#out:1</P>
    <P Name="Dst">75730#in:1</P>
  </Line>
  <Line>
    <P Name="ZOrder">71</P>
    <P Name="Src">75708#out:1</P>
    <P Name="Dst">75731#in:1</P>
  </Line>
</System>
