<?xml version="1.0" encoding="utf-8"?>
<System>
  <P Name="Location">[-1927, -7, 7, 1167]</P>
  <P Name="SystemRect">[0.000000, 0.000000, 0.000000, 0.000000]</P>
  <P Name="SetExecutionDomain">off</P>
  <P Name="ExecutionDomainType">Deduce</P>
  <P Name="ZoomFactor">150</P>
  <P Name="SimulinkSubDomain">Simulink</P>
  <Block BlockType="Inport" Name="hBE" SID="75424">
    <P Name="Position">[640, 228, 670, 242]</P>
    <P Name="ZOrder">276</P>
    <P Name="BackgroundColor">yellow</P>
    <Port>
      <P Name="PortNumber">1</P>
      <P Name="PropagatedSignals">hBE</P>
      <P Name="ShowPropagatedSignals">on</P>
    </Port>
  </Block>
  <Block BlockType="Inport" Name="env_glbl" SID="75425">
    <P Name="Position">[640, 278, 670, 292]</P>
    <P Name="ZOrder">277</P>
    <P Name="BackgroundColor">yellow</P>
    <P Name="Port">2</P>
    <Port>
      <P Name="PortNumber">1</P>
      <P Name="PropagatedSignals">env_glbl_bus</P>
      <P Name="ShowPropagatedSignals">on</P>
    </Port>
  </Block>
  <Block BlockType="BusCreator" Name="Bus&#xA;Creator1" SID="75426">
    <P Name="Ports">[6, 1]</P>
    <P Name="Position">[1560, -45, 1570, 375]</P>
    <P Name="ZOrder">275</P>
    <P Name="ShowName">off</P>
    <P Name="Inputs">6</P>
    <P Name="DisplayOption">bar</P>
    <P Name="InheritFromInputs">on</P>
    <Port>
      <P Name="PortNumber">1</P>
      <P Name="Name">atm_stat_bus</P>
    </Port>
  </Block>
  <Block BlockType="BusSelector" Name="Bus&#xA;Selector1" SID="75427">
    <P Name="Ports">[1, 2]</P>
    <P Name="Position">[1025, 245, 1030, 320]</P>
    <P Name="ZOrder">261</P>
    <P Name="ShowName">off</P>
    <P Name="OutputSignals">e_Tmp,e_pa</P>
    <Port>
      <P Name="PortNumber">1</P>
      <P Name="Name">&lt;e_Tmp&gt;</P>
    </Port>
    <Port>
      <P Name="PortNumber">2</P>
      <P Name="Name">&lt;e_pa&gt;</P>
    </Port>
  </Block>
  <Block BlockType="Saturate" Name="Saturation" SID="75428">
    <P Name="Position">[935, 220, 965, 250]</P>
    <P Name="ZOrder">280</P>
    <P Name="ShowName">off</P>
    <P Name="AttributesFormatString">%&lt;UpperLimit&gt;
%&lt;LowerLimit&gt;</P>
    <P Name="UpperLimit">c_h_geope</P>
    <P Name="LowerLimit">c_h_geop0</P>
    <Port>
      <P Name="PortNumber">1</P>
      <P Name="Name">h_geop</P>
    </Port>
  </Block>
  <Block BlockType="SubSystem" Name="density" SID="75429">
    <P Name="Ports">[2, 1]</P>
    <P Name="Position">[1440, 214, 1505, 321]</P>
    <P Name="ZOrder">-41</P>
    <P Name="RequestExecContextInheritance">off</P>
    <Port>
      <P Name="PortNumber">1</P>
      <P Name="PropagatedSignals">rho</P>
      <P Name="ShowPropagatedSignals">on</P>
    </Port>
    <System Ref="system_75429"/>
  </Block>
  <Block BlockType="SubSystem" Name="geopot_height" SID="75435">
    <P Name="Ports">[1, 1]</P>
    <P Name="Position">[770, 207, 870, 263]</P>
    <P Name="ZOrder">103</P>
    <P Name="RequestExecContextInheritance">off</P>
    <Mask>
      <Display/>
      <MaskParameter Name="mean_earth_radius" Type="promote">
        <Prompt>Mean Earth Radius WGS 84 [m]</Prompt>
        <Value>c_r0</Value>
        <TypeOptions>
          <Option>mean_earth_radius/Value</Option>
        </TypeOptions>
      </MaskParameter>
    </Mask>
    <Port>
      <P Name="PortNumber">1</P>
      <P Name="PropagatedSignals">h_geop</P>
      <P Name="ShowPropagatedSignals">on</P>
    </Port>
    <System Ref="system_75435"/>
  </Block>
  <Block BlockType="SubSystem" Name="speed_of_sound" SID="75441">
    <P Name="Ports">[1, 1]</P>
    <P Name="Position">[1375, 109, 1490, 151]</P>
    <P Name="ZOrder">-43</P>
    <P Name="RequestExecContextInheritance">off</P>
    <Port>
      <P Name="PortNumber">1</P>
      <P Name="PropagatedSignals">sos</P>
      <P Name="ShowPropagatedSignals">on</P>
    </Port>
    <System Ref="system_75441"/>
  </Block>
  <Block BlockType="SubSystem" Name="tmp_and_pressure_ISO_2533" SID="75448">
    <P Name="Ports">[3, 2]</P>
    <P Name="Position">[1115, 212, 1270, 318]</P>
    <P Name="ZOrder">-39</P>
    <P Name="RequestExecContextInheritance">off</P>
    <Port>
      <P Name="PortNumber">1</P>
      <P Name="PropagatedSignals">Tmp</P>
      <P Name="ShowPropagatedSignals">on</P>
    </Port>
    <Port>
      <P Name="PortNumber">2</P>
      <P Name="PropagatedSignals">pa</P>
      <P Name="ShowPropagatedSignals">on</P>
    </Port>
    <System Ref="system_75448"/>
  </Block>
  <Block BlockType="Outport" Name="atm_stat" SID="75482">
    <P Name="Position">[1680, 158, 1710, 172]</P>
    <P Name="ZOrder">278</P>
    <P Name="BackgroundColor">orange</P>
    <P Name="VectorParamsAs1DForOutWhenUnconnected">off</P>
  </Block>
  <Line>
    <P Name="ZOrder">1</P>
    <P Name="Labels">[0, 1]</P>
    <P Name="Src">75441#out:1</P>
    <P Name="Dst">75426#in:3</P>
  </Line>
  <Line>
    <P Name="ZOrder">2</P>
    <P Name="Labels">[0, 1]</P>
    <P Name="Src">75425#out:1</P>
    <P Name="Dst">75427#in:1</P>
  </Line>
  <Line>
    <P Name="Name">&lt;e_pa&gt;</P>
    <P Name="ZOrder">3</P>
    <P Name="Labels">[0, 1]</P>
    <P Name="Src">75427#out:2</P>
    <P Name="Dst">75448#in:3</P>
  </Line>
  <Line>
    <P Name="ZOrder">4</P>
    <P Name="Labels">[0, 1]</P>
    <P Name="Src">75435#out:1</P>
    <P Name="Dst">75428#in:1</P>
  </Line>
  <Line>
    <P Name="Name">&lt;e_Tmp&gt;</P>
    <P Name="ZOrder">5</P>
    <P Name="Labels">[0, 1]</P>
    <P Name="Src">75427#out:1</P>
    <P Name="Dst">75448#in:2</P>
  </Line>
  <Line>
    <P Name="Name">atm_stat_bus</P>
    <P Name="ZOrder">6</P>
    <P Name="Labels">[0, 1]</P>
    <P Name="Src">75426#out:1</P>
    <P Name="Dst">75482#in:1</P>
  </Line>
  <Line>
    <P Name="ZOrder">7</P>
    <P Name="Labels">[0, 1]</P>
    <P Name="Src">75448#out:1</P>
    <P Name="Points">[56, 0]</P>
    <Branch>
      <P Name="ZOrder">8</P>
      <P Name="Points">[0, -40]</P>
      <Branch>
        <P Name="ZOrder">9</P>
        <P Name="Points">[0, -70]</P>
        <P Name="Dst">75441#in:1</P>
      </Branch>
      <Branch>
        <P Name="ZOrder">10</P>
        <P Name="Dst">75426#in:4</P>
      </Branch>
    </Branch>
    <Branch>
      <P Name="ZOrder">11</P>
      <P Name="Dst">75429#in:1</P>
    </Branch>
  </Line>
  <Line>
    <P Name="ZOrder">12</P>
    <P Name="Labels">[0, 1]</P>
    <P Name="Src">75448#out:2</P>
    <P Name="Points">[58, 0]</P>
    <Branch>
      <P Name="ZOrder">13</P>
      <P Name="Points">[0, 45]</P>
      <P Name="Dst">75426#in:6</P>
    </Branch>
    <Branch>
      <P Name="ZOrder">14</P>
      <P Name="Dst">75429#in:2</P>
    </Branch>
  </Line>
  <Line>
    <P Name="ZOrder">15</P>
    <P Name="Labels">[0, 1]</P>
    <P Name="Src">75429#out:1</P>
    <P Name="Dst">75426#in:5</P>
  </Line>
  <Line>
    <P Name="ZOrder">16</P>
    <P Name="Labels">[0, 1]</P>
    <P Name="Src">75424#out:1</P>
    <P Name="Points">[76, 0]</P>
    <Branch>
      <P Name="ZOrder">17</P>
      <P Name="Points">[0, -245]</P>
      <P Name="Dst">75426#in:1</P>
    </Branch>
    <Branch>
      <P Name="ZOrder">18</P>
      <P Name="Dst">75435#in:1</P>
    </Branch>
  </Line>
  <Line>
    <P Name="Name">h_geop</P>
    <P Name="ZOrder">19</P>
    <P Name="Labels">[0, 1]</P>
    <P Name="Src">75428#out:1</P>
    <P Name="Points">[107, 0; 0, -5]</P>
    <Branch>
      <P Name="ZOrder">20</P>
      <P Name="Points">[0, -170]</P>
      <P Name="Dst">75426#in:2</P>
    </Branch>
    <Branch>
      <P Name="ZOrder">21</P>
      <P Name="Dst">75448#in:1</P>
    </Branch>
  </Line>
</System>
