<?xml version="1.0" encoding="utf-8"?>
<System>
  <P Name="Location">[-8, -8, 1928, 1048]</P>
  <P Name="SystemRect">[0.000000, 0.000000, 0.000000, 0.000000]</P>
  <P Name="SetExecutionDomain">off</P>
  <P Name="ExecutionDomainType">Deduce</P>
  <P Name="SimulinkSubDomain">Simulink</P>
  <Block BlockType="Inport" Name="sp_f" SID="77601:7:7">
    <P Name="Position">[45, 83, 75, 97]</P>
    <P Name="ZOrder">-1</P>
  </Block>
  <Block BlockType="Constant" Name="Constant" SID="77601:7:8">
    <P Name="Position">[255, 76, 305, 104]</P>
    <P Name="ZOrder">-2</P>
    <P Name="ShowName">off</P>
    <P Name="Value">dtype_a</P>
  </Block>
  <Block BlockType="SubSystem" Name="No Dynamics" SID="77601:7:9">
    <P Name="Ports">[1, 1]</P>
    <P Name="Position">[150, 112, 220, 148]</P>
    <P Name="ZOrder">-3</P>
    <P Name="RequestExecContextInheritance">off</P>
    <System Ref="system_77601_7_9"/>
  </Block>
  <Block BlockType="SubSystem" Name="Second-order Dynamics" SID="77601:7:89">
    <P Name="Ports">[1, 1]</P>
    <P Name="Position">[150, 32, 220, 68]</P>
    <P Name="ZOrder">62</P>
    <P Name="RequestExecContextInheritance">off</P>
    <P Name="ContentPreviewEnabled">on</P>
    <Mask>
      <Type>ContinuousFilter</Type>
      <Display RunInitForIconRedraw="on"/>
      <Initialization>aeroicon(&apos;aeroblk&apos;);</Initialization>
      <MaskParameter Name="wn" Type="edit">
        <Prompt>Natural frequency:</Prompt>
        <Value>w_a</Value>
      </MaskParameter>
      <MaskParameter Name="zn" Type="edit">
        <Prompt>Damping ratio:</Prompt>
        <Value>z_a</Value>
      </MaskParameter>
      <DialogControl Type="Group" Name="DescGroupVar">
        <Prompt>%&lt;MaskType&gt;</Prompt>
        <DialogControl Type="Text" Name="DescTextVar">
          <Prompt>%&lt;MaskDescription&gt;</Prompt>
        </DialogControl>
      </DialogControl>
      <DialogControl Type="Group" Name="ParameterGroupVar">
        <Prompt>Simulink:studio:ToolBarParametersMenu</Prompt>
        <DialogControl Type="Edit" Name="wn">
          <Prompt>Natural frequency:</Prompt>
          <ControlOptions PromptLocation="left"/>
        </DialogControl>
        <DialogControl Type="Edit" Name="zn">
          <Prompt>Damping ratio:</Prompt>
          <ControlOptions PromptLocation="left"/>
        </DialogControl>
      </DialogControl>
    </Mask>
    <System Ref="system_77601_7_89"/>
  </Block>
  <Block BlockType="Switch" Name="Switch" SID="77601:7:20">
    <P Name="Position">[335, 31, 365, 149]</P>
    <P Name="ZOrder">-5</P>
    <P Name="ShowName">off</P>
    <P Name="Threshold">0.5</P>
    <P Name="InputSameDT">off</P>
    <P Name="SaturateOnIntegerOverflow">off</P>
  </Block>
  <Block BlockType="Outport" Name="sp_f " SID="77601:7:21">
    <P Name="Position">[400, 83, 430, 97]</P>
    <P Name="ZOrder">-6</P>
    <P Name="VectorParamsAs1DForOutWhenUnconnected">off</P>
  </Block>
  <Line>
    <P Name="ZOrder">1</P>
    <P Name="Src">77601:7:8#out:1</P>
    <P Name="Dst">77601:7:20#in:2</P>
  </Line>
  <Line>
    <P Name="ZOrder">2</P>
    <P Name="Src">77601:7:20#out:1</P>
    <P Name="Dst">77601:7:21#in:1</P>
  </Line>
  <Line>
    <P Name="ZOrder">3</P>
    <P Name="Src">77601:7:89#out:1</P>
    <P Name="Dst">77601:7:20#in:1</P>
  </Line>
  <Line>
    <P Name="ZOrder">4</P>
    <P Name="Src">77601:7:9#out:1</P>
    <P Name="Dst">77601:7:20#in:3</P>
  </Line>
  <Line>
    <P Name="ZOrder">5</P>
    <P Name="Src">77601:7:7#out:1</P>
    <P Name="Points">[40, 0]</P>
    <Branch>
      <P Name="ZOrder">6</P>
      <P Name="Points">[0, -40]</P>
      <P Name="Dst">77601:7:89#in:1</P>
    </Branch>
    <Branch>
      <P Name="ZOrder">7</P>
      <P Name="Points">[0, 40]</P>
      <P Name="Dst">77601:7:9#in:1</P>
    </Branch>
  </Line>
</System>
