<?xml version="1.0" encoding="utf-8"?>
<System>
  <P Name="Location">[207, 53, 2019, 1216]</P>
  <P Name="SystemRect">[0.000000, 0.000000, 0.000000, 0.000000]</P>
  <P Name="SetExecutionDomain">off</P>
  <P Name="ExecutionDomainType">Deduce</P>
  <P Name="ZoomFactor">140</P>
  <P Name="SimulinkSubDomain">Simulink</P>
  <Block BlockType="Inport" Name="States" SID="74654">
    <P Name="Position">[90, 53, 120, 67]</P>
    <P Name="ZOrder">-1</P>
  </Block>
  <Block BlockType="SubSystem" Name="Flight Simulator Off" SID="74655">
    <P Name="Ports">[1]</P>
    <P Name="Position">[195, -4, 300, 44]</P>
    <P Name="ZOrder">2</P>
    <P Name="RequestExecContextInheritance">off</P>
    <P Name="VariantControl">VSS_FLIGHTGEAR_OFF</P>
    <System Ref="system_74655"/>
  </Block>
  <Block BlockType="SubSystem" Name="Flight Simulator On" SID="74658">
    <P Name="Ports">[1]</P>
    <P Name="Position">[195, 65, 300, 125]</P>
    <P Name="ZOrder">482</P>
    <P Name="RequestExecContextInheritance">off</P>
    <P Name="VariantControl">VSS_FLIGHTGEAR_ON</P>
    <P Name="ContentPreviewEnabled">on</P>
    <System Ref="system_74658"/>
  </Block>
</System>
