<?xml version="1.0" encoding="utf-8"?>
<System>
  <P Name="Location">[-7, -7, 1481, 871]</P>
  <P Name="SystemRect">[0.000000, 0.000000, 0.000000, 0.000000]</P>
  <P Name="SetExecutionDomain">off</P>
  <P Name="ExecutionDomainType">Deduce</P>
  <P Name="ZoomFactor">125</P>
  <P Name="SimulinkSubDomain">Simulink</P>
  <Block BlockType="Inport" Name="lat" SID="76068">
    <P Name="Position">[100, 198, 130, 212]</P>
    <P Name="ZOrder">1669</P>
    <P Name="BackgroundColor">yellow</P>
    <Port>
      <P Name="PortNumber">1</P>
      <P Name="PropagatedSignals">lat</P>
      <P Name="ShowPropagatedSignals">on</P>
    </Port>
  </Block>
  <Block BlockType="Inport" Name="lon" SID="76069">
    <P Name="Position">[100, 233, 130, 247]</P>
    <P Name="ZOrder">1671</P>
    <P Name="BackgroundColor">yellow</P>
    <P Name="Port">2</P>
    <Port>
      <P Name="PortNumber">1</P>
      <P Name="PropagatedSignals">lon</P>
      <P Name="ShowPropagatedSignals">on</P>
    </Port>
  </Block>
  <Block BlockType="Gain" Name="Gain" SID="76070">
    <P Name="Position">[335, 125, 365, 155]</P>
    <P Name="ZOrder">1661</P>
    <P Name="ShowName">off</P>
    <Port>
      <P Name="PortNumber">1</P>
      <P Name="Name">wEIE</P>
    </Port>
  </Block>
  <Block BlockType="Gain" Name="Gain1" SID="76071">
    <P Name="Position">[335, 210, 365, 240]</P>
    <P Name="ZOrder">1685</P>
    <P Name="ShowName">off</P>
    <Port>
      <P Name="PortNumber">1</P>
      <P Name="Name">wGEG</P>
    </Port>
  </Block>
  <Block BlockType="SubSystem" Name="earth_rotation_rate" SID="76072">
    <P Name="Ports">[0, 1]</P>
    <P Name="Position">[185, 117, 275, 163]</P>
    <P Name="ZOrder">1622</P>
    <P Name="RequestExecContextInheritance">off</P>
    <P Name="ContentPreviewEnabled">on</P>
    <Port>
      <P Name="PortNumber">1</P>
      <P Name="PropagatedSignals">wIEE</P>
      <P Name="ShowPropagatedSignals">on</P>
    </Port>
    <System Ref="system_76072"/>
  </Block>
  <Block BlockType="SubSystem" Name="quaternion_integration" SID="76081">
    <P Name="Ports">[1, 2]</P>
    <P Name="Position">[440, 104, 535, 171]</P>
    <P Name="ZOrder">1668</P>
    <P Name="RequestExecContextInheritance">off</P>
    <P Name="ContentPreviewEnabled">on</P>
    <Port>
      <P Name="PortNumber">1</P>
      <P Name="PropagatedSignals">qIE</P>
      <P Name="ShowPropagatedSignals">on</P>
    </Port>
    <Port>
      <P Name="PortNumber">2</P>
      <P Name="PropagatedSignals">TIE</P>
      <P Name="ShowPropagatedSignals">on</P>
    </Port>
    <System Ref="system_76081"/>
  </Block>
  <Block BlockType="SubSystem" Name="quaternion_integration1" SID="76177">
    <P Name="Ports">[1, 2]</P>
    <P Name="Position">[440, 189, 535, 256]</P>
    <P Name="ZOrder">1684</P>
    <P Name="RequestExecContextInheritance">off</P>
    <P Name="ContentPreviewEnabled">on</P>
    <Port>
      <P Name="PortNumber">1</P>
      <P Name="PropagatedSignals">qEG</P>
      <P Name="ShowPropagatedSignals">on</P>
    </Port>
    <Port>
      <P Name="PortNumber">2</P>
      <P Name="PropagatedSignals">TEG</P>
      <P Name="ShowPropagatedSignals">on</P>
    </Port>
    <System Ref="system_76177"/>
  </Block>
  <Block BlockType="SubSystem" Name="transport_rate" SID="76273">
    <P Name="Ports">[2, 1]</P>
    <P Name="Position">[185, 188, 275, 257]</P>
    <P Name="ZOrder">1683</P>
    <P Name="RequestExecContextInheritance">off</P>
    <P Name="ContentPreviewEnabled">on</P>
    <Port>
      <P Name="PortNumber">1</P>
      <P Name="PropagatedSignals">wEGG</P>
      <P Name="ShowPropagatedSignals">on</P>
    </Port>
    <System Ref="system_76273"/>
  </Block>
  <Block BlockType="Outport" Name="wIEE" SID="76290">
    <P Name="Position">[590, 78, 620, 92]</P>
    <P Name="ZOrder">1667</P>
    <P Name="BackgroundColor">orange</P>
    <P Name="VectorParamsAs1DForOutWhenUnconnected">off</P>
  </Block>
  <Block BlockType="Outport" Name="TIE" SID="76291">
    <P Name="Position">[590, 148, 620, 162]</P>
    <P Name="ZOrder">1666</P>
    <P Name="BackgroundColor">orange</P>
    <P Name="Port">2</P>
    <P Name="VectorParamsAs1DForOutWhenUnconnected">off</P>
  </Block>
  <Block BlockType="Outport" Name="qIE" SID="76292">
    <P Name="Position">[590, 113, 620, 127]</P>
    <P Name="ZOrder">1664</P>
    <P Name="BackgroundColor">orange</P>
    <P Name="Port">3</P>
    <P Name="VectorParamsAs1DForOutWhenUnconnected">off</P>
  </Block>
  <Block BlockType="Outport" Name="qEG" SID="76293">
    <P Name="Position">[590, 198, 620, 212]</P>
    <P Name="ZOrder">1686</P>
    <P Name="BackgroundColor">orange</P>
    <P Name="Port">4</P>
    <P Name="VectorParamsAs1DForOutWhenUnconnected">off</P>
  </Block>
  <Block BlockType="Outport" Name="TEG" SID="76294">
    <P Name="Position">[590, 233, 620, 247]</P>
    <P Name="ZOrder">1687</P>
    <P Name="BackgroundColor">orange</P>
    <P Name="Port">5</P>
    <P Name="VectorParamsAs1DForOutWhenUnconnected">off</P>
  </Block>
  <Block BlockType="Outport" Name="wEGG" SID="76295">
    <P Name="Position">[590, 273, 620, 287]</P>
    <P Name="ZOrder">1688</P>
    <P Name="BackgroundColor">orange</P>
    <P Name="Port">6</P>
    <P Name="VectorParamsAs1DForOutWhenUnconnected">off</P>
  </Block>
  <Line>
    <P Name="ZOrder">1</P>
    <P Name="Labels">[0, 1]</P>
    <P Name="Src">76072#out:1</P>
    <P Name="Points">[40, 0]</P>
    <Branch>
      <P Name="ZOrder">2</P>
      <P Name="Points">[0, -55]</P>
      <P Name="Dst">76290#in:1</P>
    </Branch>
    <Branch>
      <P Name="ZOrder">3</P>
      <P Name="Dst">76070#in:1</P>
    </Branch>
  </Line>
  <Line>
    <P Name="Name">wEIE</P>
    <P Name="ZOrder">4</P>
    <P Name="Labels">[0, 1]</P>
    <P Name="Src">76070#out:1</P>
    <P Name="Dst">76081#in:1</P>
  </Line>
  <Line>
    <P Name="ZOrder">5</P>
    <P Name="Labels">[0, 1]</P>
    <P Name="Src">76081#out:1</P>
    <P Name="Dst">76292#in:1</P>
  </Line>
  <Line>
    <P Name="ZOrder">6</P>
    <P Name="Labels">[0, 1]</P>
    <P Name="Src">76081#out:2</P>
    <P Name="Dst">76291#in:1</P>
  </Line>
  <Line>
    <P Name="ZOrder">7</P>
    <P Name="Labels">[0, 1]</P>
    <P Name="Src">76068#out:1</P>
    <P Name="Dst">76273#in:1</P>
  </Line>
  <Line>
    <P Name="ZOrder">8</P>
    <P Name="Labels">[0, 1]</P>
    <P Name="Src">76069#out:1</P>
    <P Name="Dst">76273#in:2</P>
  </Line>
  <Line>
    <P Name="ZOrder">9</P>
    <P Name="Labels">[0, 1]</P>
    <P Name="Src">76273#out:1</P>
    <P Name="Points">[40, 0]</P>
    <Branch>
      <P Name="ZOrder">10</P>
      <P Name="Points">[0, 55]</P>
      <P Name="Dst">76295#in:1</P>
    </Branch>
    <Branch>
      <P Name="ZOrder">11</P>
      <P Name="Dst">76071#in:1</P>
    </Branch>
  </Line>
  <Line>
    <P Name="Name">wGEG</P>
    <P Name="ZOrder">12</P>
    <P Name="Labels">[0, 1]</P>
    <P Name="Src">76071#out:1</P>
    <P Name="Dst">76177#in:1</P>
  </Line>
  <Line>
    <P Name="ZOrder">13</P>
    <P Name="Labels">[0, 1]</P>
    <P Name="Src">76177#out:1</P>
    <P Name="Dst">76293#in:1</P>
  </Line>
  <Line>
    <P Name="ZOrder">14</P>
    <P Name="Labels">[0, 1]</P>
    <P Name="Src">76177#out:2</P>
    <P Name="Dst">76294#in:1</P>
  </Line>
</System>
