<?xml version="1.0" encoding="utf-8"?>
<System>
  <P Name="Location">[-7, -7, 1481, 871]</P>
  <P Name="SystemRect">[0.000000, 0.000000, 0.000000, 0.000000]</P>
  <P Name="SetExecutionDomain">off</P>
  <P Name="ExecutionDomainType">Deduce</P>
  <P Name="ZoomFactor">123</P>
  <P Name="SimulinkSubDomain">Simulink</P>
  <Block BlockType="Inport" Name="TIE" SID="76541">
    <P Name="Position">[125, 13, 155, 27]</P>
    <P Name="ZOrder">1675</P>
    <P Name="BackgroundColor">yellow</P>
    <Port>
      <P Name="PortNumber">1</P>
      <P Name="PropagatedSignals">TIE</P>
      <P Name="ShowPropagatedSignals">on</P>
    </Port>
  </Block>
  <Block BlockType="Inport" Name="pBII" SID="76542">
    <P Name="Position">[40, 68, 70, 82]</P>
    <P Name="ZOrder">1676</P>
    <P Name="BackgroundColor">yellow</P>
    <P Name="Port">2</P>
    <Port>
      <P Name="PortNumber">1</P>
      <P Name="PropagatedSignals">pBII</P>
      <P Name="ShowPropagatedSignals">on</P>
    </Port>
  </Block>
  <Block BlockType="Constant" Name="Constant" SID="76543">
    <P Name="Position">[420, -110, 450, -80]</P>
    <P Name="ZOrder">3388</P>
    <P Name="ShowName">off</P>
    <P Name="Value">lon_0</P>
  </Block>
  <Block BlockType="Constant" Name="Constant1" SID="76544">
    <P Name="Position">[535, -20, 605, 10]</P>
    <P Name="ZOrder">1686</P>
    <P Name="ShowName">off</P>
    <P Name="Value">flag_I_flat</P>
  </Block>
  <Block BlockType="Constant" Name="Constant2" SID="76545">
    <P Name="Position">[420, -75, 450, -45]</P>
    <P Name="ZOrder">3389</P>
    <P Name="ShowName">off</P>
    <P Name="Value">lat_0</P>
  </Block>
  <Block BlockType="Demux" Name="Demux" SID="76546">
    <P Name="Ports">[1, 3]</P>
    <P Name="Position">[340, -122, 345, -8]</P>
    <P Name="ZOrder">3384</P>
    <P Name="ShowName">off</P>
    <P Name="Outputs">3</P>
  </Block>
  <Block BlockType="Demux" Name="Demux1" SID="76547">
    <P Name="Ports">[1, 3]</P>
    <P Name="Position">[730, -57, 735, 47]</P>
    <P Name="ZOrder">3390</P>
    <P Name="ShowName">off</P>
    <P Name="Outputs">3</P>
    <Port>
      <P Name="PortNumber">1</P>
      <P Name="Name">lon</P>
      <P Name="TestPoint">on</P>
      <P Name="DataLogging">on</P>
      <P Name="DataLoggingDecimateData">on</P>
      <P Name="DataLoggingDecimation">SL_decimation</P>
    </Port>
    <Port>
      <P Name="PortNumber">2</P>
      <P Name="Name">lat</P>
      <P Name="TestPoint">on</P>
      <P Name="DataLogging">on</P>
      <P Name="DataLoggingDecimateData">on</P>
      <P Name="DataLoggingDecimation">SL_decimation</P>
    </Port>
    <Port>
      <P Name="PortNumber">3</P>
      <P Name="Name">hBE</P>
      <P Name="TestPoint">on</P>
      <P Name="DataLogging">on</P>
      <P Name="DataLoggingDecimateData">on</P>
      <P Name="DataLoggingDecimation">SL_decimation</P>
    </Port>
  </Block>
  <Block BlockType="Gain" Name="Gain" SID="76548">
    <P Name="Position">[400, -40, 430, -10]</P>
    <P Name="ZOrder">3387</P>
    <P Name="ShowName">off</P>
    <P Name="Gain">-1</P>
  </Block>
  <Block BlockType="Math" Name="Math&#xA;Function" SID="76549">
    <P Name="Ports">[1, 1]</P>
    <P Name="Position">[205, 5, 235, 35]</P>
    <P Name="ZOrder">3371</P>
    <P Name="Operator">transpose</P>
    <P Name="SignedPower">on</P>
    <Port>
      <P Name="PortNumber">1</P>
      <P Name="Name">TEI</P>
    </Port>
  </Block>
  <Block BlockType="Product" Name="Product" SID="76550">
    <P Name="Ports">[2, 1]</P>
    <P Name="Position">[275, -6, 315, 101]</P>
    <P Name="ZOrder">1674</P>
    <P Name="ShowName">off</P>
    <P Name="Multiplication">Matrix(*)</P>
    <Port>
      <P Name="PortNumber">1</P>
      <P Name="Name">pBEE</P>
    </Port>
  </Block>
  <Block BlockType="Switch" Name="Switch" SID="76551">
    <P Name="Position">[645, -85, 710, 75]</P>
    <P Name="ZOrder">1681</P>
    <P Name="Criteria">u2 &gt; Threshold</P>
    <P Name="InputSameDT">off</P>
    <P Name="SaturateOnIntegerOverflow">off</P>
  </Block>
  <Block BlockType="Terminator" Name="Terminator" SID="76552">
    <P Name="Position">[380, -115, 400, -95]</P>
    <P Name="ZOrder">3385</P>
  </Block>
  <Block BlockType="Terminator" Name="Terminator1" SID="76553">
    <P Name="Position">[380, -75, 400, -55]</P>
    <P Name="ZOrder">3386</P>
  </Block>
  <Block BlockType="Concatenate" Name="Vector&#xA;Concatenate" SID="76554">
    <P Name="Ports">[3, 1]</P>
    <P Name="Position">[475, 3, 480, 97]</P>
    <P Name="ZOrder">1683</P>
    <P Name="ShowName">off</P>
    <P Name="NumInputs">3</P>
  </Block>
  <Block BlockType="Concatenate" Name="Vector&#xA;Concatenate1" SID="76555">
    <P Name="Ports">[3, 1]</P>
    <P Name="Position">[475, -114, 480, -6]</P>
    <P Name="ZOrder">3383</P>
    <P Name="ShowName">off</P>
    <P Name="NumInputs">3</P>
  </Block>
  <Block BlockType="SubSystem" Name="trafo_E_to_geodetic" SID="76556">
    <P Name="Ports">[1, 3]</P>
    <P Name="Position">[360, 2, 445, 98]</P>
    <P Name="ZOrder">1611</P>
    <P Name="RequestExecContextInheritance">off</P>
    <P Name="ContentPreviewEnabled">on</P>
    <Mask>
      <Type>Transformation der ECEF Position in geodätische Größen</Type>
      <Display/>
      <Description>Dieser Block transformiert die Position im ECEF KOS in die geodätische Länge, Breite und Höhe</Description>
      <Initialization>[c_mue, c_rsma, c_flat] = init_transformations_earth;</Initialization>
      <Help>Name:

    trafo_E_to_geodetic

Beschreibung:

    Dieser Block transformiert die Position im ECEF KOS in die geodätische 
    Länge, Breite und Höhe.

Inputs   [size]  [data type] [unit]:

    pBEE    [3] [double] [m]

Outputs  [size]  [data type] [unit]:

    long  [1] [double] [rad]
    lat   [1] [double] [rad]
    alt   [1] [double] [m]

Parameter

   c_rsma
   c_flat
</Help>
    </Mask>
    <Port>
      <P Name="PortNumber">1</P>
      <P Name="Name">lon</P>
    </Port>
    <Port>
      <P Name="PortNumber">2</P>
      <P Name="Name">lat</P>
    </Port>
    <Port>
      <P Name="PortNumber">3</P>
      <P Name="Name">alt</P>
    </Port>
    <System Ref="system_76556"/>
  </Block>
  <Block BlockType="Outport" Name="lon" SID="76644">
    <P Name="Position">[790, -47, 820, -33]</P>
    <P Name="ZOrder">1677</P>
    <P Name="BackgroundColor">orange</P>
    <P Name="VectorParamsAs1DForOutWhenUnconnected">off</P>
  </Block>
  <Block BlockType="Outport" Name="lat" SID="76645">
    <P Name="Position">[790, -12, 820, 2]</P>
    <P Name="ZOrder">1678</P>
    <P Name="BackgroundColor">orange</P>
    <P Name="Port">2</P>
    <P Name="VectorParamsAs1DForOutWhenUnconnected">off</P>
  </Block>
  <Block BlockType="Outport" Name="hBE" SID="76646">
    <P Name="Position">[790, 23, 820, 37]</P>
    <P Name="ZOrder">1679</P>
    <P Name="BackgroundColor">orange</P>
    <P Name="Port">3</P>
    <P Name="VectorParamsAs1DForOutWhenUnconnected">off</P>
  </Block>
  <Line>
    <P Name="Name">lat</P>
    <P Name="ZOrder">1</P>
    <P Name="Labels">[0, 1]</P>
    <P Name="Src">76547#out:2</P>
    <P Name="Dst">76645#in:1</P>
  </Line>
  <Line>
    <P Name="ZOrder">2</P>
    <P Name="Labels">[0, 1]</P>
    <P Name="Src">76542#out:1</P>
    <P Name="Points">[42, 0]</P>
    <Branch>
      <P Name="ZOrder">3</P>
      <P Name="Points">[0, -140]</P>
      <P Name="Dst">76546#in:1</P>
    </Branch>
    <Branch>
      <P Name="ZOrder">4</P>
      <P Name="Dst">76550#in:2</P>
    </Branch>
  </Line>
  <Line>
    <P Name="Name">pBEE</P>
    <P Name="ZOrder">5</P>
    <P Name="Labels">[0, 1]</P>
    <P Name="Src">76550#out:1</P>
    <P Name="Dst">76556#in:1</P>
  </Line>
  <Line>
    <P Name="Name">lon</P>
    <P Name="ZOrder">6</P>
    <P Name="Labels">[0, 1]</P>
    <P Name="Src">76547#out:1</P>
    <P Name="Dst">76644#in:1</P>
  </Line>
  <Line>
    <P Name="Name">hBE</P>
    <P Name="ZOrder">7</P>
    <P Name="Labels">[0, 1]</P>
    <P Name="Src">76547#out:3</P>
    <P Name="Dst">76646#in:1</P>
  </Line>
  <Line>
    <P Name="Name">lon</P>
    <P Name="ZOrder">8</P>
    <P Name="Labels">[0, 1]</P>
    <P Name="Src">76556#out:1</P>
    <P Name="Dst">76554#in:1</P>
  </Line>
  <Line>
    <P Name="Name">lat</P>
    <P Name="ZOrder">9</P>
    <P Name="Labels">[0, 1]</P>
    <P Name="Src">76556#out:2</P>
    <P Name="Dst">76554#in:2</P>
  </Line>
  <Line>
    <P Name="Name">alt</P>
    <P Name="ZOrder">10</P>
    <P Name="Labels">[0, 1]</P>
    <P Name="Src">76556#out:3</P>
    <P Name="Dst">76554#in:3</P>
  </Line>
  <Line>
    <P Name="ZOrder">11</P>
    <P Name="Src">76546#out:1</P>
    <P Name="Dst">76552#in:1</P>
  </Line>
  <Line>
    <P Name="ZOrder">12</P>
    <P Name="Src">76546#out:2</P>
    <P Name="Dst">76553#in:1</P>
  </Line>
  <Line>
    <P Name="ZOrder">13</P>
    <P Name="Src">76546#out:3</P>
    <P Name="Dst">76548#in:1</P>
  </Line>
  <Line>
    <P Name="ZOrder">14</P>
    <P Name="Src">76548#out:1</P>
    <P Name="Dst">76555#in:3</P>
  </Line>
  <Line>
    <P Name="ZOrder">15</P>
    <P Name="Src">76543#out:1</P>
    <P Name="Dst">76555#in:1</P>
  </Line>
  <Line>
    <P Name="ZOrder">16</P>
    <P Name="Src">76545#out:1</P>
    <P Name="Dst">76555#in:2</P>
  </Line>
  <Line>
    <P Name="ZOrder">17</P>
    <P Name="Src">76554#out:1</P>
    <P Name="Dst">76551#in:3</P>
  </Line>
  <Line>
    <P Name="ZOrder">18</P>
    <P Name="Src">76544#out:1</P>
    <P Name="Dst">76551#in:2</P>
  </Line>
  <Line>
    <P Name="ZOrder">19</P>
    <P Name="Src">76555#out:1</P>
    <P Name="Dst">76551#in:1</P>
  </Line>
  <Line>
    <P Name="ZOrder">20</P>
    <P Name="Src">76551#out:1</P>
    <P Name="Dst">76547#in:1</P>
  </Line>
  <Line>
    <P Name="ZOrder">21</P>
    <P Name="Labels">[0, 1]</P>
    <P Name="Src">76541#out:1</P>
    <P Name="Dst">76549#in:1</P>
  </Line>
  <Line>
    <P Name="Name">TEI</P>
    <P Name="ZOrder">22</P>
    <P Name="Labels">[1, 0]</P>
    <P Name="Src">76549#out:1</P>
    <P Name="Dst">76550#in:1</P>
  </Line>
</System>
