<?xml version="1.0" encoding="utf-8"?>
<System>
  <P Name="Location">[155, 22, 696, 615]</P>
  <P Name="SystemRect">[0.000000, 0.000000, 0.000000, 0.000000]</P>
  <P Name="SetExecutionDomain">off</P>
  <P Name="ExecutionDomainType">Deduce</P>
  <P Name="SimulinkSubDomain">Simulink</P>
  <Block BlockType="Inport" Name="in" SID="74663:56">
    <P Name="Position">[110, 103, 140, 117]</P>
    <P Name="ZOrder">-1</P>
    <P Name="Unit">deg</P>
  </Block>
  <Block BlockType="UnitConversion" Name="Unit Conversion" SID="74663:57">
    <P Name="Position">[215, 85, 265, 135]</P>
    <P Name="ZOrder">2</P>
  </Block>
  <Block BlockType="Outport" Name="out" SID="74663:58">
    <P Name="Position">[360, 103, 390, 117]</P>
    <P Name="ZOrder">-2</P>
    <P Name="Unit">rad</P>
    <P Name="VectorParamsAs1DForOutWhenUnconnected">off</P>
  </Block>
  <Line>
    <P Name="ZOrder">1</P>
    <P Name="Src">74663:57#out:1</P>
    <P Name="Dst">74663:58#in:1</P>
  </Line>
  <Line>
    <P Name="ZOrder">2</P>
    <P Name="Src">74663:56#out:1</P>
    <P Name="Dst">74663:57#in:1</P>
  </Line>
</System>
