<?xml version="1.0" encoding="utf-8"?>
<System>
  <P Name="Location">[-7, -7, 1481, 871]</P>
  <P Name="SystemRect">[0.000000, 0.000000, 0.000000, 0.000000]</P>
  <P Name="SetExecutionDomain">off</P>
  <P Name="ExecutionDomainType">Deduce</P>
  <P Name="ZoomFactor">98</P>
  <P Name="SimulinkSubDomain">Simulink</P>
  <Block BlockType="Inport" Name="alpha_deg" SID="75002">
    <P Name="Position">[-310, -217, -280, -203]</P>
    <P Name="ZOrder">-1</P>
  </Block>
  <Block BlockType="Inport" Name="beta_deg" SID="75003">
    <P Name="Position">[-255, -187, -225, -173]</P>
    <P Name="ZOrder">14</P>
    <P Name="Port">2</P>
  </Block>
  <Block BlockType="Inport" Name="dele_deg" SID="75004">
    <P Name="Position">[-255, -32, -225, -18]</P>
    <P Name="ZOrder">1</P>
    <P Name="Port">3</P>
  </Block>
  <Block BlockType="Inport" Name="dela_deg" SID="75005">
    <P Name="Position">[-255, 123, -225, 137]</P>
    <P Name="ZOrder">15</P>
    <P Name="Port">4</P>
  </Block>
  <Block BlockType="Inport" Name="delr_deg" SID="75006">
    <P Name="Position">[-255, 278, -225, 292]</P>
    <P Name="ZOrder">37</P>
    <P Name="Port">5</P>
  </Block>
  <Block BlockType="Lookup_n-D" Name="2-D Lookup&#xA;Table" SID="75007">
    <P Name="Ports">[2, 1]</P>
    <P Name="Position">[-105, -227, -40, -163]</P>
    <P Name="ZOrder">31</P>
    <P Name="ShowName">off</P>
    <P Name="HideAutomaticName">off</P>
    <P Name="AttributesFormatString">%&lt;Table&gt;
%&lt;BreakpointsForDimension1&gt;
%&lt;BreakpointsForDimension2&gt;
</P>
    <P Name="InputPortMap">u0,u1</P>
    <P Name="BreakpointsForDimension1">Aerodynamics.alpha_beta_bkpts_ind1</P>
    <P Name="BreakpointsForDimension2">Aerodynamics.alpha_beta_bkpts_ind2</P>
    <P Name="Table">Aerodynamics.CX_alpha_beta</P>
    <P Name="ExtrapMethod">Clip</P>
    <P Name="UseLastTableValue">on</P>
    <P Name="InternalRulePriority">Speed</P>
    <P Name="RndMeth">Simplest</P>
    <Port>
      <P Name="PortNumber">1</P>
      <P Name="Name">CX_0</P>
    </Port>
  </Block>
  <Block BlockType="Lookup_n-D" Name="2-D Lookup&#xA;Table1" SID="75008">
    <P Name="Ports">[2, 1]</P>
    <P Name="Position">[-105, -72, -40, -8]</P>
    <P Name="ZOrder">33</P>
    <P Name="ShowName">off</P>
    <P Name="HideAutomaticName">off</P>
    <P Name="AttributesFormatString">%&lt;Table&gt;
%&lt;BreakpointsForDimension1&gt;
%&lt;BreakpointsForDimension2&gt;
</P>
    <P Name="InputPortMap">u0,u1</P>
    <P Name="BreakpointsForDimension1">Aerodynamics.dele_inc_bkpts_ind1</P>
    <P Name="BreakpointsForDimension2">Aerodynamics.dele_inc_bkpts_ind2</P>
    <P Name="Table">Aerodynamics.CX_dele_inc</P>
    <P Name="ExtrapMethod">Clip</P>
    <P Name="UseLastTableValue">on</P>
    <P Name="InternalRulePriority">Speed</P>
    <P Name="RndMeth">Simplest</P>
    <Port>
      <P Name="PortNumber">1</P>
      <P Name="Name">CX_dele</P>
    </Port>
  </Block>
  <Block BlockType="Lookup_n-D" Name="2-D Lookup&#xA;Table2" SID="75009">
    <P Name="Ports">[2, 1]</P>
    <P Name="Position">[-105, 83, -40, 147]</P>
    <P Name="ZOrder">34</P>
    <P Name="ShowName">off</P>
    <P Name="HideAutomaticName">off</P>
    <P Name="AttributesFormatString">%&lt;Table&gt;
%&lt;BreakpointsForDimension1&gt;
%&lt;BreakpointsForDimension2&gt;
</P>
    <P Name="InputPortMap">u0,u1</P>
    <P Name="BreakpointsForDimension1">Aerodynamics.dela_inc_bkpts_ind1</P>
    <P Name="BreakpointsForDimension2">Aerodynamics.dela_inc_bkpts_ind2</P>
    <P Name="Table">Aerodynamics.CX_dela_inc</P>
    <P Name="ExtrapMethod">Clip</P>
    <P Name="UseLastTableValue">on</P>
    <P Name="InternalRulePriority">Speed</P>
    <P Name="RndMeth">Simplest</P>
    <Port>
      <P Name="PortNumber">1</P>
      <P Name="Name">CX_dela</P>
    </Port>
  </Block>
  <Block BlockType="Lookup_n-D" Name="2-D Lookup&#xA;Table3" SID="75010">
    <P Name="Ports">[2, 1]</P>
    <P Name="Position">[-105, 238, -40, 302]</P>
    <P Name="ZOrder">35</P>
    <P Name="ShowName">off</P>
    <P Name="HideAutomaticName">off</P>
    <P Name="AttributesFormatString">%&lt;Table&gt;
%&lt;BreakpointsForDimension1&gt;
%&lt;BreakpointsForDimension2&gt;
</P>
    <P Name="InputPortMap">u0,u1</P>
    <P Name="BreakpointsForDimension1">Aerodynamics.delr_inc_bkpts_ind1</P>
    <P Name="BreakpointsForDimension2">Aerodynamics.delr_inc_bkpts_ind2</P>
    <P Name="Table">Aerodynamics.CX_delr_inc</P>
    <P Name="ExtrapMethod">Clip</P>
    <P Name="UseLastTableValue">on</P>
    <P Name="InternalRulePriority">Speed</P>
    <P Name="RndMeth">Simplest</P>
    <Port>
      <P Name="PortNumber">1</P>
      <P Name="Name">CX_delr</P>
    </Port>
  </Block>
  <Block BlockType="Constant" Name="Constant" SID="75011">
    <P Name="Position">[320, 85, 350, 115]</P>
    <P Name="ZOrder">45</P>
    <P Name="ShowName">off</P>
    <P Name="HideAutomaticName">off</P>
    <P Name="AttributesFormatString">%&lt;Value&gt;</P>
    <P Name="Value">Aerodynamics.CX_bias</P>
  </Block>
  <Block BlockType="Gain" Name="Gain" SID="75012">
    <P Name="Position">[320, 25, 350, 55]</P>
    <P Name="ZOrder">44</P>
    <P Name="ShowName">off</P>
    <P Name="HideAutomaticName">off</P>
    <P Name="AttributesFormatString">%&lt;Gain&gt;</P>
    <P Name="Gain">Aerodynamics.CX_scale</P>
  </Block>
  <Block BlockType="Sum" Name="Sum" SID="75013">
    <P Name="Ports">[4, 1]</P>
    <P Name="Position">[195, -274, 215, 349]</P>
    <P Name="ZOrder">4</P>
    <P Name="ShowName">off</P>
    <P Name="IconShape">rectangular</P>
    <P Name="Inputs">++++</P>
  </Block>
  <Block BlockType="Sum" Name="Sum1" SID="75014">
    <P Name="Ports">[2, 1]</P>
    <P Name="Position">[445, 30, 465, 50]</P>
    <P Name="ZOrder">46</P>
    <P Name="ShowName">off</P>
    <P Name="Inputs">|++</P>
    <Port>
      <P Name="PortNumber">1</P>
      <P Name="Name">CX_B</P>
      <P Name="DataLogging">on</P>
      <P Name="DataLoggingDecimateData">on</P>
      <P Name="DataLoggingDecimation">SL_decimation</P>
    </Port>
  </Block>
  <Block BlockType="InportShadow" Name="alpha_deg D1" SID="75015">
    <P Name="Position">[-320, -62, -290, -48]</P>
    <P Name="ZOrder">36</P>
  </Block>
  <Block BlockType="InportShadow" Name="alpha_deg D2" SID="75016">
    <P Name="Position">[-320, 93, -290, 107]</P>
    <P Name="ZOrder">38</P>
  </Block>
  <Block BlockType="InportShadow" Name="beta_deg D1" SID="75017">
    <P Name="Position">[-330, 248, -300, 262]</P>
    <P Name="ZOrder">40</P>
    <P Name="Port">2</P>
  </Block>
  <Block BlockType="Outport" Name="CX" SID="75018">
    <P Name="Position">[560, 33, 590, 47]</P>
    <P Name="ZOrder">-2</P>
  </Block>
  <Line>
    <P Name="ZOrder">1</P>
    <P Name="Src">75013#out:1</P>
    <P Name="Dst">75012#in:1</P>
  </Line>
  <Line>
    <P Name="Name">CX_dele</P>
    <P Name="ZOrder">2</P>
    <P Name="Labels">[1, 1]</P>
    <P Name="Src">75008#out:1</P>
    <P Name="Dst">75013#in:2</P>
  </Line>
  <Line>
    <P Name="Name">CX_dela</P>
    <P Name="ZOrder">3</P>
    <P Name="Labels">[1, 1]</P>
    <P Name="Src">75009#out:1</P>
    <P Name="Dst">75013#in:3</P>
  </Line>
  <Line>
    <P Name="Name">CX_0</P>
    <P Name="ZOrder">4</P>
    <P Name="Labels">[1, 1]</P>
    <P Name="Src">75007#out:1</P>
    <P Name="Dst">75013#in:1</P>
  </Line>
  <Line>
    <P Name="ZOrder">5</P>
    <P Name="Src">75002#out:1</P>
    <P Name="Dst">75007#in:1</P>
  </Line>
  <Line>
    <P Name="ZOrder">6</P>
    <P Name="Src">75003#out:1</P>
    <P Name="Dst">75007#in:2</P>
  </Line>
  <Line>
    <P Name="ZOrder">7</P>
    <P Name="Src">75015#out:1</P>
    <P Name="Dst">75008#in:1</P>
  </Line>
  <Line>
    <P Name="ZOrder">8</P>
    <P Name="Src">75004#out:1</P>
    <P Name="Dst">75008#in:2</P>
  </Line>
  <Line>
    <P Name="ZOrder">9</P>
    <P Name="Src">75005#out:1</P>
    <P Name="Dst">75009#in:2</P>
  </Line>
  <Line>
    <P Name="Name">CX_delr</P>
    <P Name="ZOrder">10</P>
    <P Name="Labels">[1, 1]</P>
    <P Name="Src">75010#out:1</P>
    <P Name="Dst">75013#in:4</P>
  </Line>
  <Line>
    <P Name="ZOrder">11</P>
    <P Name="Src">75006#out:1</P>
    <P Name="Dst">75010#in:2</P>
  </Line>
  <Line>
    <P Name="ZOrder">12</P>
    <P Name="Src">75016#out:1</P>
    <P Name="Dst">75009#in:1</P>
  </Line>
  <Line>
    <P Name="ZOrder">13</P>
    <P Name="Src">75017#out:1</P>
    <P Name="Dst">75010#in:1</P>
  </Line>
  <Line>
    <P Name="ZOrder">14</P>
    <P Name="Src">75011#out:1</P>
    <P Name="Points">[100, 0]</P>
    <P Name="Dst">75014#in:2</P>
  </Line>
  <Line>
    <P Name="ZOrder">15</P>
    <P Name="Src">75012#out:1</P>
    <P Name="Dst">75014#in:1</P>
  </Line>
  <Line>
    <P Name="Name">CX_B</P>
    <P Name="ZOrder">16</P>
    <P Name="Labels">[1, 1]</P>
    <P Name="Src">75014#out:1</P>
    <P Name="Dst">75018#in:1</P>
  </Line>
</System>
