<?xml version="1.0" encoding="utf-8"?>
<System>
  <P Name="Location">[1913, -7, 3847, 1167]</P>
  <P Name="SystemRect">[0.000000, 0.000000, 0.000000, 0.000000]</P>
  <P Name="SetExecutionDomain">off</P>
  <P Name="ExecutionDomainType">Deduce</P>
  <P Name="ZoomFactor">175</P>
  <P Name="SimulinkSubDomain">Simulink</P>
  <Block BlockType="Inport" Name="States" SID="80414">
    <P Name="Position">[130, 548, 160, 562]</P>
    <P Name="ZOrder">22219</P>
    <P Name="BackgroundColor">green</P>
  </Block>
  <Block BlockType="BusCreator" Name="Bus&#xA;Creator1" SID="80415">
    <P Name="Ports">[3, 1]</P>
    <P Name="Position">[680, 473, 690, 537]</P>
    <P Name="ZOrder">22177</P>
    <P Name="BackgroundColor">green</P>
    <P Name="ShowName">off</P>
    <P Name="Inputs">3</P>
    <P Name="DisplayOption">bar</P>
    <P Name="InheritFromInputs">on</P>
    <Port>
      <P Name="PortNumber">1</P>
      <P Name="Name">accelerometer</P>
    </Port>
  </Block>
  <Block BlockType="BusCreator" Name="Bus&#xA;Creator10" SID="80416">
    <P Name="Ports">[2, 1]</P>
    <P Name="Position">[770, 453, 780, 657]</P>
    <P Name="ZOrder">22181</P>
    <P Name="BackgroundColor">green</P>
    <P Name="ShowName">off</P>
    <P Name="Inputs">2</P>
    <P Name="DisplayOption">bar</P>
    <P Name="InheritFromInputs">on</P>
    <Port>
      <P Name="PortNumber">1</P>
      <P Name="Name">Virtual IMU</P>
    </Port>
  </Block>
  <Block BlockType="BusCreator" Name="Bus&#xA;Creator2" SID="80417">
    <P Name="Ports">[3, 1]</P>
    <P Name="Position">[680, 573, 690, 637]</P>
    <P Name="ZOrder">22178</P>
    <P Name="BackgroundColor">green</P>
    <P Name="ShowName">off</P>
    <P Name="Inputs">3</P>
    <P Name="DisplayOption">bar</P>
    <P Name="InheritFromInputs">on</P>
    <Port>
      <P Name="PortNumber">1</P>
      <P Name="Name">gyro</P>
    </Port>
  </Block>
  <Block BlockType="BusSelector" Name="Bus&#xA;Selector" SID="80418">
    <P Name="Ports">[1, 11]</P>
    <P Name="Position">[185, 451, 200, 659]</P>
    <P Name="ZOrder">22212</P>
    <P Name="BackgroundColor">green</P>
    <P Name="ShowName">off</P>
    <P Name="OutputSignals">Translation_States_Dot.u_dot_mDs2,Translation_States_Dot.v_dot_mDs2,Translation_States_Dot.w_dot_mDs2,Rotation_States.p_radDs,Rotation_States.q_radDs,Rotation_States.r_radDs,Rotation_States_Dot.p_dot_radDs2,Rotation_States_Dot.q_dot_radDs2,Rotation_States_Dot.r_dot_radDs2,Attitude_States.ATT_Euler.Phi_rad,Attitude_States.ATT_Euler.Theta_rad</P>
    <Port>
      <P Name="PortNumber">1</P>
      <P Name="Name">&lt;u_dot_mDs2&gt;</P>
    </Port>
    <Port>
      <P Name="PortNumber">2</P>
      <P Name="Name">&lt;v_dot_mDs2&gt;</P>
    </Port>
    <Port>
      <P Name="PortNumber">3</P>
      <P Name="Name">&lt;w_dot_mDs2&gt;</P>
    </Port>
    <Port>
      <P Name="PortNumber">4</P>
      <P Name="Name">&lt;p_radDs&gt;</P>
    </Port>
    <Port>
      <P Name="PortNumber">5</P>
      <P Name="Name">&lt;q_radDs&gt;</P>
    </Port>
    <Port>
      <P Name="PortNumber">6</P>
      <P Name="Name">&lt;r_radDs&gt;</P>
    </Port>
    <Port>
      <P Name="PortNumber">7</P>
      <P Name="Name">&lt;p_dot_radDs2&gt;</P>
    </Port>
    <Port>
      <P Name="PortNumber">8</P>
      <P Name="Name">&lt;q_dot_radDs2&gt;</P>
    </Port>
    <Port>
      <P Name="PortNumber">9</P>
      <P Name="Name">&lt;r_dot_radDs2&gt;</P>
    </Port>
    <Port>
      <P Name="PortNumber">10</P>
      <P Name="Name">&lt;Phi_rad&gt;</P>
    </Port>
    <Port>
      <P Name="PortNumber">11</P>
      <P Name="Name">&lt;Theta_rad&gt;</P>
    </Port>
  </Block>
  <Block BlockType="Constant" Name="Constant1" SID="80419">
    <P Name="Position">[405, 580, 435, 610]</P>
    <P Name="ZOrder">22164</P>
    <P Name="BackgroundColor">green</P>
    <P Name="Value">[0,0,0]</P>
  </Block>
  <Block BlockType="Demux" Name="Demux8" SID="80420">
    <P Name="Ports">[1, 3]</P>
    <P Name="Position">[605, 473, 615, 537]</P>
    <P Name="ZOrder">22179</P>
    <P Name="BackgroundColor">green</P>
    <P Name="ShowName">off</P>
    <P Name="Outputs">3</P>
    <Port>
      <P Name="PortNumber">1</P>
      <P Name="Name">accX</P>
    </Port>
    <Port>
      <P Name="PortNumber">2</P>
      <P Name="Name">accY</P>
    </Port>
    <Port>
      <P Name="PortNumber">3</P>
      <P Name="Name">accZ</P>
    </Port>
  </Block>
  <Block BlockType="Demux" Name="Demux9" SID="80421">
    <P Name="Ports">[1, 3]</P>
    <P Name="Position">[605, 573, 615, 637]</P>
    <P Name="ZOrder">22180</P>
    <P Name="BackgroundColor">green</P>
    <P Name="ShowName">off</P>
    <P Name="Outputs">3</P>
    <Port>
      <P Name="PortNumber">1</P>
      <P Name="Name">gyroX</P>
    </Port>
    <Port>
      <P Name="PortNumber">2</P>
      <P Name="Name">gyroY</P>
    </Port>
    <Port>
      <P Name="PortNumber">3</P>
      <P Name="Name">gyroZ</P>
    </Port>
  </Block>
  <Block BlockType="SubSystem" Name="Gravity Vector" SID="80422">
    <P Name="Ports">[2, 1]</P>
    <P Name="Position">[330, 640, 395, 700]</P>
    <P Name="ZOrder">22165</P>
    <P Name="BackgroundColor">green</P>
    <P Name="RequestExecContextInheritance">off</P>
    <P Name="ContentPreviewEnabled">on</P>
    <System Ref="system_80422"/>
  </Block>
  <Block BlockType="Mux" Name="Mux1" SID="80436">
    <P Name="Ports">[3, 1]</P>
    <P Name="Position">[330, 443, 340, 507]</P>
    <P Name="ZOrder">22213</P>
    <P Name="BackgroundColor">green</P>
    <P Name="ShowName">off</P>
    <P Name="Inputs">3</P>
    <P Name="DisplayOption">bar</P>
  </Block>
  <Block BlockType="Mux" Name="Mux2" SID="80437">
    <P Name="Ports">[3, 1]</P>
    <P Name="Position">[345, 503, 355, 567]</P>
    <P Name="ZOrder">22215</P>
    <P Name="BackgroundColor">green</P>
    <P Name="ShowName">off</P>
    <P Name="Inputs">3</P>
    <P Name="DisplayOption">bar</P>
  </Block>
  <Block BlockType="Mux" Name="Mux3" SID="80438">
    <P Name="Ports">[3, 1]</P>
    <P Name="Position">[330, 563, 340, 627]</P>
    <P Name="ZOrder">22217</P>
    <P Name="BackgroundColor">green</P>
    <P Name="ShowName">off</P>
    <P Name="Inputs">3</P>
    <P Name="DisplayOption">bar</P>
  </Block>
  <Block BlockType="Reference" Name="Three-axis Inertial&#xA;Measurement Unit" SID="80439">
    <P Name="Ports">[5, 2]</P>
    <P Name="Position">[455, 452, 575, 658]</P>
    <P Name="ZOrder">22223</P>
    <P Name="BackgroundColor">green</P>
    <P Name="LibraryVersion">2.3</P>
    <P Name="SourceBlock">aerolibnav/Three-axis Inertial
Measurement Unit</P>
    <P Name="SourceType">Three-axis Inertial Measurement Unit</P>
    <P Name="SourceProductBaseCode">AE</P>
    <InstanceData>
      <P Name="RTWMemSecFuncInitTerm">Inherit from model</P>
      <P Name="RTWMemSecFuncExecute">Inherit from model</P>
      <P Name="RTWMemSecDataConstants">Inherit from model</P>
      <P Name="RTWMemSecDataInternal">Inherit from model</P>
      <P Name="RTWMemSecDataParameters">Inherit from model</P>
      <P Name="ContentPreviewEnabled">on</P>
      <P Name="units">Metric (MKS)</P>
      <P Name="imu">[0.43197 -0.00245 -0.01265]</P>
      <P Name="i_Ts">0</P>
      <P Name="dtype_a">on</P>
      <P Name="w_a">190</P>
      <P Name="z_a">0.707</P>
      <P Name="a_sf_cc">[1.00135 0.0029375 0.00018125; -0.0029375 1.001525 0.0025625; -0.00018125 -0.0025625 1.004375]</P>
      <P Name="a_bias">[0.086853 0.0258 -0.009194]</P>
      <P Name="a_sat">[-156.921  -156.921  -156.921  156.921 156.921 156.921]</P>
      <P Name="dtype_g">on</P>
      <P Name="w_g">190</P>
      <P Name="z_g">0.707</P>
      <P Name="g_sf_cc">[1.0045125 0.0045875 -0.005975; -0.0045875 1.0017125 0.0036875; 0.005975 -0.0036875 1.00243125]</P>
      <P Name="g_bias">[-0.02167 0.011301 0.00202676]</P>
      <P Name="g_sens">[0.000062068 0.0000443968 -0.0010608]</P>
      <P Name="g_sat">[-34.9  -34.9  -34.9  34.9 34.9 34.9]</P>
      <P Name="i_rand">off</P>
      <P Name="i_seeds">[23093 23094 23095 23096 23097 23098]</P>
      <P Name="i_pow">[0.001 0.001 0.001 0.0001 0.0001 0.0001]</P>
    </InstanceData>
  </Block>
  <Block BlockType="Outport" Name=" IMU Data" SID="80440">
    <P Name="Position">[860, 548, 890, 562]</P>
    <P Name="ZOrder">22222</P>
    <P Name="BackgroundColor">green</P>
    <P Name="VectorParamsAs1DForOutWhenUnconnected">off</P>
  </Block>
  <Line>
    <P Name="Name">&lt;q_radDs&gt;</P>
    <P Name="ZOrder">1</P>
    <P Name="Labels">[0, 0]</P>
    <P Name="Src">80418#out:5</P>
    <P Name="Dst">80437#in:2</P>
  </Line>
  <Line>
    <P Name="ZOrder">2</P>
    <P Name="Src">80438#out:1</P>
    <P Name="Points">[46, 0; 0, -40]</P>
    <P Name="Dst">80439#in:3</P>
  </Line>
  <Line>
    <P Name="Name">&lt;w_dot_mDs2&gt;</P>
    <P Name="ZOrder">3</P>
    <P Name="Labels">[0, 0]</P>
    <P Name="Src">80418#out:3</P>
    <P Name="Dst">80436#in:3</P>
  </Line>
  <Line>
    <P Name="Name">Virtual IMU</P>
    <P Name="ZOrder">4</P>
    <P Name="Labels">[0, 0]</P>
    <P Name="Src">80416#out:1</P>
    <P Name="Dst">80440#in:1</P>
  </Line>
  <Line>
    <P Name="Name">&lt;r_radDs&gt;</P>
    <P Name="ZOrder">5</P>
    <P Name="Labels">[0, 0]</P>
    <P Name="Src">80418#out:6</P>
    <P Name="Dst">80437#in:3</P>
  </Line>
  <Line>
    <P Name="ZOrder">6</P>
    <P Name="Src">80414#out:1</P>
    <P Name="Dst">80418#in:1</P>
  </Line>
  <Line>
    <P Name="Name">&lt;Theta_rad&gt;</P>
    <P Name="ZOrder">7</P>
    <P Name="Labels">[0, 0]</P>
    <P Name="Src">80418#out:11</P>
    <P Name="Points">[72, 0; 0, 30]</P>
    <P Name="Dst">80422#in:2</P>
  </Line>
  <Line>
    <P Name="Name">&lt;v_dot_mDs2&gt;</P>
    <P Name="ZOrder">8</P>
    <P Name="Labels">[0, 0]</P>
    <P Name="Src">80418#out:2</P>
    <P Name="Dst">80436#in:2</P>
  </Line>
  <Line>
    <P Name="ZOrder">9</P>
    <P Name="Src">80439#out:2</P>
    <P Name="Dst">80421#in:1</P>
  </Line>
  <Line>
    <P Name="Name">gyro</P>
    <P Name="ZOrder">10</P>
    <P Name="Labels">[0, 0]</P>
    <P Name="Src">80417#out:1</P>
    <P Name="Dst">80416#in:2</P>
  </Line>
  <Line>
    <P Name="ZOrder">11</P>
    <P Name="Src">80436#out:1</P>
    <P Name="Dst">80439#in:1</P>
  </Line>
  <Line>
    <P Name="ZOrder">12</P>
    <P Name="Src">80437#out:1</P>
    <P Name="Points">[21, 0; 0, -20]</P>
    <P Name="Dst">80439#in:2</P>
  </Line>
  <Line>
    <P Name="Name">accZ</P>
    <P Name="ZOrder">13</P>
    <P Name="Labels">[1, 1]</P>
    <P Name="Src">80420#out:3</P>
    <P Name="Dst">80415#in:3</P>
  </Line>
  <Line>
    <P Name="Name">gyroY</P>
    <P Name="ZOrder">14</P>
    <P Name="Labels">[1, 1]</P>
    <P Name="Src">80421#out:2</P>
    <P Name="Dst">80417#in:2</P>
  </Line>
  <Line>
    <P Name="Name">gyroX</P>
    <P Name="ZOrder">15</P>
    <P Name="Labels">[1, 1]</P>
    <P Name="Src">80421#out:1</P>
    <P Name="Dst">80417#in:1</P>
  </Line>
  <Line>
    <P Name="ZOrder">16</P>
    <P Name="Src">80439#out:1</P>
    <P Name="Dst">80420#in:1</P>
  </Line>
  <Line>
    <P Name="Name">accX</P>
    <P Name="ZOrder">17</P>
    <P Name="Labels">[1, 1]</P>
    <P Name="Src">80420#out:1</P>
    <P Name="Dst">80415#in:1</P>
  </Line>
  <Line>
    <P Name="ZOrder">18</P>
    <P Name="Src">80419#out:1</P>
    <P Name="Dst">80439#in:4</P>
  </Line>
  <Line>
    <P Name="Name">&lt;p_radDs&gt;</P>
    <P Name="ZOrder">19</P>
    <P Name="Labels">[0, 0]</P>
    <P Name="Src">80418#out:4</P>
    <P Name="Dst">80437#in:1</P>
  </Line>
  <Line>
    <P Name="Name">accelerometer</P>
    <P Name="ZOrder">20</P>
    <P Name="Labels">[0, 0]</P>
    <P Name="Src">80415#out:1</P>
    <P Name="Dst">80416#in:1</P>
  </Line>
  <Line>
    <P Name="Name">accY</P>
    <P Name="ZOrder">21</P>
    <P Name="Labels">[1, 1]</P>
    <P Name="Src">80420#out:2</P>
    <P Name="Dst">80415#in:2</P>
  </Line>
  <Line>
    <P Name="Name">&lt;u_dot_mDs2&gt;</P>
    <P Name="ZOrder">22</P>
    <P Name="Labels">[0, 0]</P>
    <P Name="Src">80418#out:1</P>
    <P Name="Dst">80436#in:1</P>
  </Line>
  <Line>
    <P Name="ZOrder">23</P>
    <P Name="Src">80422#out:1</P>
    <P Name="Points">[5, 0; 0, -35]</P>
    <P Name="Dst">80439#in:5</P>
  </Line>
  <Line>
    <P Name="Name">gyroZ</P>
    <P Name="ZOrder">24</P>
    <P Name="Labels">[1, 1]</P>
    <P Name="Src">80421#out:3</P>
    <P Name="Dst">80417#in:3</P>
  </Line>
  <Line>
    <P Name="Name">&lt;Phi_rad&gt;</P>
    <P Name="ZOrder">25</P>
    <P Name="Labels">[0, 0]</P>
    <P Name="Src">80418#out:10</P>
    <P Name="Points">[91, 0; 0, 20]</P>
    <P Name="Dst">80422#in:1</P>
  </Line>
  <Line>
    <P Name="Name">&lt;q_dot_radDs2&gt;</P>
    <P Name="ZOrder">26</P>
    <P Name="Labels">[0, 0]</P>
    <P Name="Src">80418#out:8</P>
    <P Name="Dst">80438#in:2</P>
  </Line>
  <Line>
    <P Name="Name">&lt;p_dot_radDs2&gt;</P>
    <P Name="ZOrder">27</P>
    <P Name="Labels">[0, 0]</P>
    <P Name="Src">80418#out:7</P>
    <P Name="Dst">80438#in:1</P>
  </Line>
  <Line>
    <P Name="Name">&lt;r_dot_radDs2&gt;</P>
    <P Name="ZOrder">28</P>
    <P Name="Labels">[0, 0]</P>
    <P Name="Src">80418#out:9</P>
    <P Name="Dst">80438#in:3</P>
  </Line>
</System>
