<?xml version="1.0" encoding="utf-8"?>
<System>
  <P Name="Location">[-7, -7, 1481, 871]</P>
  <P Name="SystemRect">[0.000000, 0.000000, 0.000000, 0.000000]</P>
  <P Name="SetExecutionDomain">off</P>
  <P Name="ExecutionDomainType">Deduce</P>
  <P Name="ZoomFactor">150</P>
  <P Name="SimulinkSubDomain">Simulink</P>
  <Block BlockType="Inport" Name="flight_dyn" SID="77120">
    <P Name="Position">[410, 43, 440, 57]</P>
    <P Name="ZOrder">1676</P>
    <P Name="BackgroundColor">yellow</P>
    <Port>
      <P Name="PortNumber">1</P>
      <P Name="PropagatedSignals">flight_dyn_bus</P>
      <P Name="ShowPropagatedSignals">on</P>
    </Port>
  </Block>
  <Block BlockType="Inport" Name="motion_kin" SID="77121">
    <P Name="Position">[410, -62, 440, -48]</P>
    <P Name="ZOrder">1677</P>
    <P Name="BackgroundColor">yellow</P>
    <P Name="Port">2</P>
    <Port>
      <P Name="PortNumber">1</P>
      <P Name="PropagatedSignals">motion_kin_bus</P>
      <P Name="ShowPropagatedSignals">on</P>
    </Port>
  </Block>
  <Block BlockType="Inport" Name="env" SID="77122">
    <P Name="Position">[410, 148, 440, 162]</P>
    <P Name="ZOrder">1685</P>
    <P Name="BackgroundColor">yellow</P>
    <P Name="Port">3</P>
    <Port>
      <P Name="PortNumber">1</P>
      <P Name="PropagatedSignals">env_bus</P>
      <P Name="ShowPropagatedSignals">on</P>
    </Port>
  </Block>
  <Block BlockType="BusSelector" Name="Bus&#xA;Selector1" SID="77123">
    <P Name="Ports">[1, 3]</P>
    <P Name="Position">[530, 100, 535, 210]</P>
    <P Name="ZOrder">1686</P>
    <P Name="ShowName">off</P>
    <P Name="OutputSignals">atm_bus.atm_stat_bus.rho,atm_bus.atm_stat_bus.sos,atm_bus.atm_stat_bus.hBE</P>
    <Port>
      <P Name="PortNumber">1</P>
      <P Name="Name">&lt;rho&gt;</P>
    </Port>
    <Port>
      <P Name="PortNumber">2</P>
      <P Name="Name">&lt;sos&gt;</P>
    </Port>
    <Port>
      <P Name="PortNumber">3</P>
      <P Name="Name">&lt;hBE&gt;</P>
    </Port>
  </Block>
  <Block BlockType="BusSelector" Name="Bus&#xA;Selector2" SID="77124">
    <P Name="Ports">[1, 3]</P>
    <P Name="Position">[550, -3, 555, 103]</P>
    <P Name="ZOrder">1668</P>
    <P Name="ShowName">off</P>
    <P Name="OutputSignals">vBII,pBII,wBIB</P>
    <Port>
      <P Name="PortNumber">1</P>
      <P Name="Name">&lt;vBII&gt;</P>
    </Port>
    <Port>
      <P Name="PortNumber">2</P>
      <P Name="Name">&lt;pBII&gt;</P>
    </Port>
    <Port>
      <P Name="PortNumber">3</P>
      <P Name="Name">&lt;wBIB&gt;</P>
    </Port>
  </Block>
  <Block BlockType="BusSelector" Name="Bus&#xA;Selector3" SID="77125">
    <P Name="Ports">[1, 3]</P>
    <P Name="Position">[530, -105, 535, -5]</P>
    <P Name="ZOrder">1670</P>
    <P Name="ShowName">off</P>
    <P Name="OutputSignals">TIB,wIEE,TIE</P>
    <Port>
      <P Name="PortNumber">1</P>
      <P Name="Name">&lt;TIB&gt;</P>
    </Port>
    <Port>
      <P Name="PortNumber">2</P>
      <P Name="Name">&lt;wIEE&gt;</P>
    </Port>
    <Port>
      <P Name="PortNumber">3</P>
      <P Name="Name">&lt;TIE&gt;</P>
    </Port>
  </Block>
  <Block BlockType="SubSystem" Name="calc_stream_flow" SID="77126">
    <P Name="Ports">[9, 1]</P>
    <P Name="Position">[635, -100, 865, 200]</P>
    <P Name="ZOrder">1701</P>
    <P Name="RequestExecContextInheritance">off</P>
    <P Name="ContentPreviewEnabled">on</P>
    <Port>
      <P Name="PortNumber">1</P>
      <P Name="PropagatedSignals">str_flow_bus</P>
      <P Name="ShowPropagatedSignals">on</P>
    </Port>
    <System Ref="system_77126"/>
  </Block>
  <Block BlockType="Outport" Name="str_flow" SID="77229">
    <P Name="Position">[960, 43, 990, 57]</P>
    <P Name="ZOrder">1700</P>
    <P Name="BackgroundColor">orange</P>
    <P Name="VectorParamsAs1DForOutWhenUnconnected">off</P>
  </Block>
  <Line>
    <P Name="ZOrder">1</P>
    <P Name="Labels">[0, 1]</P>
    <P Name="Src">77121#out:1</P>
    <P Name="Dst">77125#in:1</P>
  </Line>
  <Line>
    <P Name="ZOrder">2</P>
    <P Name="Labels">[0, 1]</P>
    <P Name="Src">77120#out:1</P>
    <P Name="Dst">77124#in:1</P>
  </Line>
  <Line>
    <P Name="ZOrder">3</P>
    <P Name="Labels">[0, 1]</P>
    <P Name="Src">77122#out:1</P>
    <P Name="Dst">77123#in:1</P>
  </Line>
  <Line>
    <P Name="Name">&lt;TIB&gt;</P>
    <P Name="ZOrder">4</P>
    <P Name="Labels">[0, 1]</P>
    <P Name="Src">77125#out:1</P>
    <P Name="Dst">77126#in:1</P>
  </Line>
  <Line>
    <P Name="Name">&lt;wIEE&gt;</P>
    <P Name="ZOrder">5</P>
    <P Name="Labels">[0, 1]</P>
    <P Name="Src">77125#out:2</P>
    <P Name="Dst">77126#in:2</P>
  </Line>
  <Line>
    <P Name="Name">&lt;TIE&gt;</P>
    <P Name="ZOrder">6</P>
    <P Name="Labels">[0, 1]</P>
    <P Name="Src">77125#out:3</P>
    <P Name="Dst">77126#in:3</P>
  </Line>
  <Line>
    <P Name="Name">&lt;vBII&gt;</P>
    <P Name="ZOrder">7</P>
    <P Name="Labels">[0, 1]</P>
    <P Name="Src">77124#out:1</P>
    <P Name="Dst">77126#in:4</P>
  </Line>
  <Line>
    <P Name="Name">&lt;wBIB&gt;</P>
    <P Name="ZOrder">8</P>
    <P Name="Labels">[0, 1]</P>
    <P Name="Src">77124#out:3</P>
    <P Name="Dst">77126#in:6</P>
  </Line>
  <Line>
    <P Name="Name">&lt;rho&gt;</P>
    <P Name="ZOrder">9</P>
    <P Name="Labels">[0, 1]</P>
    <P Name="Src">77123#out:1</P>
    <P Name="Dst">77126#in:7</P>
  </Line>
  <Line>
    <P Name="Name">&lt;sos&gt;</P>
    <P Name="ZOrder">10</P>
    <P Name="Labels">[0, 1]</P>
    <P Name="Src">77123#out:2</P>
    <P Name="Dst">77126#in:8</P>
  </Line>
  <Line>
    <P Name="Name">&lt;hBE&gt;</P>
    <P Name="ZOrder">11</P>
    <P Name="Labels">[0, 1]</P>
    <P Name="Src">77123#out:3</P>
    <P Name="Dst">77126#in:9</P>
  </Line>
  <Line>
    <P Name="ZOrder">12</P>
    <P Name="Labels">[0, 1]</P>
    <P Name="Src">77126#out:1</P>
    <P Name="Dst">77229#in:1</P>
  </Line>
  <Line>
    <P Name="Name">&lt;pBII&gt;</P>
    <P Name="ZOrder">13</P>
    <P Name="Labels">[0, 1]</P>
    <P Name="Src">77124#out:2</P>
    <P Name="Dst">77126#in:5</P>
  </Line>
</System>
