<?xml version="1.0" encoding="utf-8"?>
<System>
  <P Name="Location">[223, 338, 826, 833]</P>
  <P Name="SystemRect">[0.000000, 0.000000, 0.000000, 0.000000]</P>
  <P Name="SetExecutionDomain">off</P>
  <P Name="ExecutionDomainType">Deduce</P>
  <P Name="SIDHighWatermark">72</P>
  <P Name="SimulinkSubDomain">Simulink</P>
  <Block BlockType="Inport" Name="pE" SID="78215::1">
    <P Name="Position">[20, 101, 40, 119]</P>
    <P Name="ZOrder">-1</P>
  </Block>
  <Block BlockType="Inport" Name="lat_rad" SID="78215::41">
    <P Name="Position">[20, 136, 40, 154]</P>
    <P Name="ZOrder">32</P>
    <P Name="Port">2</P>
  </Block>
  <Block BlockType="Inport" Name="long_rad" SID="78215::42">
    <P Name="Position">[20, 171, 40, 189]</P>
    <P Name="ZOrder">33</P>
    <P Name="Port">3</P>
  </Block>
  <Block BlockType="Demux" Name=" Demux " SID="78215::71">
    <P Name="Ports">[1, 1]</P>
    <P Name="Position">[270, 230, 320, 270]</P>
    <P Name="ZOrder">62</P>
    <P Name="Outputs">1</P>
  </Block>
  <Block BlockType="S-Function" Name=" SFunction " SID="78215::70">
    <P Name="Tag">Stateflow S-Function 26</P>
    <P Name="Ports">[3, 2]</P>
    <P Name="Position">[180, 100, 230, 180]</P>
    <P Name="ZOrder">61</P>
    <P Name="FunctionName">sf_sfun</P>
    <P Name="Parameters">c_b_WGS,c_grav,c_rot,c_rsma,flg_omega_enabled</P>
    <P Name="PortCounts">[3 2]</P>
    <P Name="SFunctionDeploymentMode">off</P>
    <P Name="EnableBusSupport">on</P>
    <P Name="SFcnIsStateOwnerBlock">off</P>
    <Port>
      <P Name="PortNumber">2</P>
      <P Name="Name">gamma_R</P>
    </Port>
  </Block>
  <Block BlockType="Terminator" Name=" Terminator " SID="78215::72">
    <P Name="Position">[460, 241, 480, 259]</P>
    <P Name="ZOrder">63</P>
  </Block>
  <Block BlockType="Outport" Name="gamma_R" SID="78215::5">
    <P Name="Position">[460, 101, 480, 119]</P>
    <P Name="ZOrder">-5</P>
    <P Name="VectorParamsAs1DForOutWhenUnconnected">off</P>
  </Block>
  <Line>
    <P Name="ZOrder">1</P>
    <P Name="Src">78215::1#out:1</P>
    <P Name="Dst">78215::70#in:1</P>
  </Line>
  <Line>
    <P Name="ZOrder">2</P>
    <P Name="Src">78215::41#out:1</P>
    <P Name="Dst">78215::70#in:2</P>
  </Line>
  <Line>
    <P Name="ZOrder">3</P>
    <P Name="Src">78215::42#out:1</P>
    <P Name="Dst">78215::70#in:3</P>
  </Line>
  <Line>
    <P Name="Name">gamma_R</P>
    <P Name="ZOrder">4</P>
    <P Name="Labels">[0, 0]</P>
    <P Name="Src">78215::70#out:2</P>
    <P Name="Dst">78215::5#in:1</P>
  </Line>
  <Line>
    <P Name="ZOrder">5</P>
    <P Name="Src">78215::71#out:1</P>
    <P Name="Dst">78215::72#in:1</P>
  </Line>
  <Line>
    <P Name="ZOrder">6</P>
    <P Name="Src">78215::70#out:1</P>
    <P Name="Points">[20, 0]</P>
    <P Name="Dst">78215::71#in:1</P>
  </Line>
</System>
