<?xml version="1.0" encoding="utf-8"?>
<System>
  <P Name="Location">[-7, -7, 1481, 871]</P>
  <P Name="SystemRect">[0.000000, 0.000000, 0.000000, 0.000000]</P>
  <P Name="SetExecutionDomain">off</P>
  <P Name="ExecutionDomainType">Deduce</P>
  <P Name="ZoomFactor">201</P>
  <P Name="SimulinkSubDomain">Simulink</P>
  <Block BlockType="Inport" Name="env_glbl" SID="76305">
    <P Name="Position">[190, 718, 220, 732]</P>
    <P Name="ZOrder">557</P>
    <P Name="BackgroundColor">yellow</P>
    <Port>
      <P Name="PortNumber">1</P>
      <P Name="PropagatedSignals">env_glbl_bus</P>
      <P Name="ShowPropagatedSignals">on</P>
    </Port>
  </Block>
  <Block BlockType="Inport" Name="wab" SID="76306">
    <P Name="Position">[375, 828, 405, 842]</P>
    <P Name="ZOrder">559</P>
    <P Name="BackgroundColor">yellow</P>
    <P Name="Port">2</P>
    <Port>
      <P Name="PortNumber">1</P>
      <P Name="PropagatedSignals">wab_bus</P>
      <P Name="ShowPropagatedSignals">on</P>
    </Port>
  </Block>
  <Block BlockType="BusCreator" Name="Bus&#xA;Creator1" SID="76307">
    <P Name="Ports">[2, 1]</P>
    <P Name="Position">[790, 708, 795, 772]</P>
    <P Name="ZOrder">556</P>
    <P Name="ShowName">off</P>
    <P Name="Inputs">2</P>
    <P Name="DisplayOption">bar</P>
    <P Name="InheritFromInputs">on</P>
    <Port>
      <P Name="PortNumber">1</P>
      <P Name="Name">prp_bus</P>
    </Port>
  </Block>
  <Block BlockType="SubSystem" Name="prp_look_up" SID="76308">
    <P Name="Ports">[1, 1]</P>
    <P Name="Position">[325, 696, 435, 754]</P>
    <P Name="ZOrder">-33</P>
    <P Name="RequestExecContextInheritance">off</P>
    <Port>
      <P Name="PortNumber">1</P>
      <P Name="PropagatedSignals">FBPM</P>
      <P Name="ShowPropagatedSignals">on</P>
    </Port>
    <System Ref="system_76308"/>
  </Block>
  <Block BlockType="SubSystem" Name="prp_uncertainty" SID="76320">
    <P Name="Ports">[2, 2]</P>
    <P Name="Position">[545, 712, 675, 768]</P>
    <P Name="ZOrder">-35</P>
    <P Name="RequestExecContextInheritance">off</P>
    <Port>
      <P Name="PortNumber">1</P>
      <P Name="PropagatedSignals">FBPB</P>
      <P Name="ShowPropagatedSignals">on</P>
    </Port>
    <Port>
      <P Name="PortNumber">2</P>
      <P Name="PropagatedSignals">MBPB</P>
      <P Name="ShowPropagatedSignals">on</P>
    </Port>
    <System Ref="system_76320"/>
  </Block>
  <Block BlockType="Outport" Name="prp" SID="76517">
    <P Name="Position">[855, 733, 885, 747]</P>
    <P Name="ZOrder">558</P>
    <P Name="BackgroundColor">orange</P>
    <P Name="VectorParamsAs1DForOutWhenUnconnected">off</P>
  </Block>
  <Line>
    <P Name="Name">prp_bus</P>
    <P Name="ZOrder">1</P>
    <P Name="Labels">[0, 1]</P>
    <P Name="Src">76307#out:1</P>
    <P Name="Dst">76517#in:1</P>
  </Line>
  <Line>
    <P Name="ZOrder">2</P>
    <P Name="Labels">[0, 1]</P>
    <P Name="Src">76308#out:1</P>
    <P Name="Dst">76320#in:1</P>
  </Line>
  <Line>
    <P Name="ZOrder">3</P>
    <P Name="Labels">[0, 1]</P>
    <P Name="Src">76305#out:1</P>
    <P Name="Dst">76308#in:1</P>
  </Line>
  <Line>
    <P Name="ZOrder">4</P>
    <P Name="Labels">[0, 1]</P>
    <P Name="Src">76320#out:2</P>
    <P Name="Dst">76307#in:2</P>
  </Line>
  <Line>
    <P Name="ZOrder">5</P>
    <P Name="Labels">[0, 1]</P>
    <P Name="Src">76320#out:1</P>
    <P Name="Dst">76307#in:1</P>
  </Line>
  <Line>
    <P Name="ZOrder">6</P>
    <P Name="Labels">[0, 1]</P>
    <P Name="Src">76306#out:1</P>
    <P Name="Points">[60, 0; 0, -80]</P>
    <P Name="Dst">76320#in:2</P>
  </Line>
</System>
