<?xml version="1.0" encoding="utf-8"?>
<System>
  <P Name="Location">[-7, -7, 1481, 871]</P>
  <P Name="SystemRect">[0.000000, 0.000000, 0.000000, 0.000000]</P>
  <P Name="SetExecutionDomain">off</P>
  <P Name="ExecutionDomainType">Deduce</P>
  <P Name="SimulinkSubDomain">Simulink</P>
  <Block BlockType="Inport" Name="siB_c" SID="75542">
    <P Name="Position">[1205, 643, 1235, 657]</P>
    <P Name="ZOrder">95</P>
    <P Name="BackgroundColor">yellow</P>
    <Port>
      <P Name="PortNumber">1</P>
      <P Name="Name">siB_c</P>
    </Port>
  </Block>
  <Block BlockType="Inport" Name="tRRR" SID="75543">
    <P Name="Position">[1205, 838, 1235, 852]</P>
    <P Name="ZOrder">112</P>
    <P Name="BackgroundColor">yellow</P>
    <P Name="Port">2</P>
    <Port>
      <P Name="PortNumber">1</P>
      <P Name="Name">tRRR</P>
    </Port>
  </Block>
  <Block BlockType="Sum" Name="Add" SID="75544">
    <P Name="Ports">[2, 1]</P>
    <P Name="Position">[1375, 642, 1405, 673]</P>
    <P Name="ZOrder">91</P>
    <P Name="ShowName">off</P>
    <P Name="IconShape">rectangular</P>
    <P Name="Inputs">+-</P>
  </Block>
  <Block BlockType="Sum" Name="Add1" SID="75545">
    <P Name="Ports">[2, 1]</P>
    <P Name="Position">[1585, 652, 1615, 683]</P>
    <P Name="ZOrder">93</P>
    <P Name="ShowName">off</P>
    <P Name="IconShape">rectangular</P>
    <P Name="Inputs">+-</P>
    <Port>
      <P Name="PortNumber">1</P>
      <P Name="Name">dd_siB</P>
    </Port>
  </Block>
  <Block BlockType="Sum" Name="Add3" SID="75546">
    <P Name="Ports">[3, 1]</P>
    <P Name="Position">[2425, 520, 2455, 660]</P>
    <P Name="ZOrder">121</P>
    <P Name="IconShape">rectangular</P>
    <P Name="Inputs">+++</P>
  </Block>
  <Block BlockType="Constant" Name="Constant1" SID="75547">
    <P Name="Position">[2340, 530, 2370, 560]</P>
    <P Name="ZOrder">123</P>
    <P Name="ShowName">off</P>
    <P Name="HideAutomaticName">off</P>
    <P Name="AttributesFormatString">%&lt;Value&gt;</P>
    <P Name="Value">Actuator.fin2_bias</P>
  </Block>
  <Block BlockType="From" Name="From2" SID="75548">
    <P Name="Position">[1910, 558, 1980, 582]</P>
    <P Name="ZOrder">110</P>
    <P Name="ShowName">off</P>
    <P Name="GotoTag">siB</P>
  </Block>
  <Block BlockType="From" Name="From3" SID="75549">
    <P Name="Position">[1615, 558, 1685, 582]</P>
    <P Name="ZOrder">109</P>
    <P Name="ShowName">off</P>
    <P Name="GotoTag">siB</P>
  </Block>
  <Block BlockType="From" Name="From4" SID="75550">
    <P Name="Position">[1615, 608, 1685, 632]</P>
    <P Name="ZOrder">111</P>
    <P Name="ShowName">off</P>
    <P Name="GotoTag">d_siB</P>
  </Block>
  <Block BlockType="Gain" Name="Gain" SID="75551">
    <P Name="Position">[1440, 645, 1540, 675]</P>
    <P Name="ZOrder">92</P>
    <P Name="ShowName">off</P>
    <P Name="Gain">omega^2</P>
  </Block>
  <Block BlockType="Gain" Name="Gain2" SID="75552">
    <P Name="Position">[1670, 749, 1835, 781]</P>
    <P Name="ZOrder">105</P>
    <P Name="BlockMirror">on</P>
    <P Name="ShowName">off</P>
    <P Name="Gain">2*dmp*omega</P>
    <P Name="Multiplication">Matrix(K*u)</P>
  </Block>
  <Block BlockType="Gain" Name="Gain3" SID="75553">
    <P Name="Position">[1815, 827, 1925, 863]</P>
    <P Name="ZOrder">116</P>
    <P Name="ShowName">off</P>
    <P Name="Gain">unc_bl</P>
  </Block>
  <Block BlockType="Gain" Name="Gain4" SID="75554">
    <P Name="Position">[2340, 575, 2370, 605]</P>
    <P Name="ZOrder">122</P>
    <P Name="ShowName">off</P>
    <P Name="HideAutomaticName">off</P>
    <P Name="AttributesFormatString">%&lt;Gain&gt;</P>
    <P Name="Gain">Actuator.fin2_scale</P>
  </Block>
  <Block BlockType="Goto" Name="Goto" SID="75555">
    <P Name="Position">[2570, 630, 2645, 650]</P>
    <P Name="ZOrder">99</P>
    <P Name="ShowName">off</P>
    <P Name="GotoTag">siB</P>
  </Block>
  <Block BlockType="Goto" Name="Goto1" SID="75556">
    <P Name="Position">[2570, 525, 2645, 545]</P>
    <P Name="ZOrder">100</P>
    <P Name="ShowName">off</P>
    <P Name="GotoTag">d_siB</P>
  </Block>
  <Block BlockType="Integrator" Name="Integrator" SID="75557">
    <P Name="Ports">[2, 1]</P>
    <P Name="Position">[1895, 610, 1925, 650]</P>
    <P Name="ZOrder">89</P>
    <P Name="ShowName">off</P>
    <P Name="ExternalReset">either</P>
    <P Name="InitialCondition">d_siB_0</P>
    <Port>
      <P Name="PortNumber">1</P>
      <P Name="Name">d_siB</P>
    </Port>
  </Block>
  <Block BlockType="Integrator" Name="Integrator1" SID="75558">
    <P Name="Ports">[1, 2]</P>
    <P Name="Position">[2195, 581, 2225, 614]</P>
    <P Name="ZOrder">90</P>
    <P Name="ShowName">off</P>
    <P Name="InitialCondition">siB_0</P>
    <P Name="LimitOutput">on</P>
    <P Name="UpperSaturationLimit">siB_max</P>
    <P Name="LowerSaturationLimit">siB_min</P>
    <P Name="ShowSaturationPort">on</P>
    <Port>
      <P Name="PortNumber">1</P>
      <P Name="Name">siB</P>
    </Port>
    <Port>
      <P Name="PortNumber">2</P>
      <P Name="Name">sat</P>
    </Port>
  </Block>
  <Block BlockType="SubSystem" Name="Limiting_Acceleration" SID="75559">
    <P Name="Ports">[3, 1]</P>
    <P Name="Position">[1735, 545, 1845, 695]</P>
    <P Name="ZOrder">94</P>
    <P Name="LibraryVersion">1.32</P>
    <P Name="ErrorFcn">Stateflow.Translate.translate</P>
    <P Name="PermitHierarchicalResolution">ExplicitOnly</P>
    <P Name="TreatAsAtomicUnit">on</P>
    <P Name="RequestExecContextInheritance">off</P>
    <P Name="SFBlockType">MATLAB Function</P>
    <Port>
      <P Name="PortNumber">1</P>
      <P Name="Name">dd_siB_l</P>
      <P Name="PropagatedSignals">ddsiB_l</P>
    </Port>
    <System Ref="system_75559"/>
  </Block>
  <Block BlockType="SubSystem" Name="Limiting_Rate" SID="75560">
    <P Name="Ports">[2, 1]</P>
    <P Name="Position">[2015, 542, 2115, 658]</P>
    <P Name="ZOrder">102</P>
    <P Name="LibraryVersion">1.32</P>
    <P Name="ErrorFcn">Stateflow.Translate.translate</P>
    <P Name="PermitHierarchicalResolution">ExplicitOnly</P>
    <P Name="TreatAsAtomicUnit">on</P>
    <P Name="RequestExecContextInheritance">off</P>
    <P Name="SFBlockType">MATLAB Function</P>
    <Port>
      <P Name="PortNumber">1</P>
      <P Name="Name">d_siB_l</P>
      <P Name="PropagatedSignals">y</P>
    </Port>
    <System Ref="system_75560"/>
  </Block>
  <Block BlockType="Saturate" Name="Saturation" SID="75561">
    <P Name="Position">[1285, 635, 1315, 665]</P>
    <P Name="ZOrder">104</P>
    <P Name="ShowName">off</P>
    <P Name="UpperLimit">siB_max</P>
    <P Name="LowerLimit">siB_min</P>
  </Block>
  <Block BlockType="Saturate" Name="Saturation1" SID="75562">
    <P Name="Position">[2500, 575, 2530, 605]</P>
    <P Name="ZOrder">118</P>
    <P Name="ShowName">off</P>
    <P Name="UpperLimit">siB_max</P>
    <P Name="LowerLimit">siB_min</P>
    <Port>
      <P Name="PortNumber">1</P>
      <P Name="Name">siB</P>
    </Port>
  </Block>
  <Block BlockType="Signum" Name="Sign" SID="75563">
    <P Name="Position">[1615, 830, 1645, 860]</P>
    <P Name="ZOrder">115</P>
  </Block>
  <Block BlockType="Outport" Name="siB" SID="75564">
    <P Name="Position">[2595, 583, 2625, 597]</P>
    <P Name="ZOrder">96</P>
    <P Name="BackgroundColor">orange</P>
    <P Name="VectorParamsAs1DForOutWhenUnconnected">off</P>
  </Block>
  <Block BlockType="Outport" Name="d_siB" SID="75565">
    <P Name="Position">[2595, 478, 2625, 492]</P>
    <P Name="ZOrder">97</P>
    <P Name="BackgroundColor">orange</P>
    <P Name="Port">2</P>
    <P Name="VectorParamsAs1DForOutWhenUnconnected">off</P>
  </Block>
  <Block BlockType="Outport" Name="dd_siB" SID="75566">
    <P Name="Position">[2595, 418, 2625, 432]</P>
    <P Name="ZOrder">98</P>
    <P Name="BackgroundColor">orange</P>
    <P Name="Port">3</P>
    <P Name="VectorParamsAs1DForOutWhenUnconnected">off</P>
  </Block>
  <Line>
    <P Name="Name">siB</P>
    <P Name="ZOrder">1</P>
    <P Name="Src">75562#out:1</P>
    <P Name="Points">[18, 0]</P>
    <Branch>
      <P Name="ZOrder">2</P>
      <P Name="Labels">[-1, 1]</P>
      <P Name="Dst">75564#in:1</P>
    </Branch>
    <Branch>
      <P Name="ZOrder">3</P>
      <P Name="Points">[0, 50]</P>
      <P Name="Dst">75555#in:1</P>
    </Branch>
  </Line>
  <Line>
    <P Name="Name">sat</P>
    <P Name="ZOrder">4</P>
    <P Name="Labels">[1, 0]</P>
    <P Name="Src">75558#out:2</P>
    <P Name="Points">[30, 0; 0, 80; -379, 0; 0, -45]</P>
    <P Name="Dst">75557#in:2</P>
  </Line>
  <Line>
    <P Name="ZOrder">5</P>
    <P Name="Src">75553#out:1</P>
    <P Name="Points">[424, 0; 0, -210]</P>
    <P Name="Dst">75546#in:3</P>
  </Line>
  <Line>
    <P Name="ZOrder">6</P>
    <P Name="Src">75563#out:1</P>
    <P Name="Dst">75553#in:1</P>
  </Line>
  <Line>
    <P Name="Name">tRRR</P>
    <P Name="ZOrder">7</P>
    <P Name="Labels">[-1, 1]</P>
    <P Name="Src">75543#out:1</P>
    <P Name="Dst">75563#in:1</P>
  </Line>
  <Line>
    <P Name="Name">siB</P>
    <P Name="ZOrder">8</P>
    <P Name="Src">75558#out:1</P>
    <P Name="Points">[70, 0]</P>
    <Branch>
      <P Name="ZOrder">9</P>
      <P Name="Points">[0, 204; -940, 0]</P>
      <P Name="Dst">75544#in:2</P>
    </Branch>
    <Branch>
      <P Name="ZOrder">10</P>
      <P Name="Labels">[1, 0]</P>
      <P Name="Dst">75554#in:1</P>
    </Branch>
  </Line>
  <Line>
    <P Name="Name">dd_siB</P>
    <P Name="ZOrder">11</P>
    <P Name="Labels">[-1, 1]</P>
    <P Name="Src">75545#out:1</P>
    <P Name="Dst">75559#in:3</P>
  </Line>
  <Line>
    <P Name="ZOrder">12</P>
    <P Name="Src">75552#out:1</P>
    <P Name="Points">[-95, 0]</P>
    <P Name="Dst">75545#in:2</P>
  </Line>
  <Line>
    <P Name="ZOrder">13</P>
    <P Name="Src">75551#out:1</P>
    <P Name="Dst">75545#in:1</P>
  </Line>
  <Line>
    <P Name="ZOrder">14</P>
    <P Name="Src">75544#out:1</P>
    <P Name="Dst">75551#in:1</P>
  </Line>
  <Line>
    <P Name="Name">dd_siB_l</P>
    <P Name="ZOrder">15</P>
    <P Name="Src">75559#out:1</P>
    <P Name="Points">[12, 0]</P>
    <Branch>
      <P Name="ZOrder">16</P>
      <P Name="Dst">75557#in:1</P>
    </Branch>
    <Branch>
      <P Name="ZOrder">17</P>
      <P Name="Labels">[-1, 1]</P>
      <P Name="Points">[0, -195]</P>
      <P Name="Dst">75566#in:1</P>
    </Branch>
  </Line>
  <Line>
    <P Name="Name">d_siB_l</P>
    <P Name="ZOrder">18</P>
    <P Name="Src">75560#out:1</P>
    <P Name="Points">[10, 0]</P>
    <Branch>
      <P Name="ZOrder">19</P>
      <P Name="Points">[0, -115; 397, 0]</P>
      <Branch>
        <P Name="ZOrder">20</P>
        <P Name="Labels">[-1, 1]</P>
        <P Name="Dst">75565#in:1</P>
      </Branch>
      <Branch>
        <P Name="ZOrder">21</P>
        <P Name="Points">[0, 50]</P>
        <P Name="Dst">75556#in:1</P>
      </Branch>
    </Branch>
    <Branch>
      <P Name="ZOrder">22</P>
      <P Name="Labels">[-1, 1]</P>
      <P Name="Dst">75558#in:1</P>
    </Branch>
  </Line>
  <Line>
    <P Name="Name">d_siB</P>
    <P Name="ZOrder">23</P>
    <P Name="Src">75557#out:1</P>
    <P Name="Points">[9, 0]</P>
    <Branch>
      <P Name="ZOrder">24</P>
      <P Name="Labels">[-1, 1]</P>
      <P Name="Dst">75560#in:2</P>
    </Branch>
    <Branch>
      <P Name="ZOrder">25</P>
      <P Name="Points">[0, 135]</P>
      <P Name="Dst">75552#in:1</P>
    </Branch>
  </Line>
  <Line>
    <P Name="ZOrder">26</P>
    <P Name="Src">75561#out:1</P>
    <P Name="Dst">75544#in:1</P>
  </Line>
  <Line>
    <P Name="ZOrder">27</P>
    <P Name="Src">75546#out:1</P>
    <P Name="Dst">75562#in:1</P>
  </Line>
  <Line>
    <P Name="Name">siB_c</P>
    <P Name="ZOrder">28</P>
    <P Name="Labels">[-1, 1]</P>
    <P Name="Src">75542#out:1</P>
    <P Name="Dst">75561#in:1</P>
  </Line>
  <Line>
    <P Name="ZOrder">29</P>
    <P Name="Src">75550#out:1</P>
    <P Name="Dst">75559#in:2</P>
  </Line>
  <Line>
    <P Name="ZOrder">30</P>
    <P Name="Src">75549#out:1</P>
    <P Name="Dst">75559#in:1</P>
  </Line>
  <Line>
    <P Name="ZOrder">31</P>
    <P Name="Src">75548#out:1</P>
    <P Name="Dst">75560#in:1</P>
  </Line>
  <Line>
    <P Name="ZOrder">32</P>
    <P Name="Src">75547#out:1</P>
    <P Name="Dst">75546#in:1</P>
  </Line>
  <Line>
    <P Name="ZOrder">33</P>
    <P Name="Src">75554#out:1</P>
    <P Name="Dst">75546#in:2</P>
  </Line>
  <Annotation SID="75567">
    <P Name="Name">&lt;!DOCTYPE HTML PUBLIC &quot;-//W3C//DTD HTML 4.0//EN&quot; &quot;http://www.w3.org/TR/REC-html40/strict.dtd&quot;&gt;
&lt;html&gt;&lt;head&gt;&lt;meta name=&quot;qrichtext&quot; content=&quot;1&quot; /&gt;&lt;style type=&quot;text/css&quot;&gt;
p, li { white-space: pre-wrap; }
&lt;/style&gt;&lt;/head&gt;&lt;body style=&quot; font-family:&apos;Arial&apos;; font-size:10px; font-weight:400; font-style:normal;&quot;&gt;
&lt;p style=&quot;-qt-paragraph-type:empty; margin-top:0px; margin-bottom:0px; margin-left:0px; margin-right:0px; -qt-block-indent:0; text-indent:0px;&quot;&gt;&lt;br /&gt;&lt;/p&gt;&lt;/body&gt;&lt;/html&gt;</P>
    <P Name="Position">[2357, 723, 2359, 737]</P>
    <P Name="InternalMargins">[0, 0, 0, 0]</P>
    <P Name="Interpreter">rich</P>
    <P Name="ZOrder">-1</P>
  </Annotation>
</System>
