<?xml version="1.0" encoding="utf-8"?>
<System>
  <P Name="Location">[21, 79, 576, 522]</P>
  <P Name="SystemRect">[0.000000, 0.000000, 0.000000, 0.000000]</P>
  <P Name="SetExecutionDomain">off</P>
  <P Name="ExecutionDomainType">Deduce</P>
  <P Name="SIDHighWatermark">10</P>
  <P Name="SimulinkSubDomain">Simulink</P>
  <Block BlockType="Inport" Name="R1, R2, R3" SID="74832:1">
    <P Name="Position">[35, 118, 65, 132]</P>
    <P Name="ZOrder">-1</P>
    <P Name="Unit">rad</P>
  </Block>
  <Block BlockType="Gain" Name="1/2" SID="74832:2">
    <P Name="Position">[90, 109, 130, 141]</P>
    <P Name="ZOrder">-2</P>
    <P Name="Gain">0.5</P>
    <P Name="ParamDataTypeStr">Inherit: Same as input</P>
    <P Name="OutDataTypeStr">Inherit: Same as input</P>
    <P Name="SaturateOnIntegerOverflow">on</P>
  </Block>
  <Block BlockType="Mux" Name="Mux1" SID="74832:3">
    <P Name="Ports">[2, 1]</P>
    <P Name="Position">[225, 56, 230, 194]</P>
    <P Name="ZOrder">-3</P>
    <P Name="ShowName">off</P>
    <P Name="Inputs">2</P>
    <P Name="DisplayOption">bar</P>
  </Block>
  <Block BlockType="Mux" Name="Mux2" SID="74832:4">
    <P Name="Ports">[4, 1]</P>
    <P Name="Position">[545, 36, 550, 219]</P>
    <P Name="ZOrder">-4</P>
    <P Name="ShowName">off</P>
    <P Name="DisplayOption">bar</P>
  </Block>
  <Block BlockType="Fcn" Name="q0" SID="74832:5">
    <P Name="Position">[285, 48, 500, 72]</P>
    <P Name="ZOrder">-5</P>
    <P Name="Expr">u(4)*u(5)*u(6) + u(1)*u(2)*u(3)</P>
  </Block>
  <Block BlockType="Fcn" Name="q1" SID="74832:6">
    <P Name="Position">[285, 93, 500, 117]</P>
    <P Name="ZOrder">-6</P>
    <P Name="Expr">u(4)*u(5)*u(3) - u(1)*u(2)*u(6)</P>
  </Block>
  <Block BlockType="Fcn" Name="q2" SID="74832:7">
    <P Name="Position">[285, 138, 500, 162]</P>
    <P Name="ZOrder">-7</P>
    <P Name="Expr">u(4)*u(2)*u(6) + u(1)*u(5)*u(3)</P>
  </Block>
  <Block BlockType="Fcn" Name="q3" SID="74832:8">
    <P Name="Position">[285, 184, 500, 206]</P>
    <P Name="ZOrder">-8</P>
    <P Name="Expr">u(1)*u(5)*u(6) - u(4)*u(2)*u(3)</P>
  </Block>
  <Block BlockType="Trigonometry" Name="sincos" SID="74832:9">
    <P Name="Ports">[1, 2]</P>
    <P Name="Position">[165, 54, 195, 196]</P>
    <P Name="ZOrder">-9</P>
    <P Name="Operator">sincos</P>
  </Block>
  <Block BlockType="Outport" Name="Quat" SID="74832:10">
    <P Name="Position">[590, 123, 620, 137]</P>
    <P Name="ZOrder">-10</P>
    <P Name="Unit">1</P>
    <P Name="InitialOutput">0</P>
    <P Name="VectorParamsAs1DForOutWhenUnconnected">off</P>
  </Block>
  <Line>
    <P Name="ZOrder">1</P>
    <P Name="Src">74832:5#out:1</P>
    <P Name="Dst">74832:4#in:1</P>
  </Line>
  <Line>
    <P Name="ZOrder">2</P>
    <P Name="Src">74832:4#out:1</P>
    <P Name="Dst">74832:10#in:1</P>
  </Line>
  <Line>
    <P Name="ZOrder">3</P>
    <P Name="Src">74832:8#out:1</P>
    <P Name="Dst">74832:4#in:4</P>
  </Line>
  <Line>
    <P Name="ZOrder">4</P>
    <P Name="Src">74832:7#out:1</P>
    <P Name="Dst">74832:4#in:3</P>
  </Line>
  <Line>
    <P Name="ZOrder">5</P>
    <P Name="Src">74832:6#out:1</P>
    <P Name="Dst">74832:4#in:2</P>
  </Line>
  <Line>
    <P Name="ZOrder">6</P>
    <P Name="Src">74832:3#out:1</P>
    <P Name="Points">[10, 0]</P>
    <Branch>
      <P Name="ZOrder">7</P>
      <P Name="Points">[0, 25]</P>
      <Branch>
        <P Name="ZOrder">8</P>
        <P Name="Points">[0, 45]</P>
        <P Name="Dst">74832:8#in:1</P>
      </Branch>
      <Branch>
        <P Name="ZOrder">9</P>
        <P Name="Dst">74832:7#in:1</P>
      </Branch>
    </Branch>
    <Branch>
      <P Name="ZOrder">10</P>
      <P Name="Points">[0, -20]</P>
      <Branch>
        <P Name="ZOrder">11</P>
        <P Name="Dst">74832:6#in:1</P>
      </Branch>
      <Branch>
        <P Name="ZOrder">12</P>
        <P Name="Points">[0, -45]</P>
        <P Name="Dst">74832:5#in:1</P>
      </Branch>
    </Branch>
  </Line>
  <Line>
    <P Name="ZOrder">13</P>
    <P Name="Src">74832:9#out:2</P>
    <P Name="Dst">74832:3#in:2</P>
  </Line>
  <Line>
    <P Name="ZOrder">14</P>
    <P Name="Src">74832:9#out:1</P>
    <P Name="Dst">74832:3#in:1</P>
  </Line>
  <Line>
    <P Name="ZOrder">15</P>
    <P Name="Src">74832:2#out:1</P>
    <P Name="Dst">74832:9#in:1</P>
  </Line>
  <Line>
    <P Name="ZOrder">16</P>
    <P Name="Src">74832:1#out:1</P>
    <P Name="Dst">74832:2#in:1</P>
  </Line>
</System>
