<?xml version="1.0" encoding="utf-8"?>
<System>
  <P Name="Location">[-7, -7, 1481, 871]</P>
  <P Name="SystemRect">[0.000000, 0.000000, 0.000000, 0.000000]</P>
  <P Name="SetExecutionDomain">off</P>
  <P Name="ExecutionDomainType">Deduce</P>
  <P Name="ZoomFactor">154</P>
  <P Name="SimulinkSubDomain">Simulink</P>
  <Block BlockType="Inport" Name="mM" SID="80090">
    <P Name="Position">[220, 43, 250, 57]</P>
    <P Name="ZOrder">727</P>
    <P Name="BackgroundColor">yellow</P>
    <Port>
      <P Name="PortNumber">1</P>
      <P Name="PropagatedSignals">mM</P>
      <P Name="ShowPropagatedSignals">on</P>
    </Port>
  </Block>
  <Block BlockType="Constant" Name="Constant16" SID="80091">
    <P Name="Position">[210, 190, 265, 220]</P>
    <P Name="ZOrder">715</P>
    <P Name="ShowName">off</P>
    <P Name="Value">JMMM_0</P>
  </Block>
  <Block BlockType="Constant" Name="Constant17" SID="80092">
    <P Name="Position">[210, 140, 265, 170]</P>
    <P Name="ZOrder">716</P>
    <P Name="ShowName">off</P>
    <P Name="Value">JMMM_e</P>
  </Block>
  <Block BlockType="Constant" Name="Constant18" SID="80093">
    <P Name="Position">[210, 295, 265, 325]</P>
    <P Name="ZOrder">719</P>
    <P Name="ShowName">off</P>
    <P Name="Value">mM_0</P>
  </Block>
  <Block BlockType="Constant" Name="Constant19" SID="80094">
    <P Name="Position">[210, 245, 265, 275]</P>
    <P Name="ZOrder">720</P>
    <P Name="ShowName">off</P>
    <P Name="Value">mM_e</P>
  </Block>
  <Block BlockType="Constant" Name="Constant20" SID="80095">
    <P Name="Position">[210, 85, 265, 115]</P>
    <P Name="ZOrder">723</P>
    <P Name="ShowName">off</P>
    <P Name="Value">mM_0</P>
  </Block>
  <Block BlockType="Constant" Name="Constant21" SID="80096">
    <P Name="Position">[405, 115, 460, 145]</P>
    <P Name="ZOrder">725</P>
    <P Name="ShowName">off</P>
    <P Name="Value">JMMM_0</P>
  </Block>
  <Block BlockType="Product" Name="Divide" SID="80097">
    <P Name="Ports">[3, 1]</P>
    <P Name="Position">[365, 23, 390, 337]</P>
    <P Name="ZOrder">722</P>
    <P Name="ShowName">off</P>
    <P Name="Inputs">**/</P>
  </Block>
  <Block BlockType="Sum" Name="Subtract" SID="80098">
    <P Name="Ports">[2, 1]</P>
    <P Name="Position">[300, 128, 330, 232]</P>
    <P Name="ZOrder">717</P>
    <P Name="ShowName">off</P>
    <P Name="IconShape">rectangular</P>
    <P Name="Inputs">+-</P>
  </Block>
  <Block BlockType="Sum" Name="Subtract4" SID="80099">
    <P Name="Ports">[2, 1]</P>
    <P Name="Position">[300, 233, 330, 337]</P>
    <P Name="ZOrder">721</P>
    <P Name="ShowName">off</P>
    <P Name="IconShape">rectangular</P>
    <P Name="Inputs">+-</P>
  </Block>
  <Block BlockType="Sum" Name="Subtract5" SID="80100">
    <P Name="Ports">[2, 1]</P>
    <P Name="Position">[300, 23, 330, 127]</P>
    <P Name="ZOrder">724</P>
    <P Name="ShowName">off</P>
    <P Name="IconShape">rectangular</P>
    <P Name="Inputs">+-</P>
  </Block>
  <Block BlockType="Sum" Name="Subtract6" SID="80101">
    <P Name="Ports">[2, 1]</P>
    <P Name="Position">[485, 103, 515, 207]</P>
    <P Name="ZOrder">726</P>
    <P Name="ShowName">off</P>
    <P Name="IconShape">rectangular</P>
    <Port>
      <P Name="PortNumber">1</P>
      <P Name="Name">JMMM</P>
    </Port>
  </Block>
  <Block BlockType="Outport" Name="JMMM" SID="80102">
    <P Name="Position">[615, 148, 645, 162]</P>
    <P Name="ZOrder">728</P>
    <P Name="BackgroundColor">orange</P>
    <P Name="VectorParamsAs1DForOutWhenUnconnected">off</P>
  </Block>
  <Line>
    <P Name="ZOrder">1</P>
    <P Name="Labels">[1, 0]</P>
    <P Name="Src">80090#out:1</P>
    <P Name="Dst">80100#in:1</P>
  </Line>
  <Line>
    <P Name="ZOrder">2</P>
    <P Name="Src">80100#out:1</P>
    <P Name="Dst">80097#in:1</P>
  </Line>
  <Line>
    <P Name="ZOrder">3</P>
    <P Name="Src">80095#out:1</P>
    <P Name="Dst">80100#in:2</P>
  </Line>
  <Line>
    <P Name="ZOrder">4</P>
    <P Name="Src">80094#out:1</P>
    <P Name="Dst">80099#in:1</P>
  </Line>
  <Line>
    <P Name="ZOrder">5</P>
    <P Name="Src">80093#out:1</P>
    <P Name="Dst">80099#in:2</P>
  </Line>
  <Line>
    <P Name="ZOrder">6</P>
    <P Name="Src">80092#out:1</P>
    <P Name="Dst">80098#in:1</P>
  </Line>
  <Line>
    <P Name="ZOrder">7</P>
    <P Name="Src">80091#out:1</P>
    <P Name="Dst">80098#in:2</P>
  </Line>
  <Line>
    <P Name="ZOrder">8</P>
    <P Name="Src">80098#out:1</P>
    <P Name="Dst">80097#in:2</P>
  </Line>
  <Line>
    <P Name="ZOrder">9</P>
    <P Name="Src">80099#out:1</P>
    <P Name="Dst">80097#in:3</P>
  </Line>
  <Line>
    <P Name="Name">JMMM</P>
    <P Name="ZOrder">10</P>
    <P Name="Labels">[0, 1]</P>
    <P Name="Src">80101#out:1</P>
    <P Name="Dst">80102#in:1</P>
  </Line>
  <Line>
    <P Name="ZOrder">11</P>
    <P Name="Src">80096#out:1</P>
    <P Name="Dst">80101#in:1</P>
  </Line>
  <Line>
    <P Name="ZOrder">12</P>
    <P Name="Src">80097#out:1</P>
    <P Name="Dst">80101#in:2</P>
  </Line>
</System>
