<?xml version="1.0" encoding="utf-8"?>
<System>
  <P Name="Location">[-7, -7, 1481, 871]</P>
  <P Name="SystemRect">[0.000000, 0.000000, 0.000000, 0.000000]</P>
  <P Name="SetExecutionDomain">off</P>
  <P Name="ExecutionDomainType">Deduce</P>
  <P Name="ZoomFactor">169</P>
  <P Name="SimulinkSubDomain">Simulink</P>
  <Block BlockType="Inport" Name="sim_time_launch" SID="80047">
    <P Name="Position">[-110, 88, -80, 102]</P>
    <P Name="ZOrder">578</P>
    <P Name="BackgroundColor">yellow</P>
  </Block>
  <Block BlockType="Lookup_n-D" Name="1-D Lookup&#xA;Table2" SID="80048">
    <P Name="Ports">[1, 1]</P>
    <P Name="Position">[200, 75, 260, 115]</P>
    <P Name="ZOrder">592</P>
    <P Name="ShowName">off</P>
    <P Name="InputPortMap">u0</P>
    <P Name="NumberOfTableDimensions">1</P>
    <P Name="BreakpointsForDimension1">prp_T</P>
    <P Name="Table">prp_mdot</P>
    <P Name="ExtrapMethod">Clip</P>
    <P Name="DiagnosticForOutOfRangeInput">Warning</P>
    <P Name="UseLastTableValue">on</P>
    <P Name="InternalRulePriority">Speed</P>
    <P Name="RndMeth">Simplest</P>
    <Port>
      <P Name="PortNumber">1</P>
      <P Name="Name">mdot_kgps</P>
    </Port>
  </Block>
  <Block BlockType="Constant" Name="Constant" SID="80049">
    <P Name="Position">[-35, 102, 5, 118]</P>
    <P Name="ZOrder">570</P>
    <P Name="ShowName">off</P>
    <P Name="Value">0</P>
  </Block>
  <Block BlockType="Constant" Name="Constant1" SID="80050">
    <P Name="Position">[535, 65, 565, 95]</P>
    <P Name="ZOrder">576</P>
    <P Name="ShowName">off</P>
    <P Name="Value">mB_0</P>
  </Block>
  <Block BlockType="Constant" Name="Constant2" SID="80051">
    <P Name="Position">[305, 115, 335, 145]</P>
    <P Name="ZOrder">591</P>
    <P Name="ShowName">off</P>
    <P Name="HideAutomaticName">off</P>
    <P Name="AttributesFormatString">%&lt;Value&gt;</P>
    <P Name="Value">propellant_kg</P>
  </Block>
  <Block BlockType="Gain" Name="Gain" SID="80052">
    <P Name="Position">[325, 80, 355, 110]</P>
    <P Name="ZOrder">594</P>
    <P Name="ShowName">off</P>
    <P Name="HideAutomaticName">off</P>
    <P Name="Gain">-1</P>
  </Block>
  <Block BlockType="Integrator" Name="Integrator1" SID="80053">
    <P Name="Ports">[2, 1]</P>
    <P Name="Position">[375, 78, 405, 147]</P>
    <P Name="ZOrder">593</P>
    <P Name="ShowName">off</P>
    <P Name="HideAutomaticName">off</P>
    <P Name="InitialConditionSource">external</P>
    <Port>
      <P Name="PortNumber">1</P>
      <P Name="Name">propellant_remaining_kg</P>
      <P Name="DataLogging">on</P>
    </Port>
  </Block>
  <Block BlockType="Saturate" Name="Saturation" SID="80054">
    <P Name="Position">[135, 80, 165, 110]</P>
    <P Name="ZOrder">580</P>
    <P Name="ShowName">off</P>
    <P Name="AttributesFormatString">%&lt;UpperLimit&gt;
%&lt;LowerLimit&gt;</P>
    <P Name="UpperLimit">prp_T(end)</P>
    <P Name="LowerLimit">0</P>
  </Block>
  <Block BlockType="Sum" Name="Subtract1" SID="80055">
    <P Name="Ports">[2, 1]</P>
    <P Name="Position">[620, 51, 630, 169]</P>
    <P Name="ZOrder">577</P>
    <P Name="ShowName">off</P>
    <P Name="IconShape">rectangular</P>
    <Port>
      <P Name="PortNumber">1</P>
      <P Name="Name">mB_c</P>
    </Port>
  </Block>
  <Block BlockType="Switch" Name="Switch" SID="80056">
    <P Name="Position">[40, 75, 90, 115]</P>
    <P Name="ZOrder">569</P>
    <P Name="ShowName">off</P>
    <P Name="Criteria">u2 &gt; Threshold</P>
    <P Name="InputSameDT">off</P>
    <P Name="SaturateOnIntegerOverflow">off</P>
  </Block>
  <Block BlockType="Switch" Name="Switch1" SID="80057">
    <P Name="Position">[530, 105, 570, 175]</P>
    <P Name="ZOrder">573</P>
    <P Name="ShowName">off</P>
    <P Name="Criteria">u2 &gt; Threshold</P>
    <P Name="InputSameDT">off</P>
    <P Name="SaturateOnIntegerOverflow">off</P>
    <Port>
      <P Name="PortNumber">1</P>
      <P Name="Name">mM</P>
      <P Name="DataLogging">on</P>
    </Port>
  </Block>
  <Block BlockType="Outport" Name="mB_c" SID="80058">
    <P Name="Position">[670, 103, 700, 117]</P>
    <P Name="ZOrder">579</P>
    <P Name="BackgroundColor">orange</P>
    <P Name="VectorParamsAs1DForOutWhenUnconnected">off</P>
  </Block>
  <Block BlockType="Outport" Name="mM" SID="80059">
    <P Name="Position">[670, 188, 700, 202]</P>
    <P Name="ZOrder">581</P>
    <P Name="BackgroundColor">orange</P>
    <P Name="Port">2</P>
    <P Name="VectorParamsAs1DForOutWhenUnconnected">off</P>
  </Block>
  <Line>
    <P Name="ZOrder">1</P>
    <P Name="Src">80050#out:1</P>
    <P Name="Dst">80055#in:1</P>
  </Line>
  <Line>
    <P Name="Name">mB_c</P>
    <P Name="ZOrder">2</P>
    <P Name="Labels">[-1, 0]</P>
    <P Name="Src">80055#out:1</P>
    <P Name="Dst">80058#in:1</P>
  </Line>
  <Line>
    <P Name="ZOrder">3</P>
    <P Name="Src">80056#out:1</P>
    <P Name="Points">[15, 0]</P>
    <Branch>
      <P Name="ZOrder">4</P>
      <P Name="Points">[0, 70; 396, 0]</P>
      <Branch>
        <P Name="ZOrder">5</P>
        <P Name="Points">[0, -25]</P>
        <P Name="Dst">80057#in:2</P>
      </Branch>
      <Branch>
        <P Name="ZOrder">6</P>
        <P Name="Dst">80057#in:3</P>
      </Branch>
    </Branch>
    <Branch>
      <P Name="ZOrder">7</P>
      <P Name="Dst">80054#in:1</P>
    </Branch>
  </Line>
  <Line>
    <P Name="ZOrder">8</P>
    <P Name="Src">80049#out:1</P>
    <P Name="Dst">80056#in:3</P>
  </Line>
  <Line>
    <P Name="ZOrder">9</P>
    <P Name="Src">80047#out:1</P>
    <P Name="Points">[99, 0]</P>
    <Branch>
      <P Name="ZOrder">10</P>
      <P Name="Points">[0, -15]</P>
      <P Name="Dst">80056#in:1</P>
    </Branch>
    <Branch>
      <P Name="ZOrder">11</P>
      <P Name="Dst">80056#in:2</P>
    </Branch>
  </Line>
  <Line>
    <P Name="ZOrder">12</P>
    <P Name="Src">80054#out:1</P>
    <P Name="Dst">80048#in:1</P>
  </Line>
  <Line>
    <P Name="Name">mM</P>
    <P Name="ZOrder">13</P>
    <P Name="Labels">[1, 1]</P>
    <P Name="Src">80057#out:1</P>
    <P Name="Points">[22, 0]</P>
    <Branch>
      <P Name="ZOrder">14</P>
      <P Name="Points">[0, 55]</P>
      <P Name="Dst">80059#in:1</P>
    </Branch>
    <Branch>
      <P Name="ZOrder">15</P>
      <P Name="Dst">80055#in:2</P>
    </Branch>
  </Line>
  <Line>
    <P Name="ZOrder">16</P>
    <P Name="Src">80051#out:1</P>
    <P Name="Dst">80053#in:2</P>
  </Line>
  <Line>
    <P Name="Name">mdot_kgps</P>
    <P Name="ZOrder">17</P>
    <P Name="Labels">[1, 1]</P>
    <P Name="Src">80048#out:1</P>
    <P Name="Dst">80052#in:1</P>
  </Line>
  <Line>
    <P Name="ZOrder">18</P>
    <P Name="Src">80052#out:1</P>
    <P Name="Dst">80053#in:1</P>
  </Line>
  <Line>
    <P Name="Name">propellant_remaining_kg</P>
    <P Name="ZOrder">19</P>
    <P Name="Labels">[1, 1]</P>
    <P Name="Src">80053#out:1</P>
    <P Name="Dst">80057#in:1</P>
  </Line>
</System>
