<?xml version="1.0" encoding="utf-8"?>
<System>
  <P Name="Location">[-7, -7, 1481, 871]</P>
  <P Name="SystemRect">[0.000000, 0.000000, 0.000000, 0.000000]</P>
  <P Name="SetExecutionDomain">off</P>
  <P Name="ExecutionDomainType">Deduce</P>
  <P Name="ZoomFactor">125</P>
  <P Name="SimulinkSubDomain">Simulink</P>
  <Block BlockType="Inport" Name="for_mom" SID="76907">
    <P Name="Position">[20, 53, 50, 67]</P>
    <P Name="ZOrder">1706</P>
    <P Name="BackgroundColor">yellow</P>
    <Port>
      <P Name="PortNumber">1</P>
      <P Name="PropagatedSignals">for_mom_bus</P>
      <P Name="ShowPropagatedSignals">on</P>
    </Port>
  </Block>
  <Block BlockType="Inport" Name="wab" SID="76908">
    <P Name="Position">[20, 153, 50, 167]</P>
    <P Name="ZOrder">1707</P>
    <P Name="BackgroundColor">yellow</P>
    <P Name="Port">2</P>
    <Port>
      <P Name="PortNumber">1</P>
      <P Name="PropagatedSignals">wab_bus</P>
      <P Name="ShowPropagatedSignals">on</P>
    </Port>
  </Block>
  <Block BlockType="BusSelector" Name="Bus&#xA;Selector1" SID="76909">
    <P Name="Ports">[1, 2]</P>
    <P Name="Position">[130, 80, 135, 240]</P>
    <P Name="ZOrder">1694</P>
    <P Name="ShowName">off</P>
    <P Name="OutputSignals">mB,JBBB</P>
    <Port>
      <P Name="PortNumber">1</P>
      <P Name="Name">&lt;mB&gt;</P>
    </Port>
    <Port>
      <P Name="PortNumber">2</P>
      <P Name="Name">&lt;JBBB&gt;</P>
    </Port>
  </Block>
  <Block BlockType="BusSelector" Name="Bus&#xA;Selector2" SID="76910">
    <P Name="Ports">[1, 2]</P>
    <P Name="Position">[330, 20, 335, 100]</P>
    <P Name="ZOrder">1695</P>
    <P Name="ShowName">off</P>
    <P Name="OutputSignals">FBTB,MBTB</P>
    <Port>
      <P Name="PortNumber">1</P>
      <P Name="Name">&lt;FBTB&gt;</P>
    </Port>
    <Port>
      <P Name="PortNumber">2</P>
      <P Name="Name">&lt;MBTB&gt;</P>
    </Port>
  </Block>
  <Block BlockType="Constant" Name="Constant" SID="76911">
    <P Name="Position">[280, 144, 470, 176]</P>
    <P Name="ZOrder">1705</P>
    <P Name="ShowName">off</P>
    <P Name="Value">[pBII_0; vBII_0; qIB_0; wBIB_0]</P>
  </Block>
  <Block BlockType="Constant" Name="Constant9" SID="76912">
    <P Name="Position">[405, 212, 460, 268]</P>
    <P Name="ZOrder">1696</P>
    <P Name="ShowName">off</P>
    <P Name="Value">[0 0 0; 0 0 0; 0 0 0]</P>
  </Block>
  <Block BlockType="SubSystem" Name="Rigid_Body_EOM_6_DOF" SID="76913">
    <P Name="Ports">[6, 1]</P>
    <P Name="Position">[495, 22, 620, 258]</P>
    <P Name="ZOrder">1692</P>
    <P Name="RequestExecContextInheritance">off</P>
    <P Name="ContentPreviewEnabled">on</P>
    <Mask>
      <Display>port_label (&apos;input&apos;,1,port_label_kraft )
port_label (&apos;input&apos;,2,&apos;MBTB&apos; )
port_label (&apos;input&apos;,3,&apos;mB&apos; )
port_label (&apos;input&apos;,4,&apos;x0&apos; )
port_label (&apos;input&apos;,5,&apos;JBB&apos; )
port_label (&apos;input&apos;,6,&apos;d_JBB&apos; )
port_label (&apos;output&apos;,1,&apos;rb_eom&apos; )
</Display>
      <Description>6DOF-Bewegungsgleichungen im ECI-System mit
zeitvariantem Massenträgheitsmoment.

Modell Varianten:
- Koordinatensystem des Kraftvektor:
     FBTI : Inertial System I
     FBTB : Körperfestes System B
</Description>
      <Initialization>switch flag_Kraft
    case 1
        port_label_kraft = &apos;FBTI&apos;;
    case 2
        port_label_kraft = &apos;FBTB&apos;;
end
        </Initialization>
      <MaskParameter Name="flag_Kraft" Type="popup">
        <Prompt>Input Kraftvektor</Prompt>
        <Value>FBTB</Value>
        <TypeOptions>
          <Option>FBTI</Option>
          <Option>FBTB</Option>
        </TypeOptions>
      </MaskParameter>
      <DialogControl Type="Group" Name="DescGroupVar">
        <Prompt>%&lt;MaskType&gt;</Prompt>
        <DialogControl Type="Text" Name="DescTextVar">
          <Prompt>%&lt;MaskDescription&gt;</Prompt>
        </DialogControl>
      </DialogControl>
      <DialogControl Type="Group" Name="ParameterGroupVar">
        <Prompt>Simulink:studio:ToolBarParametersMenu</Prompt>
        <ControlOptions Enabled="off" Visible="off"/>
      </DialogControl>
      <DialogControl Type="Group" Name="Container4">
        <Prompt>Modell Einstellungen</Prompt>
        <DialogControl Type="Popup" Name="flag_Kraft">
          <Prompt>Input Kraftvektor</Prompt>
          <ControlOptions PromptLocation="left"/>
        </DialogControl>
      </DialogControl>
    </Mask>
    <Port>
      <P Name="PortNumber">1</P>
      <P Name="PropagatedSignals">eom_bus</P>
      <P Name="ShowPropagatedSignals">on</P>
    </Port>
    <System Ref="system_76913"/>
  </Block>
  <Block BlockType="Outport" Name="eom" SID="77117">
    <P Name="Position">[720, 133, 750, 147]</P>
    <P Name="ZOrder">1708</P>
    <P Name="BackgroundColor">orange</P>
    <P Name="VectorParamsAs1DForOutWhenUnconnected">off</P>
  </Block>
  <Line>
    <P Name="Name">&lt;MBTB&gt;</P>
    <P Name="ZOrder">1</P>
    <P Name="Labels">[0, 1]</P>
    <P Name="Src">76910#out:2</P>
    <P Name="Dst">76913#in:2</P>
  </Line>
  <Line>
    <P Name="Name">&lt;FBTB&gt;</P>
    <P Name="ZOrder">2</P>
    <P Name="Labels">[0, 1]</P>
    <P Name="Src">76910#out:1</P>
    <P Name="Dst">76913#in:1</P>
  </Line>
  <Line>
    <P Name="ZOrder">3</P>
    <P Name="Labels">[0, 1]</P>
    <P Name="Src">76913#out:1</P>
    <P Name="Dst">77117#in:1</P>
  </Line>
  <Line>
    <P Name="ZOrder">4</P>
    <P Name="Src">76912#out:1</P>
    <P Name="Dst">76913#in:6</P>
  </Line>
  <Line>
    <P Name="Name">&lt;JBBB&gt;</P>
    <P Name="ZOrder">5</P>
    <P Name="Labels">[0, 1]</P>
    <P Name="Src">76909#out:2</P>
    <P Name="Dst">76913#in:5</P>
  </Line>
  <Line>
    <P Name="ZOrder">6</P>
    <P Name="Labels">[0, 1]</P>
    <P Name="Src">76907#out:1</P>
    <P Name="Dst">76910#in:1</P>
  </Line>
  <Line>
    <P Name="ZOrder">7</P>
    <P Name="Src">76911#out:1</P>
    <P Name="Dst">76913#in:4</P>
  </Line>
  <Line>
    <P Name="Name">&lt;mB&gt;</P>
    <P Name="ZOrder">8</P>
    <P Name="Labels">[0, 1]</P>
    <P Name="Src">76909#out:1</P>
    <P Name="Dst">76913#in:3</P>
  </Line>
  <Line>
    <P Name="ZOrder">9</P>
    <P Name="Labels">[0, 1]</P>
    <P Name="Src">76908#out:1</P>
    <P Name="Dst">76909#in:1</P>
  </Line>
</System>
