<?xml version="1.0" encoding="utf-8"?>
<System>
  <P Name="Location">[125, 288, 604, 783]</P>
  <P Name="SystemRect">[0.000000, 0.000000, 0.000000, 0.000000]</P>
  <P Name="SetExecutionDomain">off</P>
  <P Name="ExecutionDomainType">Deduce</P>
  <P Name="SimulinkSubDomain">Simulink</P>
  <Block BlockType="Inport" Name="A" SID="74834:7:155">
    <P Name="Position">[35, 53, 65, 67]</P>
    <P Name="ZOrder">-1</P>
  </Block>
  <Block BlockType="Inport" Name="B" SID="74834:7:156">
    <P Name="Position">[35, 118, 65, 132]</P>
    <P Name="ZOrder">-2</P>
    <P Name="Port">2</P>
  </Block>
  <Block BlockType="Demux" Name="Demux" SID="74834:7:157">
    <P Name="Ports">[1, 3]</P>
    <P Name="Position">[100, 26, 105, 94]</P>
    <P Name="ZOrder">-3</P>
    <P Name="BackgroundColor">black</P>
    <P Name="ShowName">off</P>
    <P Name="Outputs">3</P>
  </Block>
  <Block BlockType="Demux" Name="Demux1" SID="74834:7:158">
    <P Name="Ports">[1, 3]</P>
    <P Name="Position">[100, 90, 105, 160]</P>
    <P Name="ZOrder">-4</P>
    <P Name="BackgroundColor">black</P>
    <P Name="ShowName">off</P>
    <P Name="Outputs">3</P>
  </Block>
  <Block BlockType="Mux" Name="Mux" SID="74834:7:159">
    <P Name="Ports">[3, 1]</P>
    <P Name="Position">[320, 45, 325, 205]</P>
    <P Name="ZOrder">-5</P>
    <P Name="ShowName">off</P>
    <P Name="Inputs">3</P>
    <P Name="DisplayOption">bar</P>
  </Block>
  <Block BlockType="Product" Name="i x j" SID="74834:7:160">
    <P Name="Ports">[2, 1]</P>
    <P Name="Position">[230, 162, 260, 193]</P>
    <P Name="ZOrder">-6</P>
    <P Name="InputSameDT">on</P>
    <P Name="OutDataTypeStr">Inherit: Same as first input</P>
    <P Name="SaturateOnIntegerOverflow">on</P>
  </Block>
  <Block BlockType="Product" Name="j x k" SID="74834:7:161">
    <P Name="Ports">[2, 1]</P>
    <P Name="Position">[230, 52, 260, 83]</P>
    <P Name="ZOrder">-7</P>
    <P Name="InputSameDT">on</P>
    <P Name="OutDataTypeStr">Inherit: Same as first input</P>
    <P Name="SaturateOnIntegerOverflow">on</P>
  </Block>
  <Block BlockType="Product" Name="k x i" SID="74834:7:162">
    <P Name="Ports">[2, 1]</P>
    <P Name="Position">[230, 107, 260, 138]</P>
    <P Name="ZOrder">-8</P>
    <P Name="InputSameDT">on</P>
    <P Name="OutDataTypeStr">Inherit: Same as first input</P>
    <P Name="SaturateOnIntegerOverflow">on</P>
  </Block>
  <Block BlockType="Outport" Name="Out1" SID="74834:7:163">
    <P Name="Position">[355, 118, 385, 132]</P>
    <P Name="ZOrder">-9</P>
    <P Name="VectorParamsAs1DForOutWhenUnconnected">off</P>
  </Block>
  <Line>
    <P Name="ZOrder">1</P>
    <P Name="Src">74834:7:159#out:1</P>
    <P Name="Dst">74834:7:163#in:1</P>
  </Line>
  <Line>
    <P Name="ZOrder">2</P>
    <P Name="Src">74834:7:155#out:1</P>
    <P Name="Dst">74834:7:157#in:1</P>
  </Line>
  <Line>
    <P Name="ZOrder">3</P>
    <P Name="Src">74834:7:156#out:1</P>
    <P Name="Dst">74834:7:158#in:1</P>
  </Line>
  <Line>
    <P Name="ZOrder">4</P>
    <P Name="Src">74834:7:161#out:1</P>
    <P Name="Dst">74834:7:159#in:1</P>
  </Line>
  <Line>
    <P Name="ZOrder">5</P>
    <P Name="Src">74834:7:162#out:1</P>
    <P Name="Dst">74834:7:159#in:2</P>
  </Line>
  <Line>
    <P Name="ZOrder">6</P>
    <P Name="Src">74834:7:160#out:1</P>
    <P Name="Dst">74834:7:159#in:3</P>
  </Line>
  <Line>
    <P Name="ZOrder">7</P>
    <P Name="Src">74834:7:157#out:1</P>
    <P Name="Points">[50, 0; 0, 130]</P>
    <P Name="Dst">74834:7:160#in:1</P>
  </Line>
  <Line>
    <P Name="ZOrder">8</P>
    <P Name="Src">74834:7:158#out:2</P>
    <P Name="Points">[40, 0; 0, 60]</P>
    <P Name="Dst">74834:7:160#in:2</P>
  </Line>
  <Line>
    <P Name="ZOrder">9</P>
    <P Name="Src">74834:7:158#out:1</P>
    <P Name="Points">[60, 0; 0, 30]</P>
    <P Name="Dst">74834:7:162#in:2</P>
  </Line>
  <Line>
    <P Name="ZOrder">10</P>
    <P Name="Src">74834:7:157#out:3</P>
    <P Name="Points">[70, 0; 0, 35]</P>
    <P Name="Dst">74834:7:162#in:1</P>
  </Line>
  <Line>
    <P Name="ZOrder">11</P>
    <P Name="Src">74834:7:157#out:2</P>
    <P Name="Dst">74834:7:161#in:1</P>
  </Line>
  <Line>
    <P Name="ZOrder">12</P>
    <P Name="Src">74834:7:158#out:3</P>
    <P Name="Points">[15, 0; 0, -75]</P>
    <P Name="Dst">74834:7:161#in:2</P>
  </Line>
</System>
