<?xml version="1.0" encoding="utf-8"?>
<System>
  <P Name="Location">[-1927, -7, 7, 1167]</P>
  <P Name="SystemRect">[0.000000, 0.000000, 0.000000, 0.000000]</P>
  <P Name="SetExecutionDomain">off</P>
  <P Name="ExecutionDomainType">Deduce</P>
  <P Name="SimulinkSubDomain">Simulink</P>
  <Block BlockType="Inport" Name="lon" SID="75369">
    <P Name="Position">[310, 368, 340, 382]</P>
    <P Name="ZOrder">-1</P>
    <P Name="BackgroundColor">yellow</P>
    <P Name="PortDimensions">1</P>
    <Port>
      <P Name="PortNumber">1</P>
      <P Name="Name">lon</P>
    </Port>
  </Block>
  <Block BlockType="Inport" Name="lat" SID="75370">
    <P Name="Position">[310, 438, 340, 452]</P>
    <P Name="ZOrder">89</P>
    <P Name="BackgroundColor">yellow</P>
    <P Name="Port">2</P>
    <P Name="PortDimensions">1</P>
    <Port>
      <P Name="PortNumber">1</P>
      <P Name="Name">lat</P>
    </Port>
  </Block>
  <Block BlockType="Inport" Name="h" SID="75371">
    <P Name="Position">[310, 303, 340, 317]</P>
    <P Name="ZOrder">90</P>
    <P Name="BackgroundColor">yellow</P>
    <P Name="Port">3</P>
    <P Name="PortDimensions">1</P>
    <Port>
      <P Name="PortNumber">1</P>
      <P Name="Name">h</P>
    </Port>
  </Block>
  <Block BlockType="Assertion" Name="Assertion" SID="75372">
    <P Name="Position">[895, 92, 955, 138]</P>
    <P Name="ZOrder">83</P>
    <P Name="ShowName">off</P>
    <P Name="AssertionFailFcn">error(&apos;WGS84 Gravitationsmodell: Die Werte des Eingangs &quot;h&quot; muessen groesser als 0 sein&apos;)</P>
  </Block>
  <Block BlockType="Assertion" Name="Assertion1" SID="75373">
    <P Name="Position">[895, 147, 955, 193]</P>
    <P Name="ZOrder">84</P>
    <P Name="ShowName">off</P>
    <P Name="AssertionFailFcn">error(&apos;WGS84 Gravitationsmodell: Die Werte des Eingangs &quot;Long&quot; muessen zwischen -180 und +180 liegen&apos;)</P>
  </Block>
  <Block BlockType="Assertion" Name="Assertion2" SID="75374">
    <P Name="Position">[895, 202, 955, 248]</P>
    <P Name="ZOrder">85</P>
    <P Name="ShowName">off</P>
    <P Name="AssertionFailFcn">error(&apos;WGS84 Gravitationsmodell: Die Werte des Eingangs &quot;Lat&quot; muessen zwischen -90 und +90 liegen&apos;)</P>
  </Block>
  <Block BlockType="Reference" Name="Compare&#xA;To Constant" SID="75375">
    <P Name="Ports">[1, 1]</P>
    <P Name="Position">[770, 100, 800, 130]</P>
    <P Name="ZOrder">86</P>
    <P Name="ShowName">off</P>
    <P Name="LibraryVersion">1.480</P>
    <P Name="SourceBlock">simulink/Logic and Bit
Operations/Compare
To Constant</P>
    <P Name="SourceType">Compare To Constant</P>
    <P Name="SourceProductName">ISim Simulink Block Set</P>
    <InstanceData>
      <P Name="RTWMemSecFuncInitTerm">Inherit from model</P>
      <P Name="RTWMemSecFuncExecute">Inherit from model</P>
      <P Name="RTWMemSecDataConstants">Inherit from model</P>
      <P Name="RTWMemSecDataInternal">Inherit from model</P>
      <P Name="RTWMemSecDataParameters">Inherit from model</P>
      <P Name="ContentPreviewEnabled">off</P>
      <P Name="relop">&gt;=</P>
      <P Name="const">0</P>
      <P Name="OutDataTypeStr">boolean</P>
      <P Name="ZeroCross">on</P>
    </InstanceData>
  </Block>
  <Block BlockType="Reference" Name="Interval Test" SID="75376">
    <P Name="Ports">[1, 1]</P>
    <P Name="Position">[770, 153, 805, 187]</P>
    <P Name="ZOrder">87</P>
    <P Name="ShowName">off</P>
    <P Name="LibraryVersion">1.480</P>
    <P Name="SourceBlock">simulink/Logic and Bit
Operations/Interval Test</P>
    <P Name="SourceType">Interval Test</P>
    <P Name="SourceProductName">ISim Simulink Block Set</P>
    <InstanceData>
      <P Name="RTWMemSecFuncInitTerm">Inherit from model</P>
      <P Name="RTWMemSecFuncExecute">Inherit from model</P>
      <P Name="RTWMemSecDataConstants">Inherit from model</P>
      <P Name="RTWMemSecDataInternal">Inherit from model</P>
      <P Name="RTWMemSecDataParameters">Inherit from model</P>
      <P Name="ContentPreviewEnabled">off</P>
      <P Name="IntervalClosedRight">on</P>
      <P Name="uplimit">pi</P>
      <P Name="IntervalClosedLeft">on</P>
      <P Name="lowlimit">-pi</P>
      <P Name="OutDataTypeStr">boolean</P>
    </InstanceData>
  </Block>
  <Block BlockType="Reference" Name="Interval Test1" SID="75377">
    <P Name="Ports">[1, 1]</P>
    <P Name="Position">[770, 208, 805, 242]</P>
    <P Name="ZOrder">88</P>
    <P Name="ShowName">off</P>
    <P Name="LibraryVersion">1.480</P>
    <P Name="SourceBlock">simulink/Logic and Bit
Operations/Interval Test</P>
    <P Name="SourceType">Interval Test</P>
    <P Name="SourceProductName">ISim Simulink Block Set</P>
    <InstanceData>
      <P Name="RTWMemSecFuncInitTerm">Inherit from model</P>
      <P Name="RTWMemSecFuncExecute">Inherit from model</P>
      <P Name="RTWMemSecDataConstants">Inherit from model</P>
      <P Name="RTWMemSecDataInternal">Inherit from model</P>
      <P Name="RTWMemSecDataParameters">Inherit from model</P>
      <P Name="ContentPreviewEnabled">off</P>
      <P Name="IntervalClosedRight">on</P>
      <P Name="uplimit">pi/2</P>
      <P Name="IntervalClosedLeft">on</P>
      <P Name="lowlimit">-pi/2</P>
      <P Name="OutDataTypeStr">boolean</P>
    </InstanceData>
  </Block>
  <Block BlockType="SubSystem" Name="WGS84_2_ECEF" SID="75378">
    <P Name="Ports">[3, 1]</P>
    <P Name="Position">[745, 329, 955, 421]</P>
    <P Name="ZOrder">587</P>
    <P Name="RequestExecContextInheritance">off</P>
    <Port>
      <P Name="PortNumber">1</P>
      <P Name="Name">pE</P>
    </Port>
    <System Ref="system_75378"/>
  </Block>
  <Block BlockType="SubSystem" Name="WGS84_Gravity_Implementation" SID="75421">
    <P Name="Ports">[3, 1]</P>
    <P Name="Position">[1160, 387, 1355, 583]</P>
    <P Name="ZOrder">91</P>
    <P Name="LibraryVersion">1.32</P>
    <P Name="ErrorFcn">Stateflow.Translate.translate</P>
    <P Name="PermitHierarchicalResolution">ExplicitOnly</P>
    <P Name="TreatAsAtomicUnit">on</P>
    <P Name="RequestExecContextInheritance">off</P>
    <P Name="SFBlockType">MATLAB Function</P>
    <Port>
      <P Name="PortNumber">1</P>
      <P Name="Name">gE</P>
      <P Name="PropagatedSignals">gamma_R</P>
    </Port>
    <System Ref="system_75421"/>
  </Block>
  <Block BlockType="Outport" Name="gE" SID="75422">
    <P Name="Position">[1490, 478, 1520, 492]</P>
    <P Name="ZOrder">-2</P>
    <P Name="BackgroundColor">orange</P>
    <P Name="PortDimensions">3</P>
    <P Name="VectorParamsAs1DForOutWhenUnconnected">off</P>
  </Block>
  <Line>
    <P Name="ZOrder">1</P>
    <P Name="Src">75377#out:1</P>
    <P Name="Dst">75374#in:1</P>
  </Line>
  <Line>
    <P Name="ZOrder">2</P>
    <P Name="Src">75376#out:1</P>
    <P Name="Dst">75373#in:1</P>
  </Line>
  <Line>
    <P Name="ZOrder">3</P>
    <P Name="Src">75375#out:1</P>
    <P Name="Dst">75372#in:1</P>
  </Line>
  <Line>
    <P Name="Name">pE</P>
    <P Name="ZOrder">4</P>
    <P Name="Labels">[0, 1]</P>
    <P Name="Src">75378#out:1</P>
    <P Name="Points">[93, 0; 0, 45]</P>
    <P Name="Dst">75421#in:1</P>
  </Line>
  <Line>
    <P Name="Name">lat</P>
    <P Name="ZOrder">5</P>
    <P Name="Labels">[0, 1]</P>
    <P Name="Src">75370#out:1</P>
    <P Name="Points">[322, 0]</P>
    <Branch>
      <P Name="ZOrder">6</P>
      <P Name="Points">[0, 40]</P>
      <P Name="Dst">75421#in:2</P>
    </Branch>
    <Branch>
      <P Name="ZOrder">7</P>
      <P Name="Points">[0, -40]</P>
      <Branch>
        <P Name="ZOrder">8</P>
        <P Name="Points">[0, -180]</P>
        <P Name="Dst">75377#in:1</P>
      </Branch>
      <Branch>
        <P Name="ZOrder">9</P>
        <P Name="Labels">[-1, 1]</P>
        <P Name="Dst">75378#in:3</P>
      </Branch>
    </Branch>
  </Line>
  <Line>
    <P Name="Name">lon</P>
    <P Name="ZOrder">10</P>
    <P Name="Labels">[0, 1]</P>
    <P Name="Src">75369#out:1</P>
    <P Name="Points">[294, 0]</P>
    <Branch>
      <P Name="ZOrder">11</P>
      <P Name="Points">[0, 175]</P>
      <P Name="Dst">75421#in:3</P>
    </Branch>
    <Branch>
      <P Name="ZOrder">12</P>
      <P Name="Points">[0, -205]</P>
      <P Name="Dst">75376#in:1</P>
    </Branch>
    <Branch>
      <P Name="ZOrder">13</P>
      <P Name="Labels">[-1, 1]</P>
      <P Name="Dst">75378#in:2</P>
    </Branch>
  </Line>
  <Line>
    <P Name="Name">h</P>
    <P Name="ZOrder">14</P>
    <P Name="Labels">[0, 1]</P>
    <P Name="Src">75371#out:1</P>
    <P Name="Points">[262, 0]</P>
    <Branch>
      <P Name="ZOrder">15</P>
      <P Name="Labels">[-1, 1]</P>
      <P Name="Points">[0, 35]</P>
      <P Name="Dst">75378#in:1</P>
    </Branch>
    <Branch>
      <P Name="ZOrder">16</P>
      <P Name="Points">[0, -195]</P>
      <P Name="Dst">75375#in:1</P>
    </Branch>
  </Line>
  <Line>
    <P Name="Name">gE</P>
    <P Name="ZOrder">17</P>
    <P Name="Labels">[0, 1]</P>
    <P Name="Src">75421#out:1</P>
    <P Name="Dst">75422#in:1</P>
  </Line>
</System>
