<?xml version="1.0" encoding="utf-8"?>
<System>
  <P Name="Location">[-8, -8, 1928, 1048]</P>
  <P Name="SystemRect">[0.000000, 0.000000, 0.000000, 0.000000]</P>
  <P Name="SetExecutionDomain">off</P>
  <P Name="ExecutionDomainType">Deduce</P>
  <P Name="SimulinkSubDomain">Simulink</P>
  <Block BlockType="Inport" Name="In" SID="77601:7:91">
    <P Name="Position">[20, 33, 50, 47]</P>
    <P Name="ZOrder">38</P>
  </Block>
  <Block BlockType="Gain" Name="2*zeta * wn" SID="77601:7:92">
    <P Name="Position">[380, 97, 440, 123]</P>
    <P Name="ZOrder">37</P>
    <P Name="BlockMirror">on</P>
    <P Name="Gain">2.0*zn*wn</P>
    <P Name="ParamDataTypeStr">Inherit: Same as input</P>
    <P Name="OutDataTypeStr">Inherit: Same as input</P>
    <P Name="SaturateOnIntegerOverflow">on</P>
  </Block>
  <Block BlockType="SecondOrderIntegrator" Name="Integrator,&#xA;Second-Order&#xA;Limited" SID="77601:7:93">
    <P Name="Ports">[1, 2]</P>
    <P Name="Position">[455, 20, 505, 60]</P>
    <P Name="ZOrder">36</P>
    <P Name="ICX">0</P>
    <P Name="UpperLimitX">fin_max</P>
    <P Name="LowerLimitX">fin_min</P>
    <P Name="ICDXDT">0</P>
    <P Name="UpperLimitDXDT">fin_maxrate</P>
    <P Name="LowerLimitDXDT">-fin_maxrate</P>
  </Block>
  <Block BlockType="Sum" Name="Sum2" SID="77601:7:94">
    <P Name="Ports">[2, 1]</P>
    <P Name="Position">[340, 20, 370, 60]</P>
    <P Name="ZOrder">35</P>
    <P Name="ShowName">off</P>
    <P Name="Inputs">|+-</P>
    <P Name="InputSameDT">on</P>
    <P Name="OutDataTypeStr">Inherit: Same as first input</P>
    <P Name="SaturateOnIntegerOverflow">on</P>
  </Block>
  <Block BlockType="Sum" Name="Sum3" SID="77601:7:95">
    <P Name="Ports">[2, 1]</P>
    <P Name="Position">[70, 20, 100, 60]</P>
    <P Name="ZOrder">34</P>
    <P Name="ShowName">off</P>
    <P Name="Inputs">|+-</P>
    <P Name="InputSameDT">on</P>
    <P Name="OutDataTypeStr">Inherit: Same as first input</P>
    <P Name="SaturateOnIntegerOverflow">on</P>
  </Block>
  <Block BlockType="Gain" Name="wn^2" SID="77601:7:96">
    <P Name="Position">[210, 26, 260, 54]</P>
    <P Name="ZOrder">32</P>
    <P Name="Gain">wn*wn</P>
    <P Name="ParamDataTypeStr">Inherit: Same as input</P>
    <P Name="OutDataTypeStr">Inherit: Same as input</P>
    <P Name="SaturateOnIntegerOverflow">on</P>
  </Block>
  <Block BlockType="Outport" Name="Out" SID="77601:7:97">
    <P Name="Position">[645, 23, 675, 37]</P>
    <P Name="ZOrder">39</P>
    <P Name="VectorParamsAs1DForOutWhenUnconnected">off</P>
  </Block>
  <Line>
    <P Name="ZOrder">1</P>
    <P Name="Src">77601:7:93#out:2</P>
    <P Name="Points">[10, 0; 0, 60]</P>
    <P Name="Dst">77601:7:92#in:1</P>
  </Line>
  <Line>
    <P Name="ZOrder">2</P>
    <P Name="Src">77601:7:93#out:1</P>
    <P Name="Points">[95, 0]</P>
    <Branch>
      <P Name="ZOrder">3</P>
      <P Name="Dst">77601:7:97#in:1</P>
    </Branch>
    <Branch>
      <P Name="ZOrder">4</P>
      <P Name="Points">[0, 120; -520, 0]</P>
      <P Name="Dst">77601:7:95#in:2</P>
    </Branch>
  </Line>
  <Line>
    <P Name="ZOrder">5</P>
    <P Name="Src">77601:7:96#out:1</P>
    <P Name="Dst">77601:7:94#in:1</P>
  </Line>
  <Line>
    <P Name="ZOrder">6</P>
    <P Name="Src">77601:7:95#out:1</P>
    <P Name="Dst">77601:7:96#in:1</P>
  </Line>
  <Line>
    <P Name="ZOrder">7</P>
    <P Name="Src">77601:7:92#out:1</P>
    <P Name="Points">[-20, 0]</P>
    <P Name="Dst">77601:7:94#in:2</P>
  </Line>
  <Line>
    <P Name="ZOrder">8</P>
    <P Name="Src">77601:7:94#out:1</P>
    <P Name="Dst">77601:7:93#in:1</P>
  </Line>
  <Line>
    <P Name="ZOrder">9</P>
    <P Name="Src">77601:7:91#out:1</P>
    <P Name="Dst">77601:7:95#in:1</P>
  </Line>
</System>
