<?xml version="1.0" encoding="utf-8"?>
<System>
  <P Name="Location">[-8, -8, 2568, 1408]</P>
  <P Name="SystemRect">[0.000000, 0.000000, 0.000000, 0.000000]</P>
  <P Name="SetExecutionDomain">off</P>
  <P Name="ExecutionDomainType">Deduce</P>
  <P Name="ZoomFactor">201</P>
  <P Name="SimulinkSubDomain">Simulink</P>
  <Block BlockType="Inport" Name="Phi" SID="80423">
    <P Name="Position">[20, 103, 50, 117]</P>
    <P Name="ZOrder">356</P>
    <Port>
      <P Name="PortNumber">1</P>
      <P Name="PropagatedSignals">Phi_rad</P>
      <P Name="ShowPropagatedSignals">on</P>
    </Port>
  </Block>
  <Block BlockType="Inport" Name="Theta" SID="80424">
    <P Name="Position">[20, 53, 50, 67]</P>
    <P Name="ZOrder">357</P>
    <P Name="Port">2</P>
    <Port>
      <P Name="PortNumber">1</P>
      <P Name="PropagatedSignals">Theta_rad</P>
      <P Name="ShowPropagatedSignals">on</P>
    </Port>
  </Block>
  <Block BlockType="Trigonometry" Name="Cos" SID="80425">
    <P Name="Ports">[1, 1]</P>
    <P Name="Position">[255, 45, 285, 75]</P>
    <P Name="ZOrder">342</P>
  </Block>
  <Block BlockType="Trigonometry" Name="Cos1" SID="80426">
    <P Name="Ports">[1, 1]</P>
    <P Name="Position">[290, 95, 320, 125]</P>
    <P Name="ZOrder">345</P>
  </Block>
  <Block BlockType="Trigonometry" Name="Cos2" SID="80427">
    <P Name="Ports">[1, 1]</P>
    <P Name="Position">[290, 140, 320, 170]</P>
    <P Name="ZOrder">346</P>
    <P Name="Operator">cos</P>
  </Block>
  <Block BlockType="Trigonometry" Name="Cos3" SID="80428">
    <P Name="Ports">[1, 1]</P>
    <P Name="Position">[290, 205, 320, 235]</P>
    <P Name="ZOrder">351</P>
    <P Name="Operator">cos</P>
  </Block>
  <Block BlockType="Gain" Name="Multiply" SID="80429">
    <P Name="Position">[430, 132, 470, 168]</P>
    <P Name="ZOrder">347</P>
    <P Name="Gain">9.81</P>
  </Block>
  <Block BlockType="Gain" Name="Multiply1" SID="80430">
    <P Name="Position">[430, 197, 470, 233]</P>
    <P Name="ZOrder">352</P>
    <P Name="Gain">9.81</P>
  </Block>
  <Block BlockType="Gain" Name="Multiply2" SID="80431">
    <P Name="Position">[320, 42, 360, 78]</P>
    <P Name="ZOrder">355</P>
    <P Name="Gain">-9.81</P>
  </Block>
  <Block BlockType="Product" Name="Product" SID="80432">
    <P Name="Ports">[2, 1]</P>
    <P Name="Position">[375, 132, 405, 163]</P>
    <P Name="ZOrder">348</P>
  </Block>
  <Block BlockType="Product" Name="Product1" SID="80433">
    <P Name="Ports">[2, 1]</P>
    <P Name="Position">[375, 197, 405, 228]</P>
    <P Name="ZOrder">350</P>
  </Block>
  <Block BlockType="Concatenate" Name="Vector&#xA;Concatenate1" SID="80434">
    <P Name="Ports">[3, 1]</P>
    <P Name="Position">[520, 23, 540, 147]</P>
    <P Name="ZOrder">354</P>
    <P Name="NumInputs">3</P>
  </Block>
  <Block BlockType="Outport" Name="g" SID="80435">
    <P Name="Position">[630, 78, 660, 92]</P>
    <P Name="ZOrder">358</P>
  </Block>
  <Line>
    <P Name="ZOrder">1</P>
    <P Name="Src">80434#out:1</P>
    <P Name="Dst">80435#in:1</P>
  </Line>
  <Line>
    <P Name="ZOrder">2</P>
    <P Name="Src">80425#out:1</P>
    <P Name="Dst">80431#in:1</P>
  </Line>
  <Line>
    <P Name="ZOrder">3</P>
    <P Name="Src">80432#out:1</P>
    <P Name="Dst">80429#in:1</P>
  </Line>
  <Line>
    <P Name="ZOrder">4</P>
    <P Name="Src">80426#out:1</P>
    <P Name="Points">[23, 0; 0, 30]</P>
    <P Name="Dst">80432#in:1</P>
  </Line>
  <Line>
    <P Name="ZOrder">5</P>
    <P Name="Src">80424#out:1</P>
    <P Name="Points">[175, 0]</P>
    <Branch>
      <P Name="ZOrder">6</P>
      <P Name="Dst">80425#in:1</P>
    </Branch>
    <Branch>
      <P Name="ZOrder">7</P>
      <P Name="Points">[0, 95]</P>
      <P Name="Dst">80427#in:1</P>
    </Branch>
  </Line>
  <Line>
    <P Name="ZOrder">8</P>
    <P Name="Src">80429#out:1</P>
    <P Name="Points">[5, 0; 0, -65]</P>
    <P Name="Dst">80434#in:2</P>
  </Line>
  <Line>
    <P Name="ZOrder">9</P>
    <P Name="Src">80423#out:1</P>
    <P Name="Points">[100, 0]</P>
    <Branch>
      <P Name="ZOrder">10</P>
      <P Name="Points">[0, 110]</P>
      <P Name="Dst">80428#in:1</P>
    </Branch>
    <Branch>
      <P Name="ZOrder">11</P>
      <P Name="Dst">80426#in:1</P>
    </Branch>
  </Line>
  <Line>
    <P Name="ZOrder">12</P>
    <P Name="Src">80433#out:1</P>
    <P Name="Dst">80430#in:1</P>
  </Line>
  <Line>
    <P Name="ZOrder">13</P>
    <P Name="Src">80430#out:1</P>
    <P Name="Points">[15, 0; 0, -90]</P>
    <P Name="Dst">80434#in:3</P>
  </Line>
  <Line>
    <P Name="ZOrder">14</P>
    <P Name="Src">80431#out:1</P>
    <P Name="Points">[108, 0; 0, -15]</P>
    <P Name="Dst">80434#in:1</P>
  </Line>
  <Line>
    <P Name="ZOrder">15</P>
    <P Name="Src">80427#out:1</P>
    <P Name="Points">[19, 0]</P>
    <Branch>
      <P Name="ZOrder">16</P>
      <P Name="Points">[0, 50]</P>
      <P Name="Dst">80433#in:1</P>
    </Branch>
    <Branch>
      <P Name="ZOrder">17</P>
      <P Name="Dst">80432#in:2</P>
    </Branch>
  </Line>
  <Line>
    <P Name="ZOrder">18</P>
    <P Name="Src">80428#out:1</P>
    <P Name="Dst">80433#in:2</P>
  </Line>
</System>
