<?xml version="1.0" encoding="utf-8"?>
<System>
  <P Name="Location">[1913, -7, 3847, 1167]</P>
  <P Name="SystemRect">[0.000000, 0.000000, 0.000000, 0.000000]</P>
  <P Name="SetExecutionDomain">off</P>
  <P Name="ExecutionDomainType">Deduce</P>
  <P Name="ZoomFactor">112</P>
  <P Name="SimulinkSubDomain">Simulink</P>
  <Block BlockType="Inport" Name="data in" SID="74580">
    <P Name="Position">[-195, 298, -165, 312]</P>
    <P Name="ZOrder">21757</P>
  </Block>
  <Block BlockType="BusCreator" Name="Bus&#xA;Creator1" SID="74581">
    <P Name="Ports">[12, 1]</P>
    <P Name="Position">[470, 147, 480, 623]</P>
    <P Name="ZOrder">21737</P>
    <P Name="ShowName">off</P>
    <P Name="Inputs">12</P>
    <P Name="DisplayOption">bar</P>
    <P Name="InheritFromInputs">on</P>
  </Block>
  <Block BlockType="BusCreator" Name="Bus&#xA;Creator4" SID="74582">
    <P Name="Ports">[4, 1]</P>
    <P Name="Position">[450, -12, 460, 142]</P>
    <P Name="ZOrder">21734</P>
    <P Name="ShowName">off</P>
    <P Name="Inputs">4</P>
    <P Name="DisplayOption">bar</P>
    <P Name="InheritFromInputs">on</P>
  </Block>
  <Block BlockType="DataTypeConversion" Name="Cast To Double" SID="74583">
    <P Name="Position">[225, -52, 300, -18]</P>
    <P Name="ZOrder">21739</P>
    <P Name="OutDataTypeStr">double</P>
    <P Name="RndMeth">Floor</P>
    <P Name="SaturateOnIntegerOverflow">off</P>
  </Block>
  <Block BlockType="DataTypeConversion" Name="Cast To Double1" SID="74584">
    <P Name="Position">[225, -12, 300, 22]</P>
    <P Name="ZOrder">21741</P>
    <P Name="OutDataTypeStr">double</P>
    <P Name="RndMeth">Floor</P>
    <P Name="SaturateOnIntegerOverflow">off</P>
    <Port>
      <P Name="PortNumber">1</P>
      <P Name="Name">Fin_1_Cmd_rad</P>
    </Port>
  </Block>
  <Block BlockType="DataTypeConversion" Name="Cast To Double10" SID="74585">
    <P Name="Position">[225, 348, 300, 382]</P>
    <P Name="ZOrder">21750</P>
    <P Name="OutDataTypeStr">double</P>
    <P Name="RndMeth">Floor</P>
    <P Name="SaturateOnIntegerOverflow">off</P>
    <Port>
      <P Name="PortNumber">1</P>
      <P Name="Name">w</P>
    </Port>
  </Block>
  <Block BlockType="DataTypeConversion" Name="Cast To Double11" SID="74586">
    <P Name="Position">[225, 588, 300, 622]</P>
    <P Name="ZOrder">21763</P>
    <P Name="OutDataTypeStr">double</P>
    <P Name="RndMeth">Floor</P>
    <P Name="SaturateOnIntegerOverflow">off</P>
    <Port>
      <P Name="PortNumber">1</P>
      <P Name="Name">r</P>
    </Port>
  </Block>
  <Block BlockType="DataTypeConversion" Name="Cast To Double12" SID="74587">
    <P Name="Position">[225, 388, 300, 422]</P>
    <P Name="ZOrder">21758</P>
    <P Name="OutDataTypeStr">double</P>
    <P Name="RndMeth">Floor</P>
    <P Name="SaturateOnIntegerOverflow">off</P>
    <Port>
      <P Name="PortNumber">1</P>
      <P Name="Name">x</P>
    </Port>
  </Block>
  <Block BlockType="DataTypeConversion" Name="Cast To Double13" SID="74588">
    <P Name="Position">[225, 428, 300, 462]</P>
    <P Name="ZOrder">21759</P>
    <P Name="OutDataTypeStr">double</P>
    <P Name="RndMeth">Floor</P>
    <P Name="SaturateOnIntegerOverflow">off</P>
    <Port>
      <P Name="PortNumber">1</P>
      <P Name="Name">y</P>
    </Port>
  </Block>
  <Block BlockType="DataTypeConversion" Name="Cast To Double14" SID="74589">
    <P Name="Position">[225, 468, 300, 502]</P>
    <P Name="ZOrder">21760</P>
    <P Name="OutDataTypeStr">double</P>
    <P Name="RndMeth">Floor</P>
    <P Name="SaturateOnIntegerOverflow">off</P>
    <Port>
      <P Name="PortNumber">1</P>
      <P Name="Name">z</P>
    </Port>
  </Block>
  <Block BlockType="DataTypeConversion" Name="Cast To Double15" SID="74590">
    <P Name="Position">[225, 508, 300, 542]</P>
    <P Name="ZOrder">21761</P>
    <P Name="OutDataTypeStr">double</P>
    <P Name="RndMeth">Floor</P>
    <P Name="SaturateOnIntegerOverflow">off</P>
    <Port>
      <P Name="PortNumber">1</P>
      <P Name="Name">p</P>
    </Port>
  </Block>
  <Block BlockType="DataTypeConversion" Name="Cast To Double16" SID="74591">
    <P Name="Position">[225, 548, 300, 582]</P>
    <P Name="ZOrder">21762</P>
    <P Name="OutDataTypeStr">double</P>
    <P Name="RndMeth">Floor</P>
    <P Name="SaturateOnIntegerOverflow">off</P>
    <Port>
      <P Name="PortNumber">1</P>
      <P Name="Name">q</P>
    </Port>
  </Block>
  <Block BlockType="DataTypeConversion" Name="Cast To Double17" SID="74592">
    <P Name="Position">[225, 628, 300, 662]</P>
    <P Name="ZOrder">21765</P>
    <P Name="OutDataTypeStr">double</P>
    <P Name="RndMeth">Floor</P>
    <P Name="SaturateOnIntegerOverflow">off</P>
    <Port>
      <P Name="PortNumber">1</P>
      <P Name="Name">debug</P>
    </Port>
  </Block>
  <Block BlockType="DataTypeConversion" Name="Cast To Double2" SID="74593">
    <P Name="Position">[225, 28, 300, 62]</P>
    <P Name="ZOrder">21742</P>
    <P Name="OutDataTypeStr">double</P>
    <P Name="RndMeth">Floor</P>
    <P Name="SaturateOnIntegerOverflow">off</P>
    <Port>
      <P Name="PortNumber">1</P>
      <P Name="Name">Fin_2_Cmd_rad</P>
    </Port>
  </Block>
  <Block BlockType="DataTypeConversion" Name="Cast To Double3" SID="74594">
    <P Name="Position">[225, 68, 300, 102]</P>
    <P Name="ZOrder">21743</P>
    <P Name="OutDataTypeStr">double</P>
    <P Name="RndMeth">Floor</P>
    <P Name="SaturateOnIntegerOverflow">off</P>
    <Port>
      <P Name="PortNumber">1</P>
      <P Name="Name">Fin_3_Cmd_rad</P>
    </Port>
  </Block>
  <Block BlockType="DataTypeConversion" Name="Cast To Double4" SID="74595">
    <P Name="Position">[225, 108, 300, 142]</P>
    <P Name="ZOrder">21744</P>
    <P Name="OutDataTypeStr">double</P>
    <P Name="RndMeth">Floor</P>
    <P Name="SaturateOnIntegerOverflow">off</P>
    <Port>
      <P Name="PortNumber">1</P>
      <P Name="Name">Fin_4_Cmd_rad</P>
    </Port>
  </Block>
  <Block BlockType="DataTypeConversion" Name="Cast To Double5" SID="74596">
    <P Name="Position">[225, 148, 300, 182]</P>
    <P Name="ZOrder">21745</P>
    <P Name="OutDataTypeStr">double</P>
    <P Name="RndMeth">Floor</P>
    <P Name="SaturateOnIntegerOverflow">off</P>
    <Port>
      <P Name="PortNumber">1</P>
      <P Name="Name">gyroX</P>
    </Port>
  </Block>
  <Block BlockType="DataTypeConversion" Name="Cast To Double6" SID="74597">
    <P Name="Position">[225, 188, 300, 222]</P>
    <P Name="ZOrder">21746</P>
    <P Name="OutDataTypeStr">double</P>
    <P Name="RndMeth">Floor</P>
    <P Name="SaturateOnIntegerOverflow">off</P>
    <Port>
      <P Name="PortNumber">1</P>
      <P Name="Name">gyroY</P>
    </Port>
  </Block>
  <Block BlockType="DataTypeConversion" Name="Cast To Double7" SID="74598">
    <P Name="Position">[225, 228, 300, 262]</P>
    <P Name="ZOrder">21747</P>
    <P Name="OutDataTypeStr">double</P>
    <P Name="RndMeth">Floor</P>
    <P Name="SaturateOnIntegerOverflow">off</P>
    <Port>
      <P Name="PortNumber">1</P>
      <P Name="Name">gyroZ</P>
    </Port>
  </Block>
  <Block BlockType="DataTypeConversion" Name="Cast To Double8" SID="74599">
    <P Name="Position">[225, 268, 300, 302]</P>
    <P Name="ZOrder">21748</P>
    <P Name="OutDataTypeStr">double</P>
    <P Name="RndMeth">Floor</P>
    <P Name="SaturateOnIntegerOverflow">off</P>
    <Port>
      <P Name="PortNumber">1</P>
      <P Name="Name">u</P>
    </Port>
  </Block>
  <Block BlockType="DataTypeConversion" Name="Cast To Double9" SID="74600">
    <P Name="Position">[225, 308, 300, 342]</P>
    <P Name="ZOrder">21749</P>
    <P Name="OutDataTypeStr">double</P>
    <P Name="RndMeth">Floor</P>
    <P Name="SaturateOnIntegerOverflow">off</P>
    <Port>
      <P Name="PortNumber">1</P>
      <P Name="Name">v</P>
    </Port>
  </Block>
  <Block BlockType="Demux" Name="Demux" SID="74601">
    <P Name="Ports">[1, 18]</P>
    <P Name="Position">[-60, -59, -45, 669]</P>
    <P Name="ZOrder">10826</P>
    <P Name="ShowName">off</P>
    <P Name="Outputs">18</P>
    <Port>
      <P Name="PortNumber">2</P>
      <P Name="Name">Fin_1_Cmd_rad</P>
    </Port>
    <Port>
      <P Name="PortNumber">3</P>
      <P Name="Name">Fin_2_Cmd_rad</P>
    </Port>
    <Port>
      <P Name="PortNumber">4</P>
      <P Name="Name">Fin_3_Cmd_rad</P>
    </Port>
    <Port>
      <P Name="PortNumber">5</P>
      <P Name="Name">Fin_4_Cmd_rad</P>
    </Port>
    <Port>
      <P Name="PortNumber">6</P>
      <P Name="Name">gyroX</P>
    </Port>
    <Port>
      <P Name="PortNumber">7</P>
      <P Name="Name">gyroY</P>
    </Port>
    <Port>
      <P Name="PortNumber">8</P>
      <P Name="Name">gyroZ</P>
    </Port>
    <Port>
      <P Name="PortNumber">9</P>
      <P Name="Name">u</P>
    </Port>
    <Port>
      <P Name="PortNumber">10</P>
      <P Name="Name">v</P>
    </Port>
    <Port>
      <P Name="PortNumber">11</P>
      <P Name="Name">w</P>
    </Port>
    <Port>
      <P Name="PortNumber">12</P>
      <P Name="Name">x</P>
    </Port>
    <Port>
      <P Name="PortNumber">13</P>
      <P Name="Name">y</P>
    </Port>
    <Port>
      <P Name="PortNumber">14</P>
      <P Name="Name">z</P>
    </Port>
    <Port>
      <P Name="PortNumber">15</P>
      <P Name="Name">p</P>
    </Port>
    <Port>
      <P Name="PortNumber">16</P>
      <P Name="Name">q</P>
    </Port>
    <Port>
      <P Name="PortNumber">17</P>
      <P Name="Name">r</P>
    </Port>
  </Block>
  <Block BlockType="Goto" Name="Goto" SID="74602">
    <P Name="Position">[530, -50, 635, -20]</P>
    <P Name="ZOrder">22274</P>
    <P Name="GotoTag">Heartbeat_Received</P>
  </Block>
  <Block BlockType="Outport" Name="fin_cmd_rad" SID="74603">
    <P Name="Position">[565, 58, 595, 72]</P>
    <P Name="ZOrder">21736</P>
    <P Name="PortDimensions">4</P>
  </Block>
  <Block BlockType="Outport" Name="internal data" SID="74604">
    <P Name="Position">[565, 378, 595, 392]</P>
    <P Name="ZOrder">21738</P>
    <P Name="Port">2</P>
  </Block>
  <Block BlockType="Outport" Name="Other" SID="74605">
    <P Name="Position">[565, 638, 595, 652]</P>
    <P Name="ZOrder">21764</P>
    <P Name="Port">3</P>
  </Block>
  <Line>
    <P Name="ZOrder">1</P>
    <P Name="Src">74580#out:1</P>
    <P Name="Dst">74601#in:1</P>
  </Line>
  <Line>
    <P Name="ZOrder">2</P>
    <P Name="Labels">[-1, 0]</P>
    <P Name="Src">74601#out:1</P>
    <P Name="Dst">74583#in:1</P>
  </Line>
  <Line>
    <P Name="Name">gyroY</P>
    <P Name="ZOrder">3</P>
    <P Name="Labels">[0, 0]</P>
    <P Name="Src">74601#out:7</P>
    <P Name="Dst">74597#in:1</P>
  </Line>
  <Line>
    <P Name="Name">w</P>
    <P Name="ZOrder">4</P>
    <P Name="Labels">[0, 0]</P>
    <P Name="Src">74601#out:11</P>
    <P Name="Dst">74585#in:1</P>
  </Line>
  <Line>
    <P Name="Name">v</P>
    <P Name="ZOrder">5</P>
    <P Name="Labels">[0, 0]</P>
    <P Name="Src">74601#out:10</P>
    <P Name="Dst">74600#in:1</P>
  </Line>
  <Line>
    <P Name="Name">u</P>
    <P Name="ZOrder">6</P>
    <P Name="Labels">[0, 0]</P>
    <P Name="Src">74601#out:9</P>
    <P Name="Dst">74599#in:1</P>
  </Line>
  <Line>
    <P Name="Name">gyroZ</P>
    <P Name="ZOrder">7</P>
    <P Name="Labels">[0, 0]</P>
    <P Name="Src">74601#out:8</P>
    <P Name="Dst">74598#in:1</P>
  </Line>
  <Line>
    <P Name="Name">Fin_3_Cmd_rad</P>
    <P Name="ZOrder">8</P>
    <P Name="Labels">[0, 0]</P>
    <P Name="Src">74601#out:4</P>
    <P Name="Dst">74594#in:1</P>
  </Line>
  <Line>
    <P Name="Name">Fin_4_Cmd_rad</P>
    <P Name="ZOrder">9</P>
    <P Name="Labels">[0, 0]</P>
    <P Name="Src">74601#out:5</P>
    <P Name="Dst">74595#in:1</P>
  </Line>
  <Line>
    <P Name="Name">Fin_2_Cmd_rad</P>
    <P Name="ZOrder">10</P>
    <P Name="Labels">[0, 0]</P>
    <P Name="Src">74601#out:3</P>
    <P Name="Dst">74593#in:1</P>
  </Line>
  <Line>
    <P Name="Name">Fin_1_Cmd_rad</P>
    <P Name="ZOrder">11</P>
    <P Name="Labels">[0, 0]</P>
    <P Name="Src">74601#out:2</P>
    <P Name="Dst">74584#in:1</P>
  </Line>
  <Line>
    <P Name="Name">gyroX</P>
    <P Name="ZOrder">12</P>
    <P Name="Labels">[0, 0]</P>
    <P Name="Src">74601#out:6</P>
    <P Name="Dst">74596#in:1</P>
  </Line>
  <Line>
    <P Name="ZOrder">13</P>
    <P Name="Src">74582#out:1</P>
    <P Name="Dst">74603#in:1</P>
  </Line>
  <Line>
    <P Name="ZOrder">14</P>
    <P Name="Src">74581#out:1</P>
    <P Name="Dst">74604#in:1</P>
  </Line>
  <Line>
    <P Name="ZOrder">15</P>
    <P Name="Src">74583#out:1</P>
    <P Name="Dst">74602#in:1</P>
  </Line>
  <Line>
    <P Name="Name">Fin_1_Cmd_rad</P>
    <P Name="ZOrder">16</P>
    <P Name="Labels">[-1, 0]</P>
    <P Name="Src">74584#out:1</P>
    <P Name="Dst">74582#in:1</P>
  </Line>
  <Line>
    <P Name="Name">Fin_2_Cmd_rad</P>
    <P Name="ZOrder">17</P>
    <P Name="Labels">[-1, 0]</P>
    <P Name="Src">74593#out:1</P>
    <P Name="Dst">74582#in:2</P>
  </Line>
  <Line>
    <P Name="Name">Fin_3_Cmd_rad</P>
    <P Name="ZOrder">18</P>
    <P Name="Labels">[-1, 0]</P>
    <P Name="Src">74594#out:1</P>
    <P Name="Dst">74582#in:3</P>
  </Line>
  <Line>
    <P Name="Name">Fin_4_Cmd_rad</P>
    <P Name="ZOrder">19</P>
    <P Name="Labels">[-1, 0]</P>
    <P Name="Src">74595#out:1</P>
    <P Name="Dst">74582#in:4</P>
  </Line>
  <Line>
    <P Name="Name">u</P>
    <P Name="ZOrder">20</P>
    <P Name="Labels">[-1, 0]</P>
    <P Name="Src">74599#out:1</P>
    <P Name="Dst">74581#in:4</P>
  </Line>
  <Line>
    <P Name="Name">v</P>
    <P Name="ZOrder">21</P>
    <P Name="Labels">[-1, 0]</P>
    <P Name="Src">74600#out:1</P>
    <P Name="Dst">74581#in:5</P>
  </Line>
  <Line>
    <P Name="Name">w</P>
    <P Name="ZOrder">22</P>
    <P Name="Labels">[-1, 0]</P>
    <P Name="Src">74585#out:1</P>
    <P Name="Dst">74581#in:6</P>
  </Line>
  <Line>
    <P Name="Name">x</P>
    <P Name="ZOrder">23</P>
    <P Name="Labels">[0, 0]</P>
    <P Name="Src">74601#out:12</P>
    <P Name="Dst">74587#in:1</P>
  </Line>
  <Line>
    <P Name="Name">z</P>
    <P Name="ZOrder">24</P>
    <P Name="Labels">[0, 0]</P>
    <P Name="Src">74601#out:14</P>
    <P Name="Dst">74589#in:1</P>
  </Line>
  <Line>
    <P Name="Name">p</P>
    <P Name="ZOrder">25</P>
    <P Name="Labels">[0, 0]</P>
    <P Name="Src">74601#out:15</P>
    <P Name="Dst">74590#in:1</P>
  </Line>
  <Line>
    <P Name="Name">q</P>
    <P Name="ZOrder">26</P>
    <P Name="Labels">[0, 0]</P>
    <P Name="Src">74601#out:16</P>
    <P Name="Dst">74591#in:1</P>
  </Line>
  <Line>
    <P Name="Name">r</P>
    <P Name="ZOrder">27</P>
    <P Name="Labels">[0, 0]</P>
    <P Name="Src">74601#out:17</P>
    <P Name="Dst">74586#in:1</P>
  </Line>
  <Line>
    <P Name="Name">y</P>
    <P Name="ZOrder">28</P>
    <P Name="Labels">[0, 0]</P>
    <P Name="Src">74601#out:13</P>
    <P Name="Dst">74588#in:1</P>
  </Line>
  <Line>
    <P Name="Name">x</P>
    <P Name="ZOrder">29</P>
    <P Name="Labels">[-1, 0]</P>
    <P Name="Src">74587#out:1</P>
    <P Name="Dst">74581#in:7</P>
  </Line>
  <Line>
    <P Name="Name">y</P>
    <P Name="ZOrder">30</P>
    <P Name="Labels">[-1, 0]</P>
    <P Name="Src">74588#out:1</P>
    <P Name="Dst">74581#in:8</P>
  </Line>
  <Line>
    <P Name="Name">z</P>
    <P Name="ZOrder">31</P>
    <P Name="Labels">[-1, 0]</P>
    <P Name="Src">74589#out:1</P>
    <P Name="Dst">74581#in:9</P>
  </Line>
  <Line>
    <P Name="ZOrder">32</P>
    <P Name="Src">74601#out:18</P>
    <P Name="Dst">74592#in:1</P>
  </Line>
  <Line>
    <P Name="Name">debug</P>
    <P Name="ZOrder">33</P>
    <P Name="Labels">[0, 0]</P>
    <P Name="Src">74592#out:1</P>
    <P Name="Dst">74605#in:1</P>
  </Line>
  <Line>
    <P Name="Name">gyroZ</P>
    <P Name="ZOrder">34</P>
    <P Name="Labels">[-1, 0]</P>
    <P Name="Src">74598#out:1</P>
    <P Name="Dst">74581#in:3</P>
  </Line>
  <Line>
    <P Name="Name">gyroY</P>
    <P Name="ZOrder">35</P>
    <P Name="Labels">[-1, 0]</P>
    <P Name="Src">74597#out:1</P>
    <P Name="Dst">74581#in:2</P>
  </Line>
  <Line>
    <P Name="Name">gyroX</P>
    <P Name="ZOrder">36</P>
    <P Name="Labels">[-1, 0]</P>
    <P Name="Src">74596#out:1</P>
    <P Name="Dst">74581#in:1</P>
  </Line>
  <Line>
    <P Name="Name">p</P>
    <P Name="ZOrder">37</P>
    <P Name="Labels">[-1, 0]</P>
    <P Name="Src">74590#out:1</P>
    <P Name="Dst">74581#in:10</P>
  </Line>
  <Line>
    <P Name="Name">q</P>
    <P Name="ZOrder">38</P>
    <P Name="Labels">[-1, 0]</P>
    <P Name="Src">74591#out:1</P>
    <P Name="Dst">74581#in:11</P>
  </Line>
  <Line>
    <P Name="Name">r</P>
    <P Name="ZOrder">39</P>
    <P Name="Labels">[-1, 0]</P>
    <P Name="Src">74586#out:1</P>
    <P Name="Dst">74581#in:12</P>
  </Line>
</System>
