<?xml version="1.0" encoding="utf-8"?>
<System>
  <P Name="Location">[2285, 80, 2679, 594]</P>
  <P Name="SystemRect">[0.000000, 0.000000, 0.000000, 0.000000]</P>
  <P Name="SetExecutionDomain">off</P>
  <P Name="ExecutionDomainType">Deduce</P>
  <P Name="SimulinkSubDomain">Simulink</P>
  <Block BlockType="Inport" Name="Lat" SID="74662:134">
    <P Name="Position">[75, 198, 105, 212]</P>
    <P Name="ZOrder">25</P>
  </Block>
  <Block BlockType="Abs" Name="Abs1" SID="74662:135">
    <P Name="Position">[230, 260, 245, 280]</P>
    <P Name="ZOrder">36</P>
    <P Name="ShowName">off</P>
    <P Name="SaturateOnIntegerOverflow">off</P>
  </Block>
  <Block BlockType="Bias" Name="Bias" SID="74662:136">
    <P Name="Position">[265, 220, 300, 240]</P>
    <P Name="ZOrder">39</P>
    <P Name="ShowName">off</P>
    <P Name="Bias">-90</P>
    <P Name="SaturateOnIntegerOverflow">off</P>
  </Block>
  <Block BlockType="Bias" Name="Bias1" SID="74662:137">
    <P Name="Position">[360, 220, 395, 240]</P>
    <P Name="ZOrder">42</P>
    <P Name="ShowName">off</P>
    <P Name="Bias">+90</P>
    <P Name="SaturateOnIntegerOverflow">off</P>
  </Block>
  <Block BlockType="SubSystem" Name="Compare&#xA;To Constant" SID="74662:138">
    <P Name="Ports">[1, 1]</P>
    <P Name="Position">[340, 262, 370, 278]</P>
    <P Name="ZOrder">25672</P>
    <P Name="ShowName">off</P>
    <P Name="RequestExecContextInheritance">off</P>
    <Mask SelfModifiable="on">
      <Type>Compare To Constant</Type>
      <Display RunInitForIconRedraw="on" IconUnits="normalized">disp(str)</Display>
      <Description>Simulink:masks:CompareToConstant_MD</Description>
      <Initialization>blkName = gcb;

if strcmp(get_param(gcbh,&apos;OutDataTypeStr&apos;),&apos;boolean&apos;)
	setValue = &apos;boolean&apos;;
else
	setValue = &apos;fixdt(0, 8)&apos;;
end

set_param([blkName,&apos;/Compare&apos;],&apos;relop&apos;,relop, ...
	&apos;OutDataTypeStr&apos;, setValue, &apos;ZeroCross&apos;, ZeroCross);

str = [relop,&apos; C&apos;]; %default

const_str = get_param(blkName, &apos;const&apos;);
const_val = str2num(const_str);

if isempty(const_val) %#ok&lt;ST2NM&gt;
    %Expression/Variable
    str = [relop, &apos; &apos;, strtrim(const_str)];
else
    if length(const_val) == 1 
        if Simulink.data.isSupportedEnumClass(class(const_val))
            % Special Handling for Enumerations
            if Simulink.data.getEnumTypeInfo(class(const_val), &apos;AddClassNameToEnumNames&apos;)
                str = [relop, &apos; &apos;, strtrim(const_str)];
            else
                str = [relop, &apos; &apos;, char(const_val)];
            end
        elseif(isfloat(const_val) || isinteger(const_val) || islogical(const_val)) 
                str = [relop, &apos; &apos;, num2str(const_val)];
        end
    end
end</Initialization>
      <Capabilities>slmaskedcaps(gcbh)</Capabilities>
      <MaskParameter Name="relop" Type="popup" Evaluate="off" Tunable="off">
        <Prompt>Simulink:masks:Operator_MP</Prompt>
        <Value>&gt;</Value>
        <TypeOptions>
          <Option>==</Option>
          <Option>~=</Option>
          <Option>&lt;</Option>
          <Option>&lt;=</Option>
          <Option>&gt;=</Option>
          <Option>&gt;</Option>
        </TypeOptions>
      </MaskParameter>
      <MaskParameter Name="const" Type="edit">
        <Prompt>Simulink:masks:ConstantValue_MP</Prompt>
        <Value>90</Value>
      </MaskParameter>
      <MaskParameter Name="OutDataTypeStr" Type="popup" Evaluate="off" Tunable="off">
        <Prompt>Simulink:masks:OutputDataType_MP</Prompt>
        <Value>boolean</Value>
        <Alias>LogicOutDataTypeMode</Alias>
        <TypeOptions>
          <Option>Simulink:masks:uint8</Option>
          <Option>Simulink:masks:boolean</Option>
        </TypeOptions>
      </MaskParameter>
      <MaskParameter Name="ZeroCross" Type="checkbox" Evaluate="off" Tunable="off" Enabled="off">
        <Prompt>Simulink:masks:EnableZerocrossingDetection_MP</Prompt>
        <Value>on</Value>
        <Callback>sl(&apos;zeroCrossEnable&apos;, gcbh);</Callback>
      </MaskParameter>
    </Mask>
    <System Ref="system_74662_138"/>
  </Block>
  <Block BlockType="Product" Name="Divide1" SID="74662:139">
    <P Name="Ports">[2, 1]</P>
    <P Name="Position">[415, 192, 435, 243]</P>
    <P Name="ZOrder">44</P>
    <P Name="ShowName">off</P>
    <P Name="Inputs">**</P>
  </Block>
  <Block BlockType="Gain" Name="Gain" SID="74662:140">
    <P Name="Position">[315, 215, 345, 245]</P>
    <P Name="ZOrder">43</P>
    <P Name="ShowName">off</P>
    <P Name="Gain">-1</P>
  </Block>
  <Block BlockType="Signum" Name="Sign1" SID="74662:141">
    <P Name="Position">[240, 195, 260, 215]</P>
    <P Name="ZOrder">41</P>
    <P Name="ShowName">off</P>
  </Block>
  <Block BlockType="Switch" Name="Switch" SID="74662:142">
    <P Name="Position">[460, 250, 485, 290]</P>
    <P Name="ZOrder">37</P>
    <P Name="ShowName">off</P>
    <P Name="Criteria">u2 ~= 0</P>
    <P Name="InputSameDT">off</P>
    <P Name="SaturateOnIntegerOverflow">off</P>
  </Block>
  <Block BlockType="SubSystem" Name="Wrap Angle 180" SID="74662:143">
    <P Name="Ports">[1, 1]</P>
    <P Name="Position">[120, 194, 200, 216]</P>
    <P Name="ZOrder">25669</P>
    <P Name="RequestExecContextInheritance">off</P>
    <Mask>
      <Display RunInitForIconRedraw="on"/>
      <Initialization>aeroicon(&apos;aeroblk&apos;);</Initialization>
    </Mask>
    <System Ref="system_74662_143"/>
  </Block>
  <Block BlockType="Outport" Name="Lat&#xA;wrapped" SID="74662:144">
    <P Name="Position">[510, 263, 540, 277]</P>
    <P Name="ZOrder">-2</P>
    <P Name="VectorParamsAs1DForOutWhenUnconnected">off</P>
  </Block>
  <Block BlockType="Outport" Name="Wrap flag" SID="74662:145">
    <P Name="Position">[510, 313, 540, 327]</P>
    <P Name="ZOrder">25673</P>
    <P Name="Port">2</P>
    <P Name="VectorParamsAs1DForOutWhenUnconnected">off</P>
  </Block>
  <Line>
    <P Name="ZOrder">1</P>
    <P Name="Src">74662:138#out:1</P>
    <P Name="Points">[35, 0]</P>
    <Branch>
      <P Name="ZOrder">2</P>
      <P Name="Dst">74662:142#in:2</P>
    </Branch>
    <Branch>
      <P Name="ZOrder">3</P>
      <P Name="Points">[0, 50]</P>
      <P Name="Dst">74662:145#in:1</P>
    </Branch>
  </Line>
  <Line>
    <P Name="ZOrder">4</P>
    <P Name="Src">74662:143#out:1</P>
    <P Name="Points">[15, 0]</P>
    <Branch>
      <P Name="ZOrder">5</P>
      <P Name="Dst">74662:141#in:1</P>
    </Branch>
    <Branch>
      <P Name="ZOrder">6</P>
      <P Name="Points">[0, 65]</P>
      <Branch>
        <P Name="ZOrder">7</P>
        <P Name="Points">[0, 15]</P>
        <P Name="Dst">74662:142#in:3</P>
      </Branch>
      <Branch>
        <P Name="ZOrder">8</P>
        <P Name="Dst">74662:135#in:1</P>
      </Branch>
    </Branch>
  </Line>
  <Line>
    <P Name="ZOrder">9</P>
    <P Name="Src">74662:134#out:1</P>
    <P Name="Dst">74662:143#in:1</P>
  </Line>
  <Line>
    <P Name="ZOrder">10</P>
    <P Name="Src">74662:135#out:1</P>
    <P Name="Points">[0, 0]</P>
    <Branch>
      <P Name="ZOrder">11</P>
      <P Name="Dst">74662:138#in:1</P>
    </Branch>
    <Branch>
      <P Name="ZOrder">12</P>
      <P Name="Dst">74662:136#in:1</P>
    </Branch>
  </Line>
  <Line>
    <P Name="ZOrder">13</P>
    <P Name="Src">74662:136#out:1</P>
    <P Name="Dst">74662:140#in:1</P>
  </Line>
  <Line>
    <P Name="ZOrder">14</P>
    <P Name="Src">74662:140#out:1</P>
    <P Name="Dst">74662:137#in:1</P>
  </Line>
  <Line>
    <P Name="ZOrder">15</P>
    <P Name="Src">74662:137#out:1</P>
    <P Name="Dst">74662:139#in:2</P>
  </Line>
  <Line>
    <P Name="ZOrder">16</P>
    <P Name="Src">74662:141#out:1</P>
    <P Name="Dst">74662:139#in:1</P>
  </Line>
  <Line>
    <P Name="ZOrder">17</P>
    <P Name="Src">74662:139#out:1</P>
    <P Name="Points">[5, 0]</P>
    <P Name="Dst">74662:142#in:1</P>
  </Line>
  <Line>
    <P Name="ZOrder">18</P>
    <P Name="Src">74662:142#out:1</P>
    <P Name="Dst">74662:144#in:1</P>
  </Line>
</System>
