<?xml version="1.0" encoding="utf-8"?>
<System>
  <P Name="Location">[109, 99, 1855, 972]</P>
  <P Name="SystemRect">[0.000000, 0.000000, 0.000000, 0.000000]</P>
  <P Name="SetExecutionDomain">off</P>
  <P Name="ExecutionDomainType">Deduce</P>
  <P Name="SIDHighWatermark">66</P>
  <P Name="SimulinkSubDomain">Simulink</P>
  <Block BlockType="Inport" Name="p q r" SID="74834:8:1">
    <P Name="Position">[65, 43, 95, 57]</P>
    <P Name="ZOrder">-1</P>
    <P Name="Unit">rad/s</P>
    <P Name="PortDimensions">3</P>
  </Block>
  <Block BlockType="Inport" Name="G&apos;s" SID="74834:8:2">
    <P Name="Position">[65, 118, 95, 132]</P>
    <P Name="ZOrder">-2</P>
    <P Name="Port">2</P>
    <P Name="Unit">gn</P>
    <P Name="PortDimensions">3</P>
  </Block>
  <Block BlockType="UnitConfiguration" Name="Disallow CGS" SID="74834:8:31">
    <P Name="Position">[70, 175, 90, 190]</P>
    <P Name="ZOrder">20</P>
    <P Name="UnitSystems" Ref="bdmxdata:UnitSystems_74834_8_31"/>
    <P Name="UnitSystemsStr">English,SI,SI (extended)</P>
    <P Name="AllowAllUnitSystems">off</P>
  </Block>
  <Block BlockType="SubSystem" Name="Dynamics" SID="74834:8:3">
    <P Name="Ports">[1, 1]</P>
    <P Name="Position">[310, 62, 370, 108]</P>
    <P Name="ZOrder">-3</P>
    <P Name="RequestExecContextInheritance">off</P>
    <System Ref="system_74834_8_3"/>
  </Block>
  <Block BlockType="Constant" Name="Measurement bias" SID="74834:8:19">
    <P Name="Position">[180, 74, 235, 96]</P>
    <P Name="ZOrder">-4</P>
    <P Name="Value">g_bias</P>
  </Block>
  <Block BlockType="Product" Name="Product" SID="74834:8:20">
    <P Name="Ports">[2, 1]</P>
    <P Name="Position">[175, 14, 220, 61]</P>
    <P Name="ZOrder">-5</P>
    <P Name="ShowName">off</P>
    <P Name="Multiplication">Matrix(*)</P>
    <P Name="OutDataTypeStr">Inherit: Same as first input</P>
    <P Name="SaturateOnIntegerOverflow">on</P>
  </Block>
  <Block BlockType="Product" Name="Product1" SID="74834:8:21">
    <P Name="Ports">[2, 1]</P>
    <P Name="Position">[225, 116, 265, 149]</P>
    <P Name="ZOrder">-6</P>
    <P Name="ShowName">off</P>
    <P Name="OutDataTypeStr">Inherit: Same as first input</P>
    <P Name="SaturateOnIntegerOverflow">on</P>
  </Block>
  <Block BlockType="Reference" Name="Random bias" SID="74834:8:66">
    <P Name="Ports">[0, 1]</P>
    <P Name="Position">[330, 145, 360, 175]</P>
    <P Name="ZOrder">64</P>
    <P Name="LibraryVersion">1.112</P>
    <P Name="SourceBlock">aerolibcommonsys/Tunable White Noise</P>
    <P Name="SourceType">TunableWhiteNoise</P>
    <P Name="SourceProductBaseCode">AE</P>
    <InstanceData>
      <P Name="RTWMemSecFuncInitTerm">Inherit from model</P>
      <P Name="RTWMemSecFuncExecute">Inherit from model</P>
      <P Name="RTWMemSecDataConstants">Inherit from model</P>
      <P Name="RTWMemSecDataInternal">Inherit from model</P>
      <P Name="RTWMemSecDataParameters">Inherit from model</P>
      <P Name="ContentPreviewEnabled">on</P>
      <P Name="pwr">g_pow</P>
      <P Name="Ts">0.1</P>
      <P Name="seed">g_seeds</P>
    </InstanceData>
  </Block>
  <Block BlockType="Saturate" Name="Saturation" SID="74834:8:23">
    <P Name="Position">[435, 70, 465, 100]</P>
    <P Name="ZOrder">-8</P>
    <P Name="UpperLimit">g_sath</P>
    <P Name="LowerLimit">g_satl</P>
  </Block>
  <Block BlockType="Constant" Name="Scale factors &amp;&#xA;Cross-coupling &#xA;errors&#xA;" SID="74834:8:24">
    <P Name="Position">[80, 14, 135, 36]</P>
    <P Name="ZOrder">-9</P>
    <P Name="NameLocation">top</P>
    <P Name="Value">g_sf_cc</P>
  </Block>
  <Block BlockType="Sum" Name="Sum1" SID="74834:8:25">
    <P Name="Ports">[2, 1]</P>
    <P Name="Position">[395, 75, 415, 95]</P>
    <P Name="ZOrder">-10</P>
    <P Name="ShowName">off</P>
    <P Name="Inputs">|++</P>
    <P Name="SaturateOnIntegerOverflow">on</P>
  </Block>
  <Block BlockType="Sum" Name="Sum4" SID="74834:8:26">
    <P Name="Ports">[3, 1]</P>
    <P Name="Position">[270, 75, 290, 95]</P>
    <P Name="ZOrder">-11</P>
    <P Name="ShowName">off</P>
    <P Name="Inputs">+++</P>
    <P Name="SaturateOnIntegerOverflow">on</P>
  </Block>
  <Block BlockType="Gain" Name="Zero-Order&#xA;Hold" SID="74834:8:49">
    <P Name="Position">[115, 40, 135, 60]</P>
    <P Name="ZOrder">33</P>
    <P Name="ShowName">off</P>
    <P Name="ParamDataTypeStr">Inherit: Same as input</P>
    <P Name="OutDataTypeStr">Inherit: Same as input</P>
    <P Name="SaturateOnIntegerOverflow">on</P>
  </Block>
  <Block BlockType="Gain" Name="Zero-Order&#xA;Hold1" SID="74834:8:50">
    <P Name="Position">[115, 115, 135, 135]</P>
    <P Name="ZOrder">34</P>
    <P Name="ShowName">off</P>
    <P Name="ParamDataTypeStr">Inherit: Same as input</P>
    <P Name="OutDataTypeStr">Inherit: Same as input</P>
    <P Name="SaturateOnIntegerOverflow">on</P>
  </Block>
  <Block BlockType="Constant" Name="g-sensitive bias" SID="74834:8:29">
    <P Name="Position">[150, 129, 205, 151]</P>
    <P Name="ZOrder">-14</P>
    <P Name="Value">g_sen</P>
  </Block>
  <Block BlockType="Outport" Name="(p q r)_meas" SID="74834:8:30">
    <P Name="Position">[510, 78, 540, 92]</P>
    <P Name="ZOrder">-15</P>
    <P Name="Unit">rad/s</P>
    <P Name="PortDimensions">3</P>
    <P Name="VectorParamsAs1DForOutWhenUnconnected">off</P>
  </Block>
  <Line>
    <P Name="ZOrder">1</P>
    <P Name="Src">74834:8:50#out:1</P>
    <P Name="Dst">74834:8:21#in:1</P>
  </Line>
  <Line>
    <P Name="ZOrder">2</P>
    <P Name="Src">74834:8:49#out:1</P>
    <P Name="Dst">74834:8:20#in:2</P>
  </Line>
  <Line>
    <P Name="ZOrder">3</P>
    <P Name="Src">74834:8:21#out:1</P>
    <P Name="Points">[10, 0]</P>
    <P Name="Dst">74834:8:26#in:3</P>
  </Line>
  <Line>
    <P Name="ZOrder">4</P>
    <P Name="Src">74834:8:3#out:1</P>
    <P Name="Dst">74834:8:25#in:1</P>
  </Line>
  <Line>
    <P Name="ZOrder">5</P>
    <P Name="Src">74834:8:2#out:1</P>
    <P Name="Dst">74834:8:50#in:1</P>
  </Line>
  <Line>
    <P Name="ZOrder">6</P>
    <P Name="Src">74834:8:25#out:1</P>
    <P Name="Dst">74834:8:23#in:1</P>
  </Line>
  <Line>
    <P Name="ZOrder">7</P>
    <P Name="Src">74834:8:29#out:1</P>
    <P Name="Dst">74834:8:21#in:2</P>
  </Line>
  <Line>
    <P Name="ZOrder">8</P>
    <P Name="Src">74834:8:1#out:1</P>
    <P Name="Dst">74834:8:49#in:1</P>
  </Line>
  <Line>
    <P Name="ZOrder">9</P>
    <P Name="Src">74834:8:23#out:1</P>
    <P Name="Dst">74834:8:30#in:1</P>
  </Line>
  <Line>
    <P Name="ZOrder">10</P>
    <P Name="Src">74834:8:66#out:1</P>
    <P Name="Points">[40, 0]</P>
    <P Name="Dst">74834:8:25#in:2</P>
  </Line>
  <Line>
    <P Name="ZOrder">11</P>
    <P Name="Src">74834:8:24#out:1</P>
    <P Name="Dst">74834:8:20#in:1</P>
  </Line>
  <Line>
    <P Name="ZOrder">12</P>
    <P Name="Src">74834:8:26#out:1</P>
    <P Name="Dst">74834:8:3#in:1</P>
  </Line>
  <Line>
    <P Name="ZOrder">13</P>
    <P Name="Src">74834:8:20#out:1</P>
    <P Name="Points">[55, 0]</P>
    <P Name="Dst">74834:8:26#in:1</P>
  </Line>
  <Line>
    <P Name="ZOrder">14</P>
    <P Name="Src">74834:8:19#out:1</P>
    <P Name="Dst">74834:8:26#in:2</P>
  </Line>
</System>
