<?xml version="1.0" encoding="utf-8"?>
<System>
  <P Name="Location">[-7, -7, 1481, 871]</P>
  <P Name="SystemRect">[0.000000, 0.000000, 0.000000, 0.000000]</P>
  <P Name="SetExecutionDomain">off</P>
  <P Name="ExecutionDomainType">Deduce</P>
  <P Name="ZoomFactor">175</P>
  <P Name="SimulinkSubDomain">Simulink</P>
  <Block BlockType="Inport" Name="qIE" SID="78577">
    <P Name="Position">[230, 73, 260, 87]</P>
    <P Name="ZOrder">1663</P>
    <P Name="BackgroundColor">yellow</P>
    <Port>
      <P Name="PortNumber">1</P>
      <P Name="PropagatedSignals">qIE</P>
      <P Name="ShowPropagatedSignals">on</P>
    </Port>
  </Block>
  <Block BlockType="Inport" Name="qEG" SID="78578">
    <P Name="Position">[130, 108, 160, 122]</P>
    <P Name="ZOrder">1664</P>
    <P Name="BackgroundColor">yellow</P>
    <P Name="Port">2</P>
    <Port>
      <P Name="PortNumber">1</P>
      <P Name="PropagatedSignals">qEG</P>
      <P Name="ShowPropagatedSignals">on</P>
    </Port>
  </Block>
  <Block BlockType="Inport" Name="qIB" SID="78579">
    <P Name="Position">[495, 173, 525, 187]</P>
    <P Name="ZOrder">1668</P>
    <P Name="BackgroundColor">yellow</P>
    <P Name="Port">3</P>
  </Block>
  <Block BlockType="SubSystem" Name="T12_from_q1" SID="78580">
    <P Name="Ports">[1, 1]</P>
    <P Name="Position">[985, 29, 1085, 71]</P>
    <P Name="ZOrder">1633</P>
    <P Name="RequestExecContextInheritance">off</P>
    <P Name="ContentPreviewEnabled">on</P>
    <Mask>
      <Display RunInitForIconRedraw="off">%port_label(&apos;input&apos;, 1, &apos;q12&apos;)
%port_label(&apos;output&apos;, 1, &apos;T12&apos;)
disp(&apos;q \rightarrow DCM&apos;,&apos;texmode&apos;,&apos;on&apos;)</Display>
      <Description>Transforms a quaternion into a Direction Cosine Matrix</Description>
      <Help>Name:

    T12_from_q12

Description:

    This block implements the transformation of a quaternion into the 
    corresponding direction cosine matrix DCM.

Inputs  [size] [data type] [unit]:

    quaternion q12 [4] [double] [-]

Outputs  [size] [data type] [unit]:

    direction cosine matrix T12  [3x3] [double] [-]
</Help>
    </Mask>
    <Port>
      <P Name="PortNumber">1</P>
      <P Name="Name">TEB</P>
    </Port>
    <System Ref="system_78580"/>
  </Block>
  <Block BlockType="SubSystem" Name="T12_from_q12" SID="78635">
    <P Name="Ports">[1, 1]</P>
    <P Name="Position">[835, 159, 935, 201]</P>
    <P Name="ZOrder">1603</P>
    <P Name="RequestExecContextInheritance">off</P>
    <P Name="ContentPreviewEnabled">on</P>
    <Mask>
      <Display RunInitForIconRedraw="off">%port_label(&apos;input&apos;, 1, &apos;q12&apos;)
%port_label(&apos;output&apos;, 1, &apos;T12&apos;)
disp(&apos;q \rightarrow DCM&apos;,&apos;texmode&apos;,&apos;on&apos;)</Display>
      <Description>Transforms a quaternion into a Direction Cosine Matrix</Description>
      <Help>Name:

    T12_from_q12

Description:

    This block implements the transformation of a quaternion into the 
    corresponding direction cosine matrix DCM.

Inputs  [size] [data type] [unit]:

    quaternion q12 [4] [double] [-]

Outputs  [size] [data type] [unit]:

    direction cosine matrix T12  [3x3] [double] [-]
</Help>
    </Mask>
    <Port>
      <P Name="PortNumber">1</P>
      <P Name="Name">TIB</P>
    </Port>
    <System Ref="system_78635"/>
  </Block>
  <Block BlockType="SubSystem" Name="T12_from_q2" SID="78690">
    <P Name="Ports">[1, 1]</P>
    <P Name="Position">[835, 94, 935, 136]</P>
    <P Name="ZOrder">1662</P>
    <P Name="RequestExecContextInheritance">off</P>
    <P Name="ContentPreviewEnabled">on</P>
    <Mask>
      <Display RunInitForIconRedraw="off">%port_label(&apos;input&apos;, 1, &apos;q12&apos;)
%port_label(&apos;output&apos;, 1, &apos;T12&apos;)
disp(&apos;q \rightarrow DCM&apos;,&apos;texmode&apos;,&apos;on&apos;)</Display>
      <Description>Transforms a quaternion into a Direction Cosine Matrix</Description>
      <Help>Name:

    T12_from_q12

Description:

    This block implements the transformation of a quaternion into the 
    corresponding direction cosine matrix DCM.

Inputs  [size] [data type] [unit]:

    quaternion q12 [4] [double] [-]

Outputs  [size] [data type] [unit]:

    direction cosine matrix T12  [3x3] [double] [-]
</Help>
    </Mask>
    <Port>
      <P Name="PortNumber">1</P>
      <P Name="Name">TGB</P>
    </Port>
    <System Ref="system_78690"/>
  </Block>
  <Block BlockType="SubSystem" Name="conjugate_quaternion" SID="78745">
    <P Name="Ports">[1, 1]</P>
    <P Name="Position">[465, 79, 565, 121]</P>
    <P Name="ZOrder">1628</P>
    <P Name="RequestExecContextInheritance">off</P>
    <P Name="ContentPreviewEnabled">on</P>
    <Mask>
      <Display>disp (&apos; conj(q)&apos;)</Display>
      <Description>conjugate a quaternion</Description>
      <Help>Name:

    conjugate_quaternion

Description:

    computes the conjugate quaternion

Inputs  [size] [data type] [unit]:

    quaternion q_2_1  [4] [double] [-]

Outputs  [size] [data type] [unit]:

    conjugated quaternion q_1_2  [4] [double] [-]


</Help>
    </Mask>
    <Port>
      <P Name="PortNumber">1</P>
      <P Name="Name">qGI</P>
    </Port>
    <System Ref="system_78745"/>
  </Block>
  <Block BlockType="SubSystem" Name="q31_from_q32_mul_q1" SID="78753">
    <P Name="Ports">[2, 1]</P>
    <P Name="Position">[605, 86, 735, 139]</P>
    <P Name="ZOrder">1629</P>
    <P Name="HideAutomaticName">off</P>
    <P Name="RequestExecContextInheritance">off</P>
    <P Name="ContentPreviewEnabled">on</P>
    <Mask>
      <Display RunInitForIconRedraw="off">port_label(&apos;input&apos;, 1, &apos;q32&apos;)
port_label(&apos;input&apos;, 2, &apos;q21&apos;)
port_label(&apos;output&apos;, 1, &apos;q31&apos;)
disp(&apos;q_{31} = q_{32} {\bf\cdot} q_{21}&apos;,&apos;texmode&apos;,&apos;on&apos;)</Display>
      <Description>multiply two quaternions</Description>
      <Help>Name:

    q31_from_q32_mul_q21

Description:

    This block implements the multiplication of two quaternions according 
    to q31=q32*q21.

Inputs  [size] [data type] [unit]:

    attitude quaternion q32  [4] [double] [-]
    attitude quaternion q21  [4] [double] [-]

Outputs  [size] [data type] [unit]:

    attitude quaternion q31  [4] [double] [-]
</Help>
    </Mask>
    <Port>
      <P Name="PortNumber">1</P>
      <P Name="Name">qGB</P>
    </Port>
    <System Ref="system_78753"/>
  </Block>
  <Block BlockType="SubSystem" Name="q31_from_q32_mul_q2" SID="78788">
    <P Name="Ports">[2, 1]</P>
    <P Name="Position">[820, 21, 950, 74]</P>
    <P Name="ZOrder">1631</P>
    <P Name="HideAutomaticName">off</P>
    <P Name="RequestExecContextInheritance">off</P>
    <P Name="ContentPreviewEnabled">on</P>
    <Mask>
      <Display RunInitForIconRedraw="off">port_label(&apos;input&apos;, 1, &apos;q32&apos;)
port_label(&apos;input&apos;, 2, &apos;q21&apos;)
port_label(&apos;output&apos;, 1, &apos;q31&apos;)
disp(&apos;q_{31} = q_{32} {\bf\cdot} q_{21}&apos;,&apos;texmode&apos;,&apos;on&apos;)</Display>
      <Description>multiply two quaternions</Description>
      <Help>Name:

    q31_from_q32_mul_q21

Description:

    This block implements the multiplication of two quaternions according 
    to q31=q32*q21.

Inputs  [size] [data type] [unit]:

    attitude quaternion q32  [4] [double] [-]
    attitude quaternion q21  [4] [double] [-]

Outputs  [size] [data type] [unit]:

    attitude quaternion q31  [4] [double] [-]
</Help>
    </Mask>
    <Port>
      <P Name="PortNumber">1</P>
      <P Name="Name">qEB</P>
    </Port>
    <System Ref="system_78788"/>
  </Block>
  <Block BlockType="SubSystem" Name="q31_from_q32_mul_q21" SID="78823">
    <P Name="Ports">[2, 1]</P>
    <P Name="Position">[315, 60, 430, 135]</P>
    <P Name="ZOrder">1623</P>
    <P Name="HideAutomaticName">off</P>
    <P Name="RequestExecContextInheritance">off</P>
    <P Name="ContentPreviewEnabled">on</P>
    <Mask>
      <Display RunInitForIconRedraw="off">port_label(&apos;input&apos;, 1, &apos;q32&apos;)
port_label(&apos;input&apos;, 2, &apos;q21&apos;)
port_label(&apos;output&apos;, 1, &apos;q31&apos;)
disp(&apos;q_{31} = q_{32} {\bf\cdot} q_{21}&apos;,&apos;texmode&apos;,&apos;on&apos;)</Display>
      <Description>multiply two quaternions</Description>
      <Help>Name:

    q31_from_q32_mul_q21

Description:

    This block implements the multiplication of two quaternions according 
    to q31=q32*q21.

Inputs  [size] [data type] [unit]:

    attitude quaternion q32  [4] [double] [-]
    attitude quaternion q21  [4] [double] [-]

Outputs  [size] [data type] [unit]:

    attitude quaternion q31  [4] [double] [-]
</Help>
    </Mask>
    <Port>
      <P Name="PortNumber">1</P>
      <P Name="Name">qIG</P>
    </Port>
    <System Ref="system_78823"/>
  </Block>
  <Block BlockType="Outport" Name="TEB" SID="78858">
    <P Name="Position">[1155, 43, 1185, 57]</P>
    <P Name="ZOrder">1669</P>
    <P Name="BackgroundColor">orange</P>
    <P Name="VectorParamsAs1DForOutWhenUnconnected">off</P>
  </Block>
  <Block BlockType="Outport" Name="TGB" SID="78859">
    <P Name="Position">[1155, 108, 1185, 122]</P>
    <P Name="ZOrder">1670</P>
    <P Name="BackgroundColor">orange</P>
    <P Name="Port">2</P>
    <P Name="VectorParamsAs1DForOutWhenUnconnected">off</P>
  </Block>
  <Block BlockType="Outport" Name="TIB" SID="78860">
    <P Name="Position">[1155, 173, 1185, 187]</P>
    <P Name="ZOrder">1671</P>
    <P Name="BackgroundColor">orange</P>
    <P Name="Port">3</P>
    <P Name="VectorParamsAs1DForOutWhenUnconnected">off</P>
  </Block>
  <Line>
    <P Name="Name">TGB</P>
    <P Name="ZOrder">1</P>
    <P Name="Labels">[0, 1]</P>
    <P Name="Src">78690#out:1</P>
    <P Name="Dst">78859#in:1</P>
  </Line>
  <Line>
    <P Name="Name">qIG</P>
    <P Name="ZOrder">2</P>
    <P Name="Labels">[0, 1]</P>
    <P Name="Src">78823#out:1</P>
    <P Name="Dst">78745#in:1</P>
  </Line>
  <Line>
    <P Name="ZOrder">3</P>
    <P Name="Src">78579#out:1</P>
    <P Name="Points">[44, 0]</P>
    <Branch>
      <P Name="ZOrder">4</P>
      <P Name="Points">[0, -55]</P>
      <P Name="Dst">78753#in:2</P>
    </Branch>
    <Branch>
      <P Name="ZOrder">5</P>
      <P Name="Dst">78635#in:1</P>
    </Branch>
  </Line>
  <Line>
    <P Name="Name">qGB</P>
    <P Name="ZOrder">6</P>
    <P Name="Labels">[0, 1]</P>
    <P Name="Src">78753#out:1</P>
    <P Name="Points">[38, 0]</P>
    <Branch>
      <P Name="ZOrder">7</P>
      <P Name="Dst">78690#in:1</P>
    </Branch>
    <Branch>
      <P Name="ZOrder">8</P>
      <P Name="Points">[0, -55]</P>
      <P Name="Dst">78788#in:2</P>
    </Branch>
  </Line>
  <Line>
    <P Name="ZOrder">9</P>
    <P Name="Labels">[0, 1]</P>
    <P Name="Src">78578#out:1</P>
    <P Name="Points">[48, 0]</P>
    <Branch>
      <P Name="ZOrder">10</P>
      <P Name="Dst">78823#in:2</P>
    </Branch>
    <Branch>
      <P Name="ZOrder">11</P>
      <P Name="Points">[0, -80]</P>
      <P Name="Dst">78788#in:1</P>
    </Branch>
  </Line>
  <Line>
    <P Name="Name">TEB</P>
    <P Name="ZOrder">12</P>
    <P Name="Labels">[0, 1]</P>
    <P Name="Src">78580#out:1</P>
    <P Name="Dst">78858#in:1</P>
  </Line>
  <Line>
    <P Name="Name">qGI</P>
    <P Name="ZOrder">13</P>
    <P Name="Labels">[0, 1]</P>
    <P Name="Src">78745#out:1</P>
    <P Name="Dst">78753#in:1</P>
  </Line>
  <Line>
    <P Name="ZOrder">14</P>
    <P Name="Labels">[0, 1]</P>
    <P Name="Src">78577#out:1</P>
    <P Name="Dst">78823#in:1</P>
  </Line>
  <Line>
    <P Name="Name">qEB</P>
    <P Name="ZOrder">15</P>
    <P Name="Labels">[0, 1]</P>
    <P Name="Src">78788#out:1</P>
    <P Name="Dst">78580#in:1</P>
  </Line>
  <Line>
    <P Name="Name">TIB</P>
    <P Name="ZOrder">16</P>
    <P Name="Labels">[0, 1]</P>
    <P Name="Src">78635#out:1</P>
    <P Name="Dst">78860#in:1</P>
  </Line>
</System>
