<?xml version="1.0" encoding="utf-8"?>
<System>
  <P Name="Location">[-1927, -543, 8, 632]</P>
  <P Name="SystemRect">[0.000000, 0.000000, 0.000000, 0.000000]</P>
  <P Name="SetExecutionDomain">off</P>
  <P Name="ExecutionDomainType">Deduce</P>
  <P Name="SimulinkSubDomain">Simulink</P>
  <Block BlockType="Inport" Name="pBEE" SID="79353">
    <P Name="Position">[145, 183, 175, 197]</P>
    <P Name="ZOrder">-1</P>
    <P Name="BackgroundColor">yellow</P>
  </Block>
  <Block BlockType="Inport" Name="c_rsma" SID="79354">
    <P Name="Position">[735, 368, 765, 382]</P>
    <P Name="ZOrder">-2</P>
    <P Name="BackgroundColor">yellow</P>
    <P Name="Port">2</P>
  </Block>
  <Block BlockType="Inport" Name="c_flat" SID="79355">
    <P Name="Position">[145, 403, 175, 417]</P>
    <P Name="ZOrder">-3</P>
    <P Name="BackgroundColor">yellow</P>
    <P Name="Port">3</P>
  </Block>
  <Block BlockType="Inport" Name="lat" SID="79356">
    <P Name="Position">[145, 313, 175, 327]</P>
    <P Name="ZOrder">-4</P>
    <P Name="BackgroundColor">yellow</P>
    <P Name="Port">4</P>
  </Block>
  <Block BlockType="Sum" Name="Add" SID="79357">
    <P Name="Ports">[2, 1]</P>
    <P Name="Position">[445, 212, 475, 243]</P>
    <P Name="ZOrder">1</P>
    <P Name="ShowName">off</P>
    <P Name="IconShape">rectangular</P>
  </Block>
  <Block BlockType="Constant" Name="Constant" SID="79358">
    <P Name="Position">[590, 340, 620, 370]</P>
    <P Name="ZOrder">13</P>
  </Block>
  <Block BlockType="Gain" Name="Gain" SID="79359">
    <P Name="Position">[285, 395, 315, 425]</P>
    <P Name="ZOrder">9</P>
    <P Name="ShowName">off</P>
    <P Name="Gain">2</P>
  </Block>
  <Block BlockType="Product" Name="Product" SID="79360">
    <P Name="Ports">[2, 1]</P>
    <P Name="Position">[665, 243, 690, 347]</P>
    <P Name="ZOrder">-8</P>
    <P Name="ShowName">off</P>
    <P Name="Inputs">*/</P>
    <P Name="InputSameDT">on</P>
    <P Name="OutDataTypeStr">Inherit: Same as first input</P>
    <P Name="RndMeth">Zero</P>
    <P Name="SaturateOnIntegerOverflow">on</P>
  </Block>
  <Block BlockType="Product" Name="Product1" SID="79361">
    <P Name="Ports">[2, 1]</P>
    <P Name="Position">[370, 182, 400, 213]</P>
    <P Name="ZOrder">2</P>
    <P Name="ShowName">off</P>
  </Block>
  <Block BlockType="Product" Name="Product2" SID="79362">
    <P Name="Ports">[2, 1]</P>
    <P Name="Position">[370, 237, 400, 268]</P>
    <P Name="ZOrder">3</P>
    <P Name="ShowName">off</P>
  </Block>
  <Block BlockType="Product" Name="Product3" SID="79363">
    <P Name="Ports">[2, 1]</P>
    <P Name="Position">[285, 442, 315, 473]</P>
    <P Name="ZOrder">7</P>
    <P Name="ShowName">off</P>
  </Block>
  <Block BlockType="Product" Name="Product4" SID="79364">
    <P Name="Ports">[2, 1]</P>
    <P Name="Position">[810, 348, 835, 452]</P>
    <P Name="ZOrder">10</P>
    <P Name="ShowName">off</P>
    <P Name="Inputs">*/</P>
    <P Name="InputSameDT">on</P>
    <P Name="OutDataTypeStr">Inherit: Same as first input</P>
    <P Name="RndMeth">Zero</P>
    <P Name="SaturateOnIntegerOverflow">on</P>
  </Block>
  <Block BlockType="Product" Name="Product5" SID="79365">
    <P Name="Ports">[3, 1]</P>
    <P Name="Position">[590, 394, 620, 466]</P>
    <P Name="ZOrder">14</P>
    <P Name="ShowName">off</P>
    <P Name="Inputs">3</P>
  </Block>
  <Block BlockType="Selector" Name="Selector" SID="79366">
    <P Name="Ports">[1, 1]</P>
    <P Name="Position">[265, 171, 305, 209]</P>
    <P Name="ZOrder">4</P>
    <P Name="IndexMode">Zero-based</P>
    <P Name="InputPortWidth">3</P>
    <P Name="IndexOptions">Index vector (dialog)</P>
    <P Name="Indices">0</P>
    <P Name="OutputSizes">1</P>
  </Block>
  <Block BlockType="Selector" Name="Selector1" SID="79367">
    <P Name="Ports">[1, 1]</P>
    <P Name="Position">[265, 226, 305, 264]</P>
    <P Name="ZOrder">5</P>
    <P Name="IndexMode">Zero-based</P>
    <P Name="InputPortWidth">3</P>
    <P Name="IndexOptions">Index vector (dialog)</P>
    <P Name="Indices">1</P>
    <P Name="OutputSizes">1</P>
  </Block>
  <Block BlockType="Sqrt" Name="Sqrt" SID="79368">
    <P Name="Position">[520, 215, 550, 245]</P>
    <P Name="ZOrder">6</P>
    <P Name="ShowName">off</P>
  </Block>
  <Block BlockType="Sqrt" Name="Sqrt1" SID="79369">
    <P Name="Position">[735, 410, 765, 440]</P>
    <P Name="ZOrder">11</P>
    <P Name="ShowName">off</P>
  </Block>
  <Block BlockType="Sum" Name="Subtract" SID="79370">
    <P Name="Ports">[2, 1]</P>
    <P Name="Position">[370, 437, 400, 468]</P>
    <P Name="ZOrder">8</P>
    <P Name="ShowName">off</P>
    <P Name="IconShape">rectangular</P>
    <P Name="Inputs">+-</P>
  </Block>
  <Block BlockType="Sum" Name="Subtract1" SID="79371">
    <P Name="Ports">[2, 1]</P>
    <P Name="Position">[665, 407, 695, 438]</P>
    <P Name="ZOrder">12</P>
    <P Name="ShowName">off</P>
    <P Name="IconShape">rectangular</P>
    <P Name="Inputs">+-</P>
  </Block>
  <Block BlockType="Sum" Name="Sum" SID="79372">
    <P Name="Ports">[2, 1]</P>
    <P Name="Position">[900, 240, 920, 455]</P>
    <P Name="ZOrder">-9</P>
    <P Name="ShowName">off</P>
    <P Name="IconShape">rectangular</P>
    <P Name="Inputs">+-</P>
    <P Name="InputSameDT">on</P>
    <P Name="OutDataTypeStr">Inherit: Same as first input</P>
    <P Name="SaturateOnIntegerOverflow">on</P>
    <Port>
      <P Name="PortNumber">1</P>
      <P Name="Name">alt</P>
    </Port>
  </Block>
  <Block BlockType="Trigonometry" Name="Trigonometric&#xA;Function" SID="79373">
    <P Name="Ports">[1, 1]</P>
    <P Name="Position">[480, 390, 510, 420]</P>
    <P Name="ZOrder">15</P>
    <P Name="ShowName">off</P>
  </Block>
  <Block BlockType="Trigonometry" Name="cos(latGD)" SID="79374">
    <P Name="Ports">[1, 1]</P>
    <P Name="Position">[520, 305, 550, 335]</P>
    <P Name="ZOrder">-10</P>
    <P Name="Operator">cos</P>
  </Block>
  <Block BlockType="Outport" Name="alt" SID="79375">
    <P Name="Position">[990, 343, 1020, 357]</P>
    <P Name="ZOrder">-12</P>
    <P Name="BackgroundColor">orange</P>
    <P Name="VectorParamsAs1DForOutWhenUnconnected">off</P>
  </Block>
  <Line>
    <P Name="ZOrder">1</P>
    <P Name="Src">79364#out:1</P>
    <P Name="Dst">79372#in:2</P>
  </Line>
  <Line>
    <P Name="ZOrder">2</P>
    <P Name="Src">79373#out:1</P>
    <P Name="Points">[34, 0]</P>
    <Branch>
      <P Name="ZOrder">3</P>
      <P Name="Dst">79365#in:1</P>
    </Branch>
    <Branch>
      <P Name="ZOrder">4</P>
      <P Name="Points">[0, 25]</P>
      <P Name="Dst">79365#in:2</P>
    </Branch>
  </Line>
  <Line>
    <P Name="ZOrder">5</P>
    <P Name="Src">79365#out:1</P>
    <P Name="Dst">79371#in:2</P>
  </Line>
  <Line>
    <P Name="ZOrder">6</P>
    <P Name="Src">79358#out:1</P>
    <P Name="Points">[18, 0; 0, 60]</P>
    <P Name="Dst">79371#in:1</P>
  </Line>
  <Line>
    <P Name="ZOrder">7</P>
    <P Name="Src">79371#out:1</P>
    <P Name="Dst">79369#in:1</P>
  </Line>
  <Line>
    <P Name="ZOrder">8</P>
    <P Name="Src">79369#out:1</P>
    <P Name="Dst">79364#in:2</P>
  </Line>
  <Line>
    <P Name="ZOrder">9</P>
    <P Name="Src">79355#out:1</P>
    <P Name="Points">[46, 0]</P>
    <Branch>
      <P Name="ZOrder">10</P>
      <P Name="Dst">79359#in:1</P>
    </Branch>
    <Branch>
      <P Name="ZOrder">11</P>
      <P Name="Points">[0, 40]</P>
      <Branch>
        <P Name="ZOrder">12</P>
        <P Name="Points">[0, 15]</P>
        <P Name="Dst">79363#in:2</P>
      </Branch>
      <Branch>
        <P Name="ZOrder">13</P>
        <P Name="Dst">79363#in:1</P>
      </Branch>
    </Branch>
  </Line>
  <Line>
    <P Name="ZOrder">14</P>
    <P Name="Src">79359#out:1</P>
    <P Name="Points">[23, 0; 0, 35]</P>
    <P Name="Dst">79370#in:1</P>
  </Line>
  <Line>
    <P Name="ZOrder">15</P>
    <P Name="Src">79363#out:1</P>
    <P Name="Dst">79370#in:2</P>
  </Line>
  <Line>
    <P Name="ZOrder">16</P>
    <P Name="Src">79353#out:1</P>
    <P Name="Points">[42, 0]</P>
    <Branch>
      <P Name="ZOrder">17</P>
      <P Name="Dst">79366#in:1</P>
    </Branch>
    <Branch>
      <P Name="ZOrder">18</P>
      <P Name="Points">[0, 55]</P>
      <P Name="Dst">79367#in:1</P>
    </Branch>
  </Line>
  <Line>
    <P Name="ZOrder">19</P>
    <P Name="Src">79357#out:1</P>
    <P Name="Dst">79368#in:1</P>
  </Line>
  <Line>
    <P Name="ZOrder">20</P>
    <P Name="Src">79362#out:1</P>
    <P Name="Points">[18, 0; 0, -20]</P>
    <P Name="Dst">79357#in:2</P>
  </Line>
  <Line>
    <P Name="ZOrder">21</P>
    <P Name="Src">79361#out:1</P>
    <P Name="Points">[18, 0; 0, 20]</P>
    <P Name="Dst">79357#in:1</P>
  </Line>
  <Line>
    <P Name="ZOrder">22</P>
    <P Name="Src">79367#out:1</P>
    <P Name="Points">[25, 0]</P>
    <Branch>
      <P Name="ZOrder">23</P>
      <P Name="Dst">79362#in:1</P>
    </Branch>
    <Branch>
      <P Name="ZOrder">24</P>
      <P Name="Points">[0, 15]</P>
      <P Name="Dst">79362#in:2</P>
    </Branch>
  </Line>
  <Line>
    <P Name="ZOrder">25</P>
    <P Name="Src">79366#out:1</P>
    <P Name="Points">[24, 0]</P>
    <Branch>
      <P Name="ZOrder">26</P>
      <P Name="Dst">79361#in:1</P>
    </Branch>
    <Branch>
      <P Name="ZOrder">27</P>
      <P Name="Points">[0, 15]</P>
      <P Name="Dst">79361#in:2</P>
    </Branch>
  </Line>
  <Line>
    <P Name="Name">alt</P>
    <P Name="ZOrder">28</P>
    <P Name="Labels">[-1, 1]</P>
    <P Name="Src">79372#out:1</P>
    <P Name="Dst">79375#in:1</P>
  </Line>
  <Line>
    <P Name="ZOrder">29</P>
    <P Name="Src">79360#out:1</P>
    <P Name="Dst">79372#in:1</P>
  </Line>
  <Line>
    <P Name="ZOrder">30</P>
    <P Name="Src">79370#out:1</P>
    <P Name="Dst">79365#in:3</P>
  </Line>
  <Line>
    <P Name="ZOrder">31</P>
    <P Name="Src">79354#out:1</P>
    <P Name="Dst">79364#in:1</P>
  </Line>
  <Line>
    <P Name="ZOrder">32</P>
    <P Name="Src">79374#out:1</P>
    <P Name="Dst">79360#in:2</P>
  </Line>
  <Line>
    <P Name="ZOrder">33</P>
    <P Name="Src">79368#out:1</P>
    <P Name="Points">[43, 0; 0, 40]</P>
    <P Name="Dst">79360#in:1</P>
  </Line>
  <Line>
    <P Name="ZOrder">34</P>
    <P Name="Src">79356#out:1</P>
    <P Name="Points">[263, 0]</P>
    <Branch>
      <P Name="ZOrder">35</P>
      <P Name="Dst">79374#in:1</P>
    </Branch>
    <Branch>
      <P Name="ZOrder">36</P>
      <P Name="Points">[0, 85]</P>
      <P Name="Dst">79373#in:1</P>
    </Branch>
  </Line>
</System>
