<?xml version="1.0" encoding="utf-8"?>
<System>
  <P Name="Location">[-1927, -7, 7, 1167]</P>
  <P Name="SystemRect">[0.000000, 0.000000, 0.000000, 0.000000]</P>
  <P Name="SetExecutionDomain">off</P>
  <P Name="ExecutionDomainType">Deduce</P>
  <P Name="ZoomFactor">200</P>
  <P Name="SimulinkSubDomain">Simulink</P>
  <Block BlockType="Inport" Name="Tmp" SID="78224">
    <P Name="Position">[320, 43, 350, 57]</P>
    <P Name="ZOrder">266</P>
    <P Name="BackgroundColor">yellow</P>
    <Port>
      <P Name="PortNumber">1</P>
      <P Name="PropagatedSignals">Tmp</P>
      <P Name="ShowPropagatedSignals">on</P>
    </Port>
  </Block>
  <Block BlockType="Inport" Name="pa" SID="78225">
    <P Name="Position">[320, 93, 350, 107]</P>
    <P Name="ZOrder">267</P>
    <P Name="BackgroundColor">yellow</P>
    <P Name="Port">2</P>
    <Port>
      <P Name="PortNumber">1</P>
      <P Name="PropagatedSignals">pa</P>
      <P Name="ShowPropagatedSignals">on</P>
    </Port>
  </Block>
  <Block BlockType="Product" Name="Divide" SID="78226">
    <P Name="Ports">[3, 1]</P>
    <P Name="Position">[415, 24, 440, 176]</P>
    <P Name="ZOrder">264</P>
    <P Name="ShowName">off</P>
    <P Name="Inputs">/*/</P>
    <Port>
      <P Name="PortNumber">1</P>
      <P Name="Name">rho</P>
    </Port>
  </Block>
  <Block BlockType="Constant" Name="specific_gas_constant" SID="78227">
    <P Name="Position">[295, 140, 375, 160]</P>
    <P Name="ZOrder">265</P>
    <P Name="Value">sgc</P>
  </Block>
  <Block BlockType="Outport" Name="rho" SID="78228">
    <P Name="Position">[510, 93, 540, 107]</P>
    <P Name="ZOrder">268</P>
    <P Name="BackgroundColor">orange</P>
    <P Name="VectorParamsAs1DForOutWhenUnconnected">off</P>
  </Block>
  <Line>
    <P Name="ZOrder">1</P>
    <P Name="Labels">[0, 1]</P>
    <P Name="Src">78224#out:1</P>
    <P Name="Dst">78226#in:1</P>
  </Line>
  <Line>
    <P Name="Name">rho</P>
    <P Name="ZOrder">2</P>
    <P Name="Labels">[0, 1]</P>
    <P Name="Src">78226#out:1</P>
    <P Name="Dst">78228#in:1</P>
  </Line>
  <Line>
    <P Name="ZOrder">3</P>
    <P Name="Labels">[0, 1]</P>
    <P Name="Src">78225#out:1</P>
    <P Name="Dst">78226#in:2</P>
  </Line>
  <Line>
    <P Name="ZOrder">4</P>
    <P Name="Src">78227#out:1</P>
    <P Name="Dst">78226#in:3</P>
  </Line>
</System>
