<?xml version="1.0" encoding="utf-8"?>
<System>
  <P Name="Location">[-7, -7, 1481, 871]</P>
  <P Name="SystemRect">[0.000000, 0.000000, 0.000000, 0.000000]</P>
  <P Name="SetExecutionDomain">off</P>
  <P Name="ExecutionDomainType">Deduce</P>
  <P Name="ZoomFactor">166</P>
  <P Name="SimulinkSubDomain">Simulink</P>
  <Block BlockType="Inport" Name="vBEB" SID="79934">
    <P Name="Position">[255, -12, 285, 2]</P>
    <P Name="ZOrder">1696</P>
    <P Name="BackgroundColor">yellow</P>
    <Port>
      <P Name="PortNumber">1</P>
      <P Name="PropagatedSignals">vBEB</P>
      <P Name="ShowPropagatedSignals">on</P>
    </Port>
  </Block>
  <Block BlockType="Inport" Name="wBIB" SID="79935">
    <P Name="Position">[790, 158, 820, 172]</P>
    <P Name="ZOrder">1706</P>
    <P Name="BackgroundColor">yellow</P>
    <P Name="Port">2</P>
    <Port>
      <P Name="PortNumber">1</P>
      <P Name="PropagatedSignals">wBIB</P>
      <P Name="ShowPropagatedSignals">on</P>
    </Port>
  </Block>
  <Block BlockType="Inport" Name="rho" SID="79936">
    <P Name="Position">[255, 178, 285, 192]</P>
    <P Name="ZOrder">1697</P>
    <P Name="BackgroundColor">yellow</P>
    <P Name="Port">3</P>
    <Port>
      <P Name="PortNumber">1</P>
      <P Name="PropagatedSignals">rho</P>
      <P Name="ShowPropagatedSignals">on</P>
    </Port>
  </Block>
  <Block BlockType="Inport" Name="sos" SID="79937">
    <P Name="Position">[255, 213, 285, 227]</P>
    <P Name="ZOrder">1698</P>
    <P Name="BackgroundColor">yellow</P>
    <P Name="Port">4</P>
    <Port>
      <P Name="PortNumber">1</P>
      <P Name="PropagatedSignals">sos</P>
      <P Name="ShowPropagatedSignals">on</P>
    </Port>
  </Block>
  <Block BlockType="SubSystem" Name="AoA_Sideslip_Alphatot_Phi" SID="79938">
    <P Name="Ports">[1, 1]</P>
    <P Name="Position">[365, -26, 465, 16]</P>
    <P Name="ZOrder">1666</P>
    <P Name="RequestExecContextInheritance">off</P>
    <P Name="ContentPreviewEnabled">on</P>
    <Mask>
      <Display RunInitForIconRedraw="off">%port_label(&apos;input&apos;, 1, &apos;vBEB&apos;)
%port_label(&apos;output&apos;, 1, &apos;aero_angles&apos;)
disp(&apos;vBEB \rightarrow \alpha \beta \alpha_T \phi&apos;,&apos;texmode&apos;,&apos;on&apos;)</Display>
      <Description>Aus den Komponenten der Geschwindigkeit im ECEF-System, dargestellt im Body-System vBEB
werden Anstellwinkel (alpha), Schiebewinkel (beta), totaler Anstellwinkel (alpha_T) sowie Rollwinkel (phi) berechnet.
Die Ausgabe erfolgt als Bus in [rad]</Description>
      <Help>Name:

   AoA_sideslip_alphatot_phi

Beschreibung:

  Dieser Block berechnet Anstellwinkel, Schiebewinkel, totalen Anstellwinkel und Rollwinkel in [rad]
  aus der Geschwindigkeit vBEB (ECEF-System dargestellt in Body-Koordinaten)

Inputs   [dimension]  [data type] [unit]:

    vBEB    [3] [double] [m/s]

Outputs  [dimension]  [data type] [unit]:

aero_angle_bus [4] [bus] [-]
    alpha     [1] [double] [rad]
    beta       [1] [double] [rad]
    alpha_T [1] [double] [rad]
    phi         [1] [double] [rad]</Help>
      <DialogControl Type="Group" Name="DescGroupVar">
        <Prompt>%&lt;MaskType&gt;</Prompt>
        <DialogControl Type="Text" Name="DescTextVar">
          <Prompt>%&lt;MaskDescription&gt;</Prompt>
        </DialogControl>
      </DialogControl>
    </Mask>
    <System Ref="system_79938"/>
  </Block>
  <Block BlockType="BusSelector" Name="Bus&#xA;Selector" SID="79963">
    <P Name="Ports">[1, 4]</P>
    <P Name="Position">[495, -70, 500, 60]</P>
    <P Name="ZOrder">1667</P>
    <P Name="ShowName">off</P>
    <P Name="OutputSignals">al,be,th,fi</P>
    <Port>
      <P Name="PortNumber">1</P>
      <P Name="Name">&lt;al&gt;</P>
    </Port>
    <Port>
      <P Name="PortNumber">2</P>
      <P Name="Name">&lt;be&gt;</P>
    </Port>
    <Port>
      <P Name="PortNumber">3</P>
      <P Name="Name">&lt;th&gt;</P>
    </Port>
    <Port>
      <P Name="PortNumber">4</P>
      <P Name="Name">&lt;fi&gt;</P>
    </Port>
  </Block>
  <Block BlockType="Constant" Name="Constant" SID="79964">
    <P Name="Position">[435, 140, 465, 170]</P>
    <P Name="ZOrder">1695</P>
    <P Name="ShowName">off</P>
    <P Name="Value">0.5</P>
  </Block>
  <Block BlockType="Product" Name="Divide" SID="79965">
    <P Name="Ports">[2, 1]</P>
    <P Name="Position">[720, 197, 750, 228]</P>
    <P Name="ZOrder">1689</P>
    <P Name="ShowName">off</P>
    <P Name="Inputs">*/</P>
    <Port>
      <P Name="PortNumber">1</P>
      <P Name="Name">MaB</P>
      <P Name="TestPoint">on</P>
      <P Name="DataLogging">on</P>
      <P Name="DataLoggingDecimateData">on</P>
      <P Name="DataLoggingDecimation">SL_decimation</P>
    </Port>
  </Block>
  <Block BlockType="Math" Name="Math&#xA;Function1" SID="79966">
    <P Name="Ports">[1, 1]</P>
    <P Name="Position">[505, 110, 535, 140]</P>
    <P Name="ZOrder">1693</P>
    <P Name="Operator">square</P>
    <P Name="SignedPower">on</P>
  </Block>
  <Block BlockType="Product" Name="Product1" SID="79967">
    <P Name="Ports">[3, 1]</P>
    <P Name="Position">[580, 111, 615, 199]</P>
    <P Name="ZOrder">1694</P>
    <P Name="ShowName">off</P>
    <P Name="Inputs">3</P>
    <Port>
      <P Name="PortNumber">1</P>
      <P Name="Name">qdynB</P>
      <P Name="TestPoint">on</P>
      <P Name="DataLogging">on</P>
      <P Name="DataLoggingDecimateData">on</P>
      <P Name="DataLoggingDecimation">SL_decimation</P>
    </Port>
  </Block>
  <Block BlockType="SubSystem" Name="calc_nondimensional_rates" SID="79968">
    <P Name="Ports">[2, 1]</P>
    <P Name="Position">[870, 114, 995, 181]</P>
    <P Name="ZOrder">1714</P>
    <P Name="RequestExecContextInheritance">off</P>
    <P Name="ContentPreviewEnabled">on</P>
    <Port>
      <P Name="PortNumber">1</P>
      <P Name="PropagatedSignals">wBIB_star</P>
      <P Name="ShowPropagatedSignals">on</P>
    </Port>
    <System Ref="system_79968"/>
  </Block>
  <Block BlockType="SubSystem" Name="norm_of_vector" SID="79981">
    <P Name="Ports">[1, 1]</P>
    <P Name="Position">[365, 78, 465, 112]</P>
    <P Name="ZOrder">1688</P>
    <P Name="RequestExecContextInheritance">off</P>
    <P Name="ContentPreviewEnabled">on</P>
    <Mask>
      <Display>disp (&apos; norm(r) &apos;)</Display>
      <Description>computes the norm of a vector</Description>
      <Help>Name:

    norm_of_vector

Description:

    This block computes the L2-norm (length) of a vector.

Inputs  [size] [data type] [unit]:

    vector  [3] [double] [-]

Outputs  [size] [data type] [unit]:

    norm of vector  [1] [double] [-]
</Help>
    </Mask>
    <Port>
      <P Name="PortNumber">1</P>
      <P Name="Name">a_vB</P>
      <P Name="TestPoint">on</P>
      <P Name="DataLogging">on</P>
      <P Name="DataLoggingDecimateData">on</P>
      <P Name="DataLoggingDecimation">SL_decimation</P>
    </Port>
    <System Ref="system_79981"/>
  </Block>
  <Block BlockType="Outport" Name="al" SID="79988">
    <P Name="Position">[570, -57, 600, -43]</P>
    <P Name="ZOrder">1699</P>
    <P Name="BackgroundColor">orange</P>
    <P Name="VectorParamsAs1DForOutWhenUnconnected">off</P>
  </Block>
  <Block BlockType="Outport" Name="be" SID="79989">
    <P Name="Position">[570, -27, 600, -13]</P>
    <P Name="ZOrder">1700</P>
    <P Name="BackgroundColor">orange</P>
    <P Name="Port">2</P>
    <P Name="VectorParamsAs1DForOutWhenUnconnected">off</P>
  </Block>
  <Block BlockType="Outport" Name="qdynB" SID="79990">
    <P Name="Position">[655, 148, 685, 162]</P>
    <P Name="ZOrder">1701</P>
    <P Name="BackgroundColor">orange</P>
    <P Name="Port">3</P>
    <P Name="VectorParamsAs1DForOutWhenUnconnected">off</P>
  </Block>
  <Block BlockType="Outport" Name="MaB" SID="79991">
    <P Name="Position">[790, 208, 820, 222]</P>
    <P Name="ZOrder">1702</P>
    <P Name="BackgroundColor">orange</P>
    <P Name="Port">4</P>
    <P Name="VectorParamsAs1DForOutWhenUnconnected">off</P>
  </Block>
  <Block BlockType="Outport" Name="a_vB" SID="79992">
    <P Name="Position">[790, 88, 820, 102]</P>
    <P Name="ZOrder">1705</P>
    <P Name="BackgroundColor">orange</P>
    <P Name="Port">5</P>
    <P Name="VectorParamsAs1DForOutWhenUnconnected">off</P>
  </Block>
  <Block BlockType="Outport" Name="wBIB_star" SID="79993">
    <P Name="Position">[1065, 143, 1095, 157]</P>
    <P Name="ZOrder">1715</P>
    <P Name="BackgroundColor">orange</P>
    <P Name="Port">6</P>
    <P Name="VectorParamsAs1DForOutWhenUnconnected">off</P>
  </Block>
  <Block BlockType="Outport" Name="th" SID="79994">
    <P Name="Position">[570, 3, 600, 17]</P>
    <P Name="ZOrder">1716</P>
    <P Name="BackgroundColor">orange</P>
    <P Name="Port">7</P>
    <P Name="VectorParamsAs1DForOutWhenUnconnected">off</P>
  </Block>
  <Block BlockType="Outport" Name="fi" SID="79995">
    <P Name="Position">[570, 33, 600, 47]</P>
    <P Name="ZOrder">1717</P>
    <P Name="BackgroundColor">orange</P>
    <P Name="Port">8</P>
    <P Name="VectorParamsAs1DForOutWhenUnconnected">off</P>
  </Block>
  <Line>
    <P Name="ZOrder">1</P>
    <P Name="Labels">[0, 1]</P>
    <P Name="Src">79937#out:1</P>
    <P Name="Dst">79965#in:2</P>
  </Line>
  <Line>
    <P Name="ZOrder">2</P>
    <P Name="Src">79938#out:1</P>
    <P Name="Dst">79963#in:1</P>
  </Line>
  <Line>
    <P Name="ZOrder">3</P>
    <P Name="Labels">[0, 1]</P>
    <P Name="Src">79934#out:1</P>
    <P Name="Points">[25, 0]</P>
    <Branch>
      <P Name="ZOrder">4</P>
      <P Name="Points">[0, 100]</P>
      <P Name="Dst">79981#in:1</P>
    </Branch>
    <Branch>
      <P Name="ZOrder">5</P>
      <P Name="Dst">79938#in:1</P>
    </Branch>
  </Line>
  <Line>
    <P Name="Name">a_vB</P>
    <P Name="ZOrder">6</P>
    <P Name="Labels">[0, 1]</P>
    <P Name="Src">79981#out:1</P>
    <P Name="Points">[15, 0]</P>
    <Branch>
      <P Name="ZOrder">7</P>
      <P Name="Points">[0, 30]</P>
      <P Name="Dst">79966#in:1</P>
    </Branch>
    <Branch>
      <P Name="ZOrder">8</P>
      <P Name="Points">[206, 0]</P>
      <Branch>
        <P Name="ZOrder">9</P>
        <P Name="Points">[78, 0]</P>
        <Branch>
          <P Name="ZOrder">10</P>
          <P Name="Points">[0, 35]</P>
          <P Name="Dst">79968#in:1</P>
        </Branch>
        <Branch>
          <P Name="ZOrder">11</P>
          <P Name="Dst">79992#in:1</P>
        </Branch>
      </Branch>
      <Branch>
        <P Name="ZOrder">12</P>
        <P Name="Points">[0, 110]</P>
        <P Name="Dst">79965#in:1</P>
      </Branch>
    </Branch>
  </Line>
  <Line>
    <P Name="Name">qdynB</P>
    <P Name="ZOrder">13</P>
    <P Name="Labels">[0, 1]</P>
    <P Name="Src">79967#out:1</P>
    <P Name="Dst">79990#in:1</P>
  </Line>
  <Line>
    <P Name="ZOrder">14</P>
    <P Name="Src">79966#out:1</P>
    <P Name="Dst">79967#in:1</P>
  </Line>
  <Line>
    <P Name="ZOrder">15</P>
    <P Name="Src">79964#out:1</P>
    <P Name="Dst">79967#in:2</P>
  </Line>
  <Line>
    <P Name="Name">MaB</P>
    <P Name="ZOrder">16</P>
    <P Name="Labels">[0, 1]</P>
    <P Name="Src">79965#out:1</P>
    <P Name="Dst">79991#in:1</P>
  </Line>
  <Line>
    <P Name="Name">&lt;be&gt;</P>
    <P Name="ZOrder">17</P>
    <P Name="Labels">[0, 1; -1, 1]</P>
    <P Name="Src">79963#out:2</P>
    <P Name="Dst">79989#in:1</P>
  </Line>
  <Line>
    <P Name="ZOrder">18</P>
    <P Name="Labels">[0, 1]</P>
    <P Name="Src">79936#out:1</P>
    <P Name="Dst">79967#in:3</P>
  </Line>
  <Line>
    <P Name="Name">&lt;al&gt;</P>
    <P Name="ZOrder">19</P>
    <P Name="Labels">[0, 1; -1, 1]</P>
    <P Name="Src">79963#out:1</P>
    <P Name="Dst">79988#in:1</P>
  </Line>
  <Line>
    <P Name="ZOrder">20</P>
    <P Name="Labels">[0, 1]</P>
    <P Name="Src">79935#out:1</P>
    <P Name="Dst">79968#in:2</P>
  </Line>
  <Line>
    <P Name="ZOrder">21</P>
    <P Name="Labels">[1, 0]</P>
    <P Name="Src">79968#out:1</P>
    <P Name="Dst">79993#in:1</P>
  </Line>
  <Line>
    <P Name="Name">&lt;th&gt;</P>
    <P Name="ZOrder">22</P>
    <P Name="Labels">[0, 1]</P>
    <P Name="Src">79963#out:3</P>
    <P Name="Dst">79994#in:1</P>
  </Line>
  <Line>
    <P Name="Name">&lt;fi&gt;</P>
    <P Name="ZOrder">23</P>
    <P Name="Labels">[0, 1]</P>
    <P Name="Src">79963#out:4</P>
    <P Name="Dst">79995#in:1</P>
  </Line>
</System>
