<?xml version="1.0" encoding="utf-8"?>
<System>
  <P Name="Location">[-7, -7, 1481, 871]</P>
  <P Name="SystemRect">[0.000000, 0.000000, 0.000000, 0.000000]</P>
  <P Name="SetExecutionDomain">off</P>
  <P Name="ExecutionDomainType">Deduce</P>
  <P Name="ZoomFactor">102</P>
  <P Name="SimulinkSubDomain">Simulink</P>
  <Block BlockType="Inport" Name="alpha_deg" SID="77814">
    <P Name="Position">[-395, -237, -365, -223]</P>
    <P Name="ZOrder">39</P>
  </Block>
  <Block BlockType="Inport" Name="beta_deg" SID="77815">
    <P Name="Position">[-395, -142, -365, -128]</P>
    <P Name="ZOrder">-1</P>
    <P Name="Port">2</P>
  </Block>
  <Block BlockType="Inport" Name="dele_deg" SID="77816">
    <P Name="Position">[-330, -32, -300, -18]</P>
    <P Name="ZOrder">44</P>
    <P Name="Port">3</P>
  </Block>
  <Block BlockType="Inport" Name="dela_deg" SID="77817">
    <P Name="Position">[-330, 108, -300, 122]</P>
    <P Name="ZOrder">46</P>
    <P Name="Port">4</P>
  </Block>
  <Block BlockType="Inport" Name="delr_deg" SID="77818">
    <P Name="Position">[-330, 248, -300, 262]</P>
    <P Name="ZOrder">1</P>
    <P Name="Port">5</P>
  </Block>
  <Block BlockType="Lookup_n-D" Name="1-D Lookup&#xA;Table" SID="77819">
    <P Name="Ports">[1, 1]</P>
    <P Name="Position">[-225, -262, -160, -198]</P>
    <P Name="ZOrder">6</P>
    <P Name="ShowName">off</P>
    <P Name="HideAutomaticName">off</P>
    <P Name="AttributesFormatString">%&lt;Table&gt;
%&lt;BreakpointsForDimension1&gt;</P>
    <P Name="InputPortMap">u0</P>
    <P Name="NumberOfTableDimensions">1</P>
    <P Name="BreakpointsForDimension1">Aerodynamics.alpha_bkpts_ind1</P>
    <P Name="Table">Aerodynamics.CY_alpha</P>
    <P Name="ExtrapMethod">Clip</P>
    <P Name="UseLastTableValue">on</P>
    <P Name="InternalRulePriority">Speed</P>
    <P Name="RndMeth">Simplest</P>
  </Block>
  <Block BlockType="Lookup_n-D" Name="1-D Lookup&#xA;Table1" SID="77820">
    <P Name="Ports">[1, 1]</P>
    <P Name="Position">[-225, -167, -160, -103]</P>
    <P Name="ZOrder">33</P>
    <P Name="ShowName">off</P>
    <P Name="HideAutomaticName">off</P>
    <P Name="AttributesFormatString">%&lt;Table&gt;
%&lt;BreakpointsForDimension1&gt;</P>
    <P Name="InputPortMap">u0</P>
    <P Name="NumberOfTableDimensions">1</P>
    <P Name="BreakpointsForDimension1">Aerodynamics.beta_bkpts_ind1</P>
    <P Name="Table">Aerodynamics.CY_beta</P>
    <P Name="ExtrapMethod">Clip</P>
    <P Name="UseLastTableValue">on</P>
    <P Name="InternalRulePriority">Speed</P>
    <P Name="RndMeth">Simplest</P>
  </Block>
  <Block BlockType="Lookup_n-D" Name="2-D Lookup&#xA;Table" SID="77821">
    <P Name="Ports">[2, 1]</P>
    <P Name="Position">[-225, -72, -160, -8]</P>
    <P Name="ZOrder">32</P>
    <P Name="ShowName">off</P>
    <P Name="HideAutomaticName">off</P>
    <P Name="AttributesFormatString">%&lt;Table&gt;
%&lt;BreakpointsForDimension1&gt;
%&lt;BreakpointsForDimension2&gt;
</P>
    <P Name="InputPortMap">u0,u1</P>
    <P Name="BreakpointsForDimension1">Aerodynamics.dele_inc_bkpts_ind1</P>
    <P Name="BreakpointsForDimension2">Aerodynamics.dele_inc_bkpts_ind2</P>
    <P Name="Table">Aerodynamics.CY_dele_inc</P>
    <P Name="ExtrapMethod">Clip</P>
    <P Name="UseLastTableValue">on</P>
    <P Name="InternalRulePriority">Speed</P>
    <P Name="RndMeth">Simplest</P>
    <Port>
      <P Name="PortNumber">1</P>
      <P Name="Name">CY_dele</P>
    </Port>
  </Block>
  <Block BlockType="Lookup_n-D" Name="2-D Lookup&#xA;Table1" SID="77822">
    <P Name="Ports">[2, 1]</P>
    <P Name="Position">[-225, 68, -160, 132]</P>
    <P Name="ZOrder">37</P>
    <P Name="ShowName">off</P>
    <P Name="HideAutomaticName">off</P>
    <P Name="AttributesFormatString">%&lt;Table&gt;
%&lt;BreakpointsForDimension1&gt;
%&lt;BreakpointsForDimension2&gt;
</P>
    <P Name="InputPortMap">u0,u1</P>
    <P Name="BreakpointsForDimension1">Aerodynamics.dela_inc_bkpts_ind1</P>
    <P Name="BreakpointsForDimension2">Aerodynamics.dela_inc_bkpts_ind2</P>
    <P Name="Table">Aerodynamics.CY_dela_inc</P>
    <P Name="ExtrapMethod">Clip</P>
    <P Name="UseLastTableValue">on</P>
    <P Name="InternalRulePriority">Speed</P>
    <P Name="RndMeth">Simplest</P>
    <Port>
      <P Name="PortNumber">1</P>
      <P Name="Name">CY_dela</P>
    </Port>
  </Block>
  <Block BlockType="Lookup_n-D" Name="2-D Lookup&#xA;Table2" SID="77823">
    <P Name="Ports">[2, 1]</P>
    <P Name="Position">[-225, 208, -160, 272]</P>
    <P Name="ZOrder">38</P>
    <P Name="ShowName">off</P>
    <P Name="HideAutomaticName">off</P>
    <P Name="AttributesFormatString">%&lt;Table&gt;
%&lt;BreakpointsForDimension1&gt;
%&lt;BreakpointsForDimension2&gt;
</P>
    <P Name="InputPortMap">u0,u1</P>
    <P Name="BreakpointsForDimension1">Aerodynamics.delr_inc_bkpts_ind1</P>
    <P Name="BreakpointsForDimension2">Aerodynamics.delr_inc_bkpts_ind2</P>
    <P Name="Table">Aerodynamics.CY_delr_inc</P>
    <P Name="ExtrapMethod">Clip</P>
    <P Name="UseLastTableValue">on</P>
    <P Name="InternalRulePriority">Speed</P>
    <P Name="RndMeth">Simplest</P>
    <Port>
      <P Name="PortNumber">1</P>
      <P Name="Name">CY_delr</P>
    </Port>
  </Block>
  <Block BlockType="Constant" Name="Constant" SID="77824">
    <P Name="Position">[245, 75, 275, 105]</P>
    <P Name="ZOrder">54</P>
    <P Name="ShowName">off</P>
    <P Name="HideAutomaticName">off</P>
    <P Name="AttributesFormatString">%&lt;Value&gt;</P>
    <P Name="Value">Aerodynamics.CY_bias</P>
  </Block>
  <Block BlockType="Gain" Name="Gain" SID="77825">
    <P Name="Position">[245, 15, 275, 45]</P>
    <P Name="ZOrder">53</P>
    <P Name="ShowName">off</P>
    <P Name="HideAutomaticName">off</P>
    <P Name="AttributesFormatString">%&lt;Gain&gt;</P>
    <P Name="Gain">Aerodynamics.CY_scale</P>
  </Block>
  <Block BlockType="Sum" Name="Sum" SID="77826">
    <P Name="Ports">[4, 1]</P>
    <P Name="Position">[140, -248, 160, 308]</P>
    <P Name="ZOrder">4</P>
    <P Name="ShowName">off</P>
    <P Name="IconShape">rectangular</P>
    <P Name="Inputs">++++</P>
  </Block>
  <Block BlockType="Sum" Name="Sum1" SID="77827">
    <P Name="Ports">[2, 1]</P>
    <P Name="Position">[-35, -278, -15, -87]</P>
    <P Name="ZOrder">36</P>
    <P Name="ShowName">off</P>
    <P Name="IconShape">rectangular</P>
    <Port>
      <P Name="PortNumber">1</P>
      <P Name="Name">CY_0</P>
      <P Name="DataLoggingDecimateData">on</P>
      <P Name="DataLoggingDecimation">SL_decimation</P>
    </Port>
  </Block>
  <Block BlockType="Sum" Name="Sum2" SID="77828">
    <P Name="Ports">[2, 1]</P>
    <P Name="Position">[340, 20, 360, 40]</P>
    <P Name="ZOrder">55</P>
    <P Name="ShowName">off</P>
    <P Name="Inputs">|++</P>
    <Port>
      <P Name="PortNumber">1</P>
      <P Name="Name">CY_B</P>
      <P Name="DataLogging">on</P>
      <P Name="DataLoggingDecimateData">on</P>
      <P Name="DataLoggingDecimation">SL_decimation</P>
    </Port>
  </Block>
  <Block BlockType="InportShadow" Name="alpha_deg D1" SID="77829">
    <P Name="Position">[-395, -62, -365, -48]</P>
    <P Name="ZOrder">40</P>
  </Block>
  <Block BlockType="InportShadow" Name="alpha_deg D2" SID="77830">
    <P Name="Position">[-395, 78, -365, 92]</P>
    <P Name="ZOrder">41</P>
  </Block>
  <Block BlockType="InportShadow" Name="beta_deg D1" SID="77831">
    <P Name="Position">[-395, 218, -365, 232]</P>
    <P Name="ZOrder">42</P>
    <P Name="Port">2</P>
  </Block>
  <Block BlockType="Outport" Name="CY" SID="77832">
    <P Name="Position">[480, 23, 510, 37]</P>
    <P Name="ZOrder">-2</P>
  </Block>
  <Line>
    <P Name="Name">CY_B</P>
    <P Name="ZOrder">1</P>
    <P Name="Labels">[1, 1]</P>
    <P Name="Src">77828#out:1</P>
    <P Name="Dst">77832#in:1</P>
  </Line>
  <Line>
    <P Name="ZOrder">2</P>
    <P Name="Src">77815#out:1</P>
    <P Name="Dst">77820#in:1</P>
  </Line>
  <Line>
    <P Name="ZOrder">3</P>
    <P Name="Src">77819#out:1</P>
    <P Name="Dst">77827#in:1</P>
  </Line>
  <Line>
    <P Name="ZOrder">4</P>
    <P Name="Src">77820#out:1</P>
    <P Name="Dst">77827#in:2</P>
  </Line>
  <Line>
    <P Name="ZOrder">5</P>
    <P Name="Src">77814#out:1</P>
    <P Name="Dst">77819#in:1</P>
  </Line>
  <Line>
    <P Name="ZOrder">6</P>
    <P Name="Src">77829#out:1</P>
    <P Name="Dst">77821#in:1</P>
  </Line>
  <Line>
    <P Name="ZOrder">7</P>
    <P Name="Src">77830#out:1</P>
    <P Name="Dst">77822#in:1</P>
  </Line>
  <Line>
    <P Name="Name">CY_delr</P>
    <P Name="ZOrder">8</P>
    <P Name="Labels">[1, 1]</P>
    <P Name="Src">77823#out:1</P>
    <P Name="Dst">77826#in:4</P>
  </Line>
  <Line>
    <P Name="ZOrder">9</P>
    <P Name="Src">77818#out:1</P>
    <P Name="Dst">77823#in:2</P>
  </Line>
  <Line>
    <P Name="Name">CY_dela</P>
    <P Name="ZOrder">10</P>
    <P Name="Labels">[1, 1]</P>
    <P Name="Src">77822#out:1</P>
    <P Name="Dst">77826#in:3</P>
  </Line>
  <Line>
    <P Name="Name">CY_dele</P>
    <P Name="ZOrder">11</P>
    <P Name="Labels">[1, 1]</P>
    <P Name="Src">77821#out:1</P>
    <P Name="Dst">77826#in:2</P>
  </Line>
  <Line>
    <P Name="ZOrder">12</P>
    <P Name="Src">77831#out:1</P>
    <P Name="Dst">77823#in:1</P>
  </Line>
  <Line>
    <P Name="ZOrder">13</P>
    <P Name="Src">77817#out:1</P>
    <P Name="Dst">77822#in:2</P>
  </Line>
  <Line>
    <P Name="ZOrder">14</P>
    <P Name="Src">77816#out:1</P>
    <P Name="Dst">77821#in:2</P>
  </Line>
  <Line>
    <P Name="Name">CY_0</P>
    <P Name="ZOrder">15</P>
    <P Name="Labels">[1, 1]</P>
    <P Name="Src">77827#out:1</P>
    <P Name="Dst">77826#in:1</P>
  </Line>
  <Line>
    <P Name="ZOrder">16</P>
    <P Name="Src">77825#out:1</P>
    <P Name="Dst">77828#in:1</P>
  </Line>
  <Line>
    <P Name="ZOrder">17</P>
    <P Name="Src">77824#out:1</P>
    <P Name="Points">[70, 0]</P>
    <P Name="Dst">77828#in:2</P>
  </Line>
  <Line>
    <P Name="ZOrder">18</P>
    <P Name="Src">77826#out:1</P>
    <P Name="Dst">77825#in:1</P>
  </Line>
</System>
