<?xml version="1.0" encoding="utf-8"?>
<System>
  <P Name="Location">[-1687, -7, 7, 1018]</P>
  <P Name="SystemRect">[0.000000, 0.000000, 0.000000, 0.000000]</P>
  <P Name="SetExecutionDomain">off</P>
  <P Name="ExecutionDomainType">Deduce</P>
  <P Name="SimulinkSubDomain">Simulink</P>
  <Block BlockType="Inport" Name="T12" SID="79444">
    <P Name="Position">[-570, 283, -540, 297]</P>
    <P Name="ZOrder">-1</P>
    <P Name="BackgroundColor">yellow</P>
    <P Name="PortDimensions">[3 3]</P>
  </Block>
  <Block BlockType="SubSystem" Name="Case 0" SID="79445">
    <P Name="Ports">[3, 1]</P>
    <P Name="Position">[-235, -213, -75, -147]</P>
    <P Name="ZOrder">11</P>
    <P Name="RequestExecContextInheritance">off</P>
    <P Name="ContentPreviewEnabled">on</P>
    <System Ref="system_79445"/>
  </Block>
  <Block BlockType="SubSystem" Name="Case 1" SID="79457">
    <P Name="Ports">[3, 1]</P>
    <P Name="Position">[-235, -123, -75, -57]</P>
    <P Name="ZOrder">12</P>
    <P Name="RequestExecContextInheritance">off</P>
    <P Name="ContentPreviewEnabled">on</P>
    <System Ref="system_79457"/>
  </Block>
  <Block BlockType="SubSystem" Name="Case 2" SID="79469">
    <P Name="Ports">[3, 1]</P>
    <P Name="Position">[-235, -33, -75, 33]</P>
    <P Name="ZOrder">13</P>
    <P Name="RequestExecContextInheritance">off</P>
    <P Name="ContentPreviewEnabled">on</P>
    <System Ref="system_79469"/>
  </Block>
  <Block BlockType="SubSystem" Name="Case 3" SID="79481">
    <P Name="Ports">[3, 1]</P>
    <P Name="Position">[-235, 57, -75, 123]</P>
    <P Name="ZOrder">14</P>
    <P Name="RequestExecContextInheritance">off</P>
    <P Name="ContentPreviewEnabled">on</P>
    <System Ref="system_79481"/>
  </Block>
  <Block BlockType="Constant" Name="Constant" SID="79493">
    <P Name="Position">[430, 10, 460, 40]</P>
    <P Name="ZOrder">509</P>
    <P Name="ShowName">off</P>
  </Block>
  <Block BlockType="Constant" Name="Constant1" SID="79494">
    <P Name="Position">[430, 100, 460, 130]</P>
    <P Name="ZOrder">510</P>
    <P Name="ShowName">off</P>
    <P Name="Value">-1</P>
  </Block>
  <Block BlockType="Display" Name="Display" SID="79495">
    <P Name="Ports">[1]</P>
    <P Name="Position">[125, -195, 170, -165]</P>
    <P Name="ZOrder">23</P>
    <P Name="Decimation">1</P>
  </Block>
  <Block BlockType="Display" Name="Display1" SID="79496">
    <P Name="Ports">[1]</P>
    <P Name="Position">[125, -105, 170, -75]</P>
    <P Name="ZOrder">24</P>
    <P Name="Decimation">1</P>
  </Block>
  <Block BlockType="Display" Name="Display2" SID="79497">
    <P Name="Ports">[1]</P>
    <P Name="Position">[125, -15, 170, 15]</P>
    <P Name="ZOrder">25</P>
    <P Name="Decimation">1</P>
  </Block>
  <Block BlockType="Display" Name="Display3" SID="79498">
    <P Name="Ports">[1]</P>
    <P Name="Position">[125, 75, 170, 105]</P>
    <P Name="ZOrder">26</P>
    <P Name="Decimation">1</P>
  </Block>
  <Block BlockType="Merge" Name="Merge" SID="79499">
    <P Name="Ports">[4, 1]</P>
    <P Name="Position">[175, -186, 255, 176]</P>
    <P Name="ZOrder">21</P>
    <P Name="Inputs">4</P>
  </Block>
  <Block BlockType="Product" Name="Product4" SID="79500">
    <P Name="Ports">[2, 1]</P>
    <P Name="Position">[600, -13, 630, 18]</P>
    <P Name="ZOrder">508</P>
    <P Name="ShowName">off</P>
  </Block>
  <Block BlockType="Selector" Name="Selector" SID="79501">
    <P Name="Ports">[1, 1]</P>
    <P Name="Position">[420, 51, 460, 89]</P>
    <P Name="ZOrder">506</P>
    <P Name="IndexMode">Zero-based</P>
    <P Name="InputPortWidth">4</P>
    <P Name="IndexOptions">Index vector (dialog)</P>
    <P Name="Indices">3</P>
    <P Name="OutputSizes">1</P>
  </Block>
  <Block BlockType="Switch" Name="Switch" SID="79502">
    <P Name="Position">[500, 50, 550, 90]</P>
    <P Name="ZOrder">507</P>
    <P Name="InputSameDT">off</P>
    <P Name="SaturateOnIntegerOverflow">off</P>
  </Block>
  <Block BlockType="Selector" Name="dcm11" SID="79503">
    <P Name="Ports">[1, 1]</P>
    <P Name="Position">[-455, 51, -415, 89]</P>
    <P Name="ZOrder">1</P>
    <P Name="NumberOfDimensions">2</P>
    <P Name="IndexMode">Zero-based</P>
    <P Name="InputPortWidth">3</P>
    <P Name="IndexOptions">Index vector (dialog),Index vector (dialog)</P>
    <P Name="Indices">0,0</P>
    <P Name="OutputSizes">1,1</P>
    <Port>
      <P Name="PortNumber">1</P>
      <P Name="Name">dcm11</P>
    </Port>
  </Block>
  <Block BlockType="Selector" Name="dcm22" SID="79504">
    <P Name="Ports">[1, 1]</P>
    <P Name="Position">[-455, 111, -415, 149]</P>
    <P Name="ZOrder">2</P>
    <P Name="NumberOfDimensions">2</P>
    <P Name="IndexMode">Zero-based</P>
    <P Name="InputPortWidth">3</P>
    <P Name="IndexOptions">Index vector (dialog),Index vector (dialog)</P>
    <P Name="Indices">1,1</P>
    <P Name="OutputSizes">1,1</P>
    <Port>
      <P Name="PortNumber">1</P>
      <P Name="Name">dcm22</P>
    </Port>
  </Block>
  <Block BlockType="Selector" Name="dcm33" SID="79505">
    <P Name="Ports">[1, 1]</P>
    <P Name="Position">[-455, 171, -415, 209]</P>
    <P Name="ZOrder">3</P>
    <P Name="NumberOfDimensions">2</P>
    <P Name="IndexMode">Zero-based</P>
    <P Name="InputPortWidth">3</P>
    <P Name="IndexOptions">Index vector (dialog),Index vector (dialog)</P>
    <P Name="Indices">2,2</P>
    <P Name="OutputSizes">1,1</P>
    <Port>
      <P Name="PortNumber">1</P>
      <P Name="Name">dcm33</P>
    </Port>
  </Block>
  <Block BlockType="SubSystem" Name="normalize_quaternion" SID="79506">
    <P Name="Ports">[1, 1]</P>
    <P Name="Position">[310, -16, 370, 6]</P>
    <P Name="ZOrder">497</P>
    <P Name="RequestExecContextInheritance">off</P>
    <P Name="ContentPreviewEnabled">on</P>
    <Mask>
      <Display>disp (&apos; norm(q)&apos;)</Display>
      <Description>normalize a quaternion</Description>
      <Help>Name:

    normalize_quaternion

Description:

    This block normalizes the quaternion q21. It should be used as a 
    safety measure when computing quaternions.

Inputs  [size] [data type] [unit]:

    attitude quaternion q21  [4] [double] [-]

Outputs  [size] [data type] [unit]:

    normalized attitude quaternion q21  [4] [double] [-]
</Help>
    </Mask>
    <System Ref="system_79506"/>
  </Block>
  <Block BlockType="SubSystem" Name="q_R^0(R)" SID="79519">
    <P Name="Ports">[1, 1, 1]</P>
    <P Name="Position">[5, -164, 115, -116]</P>
    <P Name="ZOrder">15</P>
    <P Name="TreatAsAtomicUnit">on</P>
    <P Name="RequestExecContextInheritance">off</P>
    <P Name="ContentPreviewEnabled">on</P>
    <System Ref="system_79519"/>
  </Block>
  <Block BlockType="SubSystem" Name="q_R^1(R)" SID="79544">
    <P Name="Ports">[1, 1, 1]</P>
    <P Name="Position">[5, -74, 115, -26]</P>
    <P Name="ZOrder">18</P>
    <P Name="TreatAsAtomicUnit">on</P>
    <P Name="RequestExecContextInheritance">off</P>
    <P Name="ContentPreviewEnabled">on</P>
    <System Ref="system_79544"/>
  </Block>
  <Block BlockType="SubSystem" Name="q_R^2(R)" SID="79569">
    <P Name="Ports">[1, 1, 1]</P>
    <P Name="Position">[5, 16, 115, 64]</P>
    <P Name="ZOrder">19</P>
    <P Name="TreatAsAtomicUnit">on</P>
    <P Name="RequestExecContextInheritance">off</P>
    <P Name="ContentPreviewEnabled">on</P>
    <System Ref="system_79569"/>
  </Block>
  <Block BlockType="SubSystem" Name="q_R^3(R)" SID="79594">
    <P Name="Ports">[1, 1, 1]</P>
    <P Name="Position">[5, 106, 115, 154]</P>
    <P Name="ZOrder">20</P>
    <P Name="TreatAsAtomicUnit">on</P>
    <P Name="RequestExecContextInheritance">off</P>
    <P Name="ContentPreviewEnabled">on</P>
    <System Ref="system_79594"/>
  </Block>
  <Block BlockType="Outport" Name="q12" SID="79619">
    <P Name="Position">[670, -2, 700, 12]</P>
    <P Name="ZOrder">-2</P>
    <P Name="BackgroundColor">orange</P>
    <P Name="PortDimensions">[4 1]</P>
    <P Name="VectorParamsAs1DForOutWhenUnconnected">off</P>
  </Block>
  <Line>
    <P Name="ZOrder">1</P>
    <P Name="Src">79494#out:1</P>
    <P Name="Points">[15, 0; 0, -30]</P>
    <P Name="Dst">79502#in:3</P>
  </Line>
  <Line>
    <P Name="ZOrder">2</P>
    <P Name="Src">79502#out:1</P>
    <P Name="Points">[15, 0; 0, -60]</P>
    <P Name="Dst">79500#in:2</P>
  </Line>
  <Line>
    <P Name="ZOrder">3</P>
    <P Name="Src">79501#out:1</P>
    <P Name="Dst">79502#in:2</P>
  </Line>
  <Line>
    <P Name="ZOrder">4</P>
    <P Name="Src">79506#out:1</P>
    <P Name="Points">[14, 0]</P>
    <Branch>
      <P Name="ZOrder">5</P>
      <P Name="Points">[0, 75]</P>
      <P Name="Dst">79501#in:1</P>
    </Branch>
    <Branch>
      <P Name="ZOrder">6</P>
      <P Name="Dst">79500#in:1</P>
    </Branch>
  </Line>
  <Line>
    <P Name="ZOrder">7</P>
    <P Name="Src">79493#out:1</P>
    <P Name="Points">[15, 0; 0, 30]</P>
    <P Name="Dst">79502#in:1</P>
  </Line>
  <Line>
    <P Name="ZOrder">8</P>
    <P Name="Src">79500#out:1</P>
    <P Name="Dst">79619#in:1</P>
  </Line>
  <Line>
    <P Name="ZOrder">9</P>
    <P Name="Src">79499#out:1</P>
    <P Name="Dst">79506#in:1</P>
  </Line>
  <Line>
    <P Name="ZOrder">10</P>
    <P Name="Src">79544#out:1</P>
    <P Name="Dst">79499#in:2</P>
  </Line>
  <Line>
    <P Name="ZOrder">11</P>
    <P Name="Src">79569#out:1</P>
    <P Name="Dst">79499#in:3</P>
  </Line>
  <Line>
    <P Name="ZOrder">12</P>
    <P Name="Src">79594#out:1</P>
    <P Name="Dst">79499#in:4</P>
  </Line>
  <Line>
    <P Name="ZOrder">13</P>
    <P Name="Src">79519#out:1</P>
    <P Name="Dst">79499#in:1</P>
  </Line>
  <Line>
    <P Name="ZOrder">14</P>
    <P Name="Src">79481#out:1</P>
    <P Name="Points">[130, 0]</P>
    <Branch>
      <P Name="ZOrder">15</P>
      <P Name="Dst">79594#enable</P>
    </Branch>
    <Branch>
      <P Name="ZOrder">16</P>
      <P Name="Dst">79498#in:1</P>
    </Branch>
  </Line>
  <Line>
    <P Name="ZOrder">17</P>
    <P Name="Src">79469#out:1</P>
    <P Name="Points">[130, 0]</P>
    <Branch>
      <P Name="ZOrder">18</P>
      <P Name="Dst">79569#enable</P>
    </Branch>
    <Branch>
      <P Name="ZOrder">19</P>
      <P Name="Dst">79497#in:1</P>
    </Branch>
  </Line>
  <Line>
    <P Name="ZOrder">20</P>
    <P Name="Src">79444#out:1</P>
    <P Name="Points">[37, 0]</P>
    <Branch>
      <P Name="ZOrder">21</P>
      <P Name="Points">[461, 0; 0, -160]</P>
      <Branch>
        <P Name="ZOrder">22</P>
        <P Name="Points">[0, -90]</P>
        <Branch>
          <P Name="ZOrder">23</P>
          <P Name="Points">[0, -90]</P>
          <Branch>
            <P Name="ZOrder">24</P>
            <P Name="Points">[0, -90]</P>
            <P Name="Dst">79519#in:1</P>
          </Branch>
          <Branch>
            <P Name="ZOrder">25</P>
            <P Name="Dst">79544#in:1</P>
          </Branch>
        </Branch>
        <Branch>
          <P Name="ZOrder">26</P>
          <P Name="Dst">79569#in:1</P>
        </Branch>
      </Branch>
      <Branch>
        <P Name="ZOrder">27</P>
        <P Name="Dst">79594#in:1</P>
      </Branch>
    </Branch>
    <Branch>
      <P Name="ZOrder">28</P>
      <P Name="Points">[0, -100]</P>
      <Branch>
        <P Name="ZOrder">29</P>
        <P Name="Dst">79505#in:1</P>
      </Branch>
      <Branch>
        <P Name="ZOrder">30</P>
        <P Name="Points">[0, -60]</P>
        <Branch>
          <P Name="ZOrder">31</P>
          <P Name="Dst">79504#in:1</P>
        </Branch>
        <Branch>
          <P Name="ZOrder">32</P>
          <P Name="Points">[0, -60]</P>
          <P Name="Dst">79503#in:1</P>
        </Branch>
      </Branch>
    </Branch>
  </Line>
  <Line>
    <P Name="ZOrder">33</P>
    <P Name="Src">79457#out:1</P>
    <P Name="Points">[130, 0]</P>
    <Branch>
      <P Name="ZOrder">34</P>
      <P Name="Dst">79544#enable</P>
    </Branch>
    <Branch>
      <P Name="ZOrder">35</P>
      <P Name="Dst">79496#in:1</P>
    </Branch>
  </Line>
  <Line>
    <P Name="ZOrder">36</P>
    <P Name="Src">79445#out:1</P>
    <P Name="Points">[130, 0]</P>
    <Branch>
      <P Name="ZOrder">37</P>
      <P Name="Dst">79519#enable</P>
    </Branch>
    <Branch>
      <P Name="ZOrder">38</P>
      <P Name="Dst">79495#in:1</P>
    </Branch>
  </Line>
  <Line>
    <P Name="Name">dcm33</P>
    <P Name="ZOrder">39</P>
    <P Name="Labels">[0, 0]</P>
    <P Name="Src">79505#out:1</P>
    <P Name="Points">[127, 0; 0, -80]</P>
    <Branch>
      <P Name="ZOrder">40</P>
      <P Name="Dst">79481#in:3</P>
    </Branch>
    <Branch>
      <P Name="ZOrder">41</P>
      <P Name="Points">[0, -90]</P>
      <Branch>
        <P Name="ZOrder">42</P>
        <P Name="Dst">79469#in:3</P>
      </Branch>
      <Branch>
        <P Name="ZOrder">43</P>
        <P Name="Points">[0, -90]</P>
        <Branch>
          <P Name="ZOrder">44</P>
          <P Name="Dst">79457#in:3</P>
        </Branch>
        <Branch>
          <P Name="ZOrder">45</P>
          <P Name="Points">[0, -90]</P>
          <P Name="Dst">79445#in:3</P>
        </Branch>
      </Branch>
    </Branch>
  </Line>
  <Line>
    <P Name="Name">dcm22</P>
    <P Name="ZOrder">46</P>
    <P Name="Labels">[0, 0]</P>
    <P Name="Src">79504#out:1</P>
    <P Name="Points">[85, 0; 0, -40]</P>
    <Branch>
      <P Name="ZOrder">47</P>
      <P Name="Dst">79481#in:2</P>
    </Branch>
    <Branch>
      <P Name="ZOrder">48</P>
      <P Name="Points">[0, -90]</P>
      <Branch>
        <P Name="ZOrder">49</P>
        <P Name="Dst">79469#in:2</P>
      </Branch>
      <Branch>
        <P Name="ZOrder">50</P>
        <P Name="Points">[0, -90]</P>
        <Branch>
          <P Name="ZOrder">51</P>
          <P Name="Dst">79457#in:2</P>
        </Branch>
        <Branch>
          <P Name="ZOrder">52</P>
          <P Name="Points">[0, -90]</P>
          <P Name="Dst">79445#in:2</P>
        </Branch>
      </Branch>
    </Branch>
  </Line>
  <Line>
    <P Name="Name">dcm11</P>
    <P Name="ZOrder">53</P>
    <P Name="Labels">[0, 0]</P>
    <P Name="Src">79503#out:1</P>
    <P Name="Points">[42, 0]</P>
    <Branch>
      <P Name="ZOrder">54</P>
      <P Name="Dst">79481#in:1</P>
    </Branch>
    <Branch>
      <P Name="ZOrder">55</P>
      <P Name="Points">[0, -90]</P>
      <Branch>
        <P Name="ZOrder">56</P>
        <P Name="Dst">79469#in:1</P>
      </Branch>
      <Branch>
        <P Name="ZOrder">57</P>
        <P Name="Points">[0, -90]</P>
        <Branch>
          <P Name="ZOrder">58</P>
          <P Name="Dst">79457#in:1</P>
        </Branch>
        <Branch>
          <P Name="ZOrder">59</P>
          <P Name="Points">[0, -90]</P>
          <P Name="Dst">79445#in:1</P>
        </Branch>
      </Branch>
    </Branch>
  </Line>
  <Annotation SID="79621">
    <P Name="Name">Outputs [size]:

quaternion q12 [4x1]</P>
    <P Name="Position">[640, -69, 732, -31]</P>
    <P Name="InternalMargins">[0, 0, 0, 0]</P>
    <P Name="HorizontalAlignment">center</P>
    <P Name="VerticalAlignment">middle</P>
    <P Name="ZOrder">-1</P>
  </Annotation>
  <Annotation SID="79620">
    <P Name="Name">Inputs [size]:

direction cosine matrix T12 [3x3]</P>
    <P Name="Position">[-627, 331, -482, 369]</P>
    <P Name="InternalMargins">[0, 0, 0, 0]</P>
    <P Name="HorizontalAlignment">center</P>
    <P Name="VerticalAlignment">middle</P>
    <P Name="ZOrder">-2</P>
  </Annotation>
</System>
