<?xml version="1.0" encoding="utf-8"?>
<System>
  <P Name="Location">[30, 75, 418, 507]</P>
  <P Name="SystemRect">[0.000000, 0.000000, 0.000000, 0.000000]</P>
  <P Name="SetExecutionDomain">off</P>
  <P Name="ExecutionDomainType">Deduce</P>
  <P Name="SimulinkSubDomain">Simulink</P>
  <Block BlockType="Inport" Name="A" SID="74834:7:124">
    <P Name="Position">[35, 38, 65, 52]</P>
    <P Name="ZOrder">-1</P>
  </Block>
  <Block BlockType="Inport" Name="B" SID="74834:7:125">
    <P Name="Position">[35, 68, 65, 82]</P>
    <P Name="ZOrder">-2</P>
    <P Name="Port">2</P>
  </Block>
  <Block BlockType="InportShadow" Name="A " SID="74834:7:126">
    <P Name="Position">[30, 153, 60, 167]</P>
    <P Name="ZOrder">-3</P>
  </Block>
  <Block BlockType="InportShadow" Name="B " SID="74834:7:127">
    <P Name="Position">[30, 183, 60, 197]</P>
    <P Name="ZOrder">-4</P>
    <P Name="Port">2</P>
  </Block>
  <Block BlockType="SubSystem" Name="Subsystem" SID="74834:7:128">
    <P Name="Ports">[2, 1]</P>
    <P Name="Position">[155, 30, 195, 90]</P>
    <P Name="ZOrder">-5</P>
    <P Name="ShowName">off</P>
    <P Name="RequestExecContextInheritance">off</P>
    <System Ref="system_74834_7_128"/>
  </Block>
  <Block BlockType="SubSystem" Name="Subsystem1" SID="74834:7:138">
    <P Name="Ports">[2, 1]</P>
    <P Name="Position">[150, 145, 190, 205]</P>
    <P Name="ZOrder">-6</P>
    <P Name="ShowName">off</P>
    <P Name="RequestExecContextInheritance">off</P>
    <System Ref="system_74834_7_138"/>
  </Block>
  <Block BlockType="Sum" Name="Sum" SID="74834:7:148">
    <P Name="Ports">[2, 1]</P>
    <P Name="Position">[225, 110, 265, 150]</P>
    <P Name="ZOrder">-7</P>
    <P Name="ShowName">off</P>
    <P Name="Inputs">+|-</P>
    <P Name="InputSameDT">on</P>
    <P Name="OutDataTypeStr">Inherit: Same as first input</P>
    <P Name="SaturateOnIntegerOverflow">on</P>
  </Block>
  <Block BlockType="Outport" Name="C" SID="74834:7:149">
    <P Name="Position">[290, 123, 320, 137]</P>
    <P Name="ZOrder">-8</P>
    <P Name="VectorParamsAs1DForOutWhenUnconnected">off</P>
  </Block>
  <Line>
    <P Name="ZOrder">1</P>
    <P Name="Src">74834:7:138#out:1</P>
    <P Name="Points">[50, 0]</P>
    <P Name="Dst">74834:7:148#in:2</P>
  </Line>
  <Line>
    <P Name="ZOrder">2</P>
    <P Name="Src">74834:7:128#out:1</P>
    <P Name="Points">[45, 0]</P>
    <P Name="Dst">74834:7:148#in:1</P>
  </Line>
  <Line>
    <P Name="ZOrder">3</P>
    <P Name="Src">74834:7:124#out:1</P>
    <P Name="Dst">74834:7:128#in:1</P>
  </Line>
  <Line>
    <P Name="ZOrder">4</P>
    <P Name="Src">74834:7:125#out:1</P>
    <P Name="Dst">74834:7:128#in:2</P>
  </Line>
  <Line>
    <P Name="ZOrder">5</P>
    <P Name="Src">74834:7:148#out:1</P>
    <P Name="Dst">74834:7:149#in:1</P>
  </Line>
  <Line>
    <P Name="ZOrder">6</P>
    <P Name="Src">74834:7:126#out:1</P>
    <P Name="Dst">74834:7:138#in:1</P>
  </Line>
  <Line>
    <P Name="ZOrder">7</P>
    <P Name="Src">74834:7:127#out:1</P>
    <P Name="Dst">74834:7:138#in:2</P>
  </Line>
</System>
