<?xml version="1.0" encoding="utf-8"?>
<System>
  <P Name="Location">[-7, -7, 1481, 871]</P>
  <P Name="SystemRect">[0.000000, 0.000000, 0.000000, 0.000000]</P>
  <P Name="SetExecutionDomain">off</P>
  <P Name="ExecutionDomainType">Deduce</P>
  <P Name="ZoomFactor">150</P>
  <P Name="SimulinkSubDomain">Simulink</P>
  <Block BlockType="Inport" Name="siB_cmd" SID="78565">
    <P Name="Position">[140, 33, 170, 47]</P>
    <P Name="ZOrder">3198</P>
    <P Name="BackgroundColor">yellow</P>
    <Port>
      <P Name="PortNumber">1</P>
      <P Name="PropagatedSignals">siB_cmd</P>
      <P Name="ShowPropagatedSignals">on</P>
    </Port>
  </Block>
  <Block BlockType="BusCreator" Name="Bus&#xA;Creator2" SID="78566">
    <P Name="Ports">[1, 1]</P>
    <P Name="Position">[255, 21, 260, 59]</P>
    <P Name="ZOrder">3197</P>
    <P Name="ShowName">off</P>
    <P Name="Inputs">1</P>
    <P Name="DisplayOption">bar</P>
    <P Name="InheritFromInputs">on</P>
    <Port>
      <P Name="PortNumber">1</P>
      <P Name="Name">cmd_bus</P>
    </Port>
  </Block>
  <Block BlockType="Outport" Name="cmd_bus" SID="78567">
    <P Name="Position">[335, 33, 365, 47]</P>
    <P Name="ZOrder">3201</P>
    <P Name="BackgroundColor">orange</P>
    <P Name="VectorParamsAs1DForOutWhenUnconnected">off</P>
  </Block>
  <Line>
    <P Name="ZOrder">1</P>
    <P Name="Labels">[0, 1]</P>
    <P Name="Src">78565#out:1</P>
    <P Name="Dst">78566#in:1</P>
  </Line>
  <Line>
    <P Name="Name">cmd_bus</P>
    <P Name="ZOrder">2</P>
    <P Name="Labels">[0, 1]</P>
    <P Name="Src">78566#out:1</P>
    <P Name="Dst">78567#in:1</P>
  </Line>
</System>
