<?xml version="1.0" encoding="utf-8"?>
<System>
  <P Name="Location">[-7, -7, 1481, 871]</P>
  <P Name="SystemRect">[0.000000, 0.000000, 0.000000, 0.000000]</P>
  <P Name="SetExecutionDomain">off</P>
  <P Name="ExecutionDomainType">Deduce</P>
  <P Name="ZoomFactor">184</P>
  <P Name="SimulinkSubDomain">Simulink</P>
  <Block BlockType="Inport" Name="flight_dyn" SID="78155">
    <P Name="Position">[-35, 68, -5, 82]</P>
    <P Name="ZOrder">1456</P>
    <P Name="BackgroundColor">yellow</P>
    <Port>
      <P Name="PortNumber">1</P>
      <P Name="PropagatedSignals">flight_dyn_bus</P>
      <P Name="ShowPropagatedSignals">on</P>
    </Port>
  </Block>
  <Block BlockType="Inport" Name="env_glbl" SID="78156">
    <P Name="Position">[75, 188, 105, 202]</P>
    <P Name="ZOrder">1461</P>
    <P Name="BackgroundColor">yellow</P>
    <P Name="Port">2</P>
    <Port>
      <P Name="PortNumber">1</P>
      <P Name="PropagatedSignals">env_glbl_bus</P>
      <P Name="ShowPropagatedSignals">on</P>
    </Port>
  </Block>
  <Block BlockType="BusCreator" Name="Bus&#xA;Creator1" SID="78157">
    <P Name="Ports">[2, 1]</P>
    <P Name="Position">[530, 168, 535, 212]</P>
    <P Name="ZOrder">1454</P>
    <P Name="ShowName">off</P>
    <P Name="Inputs">2</P>
    <P Name="DisplayOption">bar</P>
    <P Name="InheritFromInputs">on</P>
    <Port>
      <P Name="PortNumber">1</P>
      <P Name="Name">atm_bus</P>
    </Port>
  </Block>
  <Block BlockType="BusCreator" Name="Bus&#xA;Creator2" SID="78158">
    <P Name="Ports">[2, 1]</P>
    <P Name="Position">[635, 15, 640, 250]</P>
    <P Name="ZOrder">1455</P>
    <P Name="ShowName">off</P>
    <P Name="Inputs">2</P>
    <P Name="DisplayOption">bar</P>
    <P Name="InheritFromInputs">on</P>
    <Port>
      <P Name="PortNumber">1</P>
      <P Name="Name">env_bus</P>
    </Port>
  </Block>
  <Block BlockType="BusSelector" Name="Bus&#xA;Selector" SID="78159">
    <P Name="Ports">[1, 3]</P>
    <P Name="Position">[85, 23, 90, 127]</P>
    <P Name="ZOrder">1449</P>
    <P Name="ShowName">off</P>
    <P Name="OutputSignals">lon,lat,hBE</P>
    <Port>
      <P Name="PortNumber">1</P>
      <P Name="Name">&lt;lon&gt;</P>
    </Port>
    <Port>
      <P Name="PortNumber">2</P>
      <P Name="Name">&lt;lat&gt;</P>
    </Port>
    <Port>
      <P Name="PortNumber">3</P>
      <P Name="Name">&lt;hBE&gt;</P>
    </Port>
  </Block>
  <Block BlockType="BusSelector" Name="Bus&#xA;Selector1" SID="78160">
    <P Name="Ports">[1, 1]</P>
    <P Name="Position">[415, 231, 420, 269]</P>
    <P Name="ZOrder">1462</P>
    <P Name="ShowName">off</P>
    <P Name="OutputSignals">atm_dyn_bus</P>
    <Port>
      <P Name="PortNumber">1</P>
      <P Name="Name">&lt;atm_dyn_bus&gt;</P>
    </Port>
  </Block>
  <Block BlockType="Saturate" Name="Saturation" SID="78161">
    <P Name="Position">[200, 95, 230, 125]</P>
    <P Name="ZOrder">1458</P>
    <P Name="AttributesFormatString">%&lt;UpperLimit&gt;
%&lt;LowerLimit&gt;</P>
    <P Name="UpperLimit">inf</P>
    <P Name="LowerLimit">eps</P>
  </Block>
  <Block BlockType="SubSystem" Name="WGS84_Gravitation" SID="78162">
    <P Name="Ports">[3, 1]</P>
    <P Name="Position">[270, 24, 385, 126]</P>
    <P Name="ZOrder">1459</P>
    <P Name="RequestExecContextInheritance">off</P>
    <P Name="ContentPreviewEnabled">on</P>
    <Mask>
      <Display/>
      <Description>Dieser Block berechnet die Gravitation für das idealisierte WGS84 
Ellipsoid. Die Berechnung ist hierbei nach dem Technical Report
&quot;Department of Defense World Geodetic System 1984&quot;, NIMA TR8350.2,
Third Edition, Amendment 1 vom 3 Januar 2000 implementiert. 
Das Modell ist gültig für alle Höhen über dem WGS84 Referenzellipsoid, und
ist somit der reinen Taylorexpansion des Somigliana Modells überlegen 
(siehe Kapitel 4.3 des WGS84 reports).

---------------------------------------------------------------------------
Longitude [rad]: Nach WGS84 definierte Geodätische Länge.  (lambda)
Lattitude [rad]: Nach WGS84 definierte Geodätische Breite. (phi)
Height [m]: Höhe über dem WGS84 Referenzellipsoid.</Description>
      <Initialization>[ c_rsma, c_b_WGS, c_grav, c_rot] = init_WGS84_Gravitationsmodell();</Initialization>
      <MaskParameter Name="flg_omega_enabled" Type="checkbox">
        <Prompt>Zentripetalbeschleunigung mitberechnen</Prompt>
        <Value>on</Value>
      </MaskParameter>
      <DialogControl Type="Group" Name="DescGroupVar">
        <Prompt>%&lt;MaskType&gt;</Prompt>
        <DialogControl Type="Text" Name="DescTextVar">
          <Prompt>%&lt;MaskDescription&gt;</Prompt>
        </DialogControl>
      </DialogControl>
      <DialogControl Type="CheckBox" Name="flg_omega_enabled">
        <Prompt>Zentripetalbeschleunigung mitberechnen</Prompt>
        <ControlOptions PromptLocation="&lt;unknown&gt;"/>
      </DialogControl>
    </Mask>
    <System Ref="system_78162"/>
  </Block>
  <Block BlockType="SubSystem" Name="atmosphere_static_ISO_2533" SID="78217">
    <P Name="Ports">[2, 1]</P>
    <P Name="Position">[270, 142, 390, 213]</P>
    <P Name="ZOrder">1460</P>
    <P Name="RequestExecContextInheritance">off</P>
    <Port>
      <P Name="PortNumber">1</P>
      <P Name="Name">atm_stat_bus</P>
    </Port>
    <System Ref="system_78217"/>
  </Block>
  <Block BlockType="SubSystem" Name="convert_to_local_frame" SID="78277">
    <P Name="Ports">[1, 1]</P>
    <P Name="Position">[475, 52, 550, 98]</P>
    <P Name="ZOrder">1447</P>
    <P Name="RequestExecContextInheritance">off</P>
    <P Name="ContentPreviewEnabled">on</P>
    <Port>
      <P Name="PortNumber">1</P>
      <P Name="PropagatedSignals">gBG</P>
      <P Name="ShowPropagatedSignals">on</P>
    </Port>
    <System Ref="system_78277"/>
  </Block>
  <Block BlockType="Outport" Name="env" SID="78284">
    <P Name="Position">[695, 128, 725, 142]</P>
    <P Name="ZOrder">1457</P>
    <P Name="BackgroundColor">orange</P>
    <P Name="VectorParamsAs1DForOutWhenUnconnected">off</P>
  </Block>
  <Line>
    <P Name="ZOrder">1</P>
    <P Name="Labels">[0, 1]</P>
    <P Name="Src">78277#out:1</P>
    <P Name="Dst">78158#in:1</P>
  </Line>
  <Line>
    <P Name="ZOrder">2</P>
    <P Name="Labels">[0, 1]</P>
    <P Name="Src">78155#out:1</P>
    <P Name="Dst">78159#in:1</P>
  </Line>
  <Line>
    <P Name="ZOrder">3</P>
    <P Name="Labels">[0, 1]</P>
    <P Name="Src">78162#out:1</P>
    <P Name="Dst">78277#in:1</P>
  </Line>
  <Line>
    <P Name="Name">&lt;lon&gt;</P>
    <P Name="ZOrder">4</P>
    <P Name="Labels">[0, 1]</P>
    <P Name="Src">78159#out:1</P>
    <P Name="Dst">78162#in:1</P>
  </Line>
  <Line>
    <P Name="Name">&lt;hBE&gt;</P>
    <P Name="ZOrder">5</P>
    <P Name="Labels">[0, 1]</P>
    <P Name="Src">78159#out:3</P>
    <P Name="Points">[46, 0]</P>
    <Branch>
      <P Name="ZOrder">6</P>
      <P Name="Points">[0, 50]</P>
      <P Name="Dst">78217#in:1</P>
    </Branch>
    <Branch>
      <P Name="ZOrder">7</P>
      <P Name="Dst">78161#in:1</P>
    </Branch>
  </Line>
  <Line>
    <P Name="Name">env_bus</P>
    <P Name="ZOrder">8</P>
    <P Name="Labels">[0, 1]</P>
    <P Name="Src">78158#out:1</P>
    <P Name="Dst">78284#in:1</P>
  </Line>
  <Line>
    <P Name="Name">&lt;lat&gt;</P>
    <P Name="ZOrder">9</P>
    <P Name="Labels">[0, 1]</P>
    <P Name="Src">78159#out:2</P>
    <P Name="Dst">78162#in:2</P>
  </Line>
  <Line>
    <P Name="Name">atm_bus</P>
    <P Name="ZOrder">10</P>
    <P Name="Labels">[0, 1]</P>
    <P Name="Src">78157#out:1</P>
    <P Name="Dst">78158#in:2</P>
  </Line>
  <Line>
    <P Name="ZOrder">11</P>
    <P Name="Src">78161#out:1</P>
    <P Name="Dst">78162#in:3</P>
  </Line>
  <Line>
    <P Name="Name">atm_stat_bus</P>
    <P Name="ZOrder">12</P>
    <P Name="Labels">[0, 1]</P>
    <P Name="Src">78217#out:1</P>
    <P Name="Dst">78157#in:1</P>
  </Line>
  <Line>
    <P Name="ZOrder">13</P>
    <P Name="Labels">[0, 1]</P>
    <P Name="Src">78156#out:1</P>
    <P Name="Points">[114, 0]</P>
    <Branch>
      <P Name="ZOrder">14</P>
      <P Name="Points">[0, 55]</P>
      <P Name="Dst">78160#in:1</P>
    </Branch>
    <Branch>
      <P Name="ZOrder">15</P>
      <P Name="Dst">78217#in:2</P>
    </Branch>
  </Line>
  <Line>
    <P Name="Name">&lt;atm_dyn_bus&gt;</P>
    <P Name="ZOrder">16</P>
    <P Name="Labels">[0, 1]</P>
    <P Name="Src">78160#out:1</P>
    <P Name="Points">[81, 0; 0, -50]</P>
    <P Name="Dst">78157#in:2</P>
  </Line>
</System>
