<?xml version="1.0" encoding="utf-8"?>
<System>
  <P Name="Location">[308, 352, 854, 887]</P>
  <P Name="SystemRect">[0.000000, 0.000000, 0.000000, 0.000000]</P>
  <P Name="SetExecutionDomain">off</P>
  <P Name="ExecutionDomainType">Deduce</P>
  <P Name="SimulinkSubDomain">Simulink</P>
  <Block BlockType="Inport" Name="In1" SID="74834:8:7">
    <P Name="Position">[75, 78, 105, 92]</P>
    <P Name="ZOrder">-1</P>
  </Block>
  <Block BlockType="Outport" Name="Out1" SID="74834:8:8">
    <P Name="Position">[325, 78, 355, 92]</P>
    <P Name="ZOrder">-2</P>
    <P Name="VectorParamsAs1DForOutWhenUnconnected">off</P>
  </Block>
  <Line>
    <P Name="ZOrder">1</P>
    <P Name="Src">74834:8:7#out:1</P>
    <P Name="Dst">74834:8:8#in:1</P>
  </Line>
</System>
