<?xml version="1.0" encoding="utf-8"?>
<System>
  <P Name="Location">[-1687, -7, 7, 1018]</P>
  <P Name="SystemRect">[0.000000, 0.000000, 0.000000, 0.000000]</P>
  <P Name="SetExecutionDomain">off</P>
  <P Name="ExecutionDomainType">Deduce</P>
  <P Name="SimulinkSubDomain">Simulink</P>
  <Block BlockType="Inport" Name="DCM" SID="79545">
    <P Name="Position">[-435, 43, -405, 57]</P>
    <P Name="ZOrder">-1</P>
    <P Name="BackgroundColor">yellow</P>
  </Block>
  <Block BlockType="EnablePort" Name="q_R^1(R) = TRUE" SID="79546">
    <P Name="Ports">[]</P>
    <P Name="Position">[-495, -230, -475, -210]</P>
    <P Name="ZOrder">-2</P>
  </Block>
  <Block BlockType="Sqrt" Name="(1+r11-r22-r33)^1/2" SID="79547">
    <P Name="Position">[-110, -185, -80, -155]</P>
    <P Name="ZOrder">15</P>
  </Block>
  <Block BlockType="Sum" Name="Add" SID="79548">
    <P Name="Ports">[4, 1]</P>
    <P Name="Position">[-185, -246, -145, -99]</P>
    <P Name="ZOrder">13</P>
    <P Name="ShowName">off</P>
    <P Name="IconShape">rectangular</P>
    <P Name="Inputs">++--</P>
  </Block>
  <Block BlockType="Constant" Name="Constant" SID="79549">
    <P Name="Position">[-280, -235, -255, -215]</P>
    <P Name="ZOrder">14</P>
    <P Name="ForegroundColor">orange</P>
    <P Name="ShowName">off</P>
  </Block>
  <Block BlockType="Product" Name="Divide" SID="79550">
    <P Name="Ports">[2, 1]</P>
    <P Name="Position">[65, -31, 95, 36]</P>
    <P Name="ZOrder">19</P>
    <P Name="ShowName">off</P>
    <P Name="Inputs">*/</P>
    <Port>
      <P Name="PortNumber">1</P>
      <P Name="Name">q2</P>
    </Port>
  </Block>
  <Block BlockType="Product" Name="Divide1" SID="79551">
    <P Name="Ports">[2, 1]</P>
    <P Name="Position">[65, 94, 95, 161]</P>
    <P Name="ZOrder">20</P>
    <P Name="ShowName">off</P>
    <P Name="Inputs">*/</P>
    <Port>
      <P Name="PortNumber">1</P>
      <P Name="Name">q3</P>
    </Port>
  </Block>
  <Block BlockType="Product" Name="Divide2" SID="79552">
    <P Name="Ports">[2, 1]</P>
    <P Name="Position">[65, 219, 95, 286]</P>
    <P Name="ZOrder">21</P>
    <P Name="ShowName">off</P>
    <P Name="Inputs">*/</P>
    <Port>
      <P Name="PortNumber">1</P>
      <P Name="Name">q4</P>
    </Port>
  </Block>
  <Block BlockType="Gain" Name="Gain" SID="79553">
    <P Name="Position">[185, 55, 215, 85]</P>
    <P Name="ZOrder">28</P>
    <P Name="ShowName">off</P>
    <P Name="Gain">0.5</P>
  </Block>
  <Block BlockType="Saturate" Name="Saturation" SID="79554">
    <P Name="Position">[-30, -185, 0, -155]</P>
    <P Name="ZOrder">29</P>
    <P Name="AttributesFormatString">%&lt;UpperLimit&gt;
%&lt;LowerLimit&gt;</P>
    <P Name="UpperLimit">inf</P>
    <P Name="LowerLimit">eps</P>
    <Port>
      <P Name="PortNumber">1</P>
      <P Name="Name">q1</P>
    </Port>
  </Block>
  <Block BlockType="Sum" Name="Subtract" SID="79555">
    <P Name="Ports">[2, 1]</P>
    <P Name="Position">[-185, 178, -145, 287]</P>
    <P Name="ZOrder">16</P>
    <P Name="ShowName">off</P>
    <P Name="IconShape">rectangular</P>
    <P Name="Inputs">+-</P>
    <Port>
      <P Name="PortNumber">1</P>
      <P Name="Name">dcm23-dcm32</P>
    </Port>
  </Block>
  <Block BlockType="Sum" Name="Subtract1" SID="79556">
    <P Name="Ports">[2, 1]</P>
    <P Name="Position">[-185, -72, -145, 37]</P>
    <P Name="ZOrder">17</P>
    <P Name="ShowName">off</P>
    <P Name="IconShape">rectangular</P>
    <Port>
      <P Name="PortNumber">1</P>
      <P Name="Name">dcm12+dcm21</P>
    </Port>
  </Block>
  <Block BlockType="Sum" Name="Subtract2" SID="79557">
    <P Name="Ports">[2, 1]</P>
    <P Name="Position">[-185, 53, -145, 162]</P>
    <P Name="ZOrder">18</P>
    <P Name="ShowName">off</P>
    <P Name="IconShape">rectangular</P>
    <Port>
      <P Name="PortNumber">1</P>
      <P Name="Name">dcm31+dcm13</P>
    </Port>
  </Block>
  <Block BlockType="Concatenate" Name="Vector&#xA;Concatenate" SID="79558">
    <P Name="Ports">[4, 1]</P>
    <P Name="Position">[130, -179, 135, 314]</P>
    <P Name="ZOrder">22</P>
    <P Name="ShowName">off</P>
    <P Name="NumInputs">4</P>
  </Block>
  <Block BlockType="Selector" Name="dcm11" SID="79559">
    <P Name="Ports">[1, 1]</P>
    <P Name="Position">[-290, -199, -250, -181]</P>
    <P Name="ZOrder">4</P>
    <P Name="NumberOfDimensions">2</P>
    <P Name="IndexMode">Zero-based</P>
    <P Name="InputPortWidth">3</P>
    <P Name="IndexOptions">Index vector (dialog),Index vector (dialog)</P>
    <P Name="Indices">0,0</P>
    <P Name="OutputSizes">1,1</P>
    <Port>
      <P Name="PortNumber">1</P>
      <P Name="Name">dcm11</P>
    </Port>
  </Block>
  <Block BlockType="Selector" Name="dcm12" SID="79560">
    <P Name="Ports">[1, 1]</P>
    <P Name="Position">[-290, -54, -250, -36]</P>
    <P Name="ZOrder">7</P>
    <P Name="NumberOfDimensions">2</P>
    <P Name="IndexMode">Zero-based</P>
    <P Name="InputPortWidth">3</P>
    <P Name="IndexOptions">Index vector (dialog),Index vector (dialog)</P>
    <P Name="Indices">0,1</P>
    <P Name="OutputSizes">1,1</P>
    <Port>
      <P Name="PortNumber">1</P>
      <P Name="Name">dcm12</P>
    </Port>
  </Block>
  <Block BlockType="Selector" Name="dcm13" SID="79561">
    <P Name="Ports">[1, 1]</P>
    <P Name="Position">[-290, 126, -250, 144]</P>
    <P Name="ZOrder">8</P>
    <P Name="NumberOfDimensions">2</P>
    <P Name="IndexMode">Zero-based</P>
    <P Name="InputPortWidth">3</P>
    <P Name="IndexOptions">Index vector (dialog),Index vector (dialog)</P>
    <P Name="Indices">0,2</P>
    <P Name="OutputSizes">1,1</P>
    <Port>
      <P Name="PortNumber">1</P>
      <P Name="Name">dcm13</P>
    </Port>
  </Block>
  <Block BlockType="Selector" Name="dcm21" SID="79562">
    <P Name="Ports">[1, 1]</P>
    <P Name="Position">[-290, 1, -250, 19]</P>
    <P Name="ZOrder">9</P>
    <P Name="NumberOfDimensions">2</P>
    <P Name="IndexMode">Zero-based</P>
    <P Name="InputPortWidth">3</P>
    <P Name="IndexOptions">Index vector (dialog),Index vector (dialog)</P>
    <P Name="Indices">1,0</P>
    <P Name="OutputSizes">1,1</P>
    <Port>
      <P Name="PortNumber">1</P>
      <P Name="Name">dcm21</P>
    </Port>
  </Block>
  <Block BlockType="Selector" Name="dcm22" SID="79563">
    <P Name="Ports">[1, 1]</P>
    <P Name="Position">[-290, -164, -250, -146]</P>
    <P Name="ZOrder">5</P>
    <P Name="NumberOfDimensions">2</P>
    <P Name="IndexMode">Zero-based</P>
    <P Name="InputPortWidth">3</P>
    <P Name="IndexOptions">Index vector (dialog),Index vector (dialog)</P>
    <P Name="Indices">1,1</P>
    <P Name="OutputSizes">1,1</P>
    <Port>
      <P Name="PortNumber">1</P>
      <P Name="Name">dcm22</P>
    </Port>
  </Block>
  <Block BlockType="Selector" Name="dcm23" SID="79564">
    <P Name="Ports">[1, 1]</P>
    <P Name="Position">[-290, 196, -250, 214]</P>
    <P Name="ZOrder">11</P>
    <P Name="NumberOfDimensions">2</P>
    <P Name="IndexMode">Zero-based</P>
    <P Name="InputPortWidth">3</P>
    <P Name="IndexOptions">Index vector (dialog),Index vector (dialog)</P>
    <P Name="Indices">1,2</P>
    <P Name="OutputSizes">1,1</P>
    <Port>
      <P Name="PortNumber">1</P>
      <P Name="Name">dcm23</P>
    </Port>
  </Block>
  <Block BlockType="Selector" Name="dcm31" SID="79565">
    <P Name="Ports">[1, 1]</P>
    <P Name="Position">[-290, 71, -250, 89]</P>
    <P Name="ZOrder">10</P>
    <P Name="NumberOfDimensions">2</P>
    <P Name="IndexMode">Zero-based</P>
    <P Name="InputPortWidth">3</P>
    <P Name="IndexOptions">Index vector (dialog),Index vector (dialog)</P>
    <P Name="Indices">2,0</P>
    <P Name="OutputSizes">1,1</P>
    <Port>
      <P Name="PortNumber">1</P>
      <P Name="Name">dcm31</P>
    </Port>
  </Block>
  <Block BlockType="Selector" Name="dcm32" SID="79566">
    <P Name="Ports">[1, 1]</P>
    <P Name="Position">[-290, 251, -250, 269]</P>
    <P Name="ZOrder">12</P>
    <P Name="NumberOfDimensions">2</P>
    <P Name="IndexMode">Zero-based</P>
    <P Name="InputPortWidth">3</P>
    <P Name="IndexOptions">Index vector (dialog),Index vector (dialog)</P>
    <P Name="Indices">2,1</P>
    <P Name="OutputSizes">1,1</P>
    <Port>
      <P Name="PortNumber">1</P>
      <P Name="Name">dcm32</P>
    </Port>
  </Block>
  <Block BlockType="Selector" Name="dcm33" SID="79567">
    <P Name="Ports">[1, 1]</P>
    <P Name="Position">[-290, -129, -250, -111]</P>
    <P Name="ZOrder">6</P>
    <P Name="NumberOfDimensions">2</P>
    <P Name="IndexMode">Zero-based</P>
    <P Name="InputPortWidth">3</P>
    <P Name="IndexOptions">Index vector (dialog),Index vector (dialog)</P>
    <P Name="Indices">2,2</P>
    <P Name="OutputSizes">1,1</P>
    <Port>
      <P Name="PortNumber">1</P>
      <P Name="Name">dcm33</P>
    </Port>
  </Block>
  <Block BlockType="Outport" Name="q_R^1(R)" SID="79568">
    <P Name="Position">[275, 63, 305, 77]</P>
    <P Name="ZOrder">-3</P>
    <P Name="BackgroundColor">orange</P>
    <P Name="VectorParamsAs1DForOutWhenUnconnected">off</P>
  </Block>
  <Line>
    <P Name="Name">q1</P>
    <P Name="ZOrder">1</P>
    <P Name="Src">79554#out:1</P>
    <P Name="Points">[32, 0; 0, 50]</P>
    <Branch>
      <P Name="ZOrder">2</P>
      <P Name="Points">[0, 140]</P>
      <Branch>
        <P Name="ZOrder">3</P>
        <P Name="Dst">79550#in:2</P>
      </Branch>
      <Branch>
        <P Name="ZOrder">4</P>
        <P Name="Points">[0, 125]</P>
        <Branch>
          <P Name="ZOrder">5</P>
          <P Name="Dst">79551#in:2</P>
        </Branch>
        <Branch>
          <P Name="ZOrder">6</P>
          <P Name="Points">[0, 125]</P>
          <P Name="Dst">79552#in:2</P>
        </Branch>
      </Branch>
    </Branch>
    <Branch>
      <P Name="ZOrder">7</P>
      <P Name="Labels">[1, 1]</P>
      <P Name="Dst">79558#in:1</P>
    </Branch>
  </Line>
  <Line>
    <P Name="ZOrder">8</P>
    <P Name="Src">79553#out:1</P>
    <P Name="Dst">79568#in:1</P>
  </Line>
  <Line>
    <P Name="ZOrder">9</P>
    <P Name="Src">79558#out:1</P>
    <P Name="Dst">79553#in:1</P>
  </Line>
  <Line>
    <P Name="Name">q2</P>
    <P Name="ZOrder">10</P>
    <P Name="Labels">[1, 1]</P>
    <P Name="Src">79550#out:1</P>
    <P Name="Dst">79558#in:2</P>
  </Line>
  <Line>
    <P Name="Name">q3</P>
    <P Name="ZOrder">11</P>
    <P Name="Labels">[1, 1]</P>
    <P Name="Src">79551#out:1</P>
    <P Name="Dst">79558#in:3</P>
  </Line>
  <Line>
    <P Name="Name">q4</P>
    <P Name="ZOrder">12</P>
    <P Name="Labels">[1, 1]</P>
    <P Name="Src">79552#out:1</P>
    <P Name="Dst">79558#in:4</P>
  </Line>
  <Line>
    <P Name="ZOrder">13</P>
    <P Name="Src">79547#out:1</P>
    <P Name="Dst">79554#in:1</P>
  </Line>
  <Line>
    <P Name="Name">dcm23-dcm32</P>
    <P Name="ZOrder">14</P>
    <P Name="Labels">[0, 0]</P>
    <P Name="Src">79555#out:1</P>
    <P Name="Dst">79552#in:1</P>
  </Line>
  <Line>
    <P Name="Name">dcm31+dcm13</P>
    <P Name="ZOrder">15</P>
    <P Name="Labels">[0, 0]</P>
    <P Name="Src">79557#out:1</P>
    <P Name="Dst">79551#in:1</P>
  </Line>
  <Line>
    <P Name="Name">dcm12+dcm21</P>
    <P Name="ZOrder">16</P>
    <P Name="Labels">[0, 0]</P>
    <P Name="Src">79556#out:1</P>
    <P Name="Dst">79550#in:1</P>
  </Line>
  <Line>
    <P Name="Name">dcm12</P>
    <P Name="ZOrder">17</P>
    <P Name="Labels">[0, 0]</P>
    <P Name="Src">79560#out:1</P>
    <P Name="Dst">79556#in:1</P>
  </Line>
  <Line>
    <P Name="Name">dcm21</P>
    <P Name="ZOrder">18</P>
    <P Name="Labels">[0, 0]</P>
    <P Name="Src">79562#out:1</P>
    <P Name="Dst">79556#in:2</P>
  </Line>
  <Line>
    <P Name="Name">dcm13</P>
    <P Name="ZOrder">19</P>
    <P Name="Labels">[0, 0]</P>
    <P Name="Src">79561#out:1</P>
    <P Name="Dst">79557#in:2</P>
  </Line>
  <Line>
    <P Name="Name">dcm31</P>
    <P Name="ZOrder">20</P>
    <P Name="Labels">[0, 0]</P>
    <P Name="Src">79565#out:1</P>
    <P Name="Dst">79557#in:1</P>
  </Line>
  <Line>
    <P Name="Name">dcm32</P>
    <P Name="ZOrder">21</P>
    <P Name="Labels">[0, 0]</P>
    <P Name="Src">79566#out:1</P>
    <P Name="Dst">79555#in:2</P>
  </Line>
  <Line>
    <P Name="Name">dcm23</P>
    <P Name="ZOrder">22</P>
    <P Name="Labels">[0, 0]</P>
    <P Name="Src">79564#out:1</P>
    <P Name="Dst">79555#in:1</P>
  </Line>
  <Line>
    <P Name="ZOrder">23</P>
    <P Name="Src">79548#out:1</P>
    <P Name="Dst">79547#in:1</P>
  </Line>
  <Line>
    <P Name="Name">dcm33</P>
    <P Name="ZOrder">24</P>
    <P Name="Labels">[0, 0]</P>
    <P Name="Src">79567#out:1</P>
    <P Name="Dst">79548#in:4</P>
  </Line>
  <Line>
    <P Name="Name">dcm22</P>
    <P Name="ZOrder">25</P>
    <P Name="Labels">[0, 0]</P>
    <P Name="Src">79563#out:1</P>
    <P Name="Dst">79548#in:3</P>
  </Line>
  <Line>
    <P Name="Name">dcm11</P>
    <P Name="ZOrder">26</P>
    <P Name="Labels">[0, 0]</P>
    <P Name="Src">79559#out:1</P>
    <P Name="Dst">79548#in:2</P>
  </Line>
  <Line>
    <P Name="ZOrder">27</P>
    <P Name="Src">79549#out:1</P>
    <P Name="Dst">79548#in:1</P>
  </Line>
  <Line>
    <P Name="ZOrder">28</P>
    <P Name="Src">79545#out:1</P>
    <P Name="Points">[42, 0]</P>
    <Branch>
      <P Name="ZOrder">29</P>
      <P Name="Points">[0, 30]</P>
      <Branch>
        <P Name="ZOrder">30</P>
        <P Name="Dst">79565#in:1</P>
      </Branch>
      <Branch>
        <P Name="ZOrder">31</P>
        <P Name="Points">[0, 55]</P>
        <Branch>
          <P Name="ZOrder">32</P>
          <P Name="Dst">79561#in:1</P>
        </Branch>
        <Branch>
          <P Name="ZOrder">33</P>
          <P Name="Points">[0, 70]</P>
          <Branch>
            <P Name="ZOrder">34</P>
            <P Name="Dst">79564#in:1</P>
          </Branch>
          <Branch>
            <P Name="ZOrder">35</P>
            <P Name="Points">[0, 55]</P>
            <P Name="Dst">79566#in:1</P>
          </Branch>
        </Branch>
      </Branch>
    </Branch>
    <Branch>
      <P Name="ZOrder">36</P>
      <P Name="Points">[0, -40]</P>
      <Branch>
        <P Name="ZOrder">37</P>
        <P Name="Dst">79562#in:1</P>
      </Branch>
      <Branch>
        <P Name="ZOrder">38</P>
        <P Name="Points">[0, -55]</P>
        <Branch>
          <P Name="ZOrder">39</P>
          <P Name="Dst">79560#in:1</P>
        </Branch>
        <Branch>
          <P Name="ZOrder">40</P>
          <P Name="Points">[0, -75]</P>
          <Branch>
            <P Name="ZOrder">41</P>
            <P Name="Dst">79567#in:1</P>
          </Branch>
          <Branch>
            <P Name="ZOrder">42</P>
            <P Name="Points">[0, -35]</P>
            <Branch>
              <P Name="ZOrder">43</P>
              <P Name="Dst">79563#in:1</P>
            </Branch>
            <Branch>
              <P Name="ZOrder">44</P>
              <P Name="Points">[0, -35]</P>
              <P Name="Dst">79559#in:1</P>
            </Branch>
          </Branch>
        </Branch>
      </Branch>
    </Branch>
  </Line>
</System>
