<?xml version="1.0" encoding="utf-8"?>
<System>
  <P Name="Location">[-7, -7, 1543, 831]</P>
  <P Name="SystemRect">[0.000000, 0.000000, 0.000000, 0.000000]</P>
  <P Name="SetExecutionDomain">off</P>
  <P Name="ExecutionDomainType">Deduce</P>
  <P Name="SimulinkSubDomain">Simulink</P>
  <Block BlockType="Inport" Name="In1" SID="80606">
    <P Name="Position">[110, 103, 140, 117]</P>
    <P Name="ZOrder">-1</P>
  </Block>
  <Block BlockType="TriggerPort" Name="Trigger" SID="80607">
    <P Name="Ports">[]</P>
    <P Name="Position">[225, 20, 245, 40]</P>
    <P Name="ZOrder">-2</P>
    <P Name="VariantControl">Variant</P>
    <P Name="StatesWhenEnabling">held</P>
  </Block>
  <Block BlockType="Outport" Name="Out1" SID="80608">
    <P Name="Position">[360, 103, 390, 117]</P>
    <P Name="ZOrder">-3</P>
  </Block>
  <Line>
    <P Name="ZOrder">1</P>
    <P Name="Src">80606#out:1</P>
    <P Name="Dst">80608#in:1</P>
  </Line>
</System>
