<?xml version="1.0" encoding="utf-8"?>
<System>
  <P Name="Location">[-7, -7, 1543, 831]</P>
  <P Name="SystemRect">[0.000000, 0.000000, 0.000000, 0.000000]</P>
  <P Name="SetExecutionDomain">off</P>
  <P Name="ExecutionDomainType">Deduce</P>
  <P Name="ZoomFactor">250</P>
  <P Name="SimulinkSubDomain">Simulink</P>
  <Block BlockType="Inport" Name="send" SID="80614">
    <P Name="Position">[-185, -12, -155, 2]</P>
    <P Name="ZOrder">21922</P>
  </Block>
  <Block BlockType="Inport" Name="receive" SID="80615">
    <P Name="Position">[-185, 43, -155, 57]</P>
    <P Name="ZOrder">21923</P>
    <P Name="Port">2</P>
    <Port>
      <P Name="PortNumber">1</P>
      <P Name="Name">receive</P>
    </Port>
  </Block>
  <Block BlockType="DataTypeConversion" Name="Cast To Single" SID="80616">
    <P Name="Position">[-45, 28, -10, 62]</P>
    <P Name="ZOrder">21940</P>
    <P Name="OutDataTypeStr">single</P>
    <P Name="RndMeth">Floor</P>
    <P Name="SaturateOnIntegerOverflow">off</P>
  </Block>
  <Block BlockType="Mux" Name="Mux" SID="80617">
    <P Name="Ports">[2, 1]</P>
    <P Name="Position">[80, 16, 85, 54]</P>
    <P Name="ZOrder">21937</P>
    <P Name="ShowName">off</P>
    <P Name="Inputs">2</P>
    <P Name="DisplayOption">bar</P>
  </Block>
  <Block BlockType="RateTransition" Name="Rate Transition" SID="80618">
    <P Name="Position">[-95, -21, -65, 11]</P>
    <P Name="ZOrder">21934</P>
    <P Name="OutPortSampleTime">0.001</P>
  </Block>
  <Block BlockType="RateTransition" Name="Rate Transition1" SID="80619">
    <P Name="Position">[-95, 34, -65, 66]</P>
    <P Name="ZOrder">21935</P>
    <P Name="OutPortSampleTime">0.001</P>
  </Block>
  <Block BlockType="Outport" Name="Heartbeat Sync" SID="80620">
    <P Name="Position">[115, 28, 145, 42]</P>
    <P Name="ZOrder">21938</P>
  </Block>
  <Line>
    <P Name="Name">receive</P>
    <P Name="ZOrder">1</P>
    <P Name="Labels">[0, 0]</P>
    <P Name="Src">80615#out:1</P>
    <P Name="Dst">80619#in:1</P>
  </Line>
  <Line>
    <P Name="ZOrder">2</P>
    <P Name="Src">80614#out:1</P>
    <P Name="Dst">80618#in:1</P>
  </Line>
  <Line>
    <P Name="ZOrder">3</P>
    <P Name="Src">80618#out:1</P>
    <P Name="Points">[63, 0; 0, 30]</P>
    <P Name="Dst">80617#in:1</P>
  </Line>
  <Line>
    <P Name="ZOrder">4</P>
    <P Name="Src">80619#out:1</P>
    <P Name="Dst">80616#in:1</P>
  </Line>
  <Line>
    <P Name="ZOrder">5</P>
    <P Name="Src">80617#out:1</P>
    <P Name="Dst">80620#in:1</P>
  </Line>
  <Line>
    <P Name="ZOrder">6</P>
    <P Name="Src">80616#out:1</P>
    <P Name="Dst">80617#in:2</P>
  </Line>
  <Annotation SID="80621">
    <P Name="Name">This block ensures the Pixhawk is connected and functioning correctly</P>
    <P Name="Position">[-34, -73, 277, -59]</P>
    <P Name="InternalMargins">[0, 0, 0, 0]</P>
    <P Name="ForegroundColor">green</P>
    <P Name="ZOrder">-1</P>
  </Annotation>
</System>
