<?xml version="1.0" encoding="utf-8"?>
<System>
  <P Name="Location">[-1687, -7, 7, 1018]</P>
  <P Name="SystemRect">[0.000000, 0.000000, 0.000000, 0.000000]</P>
  <P Name="SetExecutionDomain">off</P>
  <P Name="ExecutionDomainType">Deduce</P>
  <P Name="SimulinkSubDomain">Simulink</P>
  <Block BlockType="Inport" Name="DCM" SID="79595">
    <P Name="Position">[-435, -82, -405, -68]</P>
    <P Name="ZOrder">-1</P>
    <P Name="BackgroundColor">yellow</P>
  </Block>
  <Block BlockType="EnablePort" Name="q_R^3(R) = TRUE" SID="79596">
    <P Name="Ports">[]</P>
    <P Name="Position">[-450, -250, -430, -230]</P>
    <P Name="ZOrder">-2</P>
  </Block>
  <Block BlockType="Sqrt" Name="(1-r11-r22+r33)^1/2" SID="79597">
    <P Name="Position">[-110, 115, -80, 145]</P>
    <P Name="ZOrder">15</P>
  </Block>
  <Block BlockType="Sum" Name="Add" SID="79598">
    <P Name="Ports">[4, 1]</P>
    <P Name="Position">[-185, 54, -145, 201]</P>
    <P Name="ZOrder">13</P>
    <P Name="ShowName">off</P>
    <P Name="IconShape">rectangular</P>
    <P Name="Inputs">+--+</P>
  </Block>
  <Block BlockType="Constant" Name="Constant" SID="79599">
    <P Name="Position">[-280, 65, -255, 85]</P>
    <P Name="ZOrder">14</P>
    <P Name="ForegroundColor">orange</P>
    <P Name="ShowName">off</P>
  </Block>
  <Block BlockType="Product" Name="Divide" SID="79600">
    <P Name="Ports">[2, 1]</P>
    <P Name="Position">[65, 219, 95, 286]</P>
    <P Name="ZOrder">19</P>
    <P Name="ShowName">off</P>
    <P Name="Inputs">*/</P>
    <Port>
      <P Name="PortNumber">1</P>
      <P Name="Name">q4</P>
    </Port>
  </Block>
  <Block BlockType="Product" Name="Divide1" SID="79601">
    <P Name="Ports">[2, 1]</P>
    <P Name="Position">[65, -156, 95, -89]</P>
    <P Name="ZOrder">20</P>
    <P Name="ShowName">off</P>
    <P Name="Inputs">*/</P>
    <Port>
      <P Name="PortNumber">1</P>
      <P Name="Name">q1</P>
    </Port>
  </Block>
  <Block BlockType="Product" Name="Divide2" SID="79602">
    <P Name="Ports">[2, 1]</P>
    <P Name="Position">[65, -31, 95, 36]</P>
    <P Name="ZOrder">21</P>
    <P Name="ShowName">off</P>
    <P Name="Inputs">*/</P>
    <Port>
      <P Name="PortNumber">1</P>
      <P Name="Name">q2</P>
    </Port>
  </Block>
  <Block BlockType="Gain" Name="Gain" SID="79603">
    <P Name="Position">[195, 55, 225, 85]</P>
    <P Name="ZOrder">28</P>
    <P Name="ShowName">off</P>
    <P Name="Gain">0.5</P>
  </Block>
  <Block BlockType="Saturate" Name="Saturation" SID="79604">
    <P Name="Position">[-30, 115, 0, 145]</P>
    <P Name="ZOrder">29</P>
    <P Name="AttributesFormatString">%&lt;UpperLimit&gt;
%&lt;LowerLimit&gt;</P>
    <P Name="UpperLimit">inf</P>
    <P Name="LowerLimit">eps</P>
    <Port>
      <P Name="PortNumber">1</P>
      <P Name="Name">q3</P>
    </Port>
  </Block>
  <Block BlockType="Sum" Name="Subtract" SID="79605">
    <P Name="Ports">[2, 1]</P>
    <P Name="Position">[-185, -72, -145, 37]</P>
    <P Name="ZOrder">16</P>
    <P Name="ShowName">off</P>
    <P Name="IconShape">rectangular</P>
    <Port>
      <P Name="PortNumber">1</P>
      <P Name="Name">dcm23+dcm32</P>
    </Port>
  </Block>
  <Block BlockType="Sum" Name="Subtract1" SID="79606">
    <P Name="Ports">[2, 1]</P>
    <P Name="Position">[-185, 218, -145, 327]</P>
    <P Name="ZOrder">17</P>
    <P Name="ShowName">off</P>
    <P Name="IconShape">rectangular</P>
    <P Name="Inputs">+-</P>
    <Port>
      <P Name="PortNumber">1</P>
      <P Name="Name">dcm12-dcm21</P>
    </Port>
  </Block>
  <Block BlockType="Sum" Name="Subtract2" SID="79607">
    <P Name="Ports">[2, 1]</P>
    <P Name="Position">[-185, -197, -145, -88]</P>
    <P Name="ZOrder">18</P>
    <P Name="ShowName">off</P>
    <P Name="IconShape">rectangular</P>
    <Port>
      <P Name="PortNumber">1</P>
      <P Name="Name">dcm31+dcm13</P>
    </Port>
  </Block>
  <Block BlockType="Concatenate" Name="Vector&#xA;Concatenate" SID="79608">
    <P Name="Ports">[4, 1]</P>
    <P Name="Position">[130, -179, 135, 314]</P>
    <P Name="ZOrder">22</P>
    <P Name="ShowName">off</P>
    <P Name="NumInputs">4</P>
  </Block>
  <Block BlockType="Selector" Name="dcm11" SID="79609">
    <P Name="Ports">[1, 1]</P>
    <P Name="Position">[-290, 101, -250, 119]</P>
    <P Name="ZOrder">4</P>
    <P Name="NumberOfDimensions">2</P>
    <P Name="IndexMode">Zero-based</P>
    <P Name="InputPortWidth">3</P>
    <P Name="IndexOptions">Index vector (dialog),Index vector (dialog)</P>
    <P Name="Indices">0,0</P>
    <P Name="OutputSizes">1,1</P>
    <Port>
      <P Name="PortNumber">1</P>
      <P Name="Name">dcm11</P>
    </Port>
  </Block>
  <Block BlockType="Selector" Name="dcm12" SID="79610">
    <P Name="Ports">[1, 1]</P>
    <P Name="Position">[-290, 236, -250, 254]</P>
    <P Name="ZOrder">7</P>
    <P Name="NumberOfDimensions">2</P>
    <P Name="IndexMode">Zero-based</P>
    <P Name="InputPortWidth">3</P>
    <P Name="IndexOptions">Index vector (dialog),Index vector (dialog)</P>
    <P Name="Indices">0,1</P>
    <P Name="OutputSizes">1,1</P>
    <Port>
      <P Name="PortNumber">1</P>
      <P Name="Name">dcm12</P>
    </Port>
  </Block>
  <Block BlockType="Selector" Name="dcm13" SID="79611">
    <P Name="Ports">[1, 1]</P>
    <P Name="Position">[-290, -124, -250, -106]</P>
    <P Name="ZOrder">8</P>
    <P Name="NumberOfDimensions">2</P>
    <P Name="IndexMode">Zero-based</P>
    <P Name="InputPortWidth">3</P>
    <P Name="IndexOptions">Index vector (dialog),Index vector (dialog)</P>
    <P Name="Indices">0,2</P>
    <P Name="OutputSizes">1,1</P>
    <Port>
      <P Name="PortNumber">1</P>
      <P Name="Name">dcm13</P>
    </Port>
  </Block>
  <Block BlockType="Selector" Name="dcm21" SID="79612">
    <P Name="Ports">[1, 1]</P>
    <P Name="Position">[-290, 291, -250, 309]</P>
    <P Name="ZOrder">9</P>
    <P Name="NumberOfDimensions">2</P>
    <P Name="IndexMode">Zero-based</P>
    <P Name="InputPortWidth">3</P>
    <P Name="IndexOptions">Index vector (dialog),Index vector (dialog)</P>
    <P Name="Indices">1,0</P>
    <P Name="OutputSizes">1,1</P>
    <Port>
      <P Name="PortNumber">1</P>
      <P Name="Name">dcm21</P>
    </Port>
  </Block>
  <Block BlockType="Selector" Name="dcm22" SID="79613">
    <P Name="Ports">[1, 1]</P>
    <P Name="Position">[-290, 136, -250, 154]</P>
    <P Name="ZOrder">5</P>
    <P Name="NumberOfDimensions">2</P>
    <P Name="IndexMode">Zero-based</P>
    <P Name="InputPortWidth">3</P>
    <P Name="IndexOptions">Index vector (dialog),Index vector (dialog)</P>
    <P Name="Indices">1,1</P>
    <P Name="OutputSizes">1,1</P>
    <Port>
      <P Name="PortNumber">1</P>
      <P Name="Name">dcm22</P>
    </Port>
  </Block>
  <Block BlockType="Selector" Name="dcm23" SID="79614">
    <P Name="Ports">[1, 1]</P>
    <P Name="Position">[-290, -54, -250, -36]</P>
    <P Name="ZOrder">11</P>
    <P Name="NumberOfDimensions">2</P>
    <P Name="IndexMode">Zero-based</P>
    <P Name="InputPortWidth">3</P>
    <P Name="IndexOptions">Index vector (dialog),Index vector (dialog)</P>
    <P Name="Indices">1,2</P>
    <P Name="OutputSizes">1,1</P>
    <Port>
      <P Name="PortNumber">1</P>
      <P Name="Name">dcm23</P>
    </Port>
  </Block>
  <Block BlockType="Selector" Name="dcm31" SID="79615">
    <P Name="Ports">[1, 1]</P>
    <P Name="Position">[-290, -179, -250, -161]</P>
    <P Name="ZOrder">10</P>
    <P Name="NumberOfDimensions">2</P>
    <P Name="IndexMode">Zero-based</P>
    <P Name="InputPortWidth">3</P>
    <P Name="IndexOptions">Index vector (dialog),Index vector (dialog)</P>
    <P Name="Indices">2,0</P>
    <P Name="OutputSizes">1,1</P>
    <Port>
      <P Name="PortNumber">1</P>
      <P Name="Name">dcm31</P>
    </Port>
  </Block>
  <Block BlockType="Selector" Name="dcm32" SID="79616">
    <P Name="Ports">[1, 1]</P>
    <P Name="Position">[-290, 1, -250, 19]</P>
    <P Name="ZOrder">12</P>
    <P Name="NumberOfDimensions">2</P>
    <P Name="IndexMode">Zero-based</P>
    <P Name="InputPortWidth">3</P>
    <P Name="IndexOptions">Index vector (dialog),Index vector (dialog)</P>
    <P Name="Indices">2,1</P>
    <P Name="OutputSizes">1,1</P>
    <Port>
      <P Name="PortNumber">1</P>
      <P Name="Name">dcm32</P>
    </Port>
  </Block>
  <Block BlockType="Selector" Name="dcm33" SID="79617">
    <P Name="Ports">[1, 1]</P>
    <P Name="Position">[-290, 171, -250, 189]</P>
    <P Name="ZOrder">6</P>
    <P Name="NumberOfDimensions">2</P>
    <P Name="IndexMode">Zero-based</P>
    <P Name="InputPortWidth">3</P>
    <P Name="IndexOptions">Index vector (dialog),Index vector (dialog)</P>
    <P Name="Indices">2,2</P>
    <P Name="OutputSizes">1,1</P>
    <Port>
      <P Name="PortNumber">1</P>
      <P Name="Name">dcm33</P>
    </Port>
  </Block>
  <Block BlockType="Outport" Name="q_R^3(R)" SID="79618">
    <P Name="Position">[275, 63, 305, 77]</P>
    <P Name="ZOrder">-3</P>
    <P Name="BackgroundColor">orange</P>
    <P Name="VectorParamsAs1DForOutWhenUnconnected">off</P>
  </Block>
  <Line>
    <P Name="Name">q3</P>
    <P Name="ZOrder">1</P>
    <P Name="Src">79604#out:1</P>
    <P Name="Points">[27, 0]</P>
    <Branch>
      <P Name="ZOrder">2</P>
      <P Name="Points">[0, -110]</P>
      <Branch>
        <P Name="ZOrder">3</P>
        <P Name="Points">[0, -125]</P>
        <P Name="Dst">79601#in:2</P>
      </Branch>
      <Branch>
        <P Name="ZOrder">4</P>
        <P Name="Dst">79602#in:2</P>
      </Branch>
    </Branch>
    <Branch>
      <P Name="ZOrder">5</P>
      <P Name="Labels">[1, 1]</P>
      <P Name="Dst">79608#in:3</P>
    </Branch>
    <Branch>
      <P Name="ZOrder">6</P>
      <P Name="Points">[0, 140]</P>
      <P Name="Dst">79600#in:2</P>
    </Branch>
  </Line>
  <Line>
    <P Name="ZOrder">7</P>
    <P Name="Src">79603#out:1</P>
    <P Name="Dst">79618#in:1</P>
  </Line>
  <Line>
    <P Name="Name">q4</P>
    <P Name="ZOrder">8</P>
    <P Name="Labels">[1, 0]</P>
    <P Name="Src">79600#out:1</P>
    <P Name="Dst">79608#in:4</P>
  </Line>
  <Line>
    <P Name="ZOrder">9</P>
    <P Name="Src">79608#out:1</P>
    <P Name="Dst">79603#in:1</P>
  </Line>
  <Line>
    <P Name="ZOrder">10</P>
    <P Name="Src">79597#out:1</P>
    <P Name="Dst">79604#in:1</P>
  </Line>
  <Line>
    <P Name="Name">q2</P>
    <P Name="ZOrder">11</P>
    <P Name="Labels">[1, 1]</P>
    <P Name="Src">79602#out:1</P>
    <P Name="Dst">79608#in:2</P>
  </Line>
  <Line>
    <P Name="Name">q1</P>
    <P Name="ZOrder">12</P>
    <P Name="Labels">[1, 1]</P>
    <P Name="Src">79601#out:1</P>
    <P Name="Dst">79608#in:1</P>
  </Line>
  <Line>
    <P Name="Name">dcm23+dcm32</P>
    <P Name="ZOrder">13</P>
    <P Name="Labels">[0, 0]</P>
    <P Name="Src">79605#out:1</P>
    <P Name="Dst">79602#in:1</P>
  </Line>
  <Line>
    <P Name="Name">dcm31+dcm13</P>
    <P Name="ZOrder">14</P>
    <P Name="Labels">[0, 0]</P>
    <P Name="Src">79607#out:1</P>
    <P Name="Dst">79601#in:1</P>
  </Line>
  <Line>
    <P Name="Name">dcm12-dcm21</P>
    <P Name="ZOrder">15</P>
    <P Name="Labels">[0, 0]</P>
    <P Name="Src">79606#out:1</P>
    <P Name="Points">[150, 0; 0, -40]</P>
    <P Name="Dst">79600#in:1</P>
  </Line>
  <Line>
    <P Name="Name">dcm12</P>
    <P Name="ZOrder">16</P>
    <P Name="Labels">[0, 0]</P>
    <P Name="Src">79610#out:1</P>
    <P Name="Dst">79606#in:1</P>
  </Line>
  <Line>
    <P Name="Name">dcm21</P>
    <P Name="ZOrder">17</P>
    <P Name="Labels">[0, 0]</P>
    <P Name="Src">79612#out:1</P>
    <P Name="Dst">79606#in:2</P>
  </Line>
  <Line>
    <P Name="Name">dcm13</P>
    <P Name="ZOrder">18</P>
    <P Name="Labels">[0, 0]</P>
    <P Name="Src">79611#out:1</P>
    <P Name="Dst">79607#in:2</P>
  </Line>
  <Line>
    <P Name="Name">dcm31</P>
    <P Name="ZOrder">19</P>
    <P Name="Labels">[0, 0]</P>
    <P Name="Src">79615#out:1</P>
    <P Name="Dst">79607#in:1</P>
  </Line>
  <Line>
    <P Name="Name">dcm32</P>
    <P Name="ZOrder">20</P>
    <P Name="Labels">[0, 0]</P>
    <P Name="Src">79616#out:1</P>
    <P Name="Dst">79605#in:2</P>
  </Line>
  <Line>
    <P Name="Name">dcm23</P>
    <P Name="ZOrder">21</P>
    <P Name="Labels">[0, 0]</P>
    <P Name="Src">79614#out:1</P>
    <P Name="Dst">79605#in:1</P>
  </Line>
  <Line>
    <P Name="ZOrder">22</P>
    <P Name="Src">79598#out:1</P>
    <P Name="Dst">79597#in:1</P>
  </Line>
  <Line>
    <P Name="Name">dcm33</P>
    <P Name="ZOrder">23</P>
    <P Name="Labels">[0, 0]</P>
    <P Name="Src">79617#out:1</P>
    <P Name="Dst">79598#in:4</P>
  </Line>
  <Line>
    <P Name="Name">dcm22</P>
    <P Name="ZOrder">24</P>
    <P Name="Labels">[0, 0]</P>
    <P Name="Src">79613#out:1</P>
    <P Name="Dst">79598#in:3</P>
  </Line>
  <Line>
    <P Name="Name">dcm11</P>
    <P Name="ZOrder">25</P>
    <P Name="Labels">[0, 0]</P>
    <P Name="Src">79609#out:1</P>
    <P Name="Dst">79598#in:2</P>
  </Line>
  <Line>
    <P Name="ZOrder">26</P>
    <P Name="Src">79599#out:1</P>
    <P Name="Dst">79598#in:1</P>
  </Line>
  <Line>
    <P Name="ZOrder">27</P>
    <P Name="Src">79595#out:1</P>
    <P Name="Points">[42, 0]</P>
    <Branch>
      <P Name="ZOrder">28</P>
      <P Name="Points">[0, -40]</P>
      <Branch>
        <P Name="ZOrder">29</P>
        <P Name="Dst">79611#in:1</P>
      </Branch>
      <Branch>
        <P Name="ZOrder">30</P>
        <P Name="Points">[0, -55]</P>
        <P Name="Dst">79615#in:1</P>
      </Branch>
    </Branch>
    <Branch>
      <P Name="ZOrder">31</P>
      <P Name="Points">[0, 30]</P>
      <Branch>
        <P Name="ZOrder">32</P>
        <P Name="Dst">79614#in:1</P>
      </Branch>
      <Branch>
        <P Name="ZOrder">33</P>
        <P Name="Points">[0, 55]</P>
        <Branch>
          <P Name="ZOrder">34</P>
          <P Name="Dst">79616#in:1</P>
        </Branch>
        <Branch>
          <P Name="ZOrder">35</P>
          <P Name="Points">[0, 100]</P>
          <Branch>
            <P Name="ZOrder">36</P>
            <P Name="Dst">79609#in:1</P>
          </Branch>
          <Branch>
            <P Name="ZOrder">37</P>
            <P Name="Points">[0, 35]</P>
            <Branch>
              <P Name="ZOrder">38</P>
              <P Name="Dst">79613#in:1</P>
            </Branch>
            <Branch>
              <P Name="ZOrder">39</P>
              <P Name="Points">[0, 35]</P>
              <Branch>
                <P Name="ZOrder">40</P>
                <P Name="Dst">79617#in:1</P>
              </Branch>
              <Branch>
                <P Name="ZOrder">41</P>
                <P Name="Points">[0, 65]</P>
                <Branch>
                  <P Name="ZOrder">42</P>
                  <P Name="Points">[0, 55]</P>
                  <P Name="Dst">79612#in:1</P>
                </Branch>
                <Branch>
                  <P Name="ZOrder">43</P>
                  <P Name="Dst">79610#in:1</P>
                </Branch>
              </Branch>
            </Branch>
          </Branch>
        </Branch>
      </Branch>
    </Branch>
  </Line>
</System>
