<?xml version="1.0" encoding="utf-8"?>
<System>
  <P Name="Location">[1912, -8, 3848, 1048]</P>
  <P Name="SystemRect">[0.000000, 0.000000, 0.000000, 0.000000]</P>
  <P Name="SetExecutionDomain">off</P>
  <P Name="ExecutionDomainType">Deduce</P>
  <P Name="SimulinkSubDomain">Simulink</P>
  <Block BlockType="Inport" Name="pBEE" SID="75154">
    <P Name="Position">[145, 183, 175, 197]</P>
    <P Name="ZOrder">-1</P>
    <P Name="BackgroundColor">yellow</P>
  </Block>
  <Block BlockType="Inport" Name="c_rsma" SID="75155">
    <P Name="Position">[735, 368, 765, 382]</P>
    <P Name="ZOrder">-2</P>
    <P Name="BackgroundColor">yellow</P>
    <P Name="Port">2</P>
  </Block>
  <Block BlockType="Inport" Name="c_flat" SID="75156">
    <P Name="Position">[145, 403, 175, 417]</P>
    <P Name="ZOrder">-3</P>
    <P Name="BackgroundColor">yellow</P>
    <P Name="Port">3</P>
  </Block>
  <Block BlockType="Inport" Name="lat" SID="75157">
    <P Name="Position">[145, 313, 175, 327]</P>
    <P Name="ZOrder">-4</P>
    <P Name="BackgroundColor">yellow</P>
    <P Name="Port">4</P>
  </Block>
  <Block BlockType="Sum" Name="Add" SID="75158">
    <P Name="Ports">[2, 1]</P>
    <P Name="Position">[445, 212, 475, 243]</P>
    <P Name="ZOrder">1</P>
    <P Name="ShowName">off</P>
    <P Name="IconShape">rectangular</P>
  </Block>
  <Block BlockType="Constant" Name="Constant" SID="75159">
    <P Name="Position">[590, 340, 620, 370]</P>
    <P Name="ZOrder">13</P>
  </Block>
  <Block BlockType="Gain" Name="Gain" SID="75160">
    <P Name="Position">[285, 395, 315, 425]</P>
    <P Name="ZOrder">9</P>
    <P Name="ShowName">off</P>
    <P Name="Gain">2</P>
  </Block>
  <Block BlockType="Product" Name="Product" SID="75161">
    <P Name="Ports">[2, 1]</P>
    <P Name="Position">[665, 243, 690, 347]</P>
    <P Name="ZOrder">-8</P>
    <P Name="ShowName">off</P>
    <P Name="Inputs">*/</P>
    <P Name="InputSameDT">on</P>
    <P Name="OutDataTypeStr">Inherit: Same as first input</P>
    <P Name="RndMeth">Zero</P>
    <P Name="SaturateOnIntegerOverflow">on</P>
  </Block>
  <Block BlockType="Product" Name="Product1" SID="75162">
    <P Name="Ports">[2, 1]</P>
    <P Name="Position">[370, 182, 400, 213]</P>
    <P Name="ZOrder">2</P>
    <P Name="ShowName">off</P>
  </Block>
  <Block BlockType="Product" Name="Product2" SID="75163">
    <P Name="Ports">[2, 1]</P>
    <P Name="Position">[370, 237, 400, 268]</P>
    <P Name="ZOrder">3</P>
    <P Name="ShowName">off</P>
  </Block>
  <Block BlockType="Product" Name="Product3" SID="75164">
    <P Name="Ports">[2, 1]</P>
    <P Name="Position">[285, 442, 315, 473]</P>
    <P Name="ZOrder">7</P>
    <P Name="ShowName">off</P>
  </Block>
  <Block BlockType="Product" Name="Product4" SID="75165">
    <P Name="Ports">[2, 1]</P>
    <P Name="Position">[810, 348, 835, 452]</P>
    <P Name="ZOrder">10</P>
    <P Name="ShowName">off</P>
    <P Name="Inputs">*/</P>
    <P Name="InputSameDT">on</P>
    <P Name="OutDataTypeStr">Inherit: Same as first input</P>
    <P Name="RndMeth">Zero</P>
    <P Name="SaturateOnIntegerOverflow">on</P>
  </Block>
  <Block BlockType="Product" Name="Product5" SID="75166">
    <P Name="Ports">[3, 1]</P>
    <P Name="Position">[590, 394, 620, 466]</P>
    <P Name="ZOrder">14</P>
    <P Name="ShowName">off</P>
    <P Name="Inputs">3</P>
  </Block>
  <Block BlockType="Selector" Name="Selector" SID="75167">
    <P Name="Ports">[1, 1]</P>
    <P Name="Position">[265, 171, 305, 209]</P>
    <P Name="ZOrder">4</P>
    <P Name="IndexMode">Zero-based</P>
    <P Name="InputPortWidth">3</P>
    <P Name="IndexOptions">Index vector (dialog)</P>
    <P Name="Indices">0</P>
    <P Name="OutputSizes">1</P>
  </Block>
  <Block BlockType="Selector" Name="Selector1" SID="75168">
    <P Name="Ports">[1, 1]</P>
    <P Name="Position">[265, 226, 305, 264]</P>
    <P Name="ZOrder">5</P>
    <P Name="IndexMode">Zero-based</P>
    <P Name="InputPortWidth">3</P>
    <P Name="IndexOptions">Index vector (dialog)</P>
    <P Name="Indices">1</P>
    <P Name="OutputSizes">1</P>
  </Block>
  <Block BlockType="Sqrt" Name="Sqrt" SID="75169">
    <P Name="Position">[520, 215, 550, 245]</P>
    <P Name="ZOrder">6</P>
    <P Name="ShowName">off</P>
  </Block>
  <Block BlockType="Sqrt" Name="Sqrt1" SID="75170">
    <P Name="Position">[735, 410, 765, 440]</P>
    <P Name="ZOrder">11</P>
    <P Name="ShowName">off</P>
  </Block>
  <Block BlockType="Sum" Name="Subtract" SID="75171">
    <P Name="Ports">[2, 1]</P>
    <P Name="Position">[370, 437, 400, 468]</P>
    <P Name="ZOrder">8</P>
    <P Name="ShowName">off</P>
    <P Name="IconShape">rectangular</P>
    <P Name="Inputs">+-</P>
  </Block>
  <Block BlockType="Sum" Name="Subtract1" SID="75172">
    <P Name="Ports">[2, 1]</P>
    <P Name="Position">[665, 407, 695, 438]</P>
    <P Name="ZOrder">12</P>
    <P Name="ShowName">off</P>
    <P Name="IconShape">rectangular</P>
    <P Name="Inputs">+-</P>
  </Block>
  <Block BlockType="Sum" Name="Sum" SID="75173">
    <P Name="Ports">[2, 1]</P>
    <P Name="Position">[900, 240, 920, 455]</P>
    <P Name="ZOrder">-9</P>
    <P Name="ShowName">off</P>
    <P Name="IconShape">rectangular</P>
    <P Name="Inputs">+-</P>
    <P Name="InputSameDT">on</P>
    <P Name="OutDataTypeStr">Inherit: Same as first input</P>
    <P Name="SaturateOnIntegerOverflow">on</P>
    <Port>
      <P Name="PortNumber">1</P>
      <P Name="Name">alt</P>
    </Port>
  </Block>
  <Block BlockType="Trigonometry" Name="Trigonometric&#xA;Function" SID="75174">
    <P Name="Ports">[1, 1]</P>
    <P Name="Position">[480, 390, 510, 420]</P>
    <P Name="ZOrder">15</P>
    <P Name="ShowName">off</P>
  </Block>
  <Block BlockType="Trigonometry" Name="cos(latGD)" SID="75175">
    <P Name="Ports">[1, 1]</P>
    <P Name="Position">[520, 305, 550, 335]</P>
    <P Name="ZOrder">-10</P>
    <P Name="Operator">cos</P>
  </Block>
  <Block BlockType="Outport" Name="alt" SID="75176">
    <P Name="Position">[990, 343, 1020, 357]</P>
    <P Name="ZOrder">-12</P>
    <P Name="BackgroundColor">orange</P>
    <P Name="VectorParamsAs1DForOutWhenUnconnected">off</P>
  </Block>
  <Line>
    <P Name="ZOrder">1</P>
    <P Name="Src">75165#out:1</P>
    <P Name="Dst">75173#in:2</P>
  </Line>
  <Line>
    <P Name="ZOrder">2</P>
    <P Name="Src">75174#out:1</P>
    <P Name="Points">[34, 0]</P>
    <Branch>
      <P Name="ZOrder">3</P>
      <P Name="Dst">75166#in:1</P>
    </Branch>
    <Branch>
      <P Name="ZOrder">4</P>
      <P Name="Points">[0, 25]</P>
      <P Name="Dst">75166#in:2</P>
    </Branch>
  </Line>
  <Line>
    <P Name="ZOrder">5</P>
    <P Name="Src">75166#out:1</P>
    <P Name="Dst">75172#in:2</P>
  </Line>
  <Line>
    <P Name="ZOrder">6</P>
    <P Name="Src">75159#out:1</P>
    <P Name="Points">[18, 0; 0, 60]</P>
    <P Name="Dst">75172#in:1</P>
  </Line>
  <Line>
    <P Name="ZOrder">7</P>
    <P Name="Src">75172#out:1</P>
    <P Name="Dst">75170#in:1</P>
  </Line>
  <Line>
    <P Name="ZOrder">8</P>
    <P Name="Src">75170#out:1</P>
    <P Name="Dst">75165#in:2</P>
  </Line>
  <Line>
    <P Name="ZOrder">9</P>
    <P Name="Src">75156#out:1</P>
    <P Name="Points">[46, 0]</P>
    <Branch>
      <P Name="ZOrder">10</P>
      <P Name="Dst">75160#in:1</P>
    </Branch>
    <Branch>
      <P Name="ZOrder">11</P>
      <P Name="Points">[0, 40]</P>
      <Branch>
        <P Name="ZOrder">12</P>
        <P Name="Points">[0, 15]</P>
        <P Name="Dst">75164#in:2</P>
      </Branch>
      <Branch>
        <P Name="ZOrder">13</P>
        <P Name="Dst">75164#in:1</P>
      </Branch>
    </Branch>
  </Line>
  <Line>
    <P Name="ZOrder">14</P>
    <P Name="Src">75160#out:1</P>
    <P Name="Points">[23, 0; 0, 35]</P>
    <P Name="Dst">75171#in:1</P>
  </Line>
  <Line>
    <P Name="ZOrder">15</P>
    <P Name="Src">75164#out:1</P>
    <P Name="Dst">75171#in:2</P>
  </Line>
  <Line>
    <P Name="ZOrder">16</P>
    <P Name="Src">75154#out:1</P>
    <P Name="Points">[42, 0]</P>
    <Branch>
      <P Name="ZOrder">17</P>
      <P Name="Dst">75167#in:1</P>
    </Branch>
    <Branch>
      <P Name="ZOrder">18</P>
      <P Name="Points">[0, 55]</P>
      <P Name="Dst">75168#in:1</P>
    </Branch>
  </Line>
  <Line>
    <P Name="ZOrder">19</P>
    <P Name="Src">75158#out:1</P>
    <P Name="Dst">75169#in:1</P>
  </Line>
  <Line>
    <P Name="ZOrder">20</P>
    <P Name="Src">75163#out:1</P>
    <P Name="Points">[18, 0; 0, -20]</P>
    <P Name="Dst">75158#in:2</P>
  </Line>
  <Line>
    <P Name="ZOrder">21</P>
    <P Name="Src">75162#out:1</P>
    <P Name="Points">[18, 0; 0, 20]</P>
    <P Name="Dst">75158#in:1</P>
  </Line>
  <Line>
    <P Name="ZOrder">22</P>
    <P Name="Src">75168#out:1</P>
    <P Name="Points">[25, 0]</P>
    <Branch>
      <P Name="ZOrder">23</P>
      <P Name="Dst">75163#in:1</P>
    </Branch>
    <Branch>
      <P Name="ZOrder">24</P>
      <P Name="Points">[0, 15]</P>
      <P Name="Dst">75163#in:2</P>
    </Branch>
  </Line>
  <Line>
    <P Name="ZOrder">25</P>
    <P Name="Src">75167#out:1</P>
    <P Name="Points">[24, 0]</P>
    <Branch>
      <P Name="ZOrder">26</P>
      <P Name="Dst">75162#in:1</P>
    </Branch>
    <Branch>
      <P Name="ZOrder">27</P>
      <P Name="Points">[0, 15]</P>
      <P Name="Dst">75162#in:2</P>
    </Branch>
  </Line>
  <Line>
    <P Name="Name">alt</P>
    <P Name="ZOrder">28</P>
    <P Name="Labels">[-1, 1]</P>
    <P Name="Src">75173#out:1</P>
    <P Name="Dst">75176#in:1</P>
  </Line>
  <Line>
    <P Name="ZOrder">29</P>
    <P Name="Src">75161#out:1</P>
    <P Name="Dst">75173#in:1</P>
  </Line>
  <Line>
    <P Name="ZOrder">30</P>
    <P Name="Src">75171#out:1</P>
    <P Name="Dst">75166#in:3</P>
  </Line>
  <Line>
    <P Name="ZOrder">31</P>
    <P Name="Src">75155#out:1</P>
    <P Name="Dst">75165#in:1</P>
  </Line>
  <Line>
    <P Name="ZOrder">32</P>
    <P Name="Src">75175#out:1</P>
    <P Name="Dst">75161#in:2</P>
  </Line>
  <Line>
    <P Name="ZOrder">33</P>
    <P Name="Src">75169#out:1</P>
    <P Name="Points">[43, 0; 0, 40]</P>
    <P Name="Dst">75161#in:1</P>
  </Line>
  <Line>
    <P Name="ZOrder">34</P>
    <P Name="Src">75157#out:1</P>
    <P Name="Points">[263, 0]</P>
    <Branch>
      <P Name="ZOrder">35</P>
      <P Name="Dst">75175#in:1</P>
    </Branch>
    <Branch>
      <P Name="ZOrder">36</P>
      <P Name="Points">[0, 85]</P>
      <P Name="Dst">75174#in:1</P>
    </Branch>
  </Line>
</System>
