<?xml version="1.0" encoding="utf-8"?>
<System>
  <P Name="Location">[-7, -7, 1481, 871]</P>
  <P Name="SystemRect">[0.000000, 0.000000, 0.000000, 0.000000]</P>
  <P Name="SetExecutionDomain">off</P>
  <P Name="ExecutionDomainType">Deduce</P>
  <P Name="ZoomFactor">74</P>
  <P Name="SimulinkSubDomain">Simulink</P>
  <Block BlockType="Inport" Name="pBPB" SID="80068">
    <P Name="Position">[165, 1243, 195, 1257]</P>
    <P Name="ZOrder">651</P>
    <P Name="BackgroundColor">yellow</P>
    <Port>
      <P Name="PortNumber">1</P>
      <P Name="PropagatedSignals">pBPB</P>
      <P Name="ShowPropagatedSignals">on</P>
    </Port>
  </Block>
  <Block BlockType="Inport" Name="mM" SID="80069">
    <P Name="Position">[165, 1393, 195, 1407]</P>
    <P Name="ZOrder">688</P>
    <P Name="BackgroundColor">yellow</P>
    <P Name="Port">2</P>
    <Port>
      <P Name="PortNumber">1</P>
      <P Name="PropagatedSignals">mM</P>
      <P Name="ShowPropagatedSignals">on</P>
    </Port>
  </Block>
  <Block BlockType="Lookup_n-D" Name="1-D Lookup&#xA;Table" SID="80070">
    <P Name="Ports">[1, 1]</P>
    <P Name="Position">[1015, 988, 1080, 1052]</P>
    <P Name="ZOrder">750</P>
    <P Name="ShowName">off</P>
    <P Name="HideAutomaticName">off</P>
    <P Name="AttributesFormatString">%&lt;Table&gt;
%&lt;BreakpointsForDimension1&gt;
</P>
    <P Name="InputPortMap">u0</P>
    <P Name="NumberOfTableDimensions">1</P>
    <P Name="BreakpointsForDimension1">Mass_Props.propellant_bkpts</P>
    <P Name="Table">Mass_Props.Ixx_tbl</P>
    <P Name="ExtrapMethod">Clip</P>
    <P Name="UseLastTableValue">on</P>
    <P Name="InternalRulePriority">Speed</P>
    <P Name="RndMeth">Simplest</P>
  </Block>
  <Block BlockType="Lookup_n-D" Name="1-D Lookup&#xA;Table1" SID="80071">
    <P Name="Ports">[1, 1]</P>
    <P Name="Position">[1340, 993, 1405, 1057]</P>
    <P Name="ZOrder">751</P>
    <P Name="ShowName">off</P>
    <P Name="HideAutomaticName">off</P>
    <P Name="AttributesFormatString">%&lt;Table&gt;
%&lt;BreakpointsForDimension1&gt;
</P>
    <P Name="InputPortMap">u0</P>
    <P Name="NumberOfTableDimensions">1</P>
    <P Name="BreakpointsForDimension1">Mass_Props.propellant_bkpts</P>
    <P Name="Table">Mass_Props.Ixy_tbl</P>
    <P Name="ExtrapMethod">Clip</P>
    <P Name="UseLastTableValue">on</P>
    <P Name="InternalRulePriority">Speed</P>
    <P Name="RndMeth">Simplest</P>
  </Block>
  <Block BlockType="Lookup_n-D" Name="1-D Lookup&#xA;Table2" SID="80072">
    <P Name="Ports">[1, 1]</P>
    <P Name="Position">[1710, 993, 1775, 1057]</P>
    <P Name="ZOrder">752</P>
    <P Name="ShowName">off</P>
    <P Name="HideAutomaticName">off</P>
    <P Name="AttributesFormatString">%&lt;Table&gt;
%&lt;BreakpointsForDimension1&gt;
</P>
    <P Name="InputPortMap">u0</P>
    <P Name="NumberOfTableDimensions">1</P>
    <P Name="BreakpointsForDimension1">Mass_Props.propellant_bkpts</P>
    <P Name="Table">Mass_Props.Ixz_tbl</P>
    <P Name="ExtrapMethod">Clip</P>
    <P Name="UseLastTableValue">on</P>
    <P Name="InternalRulePriority">Speed</P>
    <P Name="RndMeth">Simplest</P>
  </Block>
  <Block BlockType="Lookup_n-D" Name="1-D Lookup&#xA;Table3" SID="80073">
    <P Name="Ports">[1, 1]</P>
    <P Name="Position">[1015, 1098, 1080, 1162]</P>
    <P Name="ZOrder">753</P>
    <P Name="ShowName">off</P>
    <P Name="HideAutomaticName">off</P>
    <P Name="AttributesFormatString">%&lt;Table&gt;
%&lt;BreakpointsForDimension1&gt;
</P>
    <P Name="InputPortMap">u0</P>
    <P Name="NumberOfTableDimensions">1</P>
    <P Name="BreakpointsForDimension1">Mass_Props.propellant_bkpts</P>
    <P Name="Table">Mass_Props.Iyx_tbl</P>
    <P Name="ExtrapMethod">Clip</P>
    <P Name="UseLastTableValue">on</P>
    <P Name="InternalRulePriority">Speed</P>
    <P Name="RndMeth">Simplest</P>
  </Block>
  <Block BlockType="Lookup_n-D" Name="1-D Lookup&#xA;Table4" SID="80074">
    <P Name="Ports">[1, 1]</P>
    <P Name="Position">[1340, 1103, 1405, 1167]</P>
    <P Name="ZOrder">754</P>
    <P Name="ShowName">off</P>
    <P Name="HideAutomaticName">off</P>
    <P Name="AttributesFormatString">%&lt;Table&gt;
%&lt;BreakpointsForDimension1&gt;
</P>
    <P Name="InputPortMap">u0</P>
    <P Name="NumberOfTableDimensions">1</P>
    <P Name="BreakpointsForDimension1">Mass_Props.propellant_bkpts</P>
    <P Name="Table">Mass_Props.Iyy_tbl</P>
    <P Name="ExtrapMethod">Clip</P>
    <P Name="UseLastTableValue">on</P>
    <P Name="InternalRulePriority">Speed</P>
    <P Name="RndMeth">Simplest</P>
  </Block>
  <Block BlockType="Lookup_n-D" Name="1-D Lookup&#xA;Table5" SID="80075">
    <P Name="Ports">[1, 1]</P>
    <P Name="Position">[1710, 1103, 1775, 1167]</P>
    <P Name="ZOrder">755</P>
    <P Name="ShowName">off</P>
    <P Name="HideAutomaticName">off</P>
    <P Name="AttributesFormatString">%&lt;Table&gt;
%&lt;BreakpointsForDimension1&gt;
</P>
    <P Name="InputPortMap">u0</P>
    <P Name="NumberOfTableDimensions">1</P>
    <P Name="BreakpointsForDimension1">Mass_Props.propellant_bkpts</P>
    <P Name="Table">Mass_Props.Iyz_tbl</P>
    <P Name="ExtrapMethod">Clip</P>
    <P Name="UseLastTableValue">on</P>
    <P Name="InternalRulePriority">Speed</P>
    <P Name="RndMeth">Simplest</P>
  </Block>
  <Block BlockType="Lookup_n-D" Name="1-D Lookup&#xA;Table6" SID="80076">
    <P Name="Ports">[1, 1]</P>
    <P Name="Position">[1015, 1208, 1080, 1272]</P>
    <P Name="ZOrder">756</P>
    <P Name="ShowName">off</P>
    <P Name="HideAutomaticName">off</P>
    <P Name="AttributesFormatString">%&lt;Table&gt;
%&lt;BreakpointsForDimension1&gt;
</P>
    <P Name="InputPortMap">u0</P>
    <P Name="NumberOfTableDimensions">1</P>
    <P Name="BreakpointsForDimension1">Mass_Props.propellant_bkpts</P>
    <P Name="Table">Mass_Props.Izx_tbl</P>
    <P Name="ExtrapMethod">Clip</P>
    <P Name="UseLastTableValue">on</P>
    <P Name="InternalRulePriority">Speed</P>
    <P Name="RndMeth">Simplest</P>
  </Block>
  <Block BlockType="Lookup_n-D" Name="1-D Lookup&#xA;Table7" SID="80077">
    <P Name="Ports">[1, 1]</P>
    <P Name="Position">[1340, 1213, 1405, 1277]</P>
    <P Name="ZOrder">757</P>
    <P Name="ShowName">off</P>
    <P Name="HideAutomaticName">off</P>
    <P Name="AttributesFormatString">%&lt;Table&gt;
%&lt;BreakpointsForDimension1&gt;
</P>
    <P Name="InputPortMap">u0</P>
    <P Name="NumberOfTableDimensions">1</P>
    <P Name="BreakpointsForDimension1">Mass_Props.propellant_bkpts</P>
    <P Name="Table">Mass_Props.Izy_tbl</P>
    <P Name="ExtrapMethod">Clip</P>
    <P Name="UseLastTableValue">on</P>
    <P Name="InternalRulePriority">Speed</P>
    <P Name="RndMeth">Simplest</P>
  </Block>
  <Block BlockType="Lookup_n-D" Name="1-D Lookup&#xA;Table8" SID="80078">
    <P Name="Ports">[1, 1]</P>
    <P Name="Position">[1710, 1213, 1775, 1277]</P>
    <P Name="ZOrder">758</P>
    <P Name="ShowName">off</P>
    <P Name="HideAutomaticName">off</P>
    <P Name="AttributesFormatString">%&lt;Table&gt;
%&lt;BreakpointsForDimension1&gt;
</P>
    <P Name="InputPortMap">u0</P>
    <P Name="NumberOfTableDimensions">1</P>
    <P Name="BreakpointsForDimension1">Mass_Props.propellant_bkpts</P>
    <P Name="Table">Mass_Props.Izz_tbl</P>
    <P Name="ExtrapMethod">Clip</P>
    <P Name="UseLastTableValue">on</P>
    <P Name="InternalRulePriority">Speed</P>
    <P Name="RndMeth">Simplest</P>
  </Block>
  <Block BlockType="Sum" Name="Add" SID="80079">
    <P Name="Ports">[2, 1]</P>
    <P Name="Position">[590, 1198, 610, 1467]</P>
    <P Name="ZOrder">744</P>
    <P Name="ShowName">off</P>
    <P Name="Commented">on</P>
    <P Name="IconShape">rectangular</P>
    <Port>
      <P Name="PortNumber">1</P>
      <P Name="Name">JMBB</P>
    </Port>
  </Block>
  <Block BlockType="Sum" Name="Add4" SID="80080">
    <P Name="Ports">[2, 1]</P>
    <P Name="Position">[685, 999, 705, 1446]</P>
    <P Name="ZOrder">746</P>
    <P Name="ShowName">off</P>
    <P Name="Commented">on</P>
    <P Name="IconShape">rectangular</P>
    <Port>
      <P Name="PortNumber">1</P>
      <P Name="Name">JBBB_c</P>
    </Port>
  </Block>
  <Block BlockType="Sum" Name="Add5" SID="80081">
    <P Name="Ports">[2, 1]</P>
    <P Name="Position">[590, 1043, 610, 1172]</P>
    <P Name="ZOrder">749</P>
    <P Name="ShowName">off</P>
    <P Name="Commented">on</P>
    <P Name="IconShape">rectangular</P>
    <Port>
      <P Name="PortNumber">1</P>
      <P Name="Name">JSBB</P>
    </Port>
  </Block>
  <Block BlockType="Constant" Name="Constant15" SID="80082">
    <P Name="Position">[440, 1060, 495, 1090]</P>
    <P Name="ZOrder">714</P>
    <P Name="ShowName">off</P>
    <P Name="Commented">on</P>
    <P Name="Value">JSPB_e</P>
  </Block>
  <Block BlockType="From" Name="From" SID="80083">
    <P Name="Position">[1470, 1398, 1525, 1422]</P>
    <P Name="ZOrder">771</P>
    <P Name="ShowName">off</P>
    <P Name="HideAutomaticName">off</P>
    <P Name="AttributesFormatString">%&lt;GotoTag&gt;</P>
    <P Name="GotoTag">MOI_matrix_col1</P>
  </Block>
  <Block BlockType="From" Name="From1" SID="80084">
    <P Name="Position">[1470, 1443, 1525, 1467]</P>
    <P Name="ZOrder">776</P>
    <P Name="ShowName">off</P>
    <P Name="HideAutomaticName">off</P>
    <P Name="AttributesFormatString">%&lt;GotoTag&gt;</P>
    <P Name="GotoTag">MOI_matrix_col2</P>
  </Block>
  <Block BlockType="From" Name="From2" SID="80085">
    <P Name="Position">[1470, 1488, 1525, 1512]</P>
    <P Name="ZOrder">777</P>
    <P Name="ShowName">off</P>
    <P Name="HideAutomaticName">off</P>
    <P Name="AttributesFormatString">%&lt;GotoTag&gt;</P>
    <P Name="GotoTag">MOI_matrix_col3</P>
  </Block>
  <Block BlockType="Goto" Name="Goto" SID="80086">
    <P Name="Position">[1180, 1118, 1235, 1142]</P>
    <P Name="ZOrder">772</P>
    <P Name="ShowName">off</P>
    <P Name="HideAutomaticName">off</P>
    <P Name="AttributesFormatString">%&lt;GotoTag&gt;</P>
    <P Name="GotoTag">MOI_matrix_col1</P>
  </Block>
  <Block BlockType="Goto" Name="Goto1" SID="80087">
    <P Name="Position">[1545, 1123, 1600, 1147]</P>
    <P Name="ZOrder">773</P>
    <P Name="ShowName">off</P>
    <P Name="HideAutomaticName">off</P>
    <P Name="AttributesFormatString">%&lt;GotoTag&gt;</P>
    <P Name="GotoTag">MOI_matrix_col2</P>
  </Block>
  <Block BlockType="Goto" Name="Goto2" SID="80088">
    <P Name="Position">[1930, 1123, 1985, 1147]</P>
    <P Name="ZOrder">774</P>
    <P Name="ShowName">off</P>
    <P Name="HideAutomaticName">off</P>
    <P Name="AttributesFormatString">%&lt;GotoTag&gt;</P>
    <P Name="GotoTag">MOI_matrix_col3</P>
  </Block>
  <Block BlockType="SubSystem" Name="JMMM_linear_interpolation" SID="80089">
    <P Name="Ports">[1, 1]</P>
    <P Name="Position">[260, 1380, 385, 1420]</P>
    <P Name="ZOrder">-43</P>
    <P Name="Commented">on</P>
    <P Name="RequestExecContextInheritance">off</P>
    <System Ref="system_80089"/>
  </Block>
  <Block BlockType="Concatenate" Name="Matrix&#xA;Concatenate" SID="80103">
    <P Name="Ports">[3, 1]</P>
    <P Name="Position">[1610, 1383, 1680, 1527]</P>
    <P Name="ZOrder">775</P>
    <P Name="ShowName">off</P>
    <P Name="HideAutomaticName">off</P>
    <P Name="NumInputs">3</P>
    <P Name="Mode">Multidimensional array</P>
    <P Name="ConcatenateDimension">2</P>
    <Port>
      <P Name="PortNumber">1</P>
      <P Name="Name">JBBB_c</P>
      <P Name="DataLogging">on</P>
    </Port>
  </Block>
  <Block BlockType="Terminator" Name="Terminator" SID="80104">
    <P Name="Position">[770, 1215, 790, 1235]</P>
    <P Name="ZOrder">779</P>
    <P Name="ShowName">off</P>
    <P Name="HideAutomaticName">off</P>
    <P Name="Commented">on</P>
  </Block>
  <Block BlockType="Concatenate" Name="Vector&#xA;Concatenate" SID="80105">
    <P Name="Ports">[3, 1]</P>
    <P Name="Position">[1145, 966, 1155, 1294]</P>
    <P Name="ZOrder">768</P>
    <P Name="ShowName">off</P>
    <P Name="HideAutomaticName">off</P>
    <P Name="NumInputs">3</P>
  </Block>
  <Block BlockType="Concatenate" Name="Vector&#xA;Concatenate1" SID="80106">
    <P Name="Ports">[3, 1]</P>
    <P Name="Position">[1490, 971, 1500, 1299]</P>
    <P Name="ZOrder">769</P>
    <P Name="ShowName">off</P>
    <P Name="HideAutomaticName">off</P>
    <P Name="NumInputs">3</P>
  </Block>
  <Block BlockType="Concatenate" Name="Vector&#xA;Concatenate2" SID="80107">
    <P Name="Ports">[3, 1]</P>
    <P Name="Position">[1885, 971, 1895, 1299]</P>
    <P Name="ZOrder">770</P>
    <P Name="ShowName">off</P>
    <P Name="HideAutomaticName">off</P>
    <P Name="NumInputs">3</P>
  </Block>
  <Block BlockType="InportShadow" Name="mM D1" SID="80108">
    <P Name="Position">[920, 1013, 950, 1027]</P>
    <P Name="ZOrder">759</P>
    <P Name="BackgroundColor">yellow</P>
    <P Name="Port">2</P>
    <Port>
      <P Name="PortNumber">1</P>
      <P Name="PropagatedSignals">mM</P>
      <P Name="ShowPropagatedSignals">on</P>
    </Port>
  </Block>
  <Block BlockType="InportShadow" Name="mM D2" SID="80109">
    <P Name="Position">[920, 1123, 950, 1137]</P>
    <P Name="ZOrder">760</P>
    <P Name="BackgroundColor">yellow</P>
    <P Name="Port">2</P>
    <Port>
      <P Name="PortNumber">1</P>
      <P Name="PropagatedSignals">mM</P>
      <P Name="ShowPropagatedSignals">on</P>
    </Port>
  </Block>
  <Block BlockType="InportShadow" Name="mM D3" SID="80110">
    <P Name="Position">[920, 1233, 950, 1247]</P>
    <P Name="ZOrder">761</P>
    <P Name="BackgroundColor">yellow</P>
    <P Name="Port">2</P>
    <Port>
      <P Name="PortNumber">1</P>
      <P Name="PropagatedSignals">mM</P>
      <P Name="ShowPropagatedSignals">on</P>
    </Port>
  </Block>
  <Block BlockType="InportShadow" Name="mM D4" SID="80111">
    <P Name="Position">[1270, 1018, 1300, 1032]</P>
    <P Name="ZOrder">762</P>
    <P Name="BackgroundColor">yellow</P>
    <P Name="Port">2</P>
    <Port>
      <P Name="PortNumber">1</P>
      <P Name="PropagatedSignals">mM</P>
      <P Name="ShowPropagatedSignals">on</P>
    </Port>
  </Block>
  <Block BlockType="InportShadow" Name="mM D5" SID="80112">
    <P Name="Position">[1270, 1128, 1300, 1142]</P>
    <P Name="ZOrder">763</P>
    <P Name="BackgroundColor">yellow</P>
    <P Name="Port">2</P>
    <Port>
      <P Name="PortNumber">1</P>
      <P Name="PropagatedSignals">mM</P>
      <P Name="ShowPropagatedSignals">on</P>
    </Port>
  </Block>
  <Block BlockType="InportShadow" Name="mM D6" SID="80113">
    <P Name="Position">[1270, 1238, 1300, 1252]</P>
    <P Name="ZOrder">764</P>
    <P Name="BackgroundColor">yellow</P>
    <P Name="Port">2</P>
    <Port>
      <P Name="PortNumber">1</P>
      <P Name="PropagatedSignals">mM</P>
      <P Name="ShowPropagatedSignals">on</P>
    </Port>
  </Block>
  <Block BlockType="InportShadow" Name="mM D7" SID="80114">
    <P Name="Position">[1630, 1018, 1660, 1032]</P>
    <P Name="ZOrder">765</P>
    <P Name="BackgroundColor">yellow</P>
    <P Name="Port">2</P>
    <Port>
      <P Name="PortNumber">1</P>
      <P Name="PropagatedSignals">mM</P>
      <P Name="ShowPropagatedSignals">on</P>
    </Port>
  </Block>
  <Block BlockType="InportShadow" Name="mM D8" SID="80115">
    <P Name="Position">[1630, 1128, 1660, 1142]</P>
    <P Name="ZOrder">766</P>
    <P Name="BackgroundColor">yellow</P>
    <P Name="Port">2</P>
    <Port>
      <P Name="PortNumber">1</P>
      <P Name="PropagatedSignals">mM</P>
      <P Name="ShowPropagatedSignals">on</P>
    </Port>
  </Block>
  <Block BlockType="InportShadow" Name="mM D9" SID="80116">
    <P Name="Position">[1630, 1238, 1660, 1252]</P>
    <P Name="ZOrder">767</P>
    <P Name="BackgroundColor">yellow</P>
    <P Name="Port">2</P>
    <Port>
      <P Name="PortNumber">1</P>
      <P Name="PropagatedSignals">mM</P>
      <P Name="ShowPropagatedSignals">on</P>
    </Port>
  </Block>
  <Block BlockType="SubSystem" Name="moi_coordinate_transformation" SID="80117">
    <P Name="Ports">[1, 1]</P>
    <P Name="Position">[435, 1382, 550, 1418]</P>
    <P Name="ZOrder">-45</P>
    <P Name="Commented">on</P>
    <P Name="RequestExecContextInheritance">off</P>
    <System Ref="system_80117"/>
  </Block>
  <Block BlockType="SubSystem" Name="moi_uncertainty" SID="80291">
    <P Name="Ports">[1, 1]</P>
    <P Name="Position">[1785, 1430, 1860, 1480]</P>
    <P Name="ZOrder">-51</P>
    <P Name="RequestExecContextInheritance">off</P>
    <Port>
      <P Name="PortNumber">1</P>
      <P Name="PropagatedSignals">JBBB</P>
      <P Name="ShowPropagatedSignals">on</P>
    </Port>
    <System Ref="system_80291"/>
  </Block>
  <Block BlockType="SubSystem" Name="steiners_theorem_missile" SID="80296">
    <P Name="Ports">[1, 1]</P>
    <P Name="Position">[435, 1112, 545, 1168]</P>
    <P Name="ZOrder">-49</P>
    <P Name="Commented">on</P>
    <P Name="RequestExecContextInheritance">off</P>
    <System Ref="system_80296"/>
  </Block>
  <Block BlockType="SubSystem" Name="steiners_theorem_motor" SID="80323">
    <P Name="Ports">[2, 1]</P>
    <P Name="Position">[435, 1235, 545, 1295]</P>
    <P Name="ZOrder">-47</P>
    <P Name="Commented">on</P>
    <P Name="RequestExecContextInheritance">off</P>
    <System Ref="system_80323"/>
  </Block>
  <Block BlockType="Outport" Name="JBBB" SID="80350">
    <P Name="Position">[1945, 1448, 1975, 1462]</P>
    <P Name="ZOrder">650</P>
    <P Name="BackgroundColor">orange</P>
    <P Name="VectorParamsAs1DForOutWhenUnconnected">off</P>
  </Block>
  <Line>
    <P Name="ZOrder">1</P>
    <P Name="Labels">[0, 1]</P>
    <P Name="Src">80069#out:1</P>
    <P Name="Points">[39, 0]</P>
    <Branch>
      <P Name="ZOrder">2</P>
      <P Name="Points">[0, -120]</P>
      <P Name="Dst">80323#in:2</P>
    </Branch>
    <Branch>
      <P Name="ZOrder">3</P>
      <P Name="Dst">80089#in:1</P>
    </Branch>
  </Line>
  <Line>
    <P Name="ZOrder">4</P>
    <P Name="Src">80089#out:1</P>
    <P Name="Dst">80117#in:1</P>
  </Line>
  <Line>
    <P Name="ZOrder">5</P>
    <P Name="Src">80117#out:1</P>
    <P Name="Dst">80079#in:2</P>
  </Line>
  <Line>
    <P Name="ZOrder">6</P>
    <P Name="Labels">[0, 1]</P>
    <P Name="Src">80068#out:1</P>
    <P Name="Points">[191, 0]</P>
    <Branch>
      <P Name="ZOrder">7</P>
      <P Name="Points">[0, -110]</P>
      <P Name="Dst">80296#in:1</P>
    </Branch>
    <Branch>
      <P Name="ZOrder">8</P>
      <P Name="Dst">80323#in:1</P>
    </Branch>
  </Line>
  <Line>
    <P Name="ZOrder">9</P>
    <P Name="Src">80323#out:1</P>
    <P Name="Dst">80079#in:1</P>
  </Line>
  <Line>
    <P Name="Name">JMBB</P>
    <P Name="ZOrder">10</P>
    <P Name="Labels">[0, 1]</P>
    <P Name="Src">80079#out:1</P>
    <P Name="Dst">80080#in:2</P>
  </Line>
  <Line>
    <P Name="ZOrder">11</P>
    <P Name="Src">80082#out:1</P>
    <P Name="Dst">80081#in:1</P>
  </Line>
  <Line>
    <P Name="Name">JSBB</P>
    <P Name="ZOrder">12</P>
    <P Name="Labels">[0, 1]</P>
    <P Name="Src">80081#out:1</P>
    <P Name="Dst">80080#in:1</P>
  </Line>
  <Line>
    <P Name="ZOrder">13</P>
    <P Name="Src">80296#out:1</P>
    <P Name="Dst">80081#in:2</P>
  </Line>
  <Line>
    <P Name="Name">JBBB_c</P>
    <P Name="ZOrder">14</P>
    <P Name="Labels">[0, 1]</P>
    <P Name="Src">80080#out:1</P>
    <P Name="Dst">80104#in:1</P>
  </Line>
  <Line>
    <P Name="ZOrder">15</P>
    <P Name="Labels">[0, 1]</P>
    <P Name="Src">80291#out:1</P>
    <P Name="Dst">80350#in:1</P>
  </Line>
  <Line>
    <P Name="ZOrder">16</P>
    <P Name="Src">80108#out:1</P>
    <P Name="Dst">80070#in:1</P>
  </Line>
  <Line>
    <P Name="ZOrder">17</P>
    <P Name="Src">80109#out:1</P>
    <P Name="Dst">80073#in:1</P>
  </Line>
  <Line>
    <P Name="ZOrder">18</P>
    <P Name="Src">80110#out:1</P>
    <P Name="Dst">80076#in:1</P>
  </Line>
  <Line>
    <P Name="ZOrder">19</P>
    <P Name="Src">80111#out:1</P>
    <P Name="Dst">80071#in:1</P>
  </Line>
  <Line>
    <P Name="ZOrder">20</P>
    <P Name="Src">80112#out:1</P>
    <P Name="Dst">80074#in:1</P>
  </Line>
  <Line>
    <P Name="ZOrder">21</P>
    <P Name="Src">80113#out:1</P>
    <P Name="Dst">80077#in:1</P>
  </Line>
  <Line>
    <P Name="ZOrder">22</P>
    <P Name="Src">80114#out:1</P>
    <P Name="Dst">80072#in:1</P>
  </Line>
  <Line>
    <P Name="ZOrder">23</P>
    <P Name="Src">80115#out:1</P>
    <P Name="Dst">80075#in:1</P>
  </Line>
  <Line>
    <P Name="ZOrder">24</P>
    <P Name="Src">80116#out:1</P>
    <P Name="Dst">80078#in:1</P>
  </Line>
  <Line>
    <P Name="ZOrder">25</P>
    <P Name="Src">80076#out:1</P>
    <P Name="Dst">80105#in:3</P>
  </Line>
  <Line>
    <P Name="ZOrder">26</P>
    <P Name="Src">80073#out:1</P>
    <P Name="Dst">80105#in:2</P>
  </Line>
  <Line>
    <P Name="ZOrder">27</P>
    <P Name="Src">80070#out:1</P>
    <P Name="Dst">80105#in:1</P>
  </Line>
  <Line>
    <P Name="ZOrder">28</P>
    <P Name="Src">80071#out:1</P>
    <P Name="Dst">80106#in:1</P>
  </Line>
  <Line>
    <P Name="ZOrder">29</P>
    <P Name="Src">80074#out:1</P>
    <P Name="Dst">80106#in:2</P>
  </Line>
  <Line>
    <P Name="ZOrder">30</P>
    <P Name="Src">80077#out:1</P>
    <P Name="Dst">80106#in:3</P>
  </Line>
  <Line>
    <P Name="ZOrder">31</P>
    <P Name="Src">80072#out:1</P>
    <P Name="Dst">80107#in:1</P>
  </Line>
  <Line>
    <P Name="ZOrder">32</P>
    <P Name="Src">80075#out:1</P>
    <P Name="Dst">80107#in:2</P>
  </Line>
  <Line>
    <P Name="ZOrder">33</P>
    <P Name="Src">80078#out:1</P>
    <P Name="Dst">80107#in:3</P>
  </Line>
  <Line>
    <P Name="ZOrder">34</P>
    <P Name="Src">80105#out:1</P>
    <P Name="Dst">80086#in:1</P>
  </Line>
  <Line>
    <P Name="ZOrder">35</P>
    <P Name="Src">80106#out:1</P>
    <P Name="Dst">80087#in:1</P>
  </Line>
  <Line>
    <P Name="ZOrder">36</P>
    <P Name="Src">80107#out:1</P>
    <P Name="Dst">80088#in:1</P>
  </Line>
  <Line>
    <P Name="ZOrder">37</P>
    <P Name="Src">80083#out:1</P>
    <P Name="Dst">80103#in:1</P>
  </Line>
  <Line>
    <P Name="ZOrder">38</P>
    <P Name="Src">80084#out:1</P>
    <P Name="Dst">80103#in:2</P>
  </Line>
  <Line>
    <P Name="ZOrder">39</P>
    <P Name="Src">80085#out:1</P>
    <P Name="Dst">80103#in:3</P>
  </Line>
  <Line>
    <P Name="Name">JBBB_c</P>
    <P Name="ZOrder">40</P>
    <P Name="Labels">[1, 1]</P>
    <P Name="Src">80103#out:1</P>
    <P Name="Dst">80291#in:1</P>
  </Line>
</System>
