<?xml version="1.0" encoding="utf-8"?>
<System>
  <P Name="Location">[-7, -7, 1481, 871]</P>
  <P Name="SystemRect">[0.000000, 0.000000, 0.000000, 0.000000]</P>
  <P Name="SetExecutionDomain">off</P>
  <P Name="ExecutionDomainType">Deduce</P>
  <P Name="SimulinkSubDomain">Simulink</P>
  <Block BlockType="Inport" Name="FBTX" SID="76914">
    <P Name="Position">[480, 13, 510, 27]</P>
    <P Name="ZOrder">478</P>
    <P Name="BackgroundColor">yellow</P>
    <P Name="PortDimensions">[3,1]</P>
  </Block>
  <Block BlockType="Inport" Name="MBTB" SID="76915">
    <P Name="Position">[1025, 178, 1055, 192]</P>
    <P Name="ZOrder">491</P>
    <P Name="BackgroundColor">yellow</P>
    <P Name="Port">2</P>
    <P Name="PortDimensions">[3,1]</P>
  </Block>
  <Block BlockType="Inport" Name="mB" SID="76916">
    <P Name="Position">[1025, 88, 1055, 102]</P>
    <P Name="ZOrder">492</P>
    <P Name="BackgroundColor">yellow</P>
    <P Name="Port">3</P>
    <P Name="PortDimensions">[1]</P>
  </Block>
  <Block BlockType="Inport" Name="x0" SID="76917">
    <P Name="Position">[1295, 428, 1325, 442]</P>
    <P Name="ZOrder">525</P>
    <P Name="BackgroundColor">yellow</P>
    <P Name="Port">4</P>
  </Block>
  <Block BlockType="Inport" Name="JBB" SID="76918">
    <P Name="Position">[1025, 133, 1055, 147]</P>
    <P Name="ZOrder">493</P>
    <P Name="BackgroundColor">yellow</P>
    <P Name="Port">5</P>
    <P Name="PortDimensions">[3,3]</P>
  </Block>
  <Block BlockType="Inport" Name="d_JBB" SID="76919">
    <P Name="Position">[1025, 223, 1055, 237]</P>
    <P Name="ZOrder">526</P>
    <P Name="BackgroundColor">yellow</P>
    <P Name="Port">6</P>
    <P Name="PortDimensions">[3,3]</P>
  </Block>
  <Block BlockType="BusSelector" Name="Bus&#xA;Selector" SID="76920">
    <P Name="Ports">[1, 3]</P>
    <P Name="Position">[490, 249, 495, 391]</P>
    <P Name="ZOrder">523</P>
    <P Name="ShowName">off</P>
    <P Name="OutputSignals">qIB,vBII,wBIB</P>
    <Port>
      <P Name="PortNumber">1</P>
      <P Name="Name">&lt;qIB&gt;</P>
    </Port>
    <Port>
      <P Name="PortNumber">2</P>
      <P Name="Name">&lt;vBII&gt;</P>
    </Port>
    <Port>
      <P Name="PortNumber">3</P>
      <P Name="Name">&lt;wBIB&gt;</P>
    </Port>
  </Block>
  <Block BlockType="Constant" Name="Constant" SID="76921">
    <P Name="Position">[850, 35, 920, 65]</P>
    <P Name="ZOrder">805</P>
    <P Name="Value">flag_Kraft</P>
  </Block>
  <Block BlockType="SubSystem" Name="Integration" SID="76922">
    <P Name="Ports">[5, 1]</P>
    <P Name="Position">[1360, 31, 1475, 479]</P>
    <P Name="ZOrder">521</P>
    <P Name="RequestExecContextInheritance">off</P>
    <Port>
      <P Name="PortNumber">1</P>
      <P Name="PropagatedSignals">eom_bus</P>
      <P Name="ShowPropagatedSignals">on</P>
    </Port>
    <System Ref="system_76922"/>
  </Block>
  <Block BlockType="Math" Name="Math&#xA;Function2" SID="76952">
    <P Name="Ports">[1, 1]</P>
    <P Name="Position">[730, 40, 760, 70]</P>
    <P Name="ZOrder">555</P>
    <P Name="ShowName">off</P>
    <P Name="Operator">transpose</P>
    <P Name="SignedPower">on</P>
  </Block>
  <Block BlockType="Product" Name="Product2" SID="76953">
    <P Name="Ports">[2, 1]</P>
    <P Name="Position">[785, 31, 825, 124]</P>
    <P Name="ZOrder">554</P>
    <P Name="NameLocation">top</P>
    <P Name="Multiplication">Matrix(*)</P>
  </Block>
  <Block BlockType="Switch" Name="Switch" SID="76954">
    <P Name="Position">[945, 7, 1005, 93]</P>
    <P Name="ZOrder">804</P>
    <P Name="Criteria">u2 &gt; Threshold</P>
    <P Name="Threshold">1</P>
    <P Name="InputSameDT">off</P>
    <P Name="SaturateOnIntegerOverflow">off</P>
  </Block>
  <Block BlockType="SubSystem" Name="T12_from_q12" SID="76955">
    <P Name="Ports">[1, 1]</P>
    <P Name="Position">[610, 34, 710, 76]</P>
    <P Name="ZOrder">886</P>
    <P Name="RequestExecContextInheritance">off</P>
    <P Name="ContentPreviewEnabled">on</P>
    <Mask>
      <Display RunInitForIconRedraw="off">%port_label(&apos;input&apos;, 1, &apos;q12&apos;)
%port_label(&apos;output&apos;, 1, &apos;T12&apos;)
disp(&apos;q \rightarrow DCM&apos;,&apos;texmode&apos;,&apos;on&apos;)</Display>
      <Description>Transforms a quaternion into a Direction Cosine Matrix</Description>
      <Help>Name:

    T12_from_q12

Description:

    This block implements the transformation of a quaternion into the 
    corresponding direction cosine matrix DCM.

Inputs  [size] [data type] [unit]:

    quaternion q12 [4] [double] [-]

Outputs  [size] [data type] [unit]:

    direction cosine matrix T12  [3x3] [double] [-]
</Help>
    </Mask>
    <System Ref="system_76955"/>
  </Block>
  <Block BlockType="SubSystem" Name="rb_eom_6dof" SID="77010">
    <P Name="Ports">[8, 4]</P>
    <P Name="Position">[1090, 25, 1285, 390]</P>
    <P Name="ZOrder">885</P>
    <P Name="RequestExecContextInheritance">off</P>
    <Port>
      <P Name="PortNumber">1</P>
      <P Name="Name">d_pBII</P>
      <P Name="PropagatedSignals">vBII</P>
    </Port>
    <Port>
      <P Name="PortNumber">2</P>
      <P Name="Name">d_vBII</P>
      <P Name="PropagatedSignals">aBII</P>
    </Port>
    <Port>
      <P Name="PortNumber">3</P>
      <P Name="Name">d_qIB</P>
    </Port>
    <Port>
      <P Name="PortNumber">4</P>
      <P Name="Name">d_wBIB</P>
    </Port>
    <System Ref="system_77010"/>
  </Block>
  <Block BlockType="Outport" Name="rb_eom" SID="77116">
    <P Name="Position">[1550, 248, 1580, 262]</P>
    <P Name="ZOrder">479</P>
    <P Name="BackgroundColor">orange</P>
    <P Name="VectorParamsAs1DForOutWhenUnconnected">off</P>
  </Block>
  <Line>
    <P Name="Name">d_wBIB</P>
    <P Name="ZOrder">1</P>
    <P Name="Labels">[1, 0]</P>
    <P Name="Src">77010#out:4</P>
    <P Name="Dst">76922#in:4</P>
  </Line>
  <Line>
    <P Name="ZOrder">2</P>
    <P Name="Src">76918#out:1</P>
    <P Name="Dst">77010#in:3</P>
  </Line>
  <Line>
    <P Name="ZOrder">3</P>
    <P Name="Src">76919#out:1</P>
    <P Name="Dst">77010#in:5</P>
  </Line>
  <Line>
    <P Name="ZOrder">4</P>
    <P Name="Src">76916#out:1</P>
    <P Name="Dst">77010#in:2</P>
  </Line>
  <Line>
    <P Name="ZOrder">5</P>
    <P Name="Src">76915#out:1</P>
    <P Name="Dst">77010#in:4</P>
  </Line>
  <Line>
    <P Name="ZOrder">6</P>
    <P Name="Src">76954#out:1</P>
    <P Name="Dst">77010#in:1</P>
  </Line>
  <Line>
    <P Name="ZOrder">7</P>
    <P Name="Src">76921#out:1</P>
    <P Name="Dst">76954#in:2</P>
  </Line>
  <Line>
    <P Name="ZOrder">8</P>
    <P Name="Src">76953#out:1</P>
    <P Name="Dst">76954#in:3</P>
  </Line>
  <Line>
    <P Name="ZOrder">9</P>
    <P Name="Src">76914#out:1</P>
    <P Name="Points">[67, 0]</P>
    <Branch>
      <P Name="ZOrder">10</P>
      <P Name="Points">[0, 80]</P>
      <P Name="Dst">76953#in:2</P>
    </Branch>
    <Branch>
      <P Name="ZOrder">11</P>
      <P Name="Dst">76954#in:1</P>
    </Branch>
  </Line>
  <Line>
    <P Name="ZOrder">12</P>
    <P Name="Src">76952#out:1</P>
    <P Name="Dst">76953#in:1</P>
  </Line>
  <Line>
    <P Name="ZOrder">13</P>
    <P Name="Src">76955#out:1</P>
    <P Name="Dst">76952#in:1</P>
  </Line>
  <Line>
    <P Name="Name">&lt;vBII&gt;</P>
    <P Name="ZOrder">14</P>
    <P Name="Labels">[0, 0]</P>
    <P Name="Src">76920#out:2</P>
    <P Name="Dst">77010#in:7</P>
  </Line>
  <Line>
    <P Name="ZOrder">15</P>
    <P Name="Src">76917#out:1</P>
    <P Name="Dst">76922#in:5</P>
  </Line>
  <Line>
    <P Name="Name">&lt;qIB&gt;</P>
    <P Name="ZOrder">16</P>
    <P Name="Labels">[0, 0]</P>
    <P Name="Src">76920#out:1</P>
    <P Name="Points">[50, 0]</P>
    <Branch>
      <P Name="ZOrder">17</P>
      <P Name="Dst">77010#in:6</P>
    </Branch>
    <Branch>
      <P Name="ZOrder">18</P>
      <P Name="Points">[0, -220]</P>
      <P Name="Dst">76955#in:1</P>
    </Branch>
  </Line>
  <Line>
    <P Name="Name">&lt;wBIB&gt;</P>
    <P Name="ZOrder">19</P>
    <P Name="Labels">[0, 0]</P>
    <P Name="Src">76920#out:3</P>
    <P Name="Dst">77010#in:8</P>
  </Line>
  <Line>
    <P Name="Name">d_pBII</P>
    <P Name="ZOrder">20</P>
    <P Name="Labels">[1, 1]</P>
    <P Name="Src">77010#out:1</P>
    <P Name="Dst">76922#in:1</P>
  </Line>
  <Line>
    <P Name="Name">d_vBII</P>
    <P Name="ZOrder">21</P>
    <P Name="Labels">[1, 0]</P>
    <P Name="Src">77010#out:2</P>
    <P Name="Dst">76922#in:2</P>
  </Line>
  <Line>
    <P Name="Name">d_qIB</P>
    <P Name="ZOrder">22</P>
    <P Name="Labels">[1, 0]</P>
    <P Name="Src">77010#out:3</P>
    <P Name="Dst">76922#in:3</P>
  </Line>
  <Line>
    <P Name="ZOrder">23</P>
    <P Name="Src">76922#out:1</P>
    <P Name="Points">[24, 0]</P>
    <Branch>
      <P Name="ZOrder">24</P>
      <P Name="Points">[0, 268; -1039, 0; 0, -203]</P>
      <P Name="Dst">76920#in:1</P>
    </Branch>
    <Branch>
      <P Name="ZOrder">25</P>
      <P Name="Labels">[-1, 1]</P>
      <P Name="Dst">77116#in:1</P>
    </Branch>
  </Line>
</System>
