<?xml version="1.0" encoding="utf-8"?>
<System>
  <P Name="Location">[-1927, -543, 8, 632]</P>
  <P Name="SystemRect">[0.000000, 0.000000, 0.000000, 0.000000]</P>
  <P Name="SetExecutionDomain">off</P>
  <P Name="ExecutionDomainType">Deduce</P>
  <P Name="SimulinkSubDomain">Simulink</P>
  <Block BlockType="Inport" Name="wi1" SID="74797:68">
    <P Name="Position">[-370, 33, -340, 47]</P>
    <P Name="ZOrder">42</P>
  </Block>
  <Block BlockType="SubSystem" Name="1. Rotation x-Achse" SID="74797:69">
    <P Name="Ports">[1, 1]</P>
    <P Name="Position">[-160, -66, -60, -24]</P>
    <P Name="ZOrder">1</P>
    <P Name="RequestExecContextInheritance">off</P>
    <System Ref="system_74797_69"/>
  </Block>
  <Block BlockType="SubSystem" Name="1. Rotation y-Achse" SID="74797:86">
    <P Name="Ports">[1, 1]</P>
    <P Name="Position">[-160, 19, -60, 61]</P>
    <P Name="ZOrder">13</P>
    <P Name="RequestExecContextInheritance">off</P>
    <System Ref="system_74797_86"/>
  </Block>
  <Block BlockType="SubSystem" Name="1. Rotation z-Achse" SID="74797:103">
    <P Name="Ports">[1, 1]</P>
    <P Name="Position">[-160, 104, -60, 146]</P>
    <P Name="ZOrder">14</P>
    <P Name="RequestExecContextInheritance">off</P>
    <System Ref="system_74797_103"/>
  </Block>
  <Block BlockType="Constant" Name="Constant" SID="74797:120">
    <P Name="Position">[-160, -130, -55, -110]</P>
    <P Name="ZOrder">8</P>
    <P Name="ShowName">off</P>
    <P Name="Value">rot_1</P>
  </Block>
  <Block BlockType="MultiPortSwitch" Name="Multiport&#xA;Switch" SID="74797:121">
    <P Name="Ports">[4, 1]</P>
    <P Name="Position">[130, -44, 190, 89]</P>
    <P Name="ZOrder">7</P>
    <P Name="ShowName">off</P>
    <P Name="InputSameDT">off</P>
    <P Name="SaturateOnIntegerOverflow">off</P>
    <Port>
      <P Name="PortNumber">1</P>
      <P Name="Name">T12</P>
    </Port>
  </Block>
  <Block BlockType="Outport" Name="T12" SID="74797:122">
    <P Name="Position">[285, 18, 315, 32]</P>
    <P Name="ZOrder">-2</P>
    <P Name="VectorParamsAs1DForOutWhenUnconnected">off</P>
  </Block>
  <Line>
    <P Name="ZOrder">1</P>
    <P Name="Src">74797:120#out:1</P>
    <P Name="Points">[151, 0; 0, 90]</P>
    <P Name="Dst">74797:121#in:1</P>
  </Line>
  <Line>
    <P Name="ZOrder">2</P>
    <P Name="Src">74797:69#out:1</P>
    <P Name="Points">[119, 0; 0, 50]</P>
    <P Name="Dst">74797:121#in:2</P>
  </Line>
  <Line>
    <P Name="ZOrder">3</P>
    <P Name="Src">74797:86#out:1</P>
    <P Name="Dst">74797:121#in:3</P>
  </Line>
  <Line>
    <P Name="ZOrder">4</P>
    <P Name="Src">74797:103#out:1</P>
    <P Name="Points">[122, 0; 0, -50]</P>
    <P Name="Dst">74797:121#in:4</P>
  </Line>
  <Line>
    <P Name="ZOrder">5</P>
    <P Name="Src">74797:68#out:1</P>
    <P Name="Points">[112, 0]</P>
    <Branch>
      <P Name="ZOrder">6</P>
      <P Name="Points">[0, -85]</P>
      <P Name="Dst">74797:69#in:1</P>
    </Branch>
    <Branch>
      <P Name="ZOrder">7</P>
      <P Name="Points">[0, 85]</P>
      <P Name="Dst">74797:103#in:1</P>
    </Branch>
    <Branch>
      <P Name="ZOrder">8</P>
      <P Name="Dst">74797:86#in:1</P>
    </Branch>
  </Line>
  <Line>
    <P Name="Name">T12</P>
    <P Name="ZOrder">9</P>
    <P Name="Labels">[0, 1]</P>
    <P Name="Src">74797:121#out:1</P>
    <P Name="Dst">74797:122#in:1</P>
  </Line>
</System>
