<?xml version="1.0" encoding="utf-8"?>
<System>
  <P Name="Location">[-1927, -543, 8, 632]</P>
  <P Name="SystemRect">[0.000000, 0.000000, 0.000000, 0.000000]</P>
  <P Name="SetExecutionDomain">off</P>
  <P Name="ExecutionDomainType">Deduce</P>
  <P Name="SimulinkSubDomain">Simulink</P>
  <Block BlockType="Inport" Name="pBEE" SID="76583">
    <P Name="Position">[55, 233, 85, 247]</P>
    <P Name="ZOrder">-1</P>
    <P Name="BackgroundColor">yellow</P>
  </Block>
  <Block BlockType="Inport" Name="c_rsma" SID="76584">
    <P Name="Position">[55, 63, 85, 77]</P>
    <P Name="ZOrder">-2</P>
    <P Name="BackgroundColor">yellow</P>
    <P Name="Port">2</P>
  </Block>
  <Block BlockType="Inport" Name="c_flat" SID="76585">
    <P Name="Position">[55, 98, 85, 112]</P>
    <P Name="ZOrder">-3</P>
    <P Name="BackgroundColor">yellow</P>
    <P Name="Port">3</P>
  </Block>
  <Block BlockType="Sum" Name="Add" SID="76586">
    <P Name="Ports">[2, 1]</P>
    <P Name="Position">[375, 212, 405, 243]</P>
    <P Name="ZOrder">6</P>
    <P Name="ShowName">off</P>
    <P Name="IconShape">rectangular</P>
  </Block>
  <Block BlockType="Sum" Name="Add1" SID="76587">
    <P Name="Ports">[2, 1]</P>
    <P Name="Position">[795, 407, 825, 438]</P>
    <P Name="ZOrder">26</P>
    <P Name="ShowName">off</P>
    <P Name="IconShape">rectangular</P>
  </Block>
  <Block BlockType="Constant" Name="Constant" SID="76588">
    <P Name="Position">[365, 95, 395, 125]</P>
    <P Name="ZOrder">1</P>
  </Block>
  <Block BlockType="Demux" Name="Demux1" SID="76589">
    <P Name="Ports">[1, 3]</P>
    <P Name="Position">[120, 174, 125, 306]</P>
    <P Name="ZOrder">-4</P>
    <P Name="BackgroundColor">black</P>
    <P Name="ShowName">off</P>
    <P Name="Outputs">[1;1;1]</P>
    <P Name="DisplayOption">none</P>
  </Block>
  <Block BlockType="Product" Name="Divide" SID="76590">
    <P Name="Ports">[2, 1]</P>
    <P Name="Position">[575, 357, 605, 388]</P>
    <P Name="ZOrder">14</P>
    <P Name="ShowName">off</P>
    <P Name="Inputs">*/</P>
  </Block>
  <Block BlockType="Product" Name="Divide1" SID="76591">
    <P Name="Ports">[2, 1]</P>
    <P Name="Position">[250, 422, 280, 453]</P>
    <P Name="ZOrder">15</P>
    <P Name="ShowName">off</P>
    <P Name="Inputs">*/</P>
  </Block>
  <Block BlockType="Product" Name="Divide2" SID="76592">
    <P Name="Ports">[2, 1]</P>
    <P Name="Position">[890, 417, 920, 448]</P>
    <P Name="ZOrder">20</P>
    <P Name="ShowName">off</P>
    <P Name="Inputs">*/</P>
  </Block>
  <Block BlockType="From" Name="From" SID="76593">
    <P Name="Position">[300, 61, 335, 79]</P>
    <P Name="ZOrder">-5</P>
    <P Name="ShowName">off</P>
    <P Name="CloseFcn">tagdialog Close</P>
    <P Name="GotoTag">a</P>
  </Block>
  <Block BlockType="From" Name="From1" SID="76594">
    <P Name="Position">[300, 136, 335, 154]</P>
    <P Name="ZOrder">-6</P>
    <P Name="ShowName">off</P>
    <P Name="CloseFcn">tagdialog Close</P>
    <P Name="GotoTag">f</P>
  </Block>
  <Block BlockType="From" Name="From10" SID="76595">
    <P Name="Position">[95, 456, 130, 474]</P>
    <P Name="ZOrder">-7</P>
    <P Name="ShowName">off</P>
    <P Name="CloseFcn">tagdialog Close</P>
    <P Name="GotoTag">b</P>
  </Block>
  <Block BlockType="From" Name="From12" SID="76596">
    <P Name="Position">[715, 406, 750, 424]</P>
    <P Name="ZOrder">-8</P>
    <P Name="ShowName">off</P>
    <P Name="CloseFcn">tagdialog Close</P>
    <P Name="GotoTag">z</P>
  </Block>
  <Block BlockType="From" Name="From14" SID="76597">
    <P Name="Position">[570, 421, 605, 439]</P>
    <P Name="ZOrder">-10</P>
    <P Name="ShowName">off</P>
    <P Name="CloseFcn">tagdialog Close</P>
    <P Name="GotoTag">b</P>
  </Block>
  <Block BlockType="From" Name="From16" SID="76598">
    <P Name="Position">[715, 626, 750, 644]</P>
    <P Name="ZOrder">-11</P>
    <P Name="ShowName">off</P>
    <P Name="CloseFcn">tagdialog Close</P>
    <P Name="GotoTag">P</P>
  </Block>
  <Block BlockType="From" Name="From18" SID="76599">
    <P Name="Position">[570, 641, 605, 659]</P>
    <P Name="ZOrder">-13</P>
    <P Name="ShowName">off</P>
    <P Name="CloseFcn">tagdialog Close</P>
    <P Name="GotoTag">a</P>
  </Block>
  <Block BlockType="From" Name="From4" SID="76600">
    <P Name="Position">[315, 316, 350, 334]</P>
    <P Name="ZOrder">-16</P>
    <P Name="ShowName">off</P>
    <P Name="CloseFcn">tagdialog Close</P>
    <P Name="GotoTag">a</P>
  </Block>
  <Block BlockType="From" Name="From5" SID="76601">
    <P Name="Position">[315, 361, 350, 379]</P>
    <P Name="ZOrder">-17</P>
    <P Name="ShowName">off</P>
    <P Name="CloseFcn">tagdialog Close</P>
    <P Name="GotoTag">b</P>
  </Block>
  <Block BlockType="From" Name="From6" SID="76602">
    <P Name="Position">[35, 396, 70, 414]</P>
    <P Name="ZOrder">-18</P>
    <P Name="ShowName">off</P>
    <P Name="CloseFcn">tagdialog Close</P>
    <P Name="GotoTag">z</P>
  </Block>
  <Block BlockType="From" Name="From7" SID="76603">
    <P Name="Position">[410, 516, 445, 534]</P>
    <P Name="ZOrder">-19</P>
    <P Name="ShowName">off</P>
    <P Name="CloseFcn">tagdialog Close</P>
    <P Name="GotoTag">f</P>
  </Block>
  <Block BlockType="From" Name="From8" SID="76604">
    <P Name="Position">[105, 411, 140, 429]</P>
    <P Name="ZOrder">-20</P>
    <P Name="ShowName">off</P>
    <P Name="CloseFcn">tagdialog Close</P>
    <P Name="GotoTag">a</P>
  </Block>
  <Block BlockType="From" Name="From9" SID="76605">
    <P Name="Position">[35, 441, 70, 459]</P>
    <P Name="ZOrder">-21</P>
    <P Name="ShowName">off</P>
    <P Name="CloseFcn">tagdialog Close</P>
    <P Name="GotoTag">P</P>
  </Block>
  <Block BlockType="Gain" Name="Gain" SID="76606">
    <P Name="Position">[505, 510, 535, 540]</P>
    <P Name="ZOrder">10</P>
    <P Name="ShowName">off</P>
    <P Name="Gain">2</P>
  </Block>
  <Block BlockType="Goto" Name="Goto" SID="76607">
    <P Name="Position">[150, 61, 185, 79]</P>
    <P Name="ZOrder">-22</P>
    <P Name="ShowName">off</P>
    <P Name="GotoTag">a</P>
  </Block>
  <Block BlockType="Goto" Name="Goto1" SID="76608">
    <P Name="Position">[150, 96, 185, 114]</P>
    <P Name="ZOrder">-23</P>
    <P Name="ShowName">off</P>
    <P Name="GotoTag">f</P>
  </Block>
  <Block BlockType="Goto" Name="Goto4" SID="76609">
    <P Name="Position">[195, 276, 230, 294]</P>
    <P Name="ZOrder">-26</P>
    <P Name="ShowName">off</P>
    <P Name="GotoTag">z</P>
  </Block>
  <Block BlockType="Goto" Name="Goto5" SID="76610">
    <P Name="Position">[645, 126, 680, 144]</P>
    <P Name="ZOrder">-27</P>
    <P Name="ShowName">off</P>
    <P Name="GotoTag">b</P>
  </Block>
  <Block BlockType="Goto" Name="Goto6" SID="76611">
    <P Name="Position">[530, 221, 565, 239]</P>
    <P Name="ZOrder">-28</P>
    <P Name="ShowName">off</P>
    <P Name="GotoTag">P</P>
  </Block>
  <Block BlockType="Product" Name="Product" SID="76612">
    <P Name="Ports">[2, 1]</P>
    <P Name="Position">[510, 117, 540, 148]</P>
    <P Name="ZOrder">3</P>
    <P Name="ShowName">off</P>
  </Block>
  <Block BlockType="Product" Name="Product1" SID="76613">
    <P Name="Ports">[2, 1]</P>
    <P Name="Position">[305, 187, 335, 218]</P>
    <P Name="ZOrder">4</P>
    <P Name="ShowName">off</P>
  </Block>
  <Block BlockType="Product" Name="Product10" SID="76614">
    <P Name="Ports">[3, 1]</P>
    <P Name="Position">[650, 389, 680, 471]</P>
    <P Name="ZOrder">25</P>
    <P Name="ShowName">off</P>
    <P Name="Inputs">3</P>
  </Block>
  <Block BlockType="Product" Name="Product11" SID="76615">
    <P Name="Ports">[3, 1]</P>
    <P Name="Position">[650, 609, 680, 691]</P>
    <P Name="ZOrder">28</P>
    <P Name="ShowName">off</P>
    <P Name="Inputs">3</P>
  </Block>
  <Block BlockType="Product" Name="Product2" SID="76616">
    <P Name="Ports">[2, 1]</P>
    <P Name="Position">[305, 232, 335, 263]</P>
    <P Name="ZOrder">5</P>
    <P Name="ShowName">off</P>
  </Block>
  <Block BlockType="Product" Name="Product3" SID="76617">
    <P Name="Ports">[2, 1]</P>
    <P Name="Position">[505, 562, 535, 593]</P>
    <P Name="ZOrder">8</P>
    <P Name="ShowName">off</P>
  </Block>
  <Block BlockType="Product" Name="Product4" SID="76618">
    <P Name="Ports">[2, 1]</P>
    <P Name="Position">[420, 317, 450, 348]</P>
    <P Name="ZOrder">11</P>
    <P Name="ShowName">off</P>
  </Block>
  <Block BlockType="Product" Name="Product5" SID="76619">
    <P Name="Ports">[2, 1]</P>
    <P Name="Position">[420, 362, 450, 393]</P>
    <P Name="ZOrder">13</P>
    <P Name="ShowName">off</P>
  </Block>
  <Block BlockType="Product" Name="Product6" SID="76620">
    <P Name="Ports">[2, 1]</P>
    <P Name="Position">[175, 397, 205, 428]</P>
    <P Name="ZOrder">16</P>
    <P Name="ShowName">off</P>
  </Block>
  <Block BlockType="Product" Name="Product7" SID="76621">
    <P Name="Ports">[2, 1]</P>
    <P Name="Position">[175, 442, 205, 473]</P>
    <P Name="ZOrder">17</P>
    <P Name="ShowName">off</P>
  </Block>
  <Block BlockType="Product" Name="Product8" SID="76622">
    <P Name="Ports">[3, 1]</P>
    <P Name="Position">[510, 429, 540, 481]</P>
    <P Name="ZOrder">22</P>
    <P Name="ShowName">off</P>
    <P Name="Inputs">3</P>
  </Block>
  <Block BlockType="Product" Name="Product9" SID="76623">
    <P Name="Ports">[3, 1]</P>
    <P Name="Position">[510, 649, 540, 701]</P>
    <P Name="ZOrder">24</P>
    <P Name="ShowName">off</P>
    <P Name="Inputs">3</P>
  </Block>
  <Block BlockType="Sqrt" Name="Sqrt" SID="76624">
    <P Name="Position">[450, 215, 480, 245]</P>
    <P Name="ZOrder">7</P>
  </Block>
  <Block BlockType="Sum" Name="Subtract" SID="76625">
    <P Name="Ports">[2, 1]</P>
    <P Name="Position">[430, 122, 460, 153]</P>
    <P Name="ZOrder">2</P>
    <P Name="ShowName">off</P>
    <P Name="IconShape">rectangular</P>
    <P Name="Inputs">+-</P>
  </Block>
  <Block BlockType="Sum" Name="Subtract1" SID="76626">
    <P Name="Ports">[2, 1]</P>
    <P Name="Position">[590, 557, 620, 588]</P>
    <P Name="ZOrder">9</P>
    <P Name="ShowName">off</P>
    <P Name="IconShape">rectangular</P>
    <P Name="Inputs">+-</P>
  </Block>
  <Block BlockType="Sum" Name="Subtract2" SID="76627">
    <P Name="Ports">[2, 1]</P>
    <P Name="Position">[495, 342, 525, 373]</P>
    <P Name="ZOrder">12</P>
    <P Name="ShowName">off</P>
    <P Name="IconShape">rectangular</P>
    <P Name="Inputs">+-</P>
  </Block>
  <Block BlockType="Sum" Name="Subtract3" SID="76628">
    <P Name="Ports">[2, 1]</P>
    <P Name="Position">[795, 627, 825, 658]</P>
    <P Name="ZOrder">27</P>
    <P Name="ShowName">off</P>
    <P Name="IconShape">rectangular</P>
    <P Name="Inputs">+-</P>
  </Block>
  <Block BlockType="Trigonometry" Name="Trigonometric&#xA;Function" SID="76629">
    <P Name="Ports">[1, 1]</P>
    <P Name="Position">[330, 425, 360, 455]</P>
    <P Name="ZOrder">18</P>
    <P Name="ShowName">off</P>
    <P Name="Operator">atan</P>
  </Block>
  <Block BlockType="Trigonometry" Name="Trigonometric&#xA;Function1" SID="76630">
    <P Name="Ports">[1, 1]</P>
    <P Name="Position">[965, 420, 995, 450]</P>
    <P Name="ZOrder">19</P>
    <P Name="ShowName">off</P>
    <P Name="Operator">atan</P>
    <Port>
      <P Name="PortNumber">1</P>
      <P Name="Name">lat</P>
    </Port>
  </Block>
  <Block BlockType="Trigonometry" Name="Trigonometric&#xA;Function2" SID="76631">
    <P Name="Ports">[1, 1]</P>
    <P Name="Position">[435, 425, 465, 455]</P>
    <P Name="ZOrder">21</P>
    <P Name="ShowName">off</P>
  </Block>
  <Block BlockType="Trigonometry" Name="Trigonometric&#xA;Function3" SID="76632">
    <P Name="Ports">[1, 1]</P>
    <P Name="Position">[435, 645, 465, 675]</P>
    <P Name="ZOrder">23</P>
    <P Name="ShowName">off</P>
    <P Name="Operator">cos</P>
  </Block>
  <Block BlockType="Outport" Name="lat" SID="76633">
    <P Name="Position">[1045, 428, 1075, 442]</P>
    <P Name="ZOrder">-42</P>
    <P Name="BackgroundColor">orange</P>
    <P Name="VectorParamsAs1DForOutWhenUnconnected">off</P>
  </Block>
  <Line>
    <P Name="ZOrder">1</P>
    <P Name="Src">76590#out:1</P>
    <P Name="Points">[18, 0; 0, 30]</P>
    <P Name="Dst">76614#in:1</P>
  </Line>
  <Line>
    <P Name="ZOrder">2</P>
    <P Name="Src">76623#out:1</P>
    <P Name="Dst">76615#in:3</P>
  </Line>
  <Line>
    <P Name="ZOrder">3</P>
    <P Name="Src">76615#out:1</P>
    <P Name="Dst">76628#in:2</P>
  </Line>
  <Line>
    <P Name="ZOrder">4</P>
    <P Name="Src">76628#out:1</P>
    <P Name="Points">[28, 0; 0, -205]</P>
    <P Name="Dst">76592#in:2</P>
  </Line>
  <Line>
    <P Name="ZOrder">5</P>
    <P Name="Src">76587#out:1</P>
    <P Name="Dst">76592#in:1</P>
  </Line>
  <Line>
    <P Name="ZOrder">6</P>
    <P Name="Src">76614#out:1</P>
    <P Name="Dst">76587#in:2</P>
  </Line>
  <Line>
    <P Name="ZOrder">7</P>
    <P Name="Src">76622#out:1</P>
    <P Name="Dst">76614#in:3</P>
  </Line>
  <Line>
    <P Name="ZOrder">8</P>
    <P Name="Src">76632#out:1</P>
    <P Name="Points">[12, 0]</P>
    <Branch>
      <P Name="ZOrder">9</P>
      <P Name="Dst">76623#in:1</P>
    </Branch>
    <Branch>
      <P Name="ZOrder">10</P>
      <P Name="Points">[0, 15]</P>
      <Branch>
        <P Name="ZOrder">11</P>
        <P Name="Points">[0, 15]</P>
        <P Name="Dst">76623#in:3</P>
      </Branch>
      <Branch>
        <P Name="ZOrder">12</P>
        <P Name="Dst">76623#in:2</P>
      </Branch>
    </Branch>
  </Line>
  <Line>
    <P Name="ZOrder">13</P>
    <P Name="Src">76631#out:1</P>
    <P Name="Points">[12, 0]</P>
    <Branch>
      <P Name="ZOrder">14</P>
      <P Name="Dst">76622#in:1</P>
    </Branch>
    <Branch>
      <P Name="ZOrder">15</P>
      <P Name="Points">[0, 15]</P>
      <Branch>
        <P Name="ZOrder">16</P>
        <P Name="Points">[0, 15]</P>
        <P Name="Dst">76622#in:3</P>
      </Branch>
      <Branch>
        <P Name="ZOrder">17</P>
        <P Name="Dst">76622#in:2</P>
      </Branch>
    </Branch>
  </Line>
  <Line>
    <P Name="ZOrder">18</P>
    <P Name="Src">76592#out:1</P>
    <P Name="Dst">76630#in:1</P>
  </Line>
  <Line>
    <P Name="ZOrder">19</P>
    <P Name="Src">76591#out:1</P>
    <P Name="Dst">76629#in:1</P>
  </Line>
  <Line>
    <P Name="ZOrder">20</P>
    <P Name="Src">76621#out:1</P>
    <P Name="Points">[18, 0; 0, -15]</P>
    <P Name="Dst">76591#in:2</P>
  </Line>
  <Line>
    <P Name="ZOrder">21</P>
    <P Name="Src">76620#out:1</P>
    <P Name="Points">[18, 0; 0, 15]</P>
    <P Name="Dst">76591#in:1</P>
  </Line>
  <Line>
    <P Name="ZOrder">22</P>
    <P Name="Src">76627#out:1</P>
    <P Name="Points">[20, 0; 0, 5]</P>
    <P Name="Dst">76590#in:1</P>
  </Line>
  <Line>
    <P Name="ZOrder">23</P>
    <P Name="Src">76619#out:1</P>
    <P Name="Points">[18, 0]</P>
    <Branch>
      <P Name="ZOrder">24</P>
      <P Name="Dst">76590#in:2</P>
    </Branch>
    <Branch>
      <P Name="ZOrder">25</P>
      <P Name="Points">[0, -15]</P>
      <P Name="Dst">76627#in:2</P>
    </Branch>
  </Line>
  <Line>
    <P Name="ZOrder">26</P>
    <P Name="Src">76618#out:1</P>
    <P Name="Points">[18, 0; 0, 15]</P>
    <P Name="Dst">76627#in:1</P>
  </Line>
  <Line>
    <P Name="ZOrder">27</P>
    <P Name="Src">76606#out:1</P>
    <P Name="Points">[23, 0; 0, 40]</P>
    <P Name="Dst">76626#in:1</P>
  </Line>
  <Line>
    <P Name="ZOrder">28</P>
    <P Name="Src">76617#out:1</P>
    <P Name="Dst">76626#in:2</P>
  </Line>
  <Line>
    <P Name="ZOrder">29</P>
    <P Name="Src">76624#out:1</P>
    <P Name="Dst">76611#in:1</P>
  </Line>
  <Line>
    <P Name="ZOrder">30</P>
    <P Name="Src">76586#out:1</P>
    <P Name="Dst">76624#in:1</P>
  </Line>
  <Line>
    <P Name="ZOrder">31</P>
    <P Name="Src">76616#out:1</P>
    <P Name="Points">[20, 0]</P>
    <P Name="Dst">76586#in:2</P>
  </Line>
  <Line>
    <P Name="ZOrder">32</P>
    <P Name="Src">76613#out:1</P>
    <P Name="Points">[20, 0]</P>
    <P Name="Dst">76586#in:1</P>
  </Line>
  <Line>
    <P Name="ZOrder">33</P>
    <P Name="Src">76612#out:1</P>
    <P Name="Dst">76610#in:1</P>
  </Line>
  <Line>
    <P Name="ZOrder">34</P>
    <P Name="Src">76625#out:1</P>
    <P Name="Dst">76612#in:2</P>
  </Line>
  <Line>
    <P Name="ZOrder">35</P>
    <P Name="Src">76588#out:1</P>
    <P Name="Points">[13, 0; 0, 20]</P>
    <P Name="Dst">76625#in:1</P>
  </Line>
  <Line>
    <P Name="Name">lat</P>
    <P Name="ZOrder">36</P>
    <P Name="Labels">[-1, 1]</P>
    <P Name="Src">76630#out:1</P>
    <P Name="Dst">76633#in:1</P>
  </Line>
  <Line>
    <P Name="ZOrder">37</P>
    <P Name="Src">76599#out:1</P>
    <P Name="Dst">76615#in:2</P>
  </Line>
  <Line>
    <P Name="ZOrder">38</P>
    <P Name="Src">76626#out:1</P>
    <P Name="Points">[5, 0; 0, 50]</P>
    <P Name="Dst">76615#in:1</P>
  </Line>
  <Line>
    <P Name="ZOrder">39</P>
    <P Name="Src">76598#out:1</P>
    <P Name="Dst">76628#in:1</P>
  </Line>
  <Line>
    <P Name="ZOrder">40</P>
    <P Name="Src">76597#out:1</P>
    <P Name="Dst">76614#in:2</P>
  </Line>
  <Line>
    <P Name="ZOrder">41</P>
    <P Name="Src">76596#out:1</P>
    <P Name="Dst">76587#in:1</P>
  </Line>
  <Line>
    <P Name="ZOrder">42</P>
    <P Name="Src">76595#out:1</P>
    <P Name="Dst">76621#in:2</P>
  </Line>
  <Line>
    <P Name="ZOrder">43</P>
    <P Name="Src">76605#out:1</P>
    <P Name="Dst">76621#in:1</P>
  </Line>
  <Line>
    <P Name="ZOrder">44</P>
    <P Name="Src">76629#out:1</P>
    <P Name="Points">[24, 0]</P>
    <Branch>
      <P Name="ZOrder">45</P>
      <P Name="Dst">76631#in:1</P>
    </Branch>
    <Branch>
      <P Name="ZOrder">46</P>
      <P Name="Points">[0, 220]</P>
      <P Name="Dst">76632#in:1</P>
    </Branch>
  </Line>
  <Line>
    <P Name="ZOrder">47</P>
    <P Name="Src">76604#out:1</P>
    <P Name="Dst">76620#in:2</P>
  </Line>
  <Line>
    <P Name="ZOrder">48</P>
    <P Name="Src">76602#out:1</P>
    <P Name="Dst">76620#in:1</P>
  </Line>
  <Line>
    <P Name="ZOrder">49</P>
    <P Name="Src">76603#out:1</P>
    <P Name="Points">[22, 0]</P>
    <Branch>
      <P Name="ZOrder">50</P>
      <P Name="Dst">76606#in:1</P>
    </Branch>
    <Branch>
      <P Name="ZOrder">51</P>
      <P Name="Points">[0, 45; 1, 0]</P>
      <Branch>
        <P Name="ZOrder">52</P>
        <P Name="Dst">76617#in:1</P>
      </Branch>
      <Branch>
        <P Name="ZOrder">53</P>
        <P Name="Points">[0, 15]</P>
        <P Name="Dst">76617#in:2</P>
      </Branch>
    </Branch>
  </Line>
  <Line>
    <P Name="ZOrder">54</P>
    <P Name="Src">76601#out:1</P>
    <P Name="Points">[32, 0]</P>
    <Branch>
      <P Name="ZOrder">55</P>
      <P Name="Dst">76619#in:1</P>
    </Branch>
    <Branch>
      <P Name="ZOrder">56</P>
      <P Name="Points">[0, 15]</P>
      <P Name="Dst">76619#in:2</P>
    </Branch>
  </Line>
  <Line>
    <P Name="ZOrder">57</P>
    <P Name="Src">76600#out:1</P>
    <P Name="Points">[32, 0]</P>
    <Branch>
      <P Name="ZOrder">58</P>
      <P Name="Dst">76618#in:1</P>
    </Branch>
    <Branch>
      <P Name="ZOrder">59</P>
      <P Name="Points">[0, 15]</P>
      <P Name="Dst">76618#in:2</P>
    </Branch>
  </Line>
  <Line>
    <P Name="ZOrder">60</P>
    <P Name="Src">76589#out:2</P>
    <P Name="Points">[142, 0]</P>
    <Branch>
      <P Name="ZOrder">61</P>
      <P Name="Dst">76616#in:1</P>
    </Branch>
    <Branch>
      <P Name="ZOrder">62</P>
      <P Name="Points">[0, 15]</P>
      <P Name="Dst">76616#in:2</P>
    </Branch>
  </Line>
  <Line>
    <P Name="ZOrder">63</P>
    <P Name="Src">76589#out:1</P>
    <P Name="Points">[141, 0]</P>
    <Branch>
      <P Name="ZOrder">64</P>
      <P Name="Dst">76613#in:1</P>
    </Branch>
    <Branch>
      <P Name="ZOrder">65</P>
      <P Name="Points">[0, 15]</P>
      <P Name="Dst">76613#in:2</P>
    </Branch>
  </Line>
  <Line>
    <P Name="ZOrder">66</P>
    <P Name="Src">76594#out:1</P>
    <P Name="Dst">76625#in:2</P>
  </Line>
  <Line>
    <P Name="ZOrder">67</P>
    <P Name="Src">76593#out:1</P>
    <P Name="Points">[145, 0; 0, 55]</P>
    <P Name="Dst">76612#in:1</P>
  </Line>
  <Line>
    <P Name="ZOrder">68</P>
    <P Name="Src">76589#out:3</P>
    <P Name="Dst">76609#in:1</P>
  </Line>
  <Line>
    <P Name="ZOrder">69</P>
    <P Name="Src">76583#out:1</P>
    <P Name="Dst">76589#in:1</P>
  </Line>
  <Line>
    <P Name="ZOrder">70</P>
    <P Name="Src">76584#out:1</P>
    <P Name="Dst">76607#in:1</P>
  </Line>
  <Line>
    <P Name="ZOrder">71</P>
    <P Name="Src">76585#out:1</P>
    <P Name="Dst">76608#in:1</P>
  </Line>
</System>
