<?xml version="1.0" encoding="utf-8"?>
<System>
  <P Name="Location">[-1927, -543, 8, 632]</P>
  <P Name="SystemRect">[0.000000, 0.000000, 0.000000, 0.000000]</P>
  <P Name="SetExecutionDomain">off</P>
  <P Name="ExecutionDomainType">Deduce</P>
  <P Name="SimulinkSubDomain">Simulink</P>
  <Block BlockType="Inport" Name="r1" SID="80004">
    <P Name="Position">[125, 303, 155, 317]</P>
    <P Name="ZOrder">143</P>
    <P Name="BackgroundColor">yellow</P>
  </Block>
  <Block BlockType="Inport" Name="r2" SID="80005">
    <P Name="Position">[125, 533, 155, 547]</P>
    <P Name="ZOrder">142</P>
    <P Name="BackgroundColor">yellow</P>
    <P Name="Port">2</P>
  </Block>
  <Block BlockType="Demux" Name="Demux2" SID="80006">
    <P Name="Ports">[1, 3]</P>
    <P Name="Position">[210, 258, 225, 362]</P>
    <P Name="ZOrder">141</P>
    <P Name="BackgroundColor">black</P>
    <P Name="ShowName">off</P>
    <P Name="Outputs">[1;1;1]</P>
    <P Name="DisplayOption">none</P>
  </Block>
  <Block BlockType="Demux" Name="Demux3" SID="80007">
    <P Name="Ports">[1, 3]</P>
    <P Name="Position">[210, 488, 225, 592]</P>
    <P Name="ZOrder">140</P>
    <P Name="BackgroundColor">black</P>
    <P Name="ShowName">off</P>
    <P Name="Outputs">[1;1;1]</P>
    <P Name="DisplayOption">none</P>
  </Block>
  <Block BlockType="Product" Name="Product2" SID="80008">
    <P Name="Ports">[2, 1]</P>
    <P Name="Position">[540, 281, 585, 314]</P>
    <P Name="ZOrder">139</P>
    <P Name="InputSameDT">on</P>
    <P Name="OutDataTypeStr">Inherit: Same as first input</P>
    <P Name="RndMeth">Zero</P>
    <P Name="SaturateOnIntegerOverflow">on</P>
  </Block>
  <Block BlockType="Product" Name="Product3" SID="80009">
    <P Name="Ports">[2, 1]</P>
    <P Name="Position">[540, 336, 585, 369]</P>
    <P Name="ZOrder">138</P>
    <P Name="InputSameDT">on</P>
    <P Name="OutDataTypeStr">Inherit: Same as first input</P>
    <P Name="RndMeth">Zero</P>
    <P Name="SaturateOnIntegerOverflow">on</P>
  </Block>
  <Block BlockType="Product" Name="Product4" SID="80010">
    <P Name="Ports">[2, 1]</P>
    <P Name="Position">[540, 406, 585, 439]</P>
    <P Name="ZOrder">137</P>
    <P Name="InputSameDT">on</P>
    <P Name="OutDataTypeStr">Inherit: Same as first input</P>
    <P Name="RndMeth">Zero</P>
    <P Name="SaturateOnIntegerOverflow">on</P>
  </Block>
  <Block BlockType="Product" Name="Product5" SID="80011">
    <P Name="Ports">[2, 1]</P>
    <P Name="Position">[540, 461, 585, 494]</P>
    <P Name="ZOrder">136</P>
    <P Name="InputSameDT">on</P>
    <P Name="OutDataTypeStr">Inherit: Same as first input</P>
    <P Name="RndMeth">Zero</P>
    <P Name="SaturateOnIntegerOverflow">on</P>
  </Block>
  <Block BlockType="Product" Name="Product6" SID="80012">
    <P Name="Ports">[2, 1]</P>
    <P Name="Position">[540, 541, 585, 574]</P>
    <P Name="ZOrder">135</P>
    <P Name="InputSameDT">on</P>
    <P Name="OutDataTypeStr">Inherit: Same as first input</P>
    <P Name="RndMeth">Zero</P>
    <P Name="SaturateOnIntegerOverflow">on</P>
  </Block>
  <Block BlockType="Product" Name="Product7" SID="80013">
    <P Name="Ports">[2, 1]</P>
    <P Name="Position">[540, 596, 585, 629]</P>
    <P Name="ZOrder">134</P>
    <P Name="InputSameDT">on</P>
    <P Name="OutDataTypeStr">Inherit: Same as first input</P>
    <P Name="RndMeth">Zero</P>
    <P Name="SaturateOnIntegerOverflow">on</P>
  </Block>
  <Block BlockType="Sum" Name="Sum" SID="80014">
    <P Name="Ports">[2, 1]</P>
    <P Name="Position">[690, 310, 710, 345]</P>
    <P Name="ZOrder">133</P>
    <P Name="ShowName">off</P>
    <P Name="IconShape">rectangular</P>
    <P Name="Inputs">+-</P>
    <P Name="InputSameDT">on</P>
    <P Name="OutDataTypeStr">Inherit: Same as first input</P>
    <P Name="SaturateOnIntegerOverflow">on</P>
  </Block>
  <Block BlockType="Sum" Name="Sum1" SID="80015">
    <P Name="Ports">[2, 1]</P>
    <P Name="Position">[690, 435, 710, 470]</P>
    <P Name="ZOrder">132</P>
    <P Name="ShowName">off</P>
    <P Name="IconShape">rectangular</P>
    <P Name="Inputs">+-</P>
    <P Name="InputSameDT">on</P>
    <P Name="OutDataTypeStr">Inherit: Same as first input</P>
    <P Name="SaturateOnIntegerOverflow">on</P>
  </Block>
  <Block BlockType="Sum" Name="Sum2" SID="80016">
    <P Name="Ports">[2, 1]</P>
    <P Name="Position">[690, 570, 710, 605]</P>
    <P Name="ZOrder">131</P>
    <P Name="ShowName">off</P>
    <P Name="IconShape">rectangular</P>
    <P Name="Inputs">+-</P>
    <P Name="InputSameDT">on</P>
    <P Name="OutDataTypeStr">Inherit: Same as first input</P>
    <P Name="SaturateOnIntegerOverflow">on</P>
  </Block>
  <Block BlockType="Concatenate" Name="Vector Concatenate" SID="80017">
    <P Name="Ports">[3, 1]</P>
    <P Name="Position">[800, 391, 805, 519]</P>
    <P Name="ZOrder">144</P>
    <P Name="NumInputs">3</P>
    <P Name="Mode">Multidimensional array</P>
  </Block>
  <Block BlockType="Outport" Name="r1_x_r2" SID="80018">
    <P Name="Position">[890, 448, 920, 462]</P>
    <P Name="ZOrder">130</P>
    <P Name="BackgroundColor">orange</P>
    <P Name="PortDimensions">[3,1]</P>
    <P Name="VectorParamsAs1DForOutWhenUnconnected">off</P>
  </Block>
  <Line>
    <P Name="ZOrder">1</P>
    <P Name="Src">80006#out:2</P>
    <P Name="Points">[102, 0]</P>
    <Branch>
      <P Name="ZOrder">2</P>
      <P Name="Points">[0, -20]</P>
      <P Name="Dst">80008#in:1</P>
    </Branch>
    <Branch>
      <P Name="ZOrder">3</P>
      <P Name="Points">[0, 295]</P>
      <P Name="Dst">80013#in:1</P>
    </Branch>
  </Line>
  <Line>
    <P Name="ZOrder">4</P>
    <P Name="Src">80007#out:3</P>
    <P Name="Points">[230, 0; 0, -90]</P>
    <Branch>
      <P Name="ZOrder">5</P>
      <P Name="Dst">80011#in:2</P>
    </Branch>
    <Branch>
      <P Name="ZOrder">6</P>
      <P Name="Points">[0, -180]</P>
      <P Name="Dst">80008#in:2</P>
    </Branch>
  </Line>
  <Line>
    <P Name="ZOrder">7</P>
    <P Name="Src">80007#out:2</P>
    <P Name="Points">[211, 0]</P>
    <Branch>
      <P Name="ZOrder">8</P>
      <P Name="Points">[0, 25]</P>
      <P Name="Dst">80012#in:2</P>
    </Branch>
    <Branch>
      <P Name="ZOrder">9</P>
      <P Name="Points">[0, -180]</P>
      <P Name="Dst">80009#in:2</P>
    </Branch>
  </Line>
  <Line>
    <P Name="ZOrder">10</P>
    <P Name="Src">80006#out:3</P>
    <P Name="Points">[119, 0]</P>
    <Branch>
      <P Name="ZOrder">11</P>
      <P Name="Dst">80009#in:1</P>
    </Branch>
    <Branch>
      <P Name="ZOrder">12</P>
      <P Name="Points">[0, 70]</P>
      <P Name="Dst">80010#in:1</P>
    </Branch>
  </Line>
  <Line>
    <P Name="ZOrder">13</P>
    <P Name="Src">80007#out:1</P>
    <P Name="Points">[190, 0]</P>
    <Branch>
      <P Name="ZOrder">14</P>
      <P Name="Points">[0, 115]</P>
      <P Name="Dst">80013#in:2</P>
    </Branch>
    <Branch>
      <P Name="ZOrder">15</P>
      <P Name="Points">[0, -75]</P>
      <P Name="Dst">80010#in:2</P>
    </Branch>
  </Line>
  <Line>
    <P Name="ZOrder">16</P>
    <P Name="Src">80006#out:1</P>
    <P Name="Points">[85, 0; 0, 195]</P>
    <Branch>
      <P Name="ZOrder">17</P>
      <P Name="Points">[0, 80]</P>
      <P Name="Dst">80012#in:1</P>
    </Branch>
    <Branch>
      <P Name="ZOrder">18</P>
      <P Name="Dst">80011#in:1</P>
    </Branch>
  </Line>
  <Line>
    <P Name="ZOrder">19</P>
    <P Name="Src">80008#out:1</P>
    <P Name="Points">[48, 0; 0, 20]</P>
    <P Name="Dst">80014#in:1</P>
  </Line>
  <Line>
    <P Name="ZOrder">20</P>
    <P Name="Src">80009#out:1</P>
    <P Name="Points">[50, 0; 0, -20]</P>
    <P Name="Dst">80014#in:2</P>
  </Line>
  <Line>
    <P Name="ZOrder">21</P>
    <P Name="Src">80010#out:1</P>
    <P Name="Points">[48, 0; 0, 20]</P>
    <P Name="Dst">80015#in:1</P>
  </Line>
  <Line>
    <P Name="ZOrder">22</P>
    <P Name="Src">80011#out:1</P>
    <P Name="Points">[48, 0; 0, -20]</P>
    <P Name="Dst">80015#in:2</P>
  </Line>
  <Line>
    <P Name="ZOrder">23</P>
    <P Name="Src">80012#out:1</P>
    <P Name="Points">[49, 0; 0, 20]</P>
    <P Name="Dst">80016#in:1</P>
  </Line>
  <Line>
    <P Name="ZOrder">24</P>
    <P Name="Src">80013#out:1</P>
    <P Name="Points">[50, 0; 0, -20]</P>
    <P Name="Dst">80016#in:2</P>
  </Line>
  <Line>
    <P Name="ZOrder">25</P>
    <P Name="Src">80014#out:1</P>
    <P Name="Points">[32, 0; 0, 85]</P>
    <P Name="Dst">80017#in:1</P>
  </Line>
  <Line>
    <P Name="ZOrder">26</P>
    <P Name="Src">80015#out:1</P>
    <P Name="Dst">80017#in:2</P>
  </Line>
  <Line>
    <P Name="ZOrder">27</P>
    <P Name="Src">80016#out:1</P>
    <P Name="Points">[33, 0; 0, -95]</P>
    <P Name="Dst">80017#in:3</P>
  </Line>
  <Line>
    <P Name="ZOrder">28</P>
    <P Name="Src">80004#out:1</P>
    <P Name="Dst">80006#in:1</P>
  </Line>
  <Line>
    <P Name="ZOrder">29</P>
    <P Name="Src">80005#out:1</P>
    <P Name="Dst">80007#in:1</P>
  </Line>
  <Line>
    <P Name="ZOrder">30</P>
    <P Name="Src">80017#out:1</P>
    <P Name="Dst">80018#in:1</P>
  </Line>
  <Annotation SID="80020">
    <P Name="Name">Outputs [size]:

r1 x r2  [3x1]</P>
    <P Name="Position">[910, 338, 975, 376]</P>
    <P Name="InternalMargins">[0, 0, 0, 0]</P>
    <P Name="HorizontalAlignment">center</P>
    <P Name="VerticalAlignment">middle</P>
    <P Name="ZOrder">-1</P>
  </Annotation>
  <Annotation SID="80019">
    <P Name="Name">Inputs [size]:

r1 [3x1]
r2 [3x1]</P>
    <P Name="Position">[81, 411, 139, 461]</P>
    <P Name="InternalMargins">[0, 0, 0, 0]</P>
    <P Name="HorizontalAlignment">center</P>
    <P Name="VerticalAlignment">middle</P>
    <P Name="ZOrder">-2</P>
  </Annotation>
</System>
