<?xml version="1.0" encoding="utf-8"?>
<System>
  <P Name="Location">[109, 99, 1855, 972]</P>
  <P Name="SystemRect">[0.000000, 0.000000, 0.000000, 0.000000]</P>
  <P Name="SetExecutionDomain">off</P>
  <P Name="ExecutionDomainType">Deduce</P>
  <P Name="ZoomFactor">200</P>
  <P Name="SimulinkSubDomain">Simulink</P>
  <Block BlockType="Inport" Name="fin_cmd" SID="77659">
    <P Name="Position">[20, 98, 50, 112]</P>
    <P Name="ZOrder">1479</P>
    <P Name="BackgroundColor">yellow</P>
    <Port>
      <P Name="PortNumber">1</P>
      <P Name="PropagatedSignals">fin_cmd</P>
      <P Name="ShowPropagatedSignals">on</P>
    </Port>
  </Block>
  <Block BlockType="Constant" Name="Constant7" SID="77660">
    <P Name="Position">[80, 35, 110, 65]</P>
    <P Name="ZOrder">1477</P>
    <P Name="ShowName">off</P>
    <P Name="Value">Tr4r3</P>
  </Block>
  <Block BlockType="Product" Name="Product" SID="77661">
    <P Name="Ports">[2, 1]</P>
    <P Name="Position">[145, 22, 185, 133]</P>
    <P Name="ZOrder">1478</P>
    <P Name="ShowName">off</P>
    <P Name="Multiplication">Matrix(*)</P>
    <Port>
      <P Name="PortNumber">1</P>
      <P Name="Name">siB_cmd</P>
    </Port>
  </Block>
  <Block BlockType="Outport" Name="siB_cmd" SID="77662">
    <P Name="Position">[295, 73, 325, 87]</P>
    <P Name="ZOrder">1480</P>
    <P Name="BackgroundColor">orange</P>
    <P Name="VectorParamsAs1DForOutWhenUnconnected">off</P>
  </Block>
  <Line>
    <P Name="Name">siB_cmd</P>
    <P Name="ZOrder">1</P>
    <P Name="Labels">[0, 1]</P>
    <P Name="Src">77661#out:1</P>
    <P Name="Dst">77662#in:1</P>
  </Line>
  <Line>
    <P Name="ZOrder">2</P>
    <P Name="Labels">[0, 1]</P>
    <P Name="Src">77659#out:1</P>
    <P Name="Dst">77661#in:2</P>
  </Line>
  <Line>
    <P Name="ZOrder">3</P>
    <P Name="Src">77660#out:1</P>
    <P Name="Dst">77661#in:1</P>
  </Line>
</System>
