<?xml version="1.0" encoding="utf-8"?>
<System>
  <P Name="Location">[-1687, -7, 7, 1018]</P>
  <P Name="SystemRect">[0.000000, 0.000000, 0.000000, 0.000000]</P>
  <P Name="SetExecutionDomain">off</P>
  <P Name="ExecutionDomainType">Deduce</P>
  <P Name="ZoomFactor">150</P>
  <P Name="SimulinkSubDomain">Simulink</P>
  <Block BlockType="Inport" Name="gBG_c" SID="75662">
    <P Name="Position">[370, 18, 400, 32]</P>
    <P Name="ZOrder">1607</P>
    <P Name="BackgroundColor">yellow</P>
    <Port>
      <P Name="PortNumber">1</P>
      <P Name="PropagatedSignals">gBG</P>
      <P Name="ShowPropagatedSignals">on</P>
    </Port>
  </Block>
  <Block BlockType="Inport" Name="hBE" SID="75663">
    <P Name="Position">[370, 98, 400, 112]</P>
    <P Name="ZOrder">1608</P>
    <P Name="BackgroundColor">yellow</P>
    <P Name="Port">2</P>
    <Port>
      <P Name="PortNumber">1</P>
      <P Name="PropagatedSignals">hBE</P>
      <P Name="ShowPropagatedSignals">on</P>
    </Port>
  </Block>
  <Block BlockType="Constant" Name="Constant1" SID="75664">
    <P Name="Position">[335, 140, 440, 170]</P>
    <P Name="ZOrder">1610</P>
    <P Name="ShowName">off</P>
    <P Name="Value">flag_I_gravity_switch</P>
  </Block>
  <Block BlockType="Constant" Name="Constant3" SID="75665">
    <P Name="Position">[365, 270, 395, 300]</P>
    <P Name="ZOrder">1591</P>
    <P Name="ShowName">off</P>
    <P Name="Value">0</P>
  </Block>
  <Block BlockType="Sum" Name="Subtract" SID="75666">
    <P Name="Ports">[3, 1]</P>
    <P Name="Position">[465, 80, 495, 230]</P>
    <P Name="ZOrder">1606</P>
    <P Name="ShowName">off</P>
    <P Name="IconShape">rectangular</P>
    <P Name="Inputs">++-</P>
  </Block>
  <Block BlockType="Switch" Name="Switch" SID="75667">
    <P Name="Position">[530, -37, 625, 347]</P>
    <P Name="ZOrder">1592</P>
    <P Name="Criteria">u2 &gt; Threshold</P>
    <P Name="Threshold">0.05</P>
    <P Name="InputSameDT">off</P>
    <P Name="SaturateOnIntegerOverflow">off</P>
    <Port>
      <P Name="PortNumber">1</P>
      <P Name="Name">gBG</P>
    </Port>
  </Block>
  <Block BlockType="Concatenate" Name="Vector&#xA;Concatenate" SID="75668">
    <P Name="Ports">[3, 1]</P>
    <P Name="Position">[420, 235, 425, 335]</P>
    <P Name="ZOrder">1597</P>
    <P Name="ShowName">off</P>
    <P Name="NumInputs">3</P>
  </Block>
  <Block BlockType="SubSystem" Name="initial_altitude" SID="75669">
    <P Name="Ports">[0, 1]</P>
    <P Name="Position">[220, 177, 310, 233]</P>
    <P Name="ZOrder">1617</P>
    <P Name="RequestExecContextInheritance">off</P>
    <P Name="ContentPreviewEnabled">on</P>
    <System Ref="system_75669"/>
  </Block>
  <Block BlockType="Outport" Name="gBG" SID="75768">
    <P Name="Position">[685, 148, 715, 162]</P>
    <P Name="ZOrder">1609</P>
    <P Name="BackgroundColor">orange</P>
    <P Name="VectorParamsAs1DForOutWhenUnconnected">off</P>
  </Block>
  <Line>
    <P Name="ZOrder">1</P>
    <P Name="Src">75664#out:1</P>
    <P Name="Dst">75666#in:2</P>
  </Line>
  <Line>
    <P Name="ZOrder">2</P>
    <P Name="Labels">[0, 1]</P>
    <P Name="Src">75663#out:1</P>
    <P Name="Dst">75666#in:1</P>
  </Line>
  <Line>
    <P Name="ZOrder">3</P>
    <P Name="Src">75666#out:1</P>
    <P Name="Dst">75667#in:2</P>
  </Line>
  <Line>
    <P Name="ZOrder">4</P>
    <P Name="Src">75665#out:1</P>
    <P Name="Points">[3, 0]</P>
    <Branch>
      <P Name="ZOrder">5</P>
      <P Name="Points">[0, -35]</P>
      <P Name="Dst">75668#in:1</P>
    </Branch>
    <Branch>
      <P Name="ZOrder">6</P>
      <P Name="Dst">75668#in:2</P>
    </Branch>
    <Branch>
      <P Name="ZOrder">7</P>
      <P Name="Points">[0, 35]</P>
      <P Name="Dst">75668#in:3</P>
    </Branch>
  </Line>
  <Line>
    <P Name="Name">gBG</P>
    <P Name="ZOrder">8</P>
    <P Name="Labels">[0, 1]</P>
    <P Name="Src">75667#out:1</P>
    <P Name="Dst">75768#in:1</P>
  </Line>
  <Line>
    <P Name="ZOrder">9</P>
    <P Name="Src">75668#out:1</P>
    <P Name="Dst">75667#in:3</P>
  </Line>
  <Line>
    <P Name="ZOrder">10</P>
    <P Name="Labels">[0, 1]</P>
    <P Name="Src">75662#out:1</P>
    <P Name="Dst">75667#in:1</P>
  </Line>
  <Line>
    <P Name="ZOrder">11</P>
    <P Name="Src">75669#out:1</P>
    <P Name="Dst">75666#in:3</P>
  </Line>
</System>
