<?xml version="1.0" encoding="utf-8"?>
<System>
  <P Name="Location">[-1927, -543, 8, 632]</P>
  <P Name="SystemRect">[0.000000, 0.000000, 0.000000, 0.000000]</P>
  <P Name="SetExecutionDomain">off</P>
  <P Name="ExecutionDomainType">Deduce</P>
  <P Name="ZoomFactor">200</P>
  <P Name="SimulinkSubDomain">Simulink</P>
  <Block BlockType="Inport" Name="Tmp_ref" SID="75458">
    <P Name="Position">[540, 68, 570, 82]</P>
    <P Name="ZOrder">79</P>
    <P Name="BackgroundColor">yellow</P>
    <Port>
      <P Name="PortNumber">1</P>
      <P Name="PropagatedSignals">Tmp_ref</P>
      <P Name="ShowPropagatedSignals">on</P>
    </Port>
  </Block>
  <Block BlockType="Inport" Name="h_geop" SID="75459">
    <P Name="Position">[540, 193, 570, 207]</P>
    <P Name="ZOrder">80</P>
    <P Name="BackgroundColor">yellow</P>
    <P Name="Port">2</P>
    <Port>
      <P Name="PortNumber">1</P>
      <P Name="PropagatedSignals">h_geop</P>
      <P Name="ShowPropagatedSignals">on</P>
    </Port>
  </Block>
  <Block BlockType="Inport" Name="h_geop_ref" SID="75460">
    <P Name="Position">[540, 228, 570, 242]</P>
    <P Name="ZOrder">82</P>
    <P Name="BackgroundColor">yellow</P>
    <P Name="Port">3</P>
    <Port>
      <P Name="PortNumber">1</P>
      <P Name="PropagatedSignals">h_geop_ref</P>
      <P Name="ShowPropagatedSignals">on</P>
    </Port>
  </Block>
  <Block BlockType="Sum" Name="Add" SID="75461">
    <P Name="Ports">[2, 1]</P>
    <P Name="Position">[875, 22, 895, 238]</P>
    <P Name="ZOrder">73</P>
    <P Name="ShowName">off</P>
    <P Name="IconShape">rectangular</P>
    <Port>
      <P Name="PortNumber">1</P>
      <P Name="Name">Tmp</P>
    </Port>
  </Block>
  <Block BlockType="Product" Name="Product" SID="75462">
    <P Name="Ports">[2, 1]</P>
    <P Name="Position">[805, 107, 820, 258]</P>
    <P Name="ZOrder">74</P>
    <P Name="ShowName">off</P>
  </Block>
  <Block BlockType="Sum" Name="Subtract" SID="75463">
    <P Name="Ports">[2, 1]</P>
    <P Name="Position">[680, 181, 705, 254]</P>
    <P Name="ZOrder">78</P>
    <P Name="ShowName">off</P>
    <P Name="IconShape">rectangular</P>
    <P Name="Inputs">+-</P>
  </Block>
  <Block BlockType="Constant" Name="Tmp_gradient_tropo" SID="75464">
    <P Name="Position">[680, 130, 710, 160]</P>
    <P Name="ZOrder">75</P>
    <P Name="Value">c_be</P>
  </Block>
  <Block BlockType="Outport" Name="Tmp" SID="75465">
    <P Name="Position">[975, 123, 1005, 137]</P>
    <P Name="ZOrder">81</P>
    <P Name="BackgroundColor">orange</P>
    <P Name="VectorParamsAs1DForOutWhenUnconnected">off</P>
  </Block>
  <Line>
    <P Name="ZOrder">1</P>
    <P Name="Src">75463#out:1</P>
    <P Name="Dst">75462#in:2</P>
  </Line>
  <Line>
    <P Name="ZOrder">2</P>
    <P Name="Src">75464#out:1</P>
    <P Name="Dst">75462#in:1</P>
  </Line>
  <Line>
    <P Name="ZOrder">3</P>
    <P Name="Src">75462#out:1</P>
    <P Name="Dst">75461#in:2</P>
  </Line>
  <Line>
    <P Name="Name">Tmp</P>
    <P Name="ZOrder">4</P>
    <P Name="Labels">[0, 1]</P>
    <P Name="Src">75461#out:1</P>
    <P Name="Dst">75465#in:1</P>
  </Line>
  <Line>
    <P Name="ZOrder">5</P>
    <P Name="Labels">[0, 1]</P>
    <P Name="Src">75458#out:1</P>
    <P Name="Dst">75461#in:1</P>
  </Line>
  <Line>
    <P Name="ZOrder">6</P>
    <P Name="Labels">[0, 1]</P>
    <P Name="Src">75459#out:1</P>
    <P Name="Dst">75463#in:1</P>
  </Line>
  <Line>
    <P Name="ZOrder">7</P>
    <P Name="Labels">[0, 1]</P>
    <P Name="Src">75460#out:1</P>
    <P Name="Dst">75463#in:2</P>
  </Line>
</System>
