<?xml version="1.0" encoding="utf-8"?>
<System>
  <P Name="Location">[1913, -7, 3847, 1167]</P>
  <P Name="SystemRect">[0.000000, 0.000000, 0.000000, 0.000000]</P>
  <P Name="SetExecutionDomain">off</P>
  <P Name="ExecutionDomainType">Deduce</P>
  <P Name="ZoomFactor">188</P>
  <P Name="SimulinkSubDomain">Simulink</P>
  <Block BlockType="DataTypeConversion" Name="Cast To Single" SID="74567">
    <P Name="Position">[-45, 28, -10, 62]</P>
    <P Name="ZOrder">21940</P>
    <P Name="OutDataTypeStr">single</P>
    <P Name="RndMeth">Floor</P>
    <P Name="SaturateOnIntegerOverflow">off</P>
  </Block>
  <Block BlockType="From" Name="From" SID="74568">
    <P Name="Position">[-260, -15, -155, 15]</P>
    <P Name="ZOrder">22271</P>
    <P Name="GotoTag">Heartbeat_Sent</P>
  </Block>
  <Block BlockType="From" Name="From1" SID="74569">
    <P Name="Position">[-260, 35, -155, 65]</P>
    <P Name="ZOrder">22272</P>
    <P Name="GotoTag">Heartbeat_Received</P>
    <Port>
      <P Name="PortNumber">1</P>
      <P Name="Name">receive</P>
    </Port>
  </Block>
  <Block BlockType="Mux" Name="Mux" SID="74570">
    <P Name="Ports">[2, 1]</P>
    <P Name="Position">[80, 16, 85, 54]</P>
    <P Name="ZOrder">21937</P>
    <P Name="ShowName">off</P>
    <P Name="Inputs">2</P>
    <P Name="DisplayOption">bar</P>
  </Block>
  <Block BlockType="Constant" Name="One" SID="74571">
    <P Name="Position">[-160, 230, -130, 260]</P>
    <P Name="ZOrder">22214</P>
    <P Name="Value">9</P>
    <P Name="OutDataTypeStr">Inherit: Inherit via back propagation</P>
  </Block>
  <Block BlockType="RateTransition" Name="Rate Transition" SID="74572">
    <P Name="Position">[-95, -21, -65, 11]</P>
    <P Name="ZOrder">21934</P>
    <P Name="OutPortSampleTime">0.001</P>
  </Block>
  <Block BlockType="RateTransition" Name="Rate Transition1" SID="74573">
    <P Name="Position">[-95, 34, -65, 66]</P>
    <P Name="ZOrder">21935</P>
    <P Name="OutPortSampleTime">0.001</P>
  </Block>
  <Block BlockType="Saturate" Name="Saturation" SID="74574">
    <P Name="Position">[-20, 175, 10, 205]</P>
    <P Name="ZOrder">22212</P>
    <P Name="UpperLimit">inf</P>
    <P Name="LowerLimit">0</P>
    <Port>
      <P Name="PortNumber">1</P>
      <P Name="Name">FccDelay</P>
    </Port>
  </Block>
  <Block BlockType="Scope" Name="Scope" SID="74575">
    <P Name="Ports">[1]</P>
    <P Name="Position">[110, 19, 140, 51]</P>
    <P Name="ZOrder">22216</P>
    <P Name="BackgroundColor">[0.850980, 0.325490, 0.098039]</P>
    <P Name="ScopeSpecificationString">Simulink.scopes.TimeScopeBlockCfg(&apos;CurrentConfiguration&apos;, extmgr.ConfigurationSet(extmgr.Configuration(&apos;Core&apos;,&apos;General UI&apos;,true),extmgr.Configuration(&apos;Core&apos;,&apos;Source UI&apos;,true),extmgr.Configuration(&apos;Sources&apos;,&apos;WiredSimulink&apos;,true,&apos;DataLoggingVariableName&apos;,&apos;ScopeData2&apos;),extmgr.Configuration(&apos;Visuals&apos;,&apos;Time Domain&apos;,true,&apos;SerializedDisplays&apos;,{struct(&apos;MinYLimReal&apos;,&apos;-3547.125&apos;,&apos;MaxYLimReal&apos;,&apos;21924.125&apos;,&apos;YLabelReal&apos;,&apos;&apos;,&apos;MinYLimMag&apos;,&apos;  0.00000&apos;,&apos;MaxYLimMag&apos;,&apos;21924.125&apos;,&apos;LegendVisibility&apos;,&apos;On&apos;,&apos;XGrid&apos;,true,&apos;YGrid&apos;,true,&apos;PlotMagPhase&apos;,false,&apos;AxesColor&apos;,[0 0 0],&apos;AxesTickColor&apos;,[0.686274509803922 0.686274509803922 0.686274509803922],&apos;ColorOrder&apos;,[1 1 0.0666666666666667;0.0745098039215686 0.623529411764706 1;1 0.411764705882353 0.16078431372549;0.392156862745098 0.831372549019608 0.0745098039215686;0.717647058823529 0.274509803921569 1;0.0588235294117647 1 1;1 0.0745098039215686 0.650980392156863],&apos;Title&apos;,&apos;%&lt;SignalLabel&gt;&apos;,&apos;LinePropertiesCache&apos;,{{[],struct(&apos;Color&apos;,[0.0745098039215686 0.623529411764706 1],&apos;LineStyle&apos;,&apos;-&apos;,&apos;LineWidth&apos;,1,&apos;Marker&apos;,&apos;none&apos;,&apos;Visible&apos;,&apos;on&apos;)}},&apos;UserDefinedChannelNames&apos;,{{}},&apos;NumLines&apos;,2,&apos;LineNames&apos;,{{&apos;In Sync/1:1&apos;,&apos;In Sync/1:2&apos;}},&apos;ShowContent&apos;,true,&apos;Placement&apos;,1)},&apos;DisplayPropertyDefaults&apos;,struct(&apos;MinYLimReal&apos;,&apos;-3547.125&apos;,&apos;MaxYLimReal&apos;,&apos;21924.125&apos;,&apos;YLabelReal&apos;,&apos;&apos;,&apos;MinYLimMag&apos;,&apos;  0.00000&apos;,&apos;MaxYLimMag&apos;,&apos;21924.125&apos;,&apos;LegendVisibility&apos;,&apos;On&apos;,&apos;XGrid&apos;,true,&apos;YGrid&apos;,true,&apos;PlotMagPhase&apos;,false,&apos;AxesColor&apos;,[0 0 0],&apos;AxesTickColor&apos;,[0.686274509803922 0.686274509803922 0.686274509803922],&apos;ColorOrder&apos;,[0.0745098039215686 0.623529411764706 1;1 0.411764705882353 0.16078431372549;1 1 0.0666666666666667;0.717647058823529 0.274509803921569 1;0.392156862745098 0.831372549019608 0.0745098039215686;0.0588235294117647 1 1;1 0.0745098039215686 0.650980392156863])),extmgr.Configuration(&apos;Tools&apos;,&apos;Plot Navigation&apos;,true,&apos;OnceAtStop&apos;,false,&apos;PreviousAutoscale&apos;,&apos;XY&apos;),extmgr.Configuration(&apos;Tools&apos;,&apos;Measurements&apos;,true,&apos;Version&apos;,&apos;2019b&apos;)),&apos;Version&apos;,&apos;2019b&apos;,&apos;Position&apos;,[2111 355 560 420])</P>
    <P Name="NumInputPorts">1</P>
    <P Name="Floating">off</P>
  </Block>
  <Block BlockType="Sum" Name="Subtract" SID="74576">
    <P Name="Ports">[3, 1]</P>
    <P Name="Position">[-110, 174, -80, 206]</P>
    <P Name="ZOrder">22208</P>
    <P Name="IconShape">rectangular</P>
    <P Name="Inputs">+--</P>
  </Block>
  <Block BlockType="Outport" Name="Communication Delay" SID="74577">
    <P Name="Position">[220, 98, 250, 112]</P>
    <P Name="ZOrder">22215</P>
  </Block>
  <Line>
    <P Name="Name">receive</P>
    <P Name="ZOrder">1</P>
    <P Name="Labels">[0, 0]</P>
    <P Name="Src">74569#out:1</P>
    <P Name="Dst">74573#in:1</P>
  </Line>
  <Line>
    <P Name="ZOrder">2</P>
    <P Name="Src">74568#out:1</P>
    <P Name="Points">[25, 0; 0, -5]</P>
    <P Name="Dst">74572#in:1</P>
  </Line>
  <Line>
    <P Name="ZOrder">3</P>
    <P Name="Src">74572#out:1</P>
    <P Name="Points">[8, 0]</P>
    <Branch>
      <P Name="ZOrder">4</P>
      <P Name="Points">[0, 28; -92, 0; 0, 157]</P>
      <P Name="Dst">74576#in:1</P>
    </Branch>
    <Branch>
      <P Name="ZOrder">5</P>
      <P Name="Points">[55, 0; 0, 30]</P>
      <P Name="Dst">74570#in:1</P>
    </Branch>
  </Line>
  <Line>
    <P Name="ZOrder">6</P>
    <P Name="Src">74573#out:1</P>
    <P Name="Points">[0, 0]</P>
    <Branch>
      <P Name="ZOrder">7</P>
      <P Name="Points">[0, 69; -73, 0; 0, 71]</P>
      <P Name="Dst">74576#in:2</P>
    </Branch>
    <Branch>
      <P Name="ZOrder">8</P>
      <P Name="Dst">74567#in:1</P>
    </Branch>
  </Line>
  <Line>
    <P Name="ZOrder">9</P>
    <P Name="Src">74567#out:1</P>
    <P Name="Dst">74570#in:2</P>
  </Line>
  <Line>
    <P Name="ZOrder">10</P>
    <P Name="Src">74576#out:1</P>
    <P Name="Dst">74574#in:1</P>
  </Line>
  <Line>
    <P Name="Name">FccDelay</P>
    <P Name="ZOrder">11</P>
    <P Name="Labels">[1, 1]</P>
    <P Name="Src">74574#out:1</P>
    <P Name="Points">[94, 0; 0, -85]</P>
    <P Name="Dst">74577#in:1</P>
  </Line>
  <Line>
    <P Name="ZOrder">12</P>
    <P Name="Src">74571#out:1</P>
    <P Name="Dst">74576#in:3</P>
  </Line>
  <Line>
    <P Name="ZOrder">13</P>
    <P Name="Src">74570#out:1</P>
    <P Name="Dst">74575#in:1</P>
  </Line>
  <Annotation SID="74578">
    <P Name="Name">This block ensures the Pixhawk is connected and functioning correctly</P>
    <P Name="Position">[-236, -53, 75, -39]</P>
    <P Name="InternalMargins">[0, 0, 0, 0]</P>
    <P Name="ForegroundColor">green</P>
    <P Name="ZOrder">-1</P>
  </Annotation>
</System>
