<?xml version="1.0" encoding="utf-8"?>
<System>
  <P Name="Location">[-7, -7, 1481, 871]</P>
  <P Name="SystemRect">[0.000000, 0.000000, 0.000000, 0.000000]</P>
  <P Name="SetExecutionDomain">off</P>
  <P Name="ExecutionDomainType">Deduce</P>
  <P Name="ZoomFactor">134</P>
  <P Name="SimulinkSubDomain">Simulink</P>
  <Block BlockType="Inport" Name="env_glb" SID="80025">
    <P Name="Position">[420, 88, 450, 102]</P>
    <P Name="ZOrder">662</P>
    <P Name="BackgroundColor">yellow</P>
    <Port>
      <P Name="PortNumber">1</P>
      <P Name="PropagatedSignals">env_glbl_bus</P>
      <P Name="ShowPropagatedSignals">on</P>
    </Port>
  </Block>
  <Block BlockType="BusCreator" Name="Bus&#xA;Creator1" SID="80026">
    <P Name="Ports">[3, 1]</P>
    <P Name="Position">[1370, 51, 1375, 219]</P>
    <P Name="ZOrder">661</P>
    <P Name="ShowName">off</P>
    <P Name="Inputs">3</P>
    <P Name="DisplayOption">bar</P>
    <P Name="InheritFromInputs">on</P>
    <Port>
      <P Name="PortNumber">1</P>
      <P Name="Name">wab_bus</P>
    </Port>
  </Block>
  <Block BlockType="BusSelector" Name="Bus&#xA;Selector2" SID="80027">
    <P Name="Ports">[1, 2]</P>
    <P Name="Position">[525, 76, 530, 114]</P>
    <P Name="ZOrder">568</P>
    <P Name="ShowName">off</P>
    <P Name="OutputSignals">T_sim_glbl,T_sim_lnch</P>
    <Port>
      <P Name="PortNumber">1</P>
      <P Name="Name">&lt;T_sim_glbl&gt;</P>
    </Port>
    <Port>
      <P Name="PortNumber">2</P>
      <P Name="Name">&lt;T_sim_lnch&gt;</P>
    </Port>
  </Block>
  <Block BlockType="Sum" Name="Subtract" SID="80028">
    <P Name="Ports">[2, 1]</P>
    <P Name="Position">[605, 77, 625, 113]</P>
    <P Name="ZOrder">571</P>
    <P Name="ShowName">off</P>
    <P Name="IconShape">rectangular</P>
    <P Name="Inputs">+-</P>
  </Block>
  <Block BlockType="SubSystem" Name="center_of_gravity" SID="80029">
    <P Name="Ports">[2, 1]</P>
    <P Name="Position">[975, 108, 1070, 157]</P>
    <P Name="ZOrder">-43</P>
    <P Name="RequestExecContextInheritance">off</P>
    <Port>
      <P Name="PortNumber">1</P>
      <P Name="PropagatedSignals">pBPB</P>
      <P Name="ShowPropagatedSignals">on</P>
    </Port>
    <System Ref="system_80029"/>
  </Block>
  <Block BlockType="SubSystem" Name="mass" SID="80046">
    <P Name="Ports">[1, 2]</P>
    <P Name="Position">[650, 67, 755, 118]</P>
    <P Name="ZOrder">-39</P>
    <P Name="RequestExecContextInheritance">off</P>
    <Port>
      <P Name="PortNumber">1</P>
      <P Name="PropagatedSignals">mB_c</P>
      <P Name="ShowPropagatedSignals">on</P>
    </Port>
    <Port>
      <P Name="PortNumber">2</P>
      <P Name="PropagatedSignals">mM</P>
      <P Name="ShowPropagatedSignals">on</P>
    </Port>
    <System Ref="system_80046"/>
  </Block>
  <Block BlockType="SubSystem" Name="mass_uncertainty" SID="80060">
    <P Name="Ports">[1, 1]</P>
    <P Name="Position">[825, 60, 905, 100]</P>
    <P Name="ZOrder">-41</P>
    <P Name="RequestExecContextInheritance">off</P>
    <Port>
      <P Name="PortNumber">1</P>
      <P Name="PropagatedSignals">mB</P>
      <P Name="ShowPropagatedSignals">on</P>
    </Port>
    <System Ref="system_80060"/>
  </Block>
  <Block BlockType="SubSystem" Name="moi" SID="80067">
    <P Name="Ports">[2, 1]</P>
    <P Name="Position">[1180, 152, 1285, 223]</P>
    <P Name="ZOrder">-49</P>
    <P Name="RequestExecContextInheritance">off</P>
    <Port>
      <P Name="PortNumber">1</P>
      <P Name="PropagatedSignals">JBBB</P>
      <P Name="ShowPropagatedSignals">on</P>
    </Port>
    <System Ref="system_80067"/>
  </Block>
  <Block BlockType="Outport" Name="wab" SID="80351">
    <P Name="Position">[1440, 128, 1470, 142]</P>
    <P Name="ZOrder">664</P>
    <P Name="BackgroundColor">orange</P>
    <P Name="VectorParamsAs1DForOutWhenUnconnected">off</P>
  </Block>
  <Line>
    <P Name="Name">&lt;T_sim_lnch&gt;</P>
    <P Name="ZOrder">1</P>
    <P Name="Labels">[0, 1]</P>
    <P Name="Src">80027#out:2</P>
    <P Name="Dst">80028#in:2</P>
  </Line>
  <Line>
    <P Name="Name">&lt;T_sim_glbl&gt;</P>
    <P Name="ZOrder">2</P>
    <P Name="Labels">[0, 1]</P>
    <P Name="Src">80027#out:1</P>
    <P Name="Dst">80028#in:1</P>
  </Line>
  <Line>
    <P Name="ZOrder">3</P>
    <P Name="Labels">[0, 1]</P>
    <P Name="Src">80025#out:1</P>
    <P Name="Dst">80027#in:1</P>
  </Line>
  <Line>
    <P Name="Name">wab_bus</P>
    <P Name="ZOrder">4</P>
    <P Name="Labels">[0, 1]</P>
    <P Name="Src">80026#out:1</P>
    <P Name="Dst">80351#in:1</P>
  </Line>
  <Line>
    <P Name="ZOrder">5</P>
    <P Name="Labels">[0, 1]</P>
    <P Name="Src">80029#out:1</P>
    <P Name="Points">[53, 0]</P>
    <Branch>
      <P Name="ZOrder">6</P>
      <P Name="Points">[0, 35]</P>
      <P Name="Dst">80067#in:1</P>
    </Branch>
    <Branch>
      <P Name="ZOrder">7</P>
      <P Name="Dst">80026#in:2</P>
    </Branch>
  </Line>
  <Line>
    <P Name="ZOrder">8</P>
    <P Name="Labels">[0, 1]</P>
    <P Name="Src">80067#out:1</P>
    <P Name="Dst">80026#in:3</P>
  </Line>
  <Line>
    <P Name="ZOrder">9</P>
    <P Name="Labels">[1, 0]</P>
    <P Name="Src">80046#out:2</P>
    <P Name="Points">[36, 0; 0, 40]</P>
    <Branch>
      <P Name="ZOrder">10</P>
      <P Name="Points">[0, 60]</P>
      <P Name="Dst">80067#in:2</P>
    </Branch>
    <Branch>
      <P Name="ZOrder">11</P>
      <P Name="Dst">80029#in:2</P>
    </Branch>
  </Line>
  <Line>
    <P Name="ZOrder">12</P>
    <P Name="Labels">[0, 1]</P>
    <P Name="Src">80060#out:1</P>
    <P Name="Points">[26, 0]</P>
    <Branch>
      <P Name="ZOrder">13</P>
      <P Name="Points">[0, 40]</P>
      <P Name="Dst">80029#in:1</P>
    </Branch>
    <Branch>
      <P Name="ZOrder">14</P>
      <P Name="Dst">80026#in:1</P>
    </Branch>
  </Line>
  <Line>
    <P Name="ZOrder">15</P>
    <P Name="Labels">[1, 0]</P>
    <P Name="Src">80046#out:1</P>
    <P Name="Dst">80060#in:1</P>
  </Line>
  <Line>
    <P Name="ZOrder">16</P>
    <P Name="Src">80028#out:1</P>
    <P Name="Dst">80046#in:1</P>
  </Line>
</System>
