<?xml version="1.0" encoding="utf-8"?>
<System>
  <P Name="Location">[-1927, -543, 8, 632]</P>
  <P Name="SystemRect">[0.000000, 0.000000, 0.000000, 0.000000]</P>
  <P Name="SetExecutionDomain">off</P>
  <P Name="ExecutionDomainType">Deduce</P>
  <P Name="SimulinkSubDomain">Simulink</P>
  <Block BlockType="Inport" Name="q" SID="76111">
    <P Name="Position">[70, 313, 100, 327]</P>
    <P Name="ZOrder">95</P>
    <P Name="BackgroundColor">yellow</P>
  </Block>
  <Block BlockType="Demux" Name="Demux" SID="76112">
    <P Name="Ports">[1, 2]</P>
    <P Name="Position">[180, 262, 185, 373]</P>
    <P Name="ZOrder">94</P>
    <P Name="BackgroundColor">black</P>
    <P Name="ShowName">off</P>
    <P Name="Outputs">[3;1]</P>
  </Block>
  <Block BlockType="Gain" Name="Gain1" SID="76113">
    <P Name="Position">[295, 275, 325, 305]</P>
    <P Name="ZOrder">97</P>
    <P Name="Gain">-1</P>
  </Block>
  <Block BlockType="Concatenate" Name="Vector Concatenate" SID="76114">
    <P Name="Ports">[2, 1]</P>
    <P Name="Position">[445, 263, 450, 372]</P>
    <P Name="ZOrder">96</P>
  </Block>
  <Block BlockType="Outport" Name="q_conj" SID="76115">
    <P Name="Position">[500, 313, 530, 327]</P>
    <P Name="ZOrder">93</P>
    <P Name="BackgroundColor">orange</P>
    <P Name="VectorParamsAs1DForOutWhenUnconnected">off</P>
  </Block>
  <Line>
    <P Name="ZOrder">1</P>
    <P Name="Src">76112#out:2</P>
    <P Name="Dst">76114#in:2</P>
  </Line>
  <Line>
    <P Name="ZOrder">2</P>
    <P Name="Src">76113#out:1</P>
    <P Name="Dst">76114#in:1</P>
  </Line>
  <Line>
    <P Name="ZOrder">3</P>
    <P Name="Src">76112#out:1</P>
    <P Name="Dst">76113#in:1</P>
  </Line>
  <Line>
    <P Name="ZOrder">4</P>
    <P Name="Src">76114#out:1</P>
    <P Name="Dst">76115#in:1</P>
  </Line>
  <Line>
    <P Name="ZOrder">5</P>
    <P Name="Src">76111#out:1</P>
    <P Name="Dst">76112#in:1</P>
  </Line>
  <Annotation SID="76117">
    <P Name="Name">Outputs [size]:

q_conj [4]</P>
    <P Name="Position">[500, 231, 565, 269]</P>
    <P Name="InternalMargins">[0, 0, 0, 0]</P>
    <P Name="HorizontalAlignment">center</P>
    <P Name="VerticalAlignment">middle</P>
    <P Name="ZOrder">-1</P>
  </Annotation>
  <Annotation SID="76116">
    <P Name="Name">Inputs [size]:

q [4]</P>
    <P Name="Position">[70, 231, 128, 269]</P>
    <P Name="InternalMargins">[0, 0, 0, 0]</P>
    <P Name="HorizontalAlignment">center</P>
    <P Name="VerticalAlignment">middle</P>
    <P Name="ZOrder">-2</P>
  </Annotation>
</System>
