<?xml version="1.0" encoding="utf-8"?>
<System>
  <P Name="Location">[470, 155, 897, 690]</P>
  <P Name="SystemRect">[0.000000, 0.000000, 0.000000, 0.000000]</P>
  <P Name="SetExecutionDomain">off</P>
  <P Name="ExecutionDomainType">Deduce</P>
  <P Name="SimulinkSubDomain">Simulink</P>
  <Block BlockType="Inport" Name="A" SID="77601:7:139">
    <P Name="Position">[25, 63, 55, 77]</P>
    <P Name="ZOrder">-1</P>
  </Block>
  <Block BlockType="Inport" Name="B" SID="77601:7:140">
    <P Name="Position">[25, 128, 55, 142]</P>
    <P Name="ZOrder">-2</P>
    <P Name="Port">2</P>
  </Block>
  <Block BlockType="Demux" Name="Demux" SID="77601:7:141">
    <P Name="Ports">[1, 3]</P>
    <P Name="Position">[90, 36, 95, 104]</P>
    <P Name="ZOrder">-3</P>
    <P Name="BackgroundColor">black</P>
    <P Name="ShowName">off</P>
    <P Name="Outputs">3</P>
  </Block>
  <Block BlockType="Demux" Name="Demux1" SID="77601:7:142">
    <P Name="Ports">[1, 3]</P>
    <P Name="Position">[90, 100, 95, 170]</P>
    <P Name="ZOrder">-4</P>
    <P Name="BackgroundColor">black</P>
    <P Name="ShowName">off</P>
    <P Name="Outputs">3</P>
  </Block>
  <Block BlockType="Mux" Name="Mux" SID="77601:7:143">
    <P Name="Ports">[3, 1]</P>
    <P Name="Position">[310, 75, 315, 235]</P>
    <P Name="ZOrder">-5</P>
    <P Name="ShowName">off</P>
    <P Name="Inputs">3</P>
    <P Name="DisplayOption">bar</P>
  </Block>
  <Block BlockType="Product" Name="i x k" SID="77601:7:144">
    <P Name="Ports">[2, 1]</P>
    <P Name="Position">[220, 137, 250, 168]</P>
    <P Name="ZOrder">-6</P>
    <P Name="InputSameDT">on</P>
    <P Name="OutDataTypeStr">Inherit: Same as first input</P>
    <P Name="SaturateOnIntegerOverflow">on</P>
  </Block>
  <Block BlockType="Product" Name="j x i" SID="77601:7:145">
    <P Name="Ports">[2, 1]</P>
    <P Name="Position">[220, 192, 250, 223]</P>
    <P Name="ZOrder">-7</P>
    <P Name="InputSameDT">on</P>
    <P Name="OutDataTypeStr">Inherit: Same as first input</P>
    <P Name="SaturateOnIntegerOverflow">on</P>
  </Block>
  <Block BlockType="Product" Name="k x j" SID="77601:7:146">
    <P Name="Ports">[2, 1]</P>
    <P Name="Position">[220, 82, 250, 113]</P>
    <P Name="ZOrder">-8</P>
    <P Name="InputSameDT">on</P>
    <P Name="OutDataTypeStr">Inherit: Same as first input</P>
    <P Name="SaturateOnIntegerOverflow">on</P>
  </Block>
  <Block BlockType="Outport" Name="Out1" SID="77601:7:147">
    <P Name="Position">[335, 148, 365, 162]</P>
    <P Name="ZOrder">-9</P>
    <P Name="VectorParamsAs1DForOutWhenUnconnected">off</P>
  </Block>
  <Line>
    <P Name="ZOrder">1</P>
    <P Name="Src">77601:7:139#out:1</P>
    <P Name="Dst">77601:7:141#in:1</P>
  </Line>
  <Line>
    <P Name="ZOrder">2</P>
    <P Name="Src">77601:7:140#out:1</P>
    <P Name="Dst">77601:7:142#in:1</P>
  </Line>
  <Line>
    <P Name="ZOrder">3</P>
    <P Name="Src">77601:7:141#out:3</P>
    <P Name="Dst">77601:7:146#in:1</P>
  </Line>
  <Line>
    <P Name="ZOrder">4</P>
    <P Name="Src">77601:7:142#out:2</P>
    <P Name="Points">[100, 0; 0, -30]</P>
    <P Name="Dst">77601:7:146#in:2</P>
  </Line>
  <Line>
    <P Name="ZOrder">5</P>
    <P Name="Src">77601:7:141#out:1</P>
    <P Name="Points">[30, 0; 0, 95]</P>
    <P Name="Dst">77601:7:144#in:1</P>
  </Line>
  <Line>
    <P Name="ZOrder">6</P>
    <P Name="Src">77601:7:142#out:3</P>
    <P Name="Dst">77601:7:144#in:2</P>
  </Line>
  <Line>
    <P Name="ZOrder">7</P>
    <P Name="Src">77601:7:141#out:2</P>
    <P Name="Points">[20, 0; 0, 130]</P>
    <P Name="Dst">77601:7:145#in:1</P>
  </Line>
  <Line>
    <P Name="ZOrder">8</P>
    <P Name="Src">77601:7:142#out:1</P>
    <P Name="Points">[5, 0; 0, 105]</P>
    <P Name="Dst">77601:7:145#in:2</P>
  </Line>
  <Line>
    <P Name="ZOrder">9</P>
    <P Name="Src">77601:7:143#out:1</P>
    <P Name="Dst">77601:7:147#in:1</P>
  </Line>
  <Line>
    <P Name="ZOrder">10</P>
    <P Name="Src">77601:7:146#out:1</P>
    <P Name="Dst">77601:7:143#in:1</P>
  </Line>
  <Line>
    <P Name="ZOrder">11</P>
    <P Name="Src">77601:7:144#out:1</P>
    <P Name="Dst">77601:7:143#in:2</P>
  </Line>
  <Line>
    <P Name="ZOrder">12</P>
    <P Name="Src">77601:7:145#out:1</P>
    <P Name="Dst">77601:7:143#in:3</P>
  </Line>
</System>
