<?xml version="1.0" encoding="utf-8"?>
<System>
  <P Name="Location">[-7, -7, 1481, 871]</P>
  <P Name="SystemRect">[0.000000, 0.000000, 0.000000, 0.000000]</P>
  <P Name="SetExecutionDomain">off</P>
  <P Name="ExecutionDomainType">Deduce</P>
  <P Name="ZoomFactor">85</P>
  <P Name="SimulinkSubDomain">Simulink</P>
  <Block BlockType="Inport" Name="alpha_deg" SID="77752">
    <P Name="Position">[-635, -317, -605, -303]</P>
    <P Name="ZOrder">351</P>
  </Block>
  <Block BlockType="Inport" Name="beta_deg" SID="77753">
    <P Name="Position">[-635, -222, -605, -208]</P>
    <P Name="ZOrder">342</P>
    <P Name="Port">2</P>
  </Block>
  <Block BlockType="Inport" Name="dele_deg" SID="77754">
    <P Name="Position">[-570, -112, -540, -98]</P>
    <P Name="ZOrder">355</P>
    <P Name="Port">3</P>
  </Block>
  <Block BlockType="Inport" Name="dela_deg" SID="77755">
    <P Name="Position">[-570, 28, -540, 42]</P>
    <P Name="ZOrder">356</P>
    <P Name="Port">4</P>
  </Block>
  <Block BlockType="Inport" Name="delr_deg" SID="77756">
    <P Name="Position">[-570, 168, -540, 182]</P>
    <P Name="ZOrder">343</P>
    <P Name="Port">5</P>
  </Block>
  <Block BlockType="Inport" Name="q_ND_rps" SID="77757">
    <P Name="Position">[-630, 293, -600, 307]</P>
    <P Name="ZOrder">322</P>
    <P Name="Port">6</P>
  </Block>
  <Block BlockType="Lookup_n-D" Name="1-D Lookup&#xA;Table" SID="77758">
    <P Name="Ports">[1, 1]</P>
    <P Name="Position">[-465, -342, -400, -278]</P>
    <P Name="ZOrder">345</P>
    <P Name="ShowName">off</P>
    <P Name="HideAutomaticName">off</P>
    <P Name="AttributesFormatString">%&lt;Table&gt;
%&lt;BreakpointsForDimension1&gt;</P>
    <P Name="InputPortMap">u0</P>
    <P Name="NumberOfTableDimensions">1</P>
    <P Name="BreakpointsForDimension1">Aerodynamics.alpha_bkpts_ind1</P>
    <P Name="Table">Aerodynamics.CLM_alpha</P>
    <P Name="ExtrapMethod">Clip</P>
    <P Name="UseLastTableValue">on</P>
    <P Name="InternalRulePriority">Speed</P>
    <P Name="RndMeth">Simplest</P>
  </Block>
  <Block BlockType="Lookup_n-D" Name="1-D Lookup&#xA;Table1" SID="77759">
    <P Name="Ports">[1, 1]</P>
    <P Name="Position">[-465, -247, -400, -183]</P>
    <P Name="ZOrder">347</P>
    <P Name="ShowName">off</P>
    <P Name="HideAutomaticName">off</P>
    <P Name="AttributesFormatString">%&lt;Table&gt;
%&lt;BreakpointsForDimension1&gt;</P>
    <P Name="InputPortMap">u0</P>
    <P Name="NumberOfTableDimensions">1</P>
    <P Name="BreakpointsForDimension1">Aerodynamics.beta_bkpts_ind1</P>
    <P Name="Table">Aerodynamics.CLM_beta</P>
    <P Name="ExtrapMethod">Clip</P>
    <P Name="UseLastTableValue">on</P>
    <P Name="InternalRulePriority">Speed</P>
    <P Name="RndMeth">Simplest</P>
  </Block>
  <Block BlockType="Lookup_n-D" Name="2-D Lookup&#xA;Table" SID="77760">
    <P Name="Ports">[2, 1]</P>
    <P Name="Position">[-465, -152, -400, -88]</P>
    <P Name="ZOrder">346</P>
    <P Name="ShowName">off</P>
    <P Name="HideAutomaticName">off</P>
    <P Name="AttributesFormatString">%&lt;Table&gt;
%&lt;BreakpointsForDimension1&gt;
%&lt;BreakpointsForDimension2&gt;
</P>
    <P Name="InputPortMap">u0,u1</P>
    <P Name="BreakpointsForDimension1">Aerodynamics.dele_inc_bkpts_ind1</P>
    <P Name="BreakpointsForDimension2">Aerodynamics.dele_inc_bkpts_ind2</P>
    <P Name="Table">Aerodynamics.CLM_dele_inc</P>
    <P Name="ExtrapMethod">Clip</P>
    <P Name="UseLastTableValue">on</P>
    <P Name="InternalRulePriority">Speed</P>
    <P Name="RndMeth">Simplest</P>
    <Port>
      <P Name="PortNumber">1</P>
      <P Name="Name">CLM_dele</P>
    </Port>
  </Block>
  <Block BlockType="Lookup_n-D" Name="2-D Lookup&#xA;Table1" SID="77761">
    <P Name="Ports">[2, 1]</P>
    <P Name="Position">[-465, -12, -400, 52]</P>
    <P Name="ZOrder">349</P>
    <P Name="ShowName">off</P>
    <P Name="HideAutomaticName">off</P>
    <P Name="AttributesFormatString">%&lt;Table&gt;
%&lt;BreakpointsForDimension1&gt;
%&lt;BreakpointsForDimension2&gt;
</P>
    <P Name="InputPortMap">u0,u1</P>
    <P Name="BreakpointsForDimension1">Aerodynamics.dela_inc_bkpts_ind1</P>
    <P Name="BreakpointsForDimension2">Aerodynamics.dela_inc_bkpts_ind2</P>
    <P Name="Table">Aerodynamics.CLM_dela_inc</P>
    <P Name="ExtrapMethod">Clip</P>
    <P Name="UseLastTableValue">on</P>
    <P Name="InternalRulePriority">Speed</P>
    <P Name="RndMeth">Simplest</P>
    <Port>
      <P Name="PortNumber">1</P>
      <P Name="Name">CLM_dela</P>
    </Port>
  </Block>
  <Block BlockType="Lookup_n-D" Name="2-D Lookup&#xA;Table2" SID="77762">
    <P Name="Ports">[2, 1]</P>
    <P Name="Position">[-465, 128, -400, 192]</P>
    <P Name="ZOrder">350</P>
    <P Name="ShowName">off</P>
    <P Name="HideAutomaticName">off</P>
    <P Name="AttributesFormatString">%&lt;Table&gt;
%&lt;BreakpointsForDimension1&gt;
%&lt;BreakpointsForDimension2&gt;
</P>
    <P Name="InputPortMap">u0,u1</P>
    <P Name="BreakpointsForDimension1">Aerodynamics.delr_inc_bkpts_ind1</P>
    <P Name="BreakpointsForDimension2">Aerodynamics.delr_inc_bkpts_ind2</P>
    <P Name="Table">Aerodynamics.CLM_delr_inc</P>
    <P Name="ExtrapMethod">Clip</P>
    <P Name="UseLastTableValue">on</P>
    <P Name="InternalRulePriority">Speed</P>
    <P Name="RndMeth">Simplest</P>
    <Port>
      <P Name="PortNumber">1</P>
      <P Name="Name">CLM_delr</P>
    </Port>
  </Block>
  <Block BlockType="Constant" Name="Constant" SID="77763">
    <P Name="Position">[65, 65, 95, 95]</P>
    <P Name="ZOrder">358</P>
    <P Name="ShowName">off</P>
    <P Name="HideAutomaticName">off</P>
    <P Name="AttributesFormatString">%&lt;Value&gt;</P>
    <P Name="Value">Aerodynamics.CLM_bias</P>
  </Block>
  <Block BlockType="Gain" Name="Gain" SID="77764">
    <P Name="Position">[65, 5, 95, 35]</P>
    <P Name="ZOrder">357</P>
    <P Name="ShowName">off</P>
    <P Name="HideAutomaticName">off</P>
    <P Name="AttributesFormatString">%&lt;Gain&gt;</P>
    <P Name="Gain">Aerodynamics.CLM_scale</P>
  </Block>
  <Block BlockType="Gain" Name="Gain2" SID="77765">
    <P Name="Position">[-450, 285, -420, 315]</P>
    <P Name="ZOrder">311</P>
    <P Name="ShowName">off</P>
    <P Name="HideAutomaticName">off</P>
    <P Name="AttributesFormatString">%&lt;Gain&gt;</P>
    <P Name="Gain">Aerodynamics.CLM_q</P>
  </Block>
  <Block BlockType="Sum" Name="Sum1" SID="77766">
    <P Name="Ports">[5, 1]</P>
    <P Name="Position">[-70, -328, -50, 368]</P>
    <P Name="ZOrder">344</P>
    <P Name="ShowName">off</P>
    <P Name="IconShape">rectangular</P>
    <P Name="Inputs">+++++</P>
  </Block>
  <Block BlockType="Sum" Name="Sum2" SID="77767">
    <P Name="Ports">[2, 1]</P>
    <P Name="Position">[-275, -358, -255, -167]</P>
    <P Name="ZOrder">348</P>
    <P Name="ShowName">off</P>
    <P Name="IconShape">rectangular</P>
    <Port>
      <P Name="PortNumber">1</P>
      <P Name="Name">CLM_0</P>
      <P Name="DataLoggingDecimateData">on</P>
      <P Name="DataLoggingDecimation">SL_decimation</P>
    </Port>
  </Block>
  <Block BlockType="Sum" Name="Sum3" SID="77768">
    <P Name="Ports">[2, 1]</P>
    <P Name="Position">[170, 10, 190, 30]</P>
    <P Name="ZOrder">359</P>
    <P Name="ShowName">off</P>
    <P Name="Inputs">|++</P>
    <Port>
      <P Name="PortNumber">1</P>
      <P Name="Name">CLM_B</P>
      <P Name="DataLogging">on</P>
      <P Name="DataLoggingDecimateData">on</P>
      <P Name="DataLoggingDecimation">SL_decimation</P>
    </Port>
  </Block>
  <Block BlockType="InportShadow" Name="alpha_deg D1" SID="77769">
    <P Name="Position">[-635, -142, -605, -128]</P>
    <P Name="ZOrder">352</P>
  </Block>
  <Block BlockType="InportShadow" Name="alpha_deg D2" SID="77770">
    <P Name="Position">[-635, -2, -605, 12]</P>
    <P Name="ZOrder">353</P>
  </Block>
  <Block BlockType="InportShadow" Name="beta_deg D1" SID="77771">
    <P Name="Position">[-635, 138, -605, 152]</P>
    <P Name="ZOrder">354</P>
    <P Name="Port">2</P>
  </Block>
  <Block BlockType="Outport" Name="CLM" SID="77772">
    <P Name="Position">[355, 13, 385, 27]</P>
    <P Name="ZOrder">-2</P>
  </Block>
  <Line>
    <P Name="ZOrder">1</P>
    <P Name="Src">77757#out:1</P>
    <P Name="Dst">77765#in:1</P>
  </Line>
  <Line>
    <P Name="ZOrder">2</P>
    <P Name="Src">77765#out:1</P>
    <P Name="Dst">77766#in:5</P>
  </Line>
  <Line>
    <P Name="Name">CLM_B</P>
    <P Name="ZOrder">3</P>
    <P Name="Labels">[1, 1]</P>
    <P Name="Src">77768#out:1</P>
    <P Name="Dst">77772#in:1</P>
  </Line>
  <Line>
    <P Name="ZOrder">4</P>
    <P Name="Src">77756#out:1</P>
    <P Name="Dst">77762#in:2</P>
  </Line>
  <Line>
    <P Name="ZOrder">5</P>
    <P Name="Src">77770#out:1</P>
    <P Name="Dst">77761#in:1</P>
  </Line>
  <Line>
    <P Name="ZOrder">6</P>
    <P Name="Src">77755#out:1</P>
    <P Name="Dst">77761#in:2</P>
  </Line>
  <Line>
    <P Name="ZOrder">7</P>
    <P Name="Src">77752#out:1</P>
    <P Name="Dst">77758#in:1</P>
  </Line>
  <Line>
    <P Name="ZOrder">8</P>
    <P Name="Src">77771#out:1</P>
    <P Name="Dst">77762#in:1</P>
  </Line>
  <Line>
    <P Name="ZOrder">9</P>
    <P Name="Src">77769#out:1</P>
    <P Name="Dst">77760#in:1</P>
  </Line>
  <Line>
    <P Name="ZOrder">10</P>
    <P Name="Src">77759#out:1</P>
    <P Name="Dst">77767#in:2</P>
  </Line>
  <Line>
    <P Name="ZOrder">11</P>
    <P Name="Src">77754#out:1</P>
    <P Name="Dst">77760#in:2</P>
  </Line>
  <Line>
    <P Name="Name">CLM_dele</P>
    <P Name="ZOrder">12</P>
    <P Name="Labels">[1, 1]</P>
    <P Name="Src">77760#out:1</P>
    <P Name="Dst">77766#in:2</P>
  </Line>
  <Line>
    <P Name="Name">CLM_dela</P>
    <P Name="ZOrder">13</P>
    <P Name="Labels">[1, 1]</P>
    <P Name="Src">77761#out:1</P>
    <P Name="Dst">77766#in:3</P>
  </Line>
  <Line>
    <P Name="ZOrder">14</P>
    <P Name="Src">77753#out:1</P>
    <P Name="Dst">77759#in:1</P>
  </Line>
  <Line>
    <P Name="Name">CLM_delr</P>
    <P Name="ZOrder">15</P>
    <P Name="Labels">[1, 1]</P>
    <P Name="Src">77762#out:1</P>
    <P Name="Dst">77766#in:4</P>
  </Line>
  <Line>
    <P Name="Name">CLM_0</P>
    <P Name="ZOrder">16</P>
    <P Name="Labels">[1, 1]</P>
    <P Name="Src">77767#out:1</P>
    <P Name="Dst">77766#in:1</P>
  </Line>
  <Line>
    <P Name="ZOrder">17</P>
    <P Name="Src">77758#out:1</P>
    <P Name="Dst">77767#in:1</P>
  </Line>
  <Line>
    <P Name="ZOrder">18</P>
    <P Name="Src">77766#out:1</P>
    <P Name="Dst">77764#in:1</P>
  </Line>
  <Line>
    <P Name="ZOrder">19</P>
    <P Name="Src">77763#out:1</P>
    <P Name="Points">[80, 0]</P>
    <P Name="Dst">77768#in:2</P>
  </Line>
  <Line>
    <P Name="ZOrder">20</P>
    <P Name="Src">77764#out:1</P>
    <P Name="Dst">77768#in:1</P>
  </Line>
</System>
