<?xml version="1.0" encoding="utf-8"?>
<System>
  <P Name="Location">[-1927, -543, 8, 632]</P>
  <P Name="SystemRect">[0.000000, 0.000000, 0.000000, 0.000000]</P>
  <P Name="SetExecutionDomain">off</P>
  <P Name="ExecutionDomainType">Deduce</P>
  <P Name="SimulinkSubDomain">Simulink</P>
  <Block BlockType="Inport" Name="q" SID="76829">
    <P Name="Position">[95, 538, 125, 552]</P>
    <P Name="ZOrder">94</P>
    <P Name="BackgroundColor">yellow</P>
    <P Name="PortDimensions">4</P>
  </Block>
  <Block BlockType="Sum" Name="Add" SID="76830">
    <P Name="Ports">[2, 1]</P>
    <P Name="Position">[615, 207, 645, 238]</P>
    <P Name="ZOrder">103</P>
    <P Name="ShowName">off</P>
    <P Name="IconShape">rectangular</P>
  </Block>
  <Block BlockType="Sum" Name="Add1" SID="76831">
    <P Name="Ports">[3, 1]</P>
    <P Name="Position">[615, 336, 645, 394]</P>
    <P Name="ZOrder">112</P>
    <P Name="ShowName">off</P>
    <P Name="IconShape">rectangular</P>
    <P Name="Inputs">+--</P>
  </Block>
  <Block BlockType="Sum" Name="Add2" SID="76832">
    <P Name="Ports">[2, 1]</P>
    <P Name="Position">[615, 497, 645, 528]</P>
    <P Name="ZOrder">115</P>
    <P Name="ShowName">off</P>
    <P Name="IconShape">rectangular</P>
    <P Name="Inputs">+-</P>
  </Block>
  <Block BlockType="Sum" Name="Add3" SID="76833">
    <P Name="Ports">[2, 1]</P>
    <P Name="Position">[615, 652, 645, 683]</P>
    <P Name="ZOrder">118</P>
    <P Name="ShowName">off</P>
    <P Name="IconShape">rectangular</P>
  </Block>
  <Block BlockType="Sum" Name="Add4" SID="76834">
    <P Name="Ports">[3, 1]</P>
    <P Name="Position">[615, 781, 645, 839]</P>
    <P Name="ZOrder">126</P>
    <P Name="ShowName">off</P>
    <P Name="IconShape">rectangular</P>
    <P Name="Inputs">+--</P>
  </Block>
  <Block BlockType="ComplexToRealImag" Name="Complex to&#xA;Real-Imag" SID="76835">
    <P Name="Ports">[1, 1]</P>
    <P Name="Position">[1125, 492, 1175, 538]</P>
    <P Name="ZOrder">100</P>
    <P Name="Output">Real</P>
  </Block>
  <Block BlockType="Constant" Name="Constant" SID="76836">
    <P Name="Position">[520, 300, 550, 330]</P>
    <P Name="ZOrder">125</P>
    <P Name="Value">0.5</P>
  </Block>
  <Block BlockType="Constant" Name="Constant1" SID="76837">
    <P Name="Position">[520, 745, 550, 775]</P>
    <P Name="ZOrder">129</P>
    <P Name="Value">0.5</P>
  </Block>
  <Block BlockType="Demux" Name="Demux" SID="76838">
    <P Name="Ports">[1, 4]</P>
    <P Name="Position">[210, 406, 215, 684]</P>
    <P Name="ZOrder">124</P>
    <P Name="ShowName">off</P>
    <Port>
      <P Name="PortNumber">1</P>
      <P Name="Name">1</P>
    </Port>
    <Port>
      <P Name="PortNumber">2</P>
      <P Name="Name">2</P>
    </Port>
    <Port>
      <P Name="PortNumber">3</P>
      <P Name="Name">3</P>
    </Port>
    <Port>
      <P Name="PortNumber">4</P>
      <P Name="Name">4</P>
    </Port>
  </Block>
  <Block BlockType="Gain" Name="Gain" SID="76839">
    <P Name="Position">[695, 500, 725, 530]</P>
    <P Name="ZOrder">130</P>
    <P Name="Gain">2</P>
  </Block>
  <Block BlockType="Product" Name="Product" SID="76840">
    <P Name="Ports">[2, 1]</P>
    <P Name="Position">[520, 172, 550, 203]</P>
    <P Name="ZOrder">108</P>
    <P Name="ShowName">off</P>
  </Block>
  <Block BlockType="Product" Name="Product1" SID="76841">
    <P Name="Ports">[2, 1]</P>
    <P Name="Position">[520, 237, 550, 268]</P>
    <P Name="ZOrder">109</P>
    <P Name="ShowName">off</P>
  </Block>
  <Block BlockType="Product" Name="Product2" SID="76842">
    <P Name="Ports">[2, 1]</P>
    <P Name="Position">[520, 347, 550, 378]</P>
    <P Name="ZOrder">113</P>
    <P Name="ShowName">off</P>
  </Block>
  <Block BlockType="Product" Name="Product3" SID="76843">
    <P Name="Ports">[2, 1]</P>
    <P Name="Position">[520, 397, 550, 428]</P>
    <P Name="ZOrder">114</P>
    <P Name="ShowName">off</P>
  </Block>
  <Block BlockType="Product" Name="Product4" SID="76844">
    <P Name="Ports">[2, 1]</P>
    <P Name="Position">[520, 462, 550, 493]</P>
    <P Name="ZOrder">116</P>
    <P Name="ShowName">off</P>
  </Block>
  <Block BlockType="Product" Name="Product5" SID="76845">
    <P Name="Ports">[2, 1]</P>
    <P Name="Position">[520, 527, 550, 558]</P>
    <P Name="ZOrder">117</P>
    <P Name="ShowName">off</P>
  </Block>
  <Block BlockType="Product" Name="Product6" SID="76846">
    <P Name="Ports">[2, 1]</P>
    <P Name="Position">[520, 617, 550, 648]</P>
    <P Name="ZOrder">119</P>
    <P Name="ShowName">off</P>
  </Block>
  <Block BlockType="Product" Name="Product7" SID="76847">
    <P Name="Ports">[2, 1]</P>
    <P Name="Position">[520, 682, 550, 713]</P>
    <P Name="ZOrder">120</P>
    <P Name="ShowName">off</P>
  </Block>
  <Block BlockType="Product" Name="Product8" SID="76848">
    <P Name="Ports">[2, 1]</P>
    <P Name="Position">[520, 792, 550, 823]</P>
    <P Name="ZOrder">127</P>
    <P Name="ShowName">off</P>
  </Block>
  <Block BlockType="Product" Name="Product9" SID="76849">
    <P Name="Ports">[2, 1]</P>
    <P Name="Position">[520, 842, 550, 873]</P>
    <P Name="ZOrder">128</P>
    <P Name="ShowName">off</P>
  </Block>
  <Block BlockType="Saturate" Name="Saturation" SID="76850">
    <P Name="Position">[780, 500, 810, 530]</P>
    <P Name="ZOrder">131</P>
    <P Name="AttributesFormatString">%&lt;UpperLimit&gt;
%&lt;LowerLimit&gt;</P>
    <P Name="UpperLimit">1</P>
    <P Name="LowerLimit">-1</P>
  </Block>
  <Block BlockType="Trigonometry" Name="Trigonometric&#xA;Function" SID="76851">
    <P Name="Ports">[2, 1]</P>
    <P Name="Position">[890, 264, 945, 311]</P>
    <P Name="ZOrder">98</P>
    <P Name="ShowName">off</P>
    <P Name="Operator">atan2</P>
  </Block>
  <Block BlockType="Trigonometry" Name="Trigonometric&#xA;Function1" SID="76852">
    <P Name="Ports">[1, 1]</P>
    <P Name="Position">[890, 491, 945, 539]</P>
    <P Name="ZOrder">101</P>
    <P Name="ShowName">off</P>
    <P Name="Operator">asin</P>
  </Block>
  <Block BlockType="Trigonometry" Name="Trigonometric&#xA;Function2" SID="76853">
    <P Name="Ports">[2, 1]</P>
    <P Name="Position">[890, 719, 945, 766]</P>
    <P Name="ZOrder">102</P>
    <P Name="ShowName">off</P>
    <P Name="Operator">atan2</P>
  </Block>
  <Block BlockType="Concatenate" Name="Vector&#xA;Concatenate" SID="76854">
    <P Name="Ports">[3, 1]</P>
    <P Name="Position">[1055, 408, 1060, 622]</P>
    <P Name="ZOrder">97</P>
    <P Name="NumInputs">3</P>
  </Block>
  <Block BlockType="Outport" Name="eulx" SID="76855">
    <P Name="Position">[1255, 508, 1285, 522]</P>
    <P Name="ZOrder">93</P>
    <P Name="BackgroundColor">orange</P>
    <P Name="VectorParamsAs1DForOutWhenUnconnected">off</P>
  </Block>
  <Line>
    <P Name="ZOrder">1</P>
    <P Name="Src">76850#out:1</P>
    <P Name="Dst">76852#in:1</P>
  </Line>
  <Line>
    <P Name="ZOrder">2</P>
    <P Name="Src">76839#out:1</P>
    <P Name="Dst">76850#in:1</P>
  </Line>
  <Line>
    <P Name="Name">3</P>
    <P Name="ZOrder">3</P>
    <P Name="Labels">[0, 1]</P>
    <P Name="Src">76838#out:3</P>
    <P Name="Points">[118, 0]</P>
    <Branch>
      <P Name="ZOrder">4</P>
      <P Name="Points">[0, -30]</P>
      <Branch>
        <P Name="ZOrder">5</P>
        <P Name="Labels">[-1, 0]</P>
        <P Name="Dst">76845#in:2</P>
      </Branch>
      <Branch>
        <P Name="ZOrder">6</P>
        <P Name="Labels">[-1, 0]</P>
        <P Name="Points">[0, -290]</P>
        <P Name="Dst">76841#in:2</P>
      </Branch>
    </Branch>
    <Branch>
      <P Name="ZOrder">7</P>
      <P Name="Points">[0, 110]</P>
      <Branch>
        <P Name="ZOrder">8</P>
        <P Name="Labels">[-1, 1]</P>
        <P Name="Dst">76847#in:1</P>
      </Branch>
      <Branch>
        <P Name="ZOrder">9</P>
        <P Name="Points">[0, 160; 138, 0]</P>
        <Branch>
          <P Name="ZOrder">10</P>
          <P Name="Labels">[-1, 1]</P>
          <P Name="Dst">76849#in:1</P>
        </Branch>
        <Branch>
          <P Name="ZOrder">11</P>
          <P Name="Labels">[-1, 0]</P>
          <P Name="Points">[0, 15]</P>
          <P Name="Dst">76849#in:2</P>
        </Branch>
      </Branch>
    </Branch>
  </Line>
  <Line>
    <P Name="ZOrder">12</P>
    <P Name="Src">76837#out:1</P>
    <P Name="Points">[28, 0; 0, 30]</P>
    <P Name="Dst">76834#in:1</P>
  </Line>
  <Line>
    <P Name="ZOrder">13</P>
    <P Name="Src">76848#out:1</P>
    <P Name="Dst">76834#in:2</P>
  </Line>
  <Line>
    <P Name="ZOrder">14</P>
    <P Name="Src">76849#out:1</P>
    <P Name="Points">[28, 0; 0, -30]</P>
    <P Name="Dst">76834#in:3</P>
  </Line>
  <Line>
    <P Name="ZOrder">15</P>
    <P Name="Src">76836#out:1</P>
    <P Name="Points">[28, 0; 0, 30]</P>
    <P Name="Dst">76831#in:1</P>
  </Line>
  <Line>
    <P Name="Name">2</P>
    <P Name="ZOrder">16</P>
    <P Name="Labels">[0, 1]</P>
    <P Name="Src">76838#out:2</P>
    <P Name="Points">[95, 0]</P>
    <Branch>
      <P Name="ZOrder">17</P>
      <P Name="Points">[0, 130]</P>
      <Branch>
        <P Name="ZOrder">18</P>
        <P Name="Labels">[-1, 0]</P>
        <P Name="Dst">76846#in:2</P>
      </Branch>
      <Branch>
        <P Name="ZOrder">19</P>
        <P Name="Points">[0, 160; 162, 0]</P>
        <Branch>
          <P Name="ZOrder">20</P>
          <P Name="Labels">[-1, 1]</P>
          <P Name="Dst">76848#in:1</P>
        </Branch>
        <Branch>
          <P Name="ZOrder">21</P>
          <P Name="Labels">[-1, 0]</P>
          <P Name="Points">[0, 15]</P>
          <P Name="Dst">76848#in:2</P>
        </Branch>
      </Branch>
    </Branch>
    <Branch>
      <P Name="ZOrder">22</P>
      <P Name="Points">[0, -40]</P>
      <Branch>
        <P Name="ZOrder">23</P>
        <P Name="Points">[0, -65]</P>
        <Branch>
          <P Name="ZOrder">24</P>
          <P Name="Labels">[-1, 1]</P>
          <P Name="Points">[0, -160]</P>
          <P Name="Dst">76841#in:1</P>
        </Branch>
        <Branch>
          <P Name="ZOrder">25</P>
          <P Name="Points">[160, 0]</P>
          <Branch>
            <P Name="ZOrder">26</P>
            <P Name="Labels">[-1, 1]</P>
            <P Name="Dst">76843#in:1</P>
          </Branch>
          <Branch>
            <P Name="ZOrder">27</P>
            <P Name="Labels">[-1, 0]</P>
            <P Name="Points">[0, 15]</P>
            <P Name="Dst">76843#in:2</P>
          </Branch>
        </Branch>
      </Branch>
      <Branch>
        <P Name="ZOrder">28</P>
        <P Name="Labels">[-1, 1]</P>
        <P Name="Dst">76844#in:1</P>
      </Branch>
    </Branch>
  </Line>
  <Line>
    <P Name="Name">1</P>
    <P Name="ZOrder">29</P>
    <P Name="Labels">[0, 1]</P>
    <P Name="Src">76838#out:1</P>
    <P Name="Points">[72, 0]</P>
    <Branch>
      <P Name="ZOrder">30</P>
      <P Name="Points">[0, 95; 1, 0]</P>
      <Branch>
        <P Name="ZOrder">31</P>
        <P Name="Labels">[-1, 1]</P>
        <P Name="Dst">76845#in:1</P>
      </Branch>
      <Branch>
        <P Name="ZOrder">32</P>
        <P Name="Labels">[-1, 1]</P>
        <P Name="Points">[0, 90]</P>
        <P Name="Dst">76846#in:1</P>
      </Branch>
    </Branch>
    <Branch>
      <P Name="ZOrder">33</P>
      <P Name="Points">[0, -85]</P>
      <Branch>
        <P Name="ZOrder">34</P>
        <P Name="Labels">[-1, 1]</P>
        <P Name="Points">[0, -175]</P>
        <P Name="Dst">76840#in:1</P>
      </Branch>
      <Branch>
        <P Name="ZOrder">35</P>
        <P Name="Points">[182, 0]</P>
        <Branch>
          <P Name="ZOrder">36</P>
          <P Name="Labels">[-1, 1]</P>
          <P Name="Dst">76842#in:1</P>
        </Branch>
        <Branch>
          <P Name="ZOrder">37</P>
          <P Name="Labels">[-1, 0]</P>
          <P Name="Points">[0, 15]</P>
          <P Name="Dst">76842#in:2</P>
        </Branch>
      </Branch>
    </Branch>
  </Line>
  <Line>
    <P Name="Name">4</P>
    <P Name="ZOrder">38</P>
    <P Name="Labels">[0, 1]</P>
    <P Name="Src">76838#out:4</P>
    <P Name="Points">[136, 0]</P>
    <Branch>
      <P Name="ZOrder">39</P>
      <P Name="Points">[1, 0; 0, -165]</P>
      <Branch>
        <P Name="ZOrder">40</P>
        <P Name="Labels">[-1, 0]</P>
        <P Name="Points">[0, -290]</P>
        <P Name="Dst">76840#in:2</P>
      </Branch>
      <Branch>
        <P Name="ZOrder">41</P>
        <P Name="Labels">[-1, 0]</P>
        <P Name="Dst">76844#in:2</P>
      </Branch>
    </Branch>
    <Branch>
      <P Name="ZOrder">42</P>
      <P Name="Labels">[-1, 0]</P>
      <P Name="Points">[0, 55]</P>
      <P Name="Dst">76847#in:2</P>
    </Branch>
  </Line>
  <Line>
    <P Name="ZOrder">43</P>
    <P Name="Src">76829#out:1</P>
    <P Name="Dst">76838#in:1</P>
  </Line>
  <Line>
    <P Name="ZOrder">44</P>
    <P Name="Src">76831#out:1</P>
    <P Name="Points">[28, 0; 0, -65]</P>
    <P Name="Dst">76851#in:2</P>
  </Line>
  <Line>
    <P Name="ZOrder">45</P>
    <P Name="Src">76832#out:1</P>
    <P Name="Dst">76839#in:1</P>
  </Line>
  <Line>
    <P Name="ZOrder">46</P>
    <P Name="Src">76834#out:1</P>
    <P Name="Points">[28, 0; 0, -55]</P>
    <P Name="Dst">76853#in:2</P>
  </Line>
  <Line>
    <P Name="ZOrder">47</P>
    <P Name="Src">76833#out:1</P>
    <P Name="Points">[28, 0; 0, 60]</P>
    <P Name="Dst">76853#in:1</P>
  </Line>
  <Line>
    <P Name="ZOrder">48</P>
    <P Name="Src">76846#out:1</P>
    <P Name="Points">[33, 0; 0, 25]</P>
    <P Name="Dst">76833#in:1</P>
  </Line>
  <Line>
    <P Name="ZOrder">49</P>
    <P Name="Src">76847#out:1</P>
    <P Name="Points">[33, 0; 0, -25]</P>
    <P Name="Dst">76833#in:2</P>
  </Line>
  <Line>
    <P Name="ZOrder">50</P>
    <P Name="Src">76844#out:1</P>
    <P Name="Points">[33, 0; 0, 25]</P>
    <P Name="Dst">76832#in:1</P>
  </Line>
  <Line>
    <P Name="ZOrder">51</P>
    <P Name="Src">76845#out:1</P>
    <P Name="Points">[33, 0; 0, -25]</P>
    <P Name="Dst">76832#in:2</P>
  </Line>
  <Line>
    <P Name="ZOrder">52</P>
    <P Name="Src">76842#out:1</P>
    <P Name="Dst">76831#in:2</P>
  </Line>
  <Line>
    <P Name="ZOrder">53</P>
    <P Name="Src">76843#out:1</P>
    <P Name="Points">[28, 0; 0, -30]</P>
    <P Name="Dst">76831#in:3</P>
  </Line>
  <Line>
    <P Name="ZOrder">54</P>
    <P Name="Src">76840#out:1</P>
    <P Name="Points">[33, 0; 0, 25]</P>
    <P Name="Dst">76830#in:1</P>
  </Line>
  <Line>
    <P Name="ZOrder">55</P>
    <P Name="Src">76841#out:1</P>
    <P Name="Points">[33, 0; 0, -25]</P>
    <P Name="Dst">76830#in:2</P>
  </Line>
  <Line>
    <P Name="ZOrder">56</P>
    <P Name="Src">76830#out:1</P>
    <P Name="Points">[29, 0; 0, 50]</P>
    <P Name="Dst">76851#in:1</P>
  </Line>
  <Line>
    <P Name="ZOrder">57</P>
    <P Name="Src">76851#out:1</P>
    <P Name="Points">[47, 0; 0, 155]</P>
    <P Name="Dst">76854#in:1</P>
  </Line>
  <Line>
    <P Name="ZOrder">58</P>
    <P Name="Src">76852#out:1</P>
    <P Name="Dst">76854#in:2</P>
  </Line>
  <Line>
    <P Name="ZOrder">59</P>
    <P Name="Src">76853#out:1</P>
    <P Name="Points">[48, 0; 0, -160]</P>
    <P Name="Dst">76854#in:3</P>
  </Line>
  <Line>
    <P Name="ZOrder">60</P>
    <P Name="Src">76835#out:1</P>
    <P Name="Dst">76855#in:1</P>
  </Line>
  <Line>
    <P Name="ZOrder">61</P>
    <P Name="Src">76854#out:1</P>
    <P Name="Dst">76835#in:1</P>
  </Line>
  <Annotation SID="76858">
    <P Name="Name">Inputs [size]:

quaternion [4]</P>
    <P Name="Position">[91, 259, 153, 297]</P>
    <P Name="InternalMargins">[0, 0, 0, 0]</P>
    <P Name="HorizontalAlignment">center</P>
    <P Name="VerticalAlignment">middle</P>
    <P Name="ZOrder">-1</P>
  </Annotation>
  <Annotation SID="76857">
    <P Name="Name">Outputs [size]:

roll angle [1]
pitch angle [1]
yaw angle [1]</P>
    <P Name="Position">[1235, 385, 1300, 447]</P>
    <P Name="InternalMargins">[0, 0, 0, 0]</P>
    <P Name="HorizontalAlignment">center</P>
    <P Name="VerticalAlignment">middle</P>
    <P Name="ZOrder">-2</P>
  </Annotation>
  <Annotation SID="76856">
    <P Name="Name">Um numerische Probleme zu
vermeiden, wird hier eine Saturiierung
benutzt.</P>
    <P Name="Position">[703, 428, 873, 466]</P>
    <P Name="InternalMargins">[0, 0, 0, 0]</P>
    <P Name="ZOrder">-3</P>
  </Annotation>
</System>
