<?xml version="1.0" encoding="utf-8"?>
<System>
  <P Name="Location">[533, 427, 893, 572]</P>
  <P Name="SystemRect">[0.000000, 0.000000, 0.000000, 0.000000]</P>
  <P Name="SetExecutionDomain">off</P>
  <P Name="ExecutionDomainType">Deduce</P>
  <P Name="SIDHighWatermark">4</P>
  <P Name="SimulinkSubDomain">Simulink</P>
  <Block BlockType="Inport" Name="u" SID="74662:199:1">
    <P Name="Position">[35, 28, 65, 42]</P>
    <P Name="ZOrder">-1</P>
  </Block>
  <Block BlockType="RelationalOperator" Name="Compare" SID="74662:199:2">
    <P Name="Ports">[2, 1]</P>
    <P Name="Position">[165, 16, 205, 89]</P>
    <P Name="ZOrder">-2</P>
    <P Name="Operator">&gt;</P>
    <P Name="OutDataTypeStr">boolean</P>
  </Block>
  <Block BlockType="Constant" Name="Constant" SID="74662:199:3">
    <P Name="Position">[60, 50, 100, 90]</P>
    <P Name="ZOrder">-3</P>
    <P Name="DisableCoverage">on</P>
    <P Name="Value">const</P>
    <P Name="OutDataTypeStr">Inherit: Inherit via back propagation</P>
  </Block>
  <Block BlockType="Outport" Name="y" SID="74662:199:4">
    <P Name="Position">[290, 48, 320, 62]</P>
    <P Name="ZOrder">-4</P>
  </Block>
  <Line>
    <P Name="ZOrder">1</P>
    <P Name="Src">74662:199:1#out:1</P>
    <P Name="Dst">74662:199:2#in:1</P>
  </Line>
  <Line>
    <P Name="ZOrder">2</P>
    <P Name="Src">74662:199:3#out:1</P>
    <P Name="Dst">74662:199:2#in:2</P>
  </Line>
  <Line>
    <P Name="ZOrder">3</P>
    <P Name="Src">74662:199:2#out:1</P>
    <P Name="Dst">74662:199:4#in:1</P>
  </Line>
</System>
