<?xml version="1.0" encoding="utf-8"?>
<System>
  <P Name="Location">[573, 266, 1403, 861]</P>
  <P Name="SystemRect">[0.000000, 0.000000, 0.000000, 0.000000]</P>
  <P Name="SetExecutionDomain">off</P>
  <P Name="ExecutionDomainType">Deduce</P>
  <P Name="SimulinkSubDomain">Simulink</P>
  <Block BlockType="Inport" Name="acceleration" SID="74834:12">
    <P Name="Position">[110, 103, 140, 117]</P>
    <P Name="ZOrder">-1</P>
    <P Name="Unit">m/s^2</P>
  </Block>
  <Block BlockType="UnitConversion" Name="Unit Conversion" SID="74834:13">
    <P Name="Position">[215, 85, 265, 135]</P>
    <P Name="ZOrder">2</P>
  </Block>
  <Block BlockType="Outport" Name="inherit" SID="74834:14">
    <P Name="Position">[360, 103, 390, 117]</P>
    <P Name="ZOrder">-2</P>
    <P Name="VectorParamsAs1DForOutWhenUnconnected">off</P>
  </Block>
  <Line>
    <P Name="ZOrder">1</P>
    <P Name="Src">74834:12#out:1</P>
    <P Name="Dst">74834:13#in:1</P>
  </Line>
  <Line>
    <P Name="ZOrder">2</P>
    <P Name="Src">74834:13#out:1</P>
    <P Name="Dst">74834:14#in:1</P>
  </Line>
</System>
