<?xml version="1.0" encoding="utf-8"?>
<System>
  <P Name="Location">[-7, -7, 1481, 871]</P>
  <P Name="SystemRect">[0.000000, 0.000000, 0.000000, 0.000000]</P>
  <P Name="SetExecutionDomain">off</P>
  <P Name="ExecutionDomainType">Deduce</P>
  <P Name="SimulinkSubDomain">Simulink</P>
  <Block BlockType="Inport" Name="pBXB" SID="77509">
    <P Name="Position">[85, 283, 115, 297]</P>
    <P Name="ZOrder">712</P>
    <P Name="BackgroundColor">yellow</P>
  </Block>
  <Block BlockType="Sum" Name="Add" SID="77510">
    <P Name="Ports">[2, 1]</P>
    <P Name="Position">[525, 24, 555, 91]</P>
    <P Name="ZOrder">692</P>
    <P Name="ShowName">off</P>
    <P Name="IconShape">rectangular</P>
  </Block>
  <Block BlockType="Sum" Name="Add4" SID="77511">
    <P Name="Ports">[2, 1]</P>
    <P Name="Position">[505, 494, 535, 561]</P>
    <P Name="ZOrder">707</P>
    <P Name="ShowName">off</P>
    <P Name="IconShape">rectangular</P>
  </Block>
  <Block BlockType="Sum" Name="Add5" SID="77512">
    <P Name="Ports">[2, 1]</P>
    <P Name="Position">[505, 259, 535, 326]</P>
    <P Name="ZOrder">708</P>
    <P Name="ShowName">off</P>
    <P Name="IconShape">rectangular</P>
  </Block>
  <Block BlockType="Demux" Name="Demux" SID="77513">
    <P Name="Ports">[1, 3]</P>
    <P Name="Position">[245, 119, 250, 461]</P>
    <P Name="ZOrder">683</P>
    <P Name="ShowName">off</P>
    <P Name="Outputs">3</P>
    <Port>
      <P Name="PortNumber">1</P>
      <P Name="Name">a</P>
    </Port>
    <Port>
      <P Name="PortNumber">2</P>
      <P Name="Name">b</P>
    </Port>
    <Port>
      <P Name="PortNumber">3</P>
      <P Name="Name">c</P>
    </Port>
  </Block>
  <Block BlockType="Gain" Name="Gain" SID="77514">
    <P Name="Position">[505, 100, 535, 130]</P>
    <P Name="ZOrder">695</P>
    <P Name="ShowName">off</P>
    <P Name="Gain">-1</P>
  </Block>
  <Block BlockType="Gain" Name="Gain1" SID="77515">
    <P Name="Position">[505, 155, 535, 185]</P>
    <P Name="ZOrder">696</P>
    <P Name="ShowName">off</P>
    <P Name="Gain">-1</P>
  </Block>
  <Block BlockType="Gain" Name="Gain3" SID="77516">
    <P Name="Position">[505, 335, 535, 365]</P>
    <P Name="ZOrder">698</P>
    <P Name="ShowName">off</P>
    <P Name="Gain">-1</P>
  </Block>
  <Block BlockType="Product" Name="Product1" SID="77517">
    <P Name="Ports">[2, 1]</P>
    <P Name="Position">[405, 22, 435, 53]</P>
    <P Name="ZOrder">705</P>
    <P Name="ShowName">off</P>
  </Block>
  <Block BlockType="Product" Name="Product2" SID="77518">
    <P Name="Ports">[2, 1]</P>
    <P Name="Position">[405, 57, 435, 88]</P>
    <P Name="ZOrder">706</P>
    <P Name="ShowName">off</P>
  </Block>
  <Block BlockType="Product" Name="Product3" SID="77519">
    <P Name="Ports">[2, 1]</P>
    <P Name="Position">[435, 97, 465, 128]</P>
    <P Name="ZOrder">701</P>
    <P Name="ShowName">off</P>
  </Block>
  <Block BlockType="Product" Name="Product4" SID="77520">
    <P Name="Ports">[2, 1]</P>
    <P Name="Position">[435, 152, 465, 183]</P>
    <P Name="ZOrder">704</P>
    <P Name="ShowName">off</P>
  </Block>
  <Block BlockType="Product" Name="Product5" SID="77521">
    <P Name="Ports">[2, 1]</P>
    <P Name="Position">[425, 292, 455, 323]</P>
    <P Name="ZOrder">710</P>
    <P Name="ShowName">off</P>
  </Block>
  <Block BlockType="Product" Name="Product6" SID="77522">
    <P Name="Ports">[2, 1]</P>
    <P Name="Position">[425, 332, 455, 363]</P>
    <P Name="ZOrder">711</P>
    <P Name="ShowName">off</P>
  </Block>
  <Block BlockType="Concatenate" Name="Vector&#xA;Concatenate1" SID="77523">
    <P Name="Ports">[3, 1]</P>
    <P Name="Position">[650, 25, 775, 565]</P>
    <P Name="ZOrder">684</P>
    <P Name="ShowName">off</P>
    <P Name="NumInputs">3</P>
    <P Name="Mode">Multidimensional array</P>
    <P Name="ConcatenateDimension">2</P>
  </Block>
  <Block BlockType="Concatenate" Name="Vector&#xA;Concatenate6" SID="77524">
    <P Name="Ports">[3, 1]</P>
    <P Name="Position">[580, 35, 590, 195]</P>
    <P Name="ZOrder">685</P>
    <P Name="ShowName">off</P>
    <P Name="NumInputs">3</P>
  </Block>
  <Block BlockType="Concatenate" Name="Vector&#xA;Concatenate7" SID="77525">
    <P Name="Ports">[3, 1]</P>
    <P Name="Position">[580, 215, 590, 375]</P>
    <P Name="ZOrder">702</P>
    <P Name="ShowName">off</P>
    <P Name="NumInputs">3</P>
  </Block>
  <Block BlockType="Concatenate" Name="Vector&#xA;Concatenate8" SID="77526">
    <P Name="Ports">[3, 1]</P>
    <P Name="Position">[580, 395, 590, 555]</P>
    <P Name="ZOrder">703</P>
    <P Name="ShowName">off</P>
    <P Name="NumInputs">3</P>
  </Block>
  <Block BlockType="Outport" Name="T_deviation" SID="77527">
    <P Name="Position">[865, 288, 895, 302]</P>
    <P Name="ZOrder">713</P>
    <P Name="BackgroundColor">orange</P>
    <P Name="VectorParamsAs1DForOutWhenUnconnected">off</P>
  </Block>
  <Line>
    <P Name="ZOrder">1</P>
    <P Name="Src">77511#out:1</P>
    <P Name="Dst">77526#in:3</P>
  </Line>
  <Line>
    <P Name="ZOrder">2</P>
    <P Name="Src">77524#out:1</P>
    <P Name="Dst">77523#in:1</P>
  </Line>
  <Line>
    <P Name="ZOrder">3</P>
    <P Name="Src">77525#out:1</P>
    <P Name="Dst">77523#in:2</P>
  </Line>
  <Line>
    <P Name="Name">a</P>
    <P Name="ZOrder">4</P>
    <P Name="Labels">[0, 1]</P>
    <P Name="Src">77513#out:1</P>
    <P Name="Points">[49, 0; 0, -70; 106, 0]</P>
    <Branch>
      <P Name="ZOrder">5</P>
      <P Name="Dst">77519#in:1</P>
    </Branch>
    <Branch>
      <P Name="ZOrder">6</P>
      <P Name="Points">[0, 55]</P>
      <Branch>
        <P Name="ZOrder">7</P>
        <P Name="Dst">77520#in:1</P>
      </Branch>
      <Branch>
        <P Name="ZOrder">8</P>
        <P Name="Points">[0, 140]</P>
        <Branch>
          <P Name="ZOrder">9</P>
          <P Name="Dst">77521#in:2</P>
        </Branch>
        <Branch>
          <P Name="ZOrder">10</P>
          <P Name="Dst">77521#in:1</P>
        </Branch>
      </Branch>
    </Branch>
  </Line>
  <Line>
    <P Name="Name">c</P>
    <P Name="ZOrder">11</P>
    <P Name="Labels">[0, 1]</P>
    <P Name="Src">77513#out:3</P>
    <P Name="Points">[122, 0; 0, -50]</P>
    <Branch>
      <P Name="ZOrder">12</P>
      <P Name="Dst">77522#in:2</P>
    </Branch>
    <Branch>
      <P Name="ZOrder">13</P>
      <P Name="Points">[0, -180]</P>
      <Branch>
        <P Name="ZOrder">14</P>
        <P Name="Dst">77520#in:2</P>
      </Branch>
      <Branch>
        <P Name="ZOrder">15</P>
        <P Name="Points">[0, -95; 13, 0]</P>
        <Branch>
          <P Name="ZOrder">16</P>
          <P Name="Dst">77518#in:1</P>
        </Branch>
        <Branch>
          <P Name="ZOrder">17</P>
          <P Name="Dst">77518#in:2</P>
        </Branch>
      </Branch>
    </Branch>
  </Line>
  <Line>
    <P Name="ZOrder">18</P>
    <P Name="Src">77514#out:1</P>
    <P Name="Points">[22, 0]</P>
    <Branch>
      <P Name="ZOrder">19</P>
      <P Name="Points">[0, 125]</P>
      <P Name="Dst">77525#in:1</P>
    </Branch>
    <Branch>
      <P Name="ZOrder">20</P>
      <P Name="Dst">77524#in:2</P>
    </Branch>
  </Line>
  <Line>
    <P Name="ZOrder">21</P>
    <P Name="Src">77516#out:1</P>
    <P Name="Points">[2, 0]</P>
    <Branch>
      <P Name="ZOrder">22</P>
      <P Name="Points">[0, 125]</P>
      <P Name="Dst">77526#in:2</P>
    </Branch>
    <Branch>
      <P Name="ZOrder">23</P>
      <P Name="Dst">77525#in:3</P>
    </Branch>
  </Line>
  <Line>
    <P Name="ZOrder">24</P>
    <P Name="Src">77523#out:1</P>
    <P Name="Dst">77527#in:1</P>
  </Line>
  <Line>
    <P Name="Name">b</P>
    <P Name="ZOrder">25</P>
    <P Name="Labels">[0, 1]</P>
    <P Name="Src">77513#out:2</P>
    <P Name="Points">[98, 0]</P>
    <Branch>
      <P Name="ZOrder">26</P>
      <P Name="Points">[0, -170]</P>
      <Branch>
        <P Name="ZOrder">27</P>
        <P Name="Dst">77519#in:2</P>
      </Branch>
      <Branch>
        <P Name="ZOrder">28</P>
        <P Name="Points">[0, -90; 37, 0]</P>
        <Branch>
          <P Name="ZOrder">29</P>
          <P Name="Dst">77517#in:2</P>
        </Branch>
        <Branch>
          <P Name="ZOrder">30</P>
          <P Name="Dst">77517#in:1</P>
        </Branch>
      </Branch>
    </Branch>
    <Branch>
      <P Name="ZOrder">31</P>
      <P Name="Points">[0, 50]</P>
      <P Name="Dst">77522#in:1</P>
    </Branch>
  </Line>
  <Line>
    <P Name="ZOrder">32</P>
    <P Name="Src">77512#out:1</P>
    <P Name="Dst">77525#in:2</P>
  </Line>
  <Line>
    <P Name="ZOrder">33</P>
    <P Name="Src">77522#out:1</P>
    <P Name="Dst">77516#in:1</P>
  </Line>
  <Line>
    <P Name="ZOrder">34</P>
    <P Name="Src">77510#out:1</P>
    <P Name="Dst">77524#in:1</P>
  </Line>
  <Line>
    <P Name="ZOrder">35</P>
    <P Name="Src">77517#out:1</P>
    <P Name="Points">[54, 0]</P>
    <Branch>
      <P Name="ZOrder">36</P>
      <P Name="Points">[0, 235]</P>
      <P Name="Dst">77512#in:1</P>
    </Branch>
    <Branch>
      <P Name="ZOrder">37</P>
      <P Name="Dst">77510#in:1</P>
    </Branch>
  </Line>
  <Line>
    <P Name="ZOrder">38</P>
    <P Name="Src">77521#out:1</P>
    <P Name="Points">[9, 0]</P>
    <Branch>
      <P Name="ZOrder">39</P>
      <P Name="Points">[0, 235]</P>
      <P Name="Dst">77511#in:2</P>
    </Branch>
    <Branch>
      <P Name="ZOrder">40</P>
      <P Name="Dst">77512#in:2</P>
    </Branch>
  </Line>
  <Line>
    <P Name="ZOrder">41</P>
    <P Name="Src">77518#out:1</P>
    <P Name="Points">[42, 0]</P>
    <Branch>
      <P Name="ZOrder">42</P>
      <P Name="Points">[0, 435]</P>
      <P Name="Dst">77511#in:1</P>
    </Branch>
    <Branch>
      <P Name="ZOrder">43</P>
      <P Name="Dst">77510#in:2</P>
    </Branch>
  </Line>
  <Line>
    <P Name="ZOrder">44</P>
    <P Name="Src">77515#out:1</P>
    <P Name="Points">[11, 0]</P>
    <Branch>
      <P Name="ZOrder">45</P>
      <P Name="Points">[0, 250]</P>
      <P Name="Dst">77526#in:1</P>
    </Branch>
    <Branch>
      <P Name="ZOrder">46</P>
      <P Name="Dst">77524#in:3</P>
    </Branch>
  </Line>
  <Line>
    <P Name="ZOrder">47</P>
    <P Name="Src">77520#out:1</P>
    <P Name="Dst">77515#in:1</P>
  </Line>
  <Line>
    <P Name="ZOrder">48</P>
    <P Name="Src">77519#out:1</P>
    <P Name="Dst">77514#in:1</P>
  </Line>
  <Line>
    <P Name="ZOrder">49</P>
    <P Name="Src">77526#out:1</P>
    <P Name="Dst">77523#in:3</P>
  </Line>
  <Line>
    <P Name="ZOrder">50</P>
    <P Name="Src">77509#out:1</P>
    <P Name="Dst">77513#in:1</P>
  </Line>
</System>
