<?xml version="1.0" encoding="utf-8"?>
<System>
  <P Name="Location">[-7, -7, 1481, 871]</P>
  <P Name="SystemRect">[0.000000, 0.000000, 0.000000, 0.000000]</P>
  <P Name="SetExecutionDomain">off</P>
  <P Name="ExecutionDomainType">Deduce</P>
  <P Name="ZoomFactor">125</P>
  <P Name="SimulinkSubDomain">Simulink</P>
  <Block BlockType="Inport" Name="lat" SID="79068">
    <P Name="Position">[160, 108, 190, 122]</P>
    <P Name="ZOrder">1682</P>
    <P Name="BackgroundColor">yellow</P>
  </Block>
  <Block BlockType="Inport" Name="lon" SID="79069">
    <P Name="Position">[30, 108, 60, 122]</P>
    <P Name="ZOrder">1683</P>
    <P Name="BackgroundColor">yellow</P>
    <P Name="Port">2</P>
  </Block>
  <Block BlockType="Constant" Name="Constant8" SID="79070">
    <P Name="Position">[390, -65, 420, -35]</P>
    <P Name="ZOrder">1686</P>
    <P Name="ShowName">off</P>
    <P Name="Value">0</P>
  </Block>
  <Block BlockType="Constant" Name="Constant9" SID="79071">
    <P Name="Position">[475, 35, 535, 65]</P>
    <P Name="ZOrder">1688</P>
    <P Name="ShowName">off</P>
    <P Name="Value">flag_I_flat</P>
  </Block>
  <Block BlockType="Derivative" Name="Derivative" SID="79072">
    <P Name="Position">[275, 100, 305, 130]</P>
    <P Name="ZOrder">1673</P>
    <P Name="CoefficientInTFapproximation">1</P>
  </Block>
  <Block BlockType="Derivative" Name="Derivative1" SID="79073">
    <P Name="Position">[95, 100, 125, 130]</P>
    <P Name="ZOrder">1674</P>
    <P Name="CoefficientInTFapproximation">1</P>
  </Block>
  <Block BlockType="Gain" Name="Gain1" SID="79074">
    <P Name="Position">[380, 100, 410, 130]</P>
    <P Name="ZOrder">1676</P>
    <P Name="ShowName">off</P>
    <P Name="Gain">-1</P>
  </Block>
  <Block BlockType="Gain" Name="Gain2" SID="79075">
    <P Name="Position">[380, 160, 410, 190]</P>
    <P Name="ZOrder">1681</P>
    <P Name="ShowName">off</P>
    <P Name="Gain">-1</P>
  </Block>
  <Block BlockType="Product" Name="Product" SID="79076">
    <P Name="Ports">[2, 1]</P>
    <P Name="Position">[305, 144, 335, 206]</P>
    <P Name="ZOrder">1678</P>
    <P Name="ShowName">off</P>
  </Block>
  <Block BlockType="Product" Name="Product1" SID="79077">
    <P Name="Ports">[2, 1]</P>
    <P Name="Position">[380, 24, 410, 86]</P>
    <P Name="ZOrder">1680</P>
    <P Name="ShowName">off</P>
  </Block>
  <Block BlockType="Switch" Name="Switch" SID="79078">
    <P Name="Position">[575, -45, 620, 145]</P>
    <P Name="ZOrder">1687</P>
    <P Name="Criteria">u2 &gt; Threshold</P>
    <P Name="InputSameDT">off</P>
    <P Name="SaturateOnIntegerOverflow">off</P>
    <Port>
      <P Name="PortNumber">1</P>
      <P Name="Name">wEGG</P>
    </Port>
  </Block>
  <Block BlockType="Trigonometry" Name="Trigonometric&#xA;Function" SID="79079">
    <P Name="Ports">[1, 1]</P>
    <P Name="Position">[255, 145, 285, 175]</P>
    <P Name="ZOrder">1677</P>
  </Block>
  <Block BlockType="Trigonometry" Name="Trigonometric&#xA;Function1" SID="79080">
    <P Name="Ports">[1, 1]</P>
    <P Name="Position">[255, 55, 285, 85]</P>
    <P Name="ZOrder">1679</P>
    <P Name="Operator">cos</P>
  </Block>
  <Block BlockType="Concatenate" Name="Vector&#xA;Concatenate" SID="79081">
    <P Name="Ports">[3, 1]</P>
    <P Name="Position">[440, 28, 445, 202]</P>
    <P Name="ZOrder">1675</P>
    <P Name="ShowName">off</P>
    <P Name="NumInputs">3</P>
    <Port>
      <P Name="PortNumber">1</P>
      <P Name="Name">wEGG</P>
    </Port>
  </Block>
  <Block BlockType="Concatenate" Name="Vector&#xA;Concatenate1" SID="79082">
    <P Name="Ports">[3, 1]</P>
    <P Name="Position">[460, -69, 465, 39]</P>
    <P Name="ZOrder">1685</P>
    <P Name="ShowName">off</P>
    <P Name="NumInputs">3</P>
    <Port>
      <P Name="PortNumber">1</P>
      <P Name="Name">wEGG</P>
    </Port>
  </Block>
  <Block BlockType="Outport" Name="wEGG" SID="79083">
    <P Name="Position">[675, 43, 705, 57]</P>
    <P Name="ZOrder">1684</P>
    <P Name="BackgroundColor">orange</P>
    <P Name="VectorParamsAs1DForOutWhenUnconnected">off</P>
  </Block>
  <Line>
    <P Name="ZOrder">1</P>
    <P Name="Src">79072#out:1</P>
    <P Name="Dst">79074#in:1</P>
  </Line>
  <Line>
    <P Name="ZOrder">2</P>
    <P Name="Src">79079#out:1</P>
    <P Name="Dst">79076#in:1</P>
  </Line>
  <Line>
    <P Name="ZOrder">3</P>
    <P Name="Src">79068#out:1</P>
    <P Name="Points">[34, 0]</P>
    <Branch>
      <P Name="ZOrder">4</P>
      <P Name="Points">[0, -45]</P>
      <P Name="Dst">79080#in:1</P>
    </Branch>
    <Branch>
      <P Name="ZOrder">5</P>
      <P Name="Dst">79072#in:1</P>
    </Branch>
    <Branch>
      <P Name="ZOrder">6</P>
      <P Name="Points">[0, 45]</P>
      <P Name="Dst">79079#in:1</P>
    </Branch>
  </Line>
  <Line>
    <P Name="ZOrder">7</P>
    <P Name="Src">79073#out:1</P>
    <P Name="Points">[18, 0]</P>
    <Branch>
      <P Name="ZOrder">8</P>
      <P Name="Points">[0, -75]</P>
      <P Name="Dst">79077#in:1</P>
    </Branch>
    <Branch>
      <P Name="ZOrder">9</P>
      <P Name="Points">[0, 75]</P>
      <P Name="Dst">79076#in:2</P>
    </Branch>
  </Line>
  <Line>
    <P Name="ZOrder">10</P>
    <P Name="Src">79076#out:1</P>
    <P Name="Dst">79075#in:1</P>
  </Line>
  <Line>
    <P Name="ZOrder">11</P>
    <P Name="Src">79075#out:1</P>
    <P Name="Dst">79081#in:3</P>
  </Line>
  <Line>
    <P Name="ZOrder">12</P>
    <P Name="Src">79074#out:1</P>
    <P Name="Dst">79081#in:2</P>
  </Line>
  <Line>
    <P Name="ZOrder">13</P>
    <P Name="Src">79077#out:1</P>
    <P Name="Dst">79081#in:1</P>
  </Line>
  <Line>
    <P Name="ZOrder">14</P>
    <P Name="Src">79080#out:1</P>
    <P Name="Dst">79077#in:2</P>
  </Line>
  <Line>
    <P Name="ZOrder">15</P>
    <P Name="Src">79069#out:1</P>
    <P Name="Dst">79073#in:1</P>
  </Line>
  <Line>
    <P Name="Name">wEGG</P>
    <P Name="ZOrder">16</P>
    <P Name="Labels">[0, 1]</P>
    <P Name="Src">79081#out:1</P>
    <P Name="Dst">79078#in:3</P>
  </Line>
  <Line>
    <P Name="ZOrder">17</P>
    <P Name="Src">79071#out:1</P>
    <P Name="Dst">79078#in:2</P>
  </Line>
  <Line>
    <P Name="Name">wEGG</P>
    <P Name="ZOrder">18</P>
    <P Name="Labels">[0, 1]</P>
    <P Name="Src">79082#out:1</P>
    <P Name="Dst">79078#in:1</P>
  </Line>
  <Line>
    <P Name="ZOrder">19</P>
    <P Name="Src">79070#out:1</P>
    <P Name="Points">[18, 0]</P>
    <Branch>
      <P Name="ZOrder">20</P>
      <P Name="Dst">79082#in:1</P>
    </Branch>
    <Branch>
      <P Name="ZOrder">21</P>
      <P Name="Points">[0, 35]</P>
      <Branch>
        <P Name="ZOrder">22</P>
        <P Name="Points">[0, 35]</P>
        <P Name="Dst">79082#in:3</P>
      </Branch>
      <Branch>
        <P Name="ZOrder">23</P>
        <P Name="Dst">79082#in:2</P>
      </Branch>
    </Branch>
  </Line>
  <Line>
    <P Name="Name">wEGG</P>
    <P Name="ZOrder">24</P>
    <P Name="Labels">[0, 1]</P>
    <P Name="Src">79078#out:1</P>
    <P Name="Dst">79083#in:1</P>
  </Line>
</System>
