<?xml version="1.0" encoding="utf-8"?>
<System>
  <P Name="Location">[-7, -7, 1927, 1177]</P>
  <P Name="SystemRect">[0.000000, 0.000000, 0.000000, 0.000000]</P>
  <P Name="SetExecutionDomain">off</P>
  <P Name="ExecutionDomainType">Deduce</P>
  <P Name="SimulinkSubDomain">Simulink</P>
  <Block BlockType="Inport" Name="alpha2" SID="77398">
    <P Name="Position">[635, 548, 665, 562]</P>
    <P Name="ZOrder">63</P>
  </Block>
  <Block BlockType="Constant" Name="Constant" SID="77399">
    <P Name="Position">[1000, 495, 1030, 525]</P>
    <P Name="ZOrder">50</P>
    <P Name="ShowName">off</P>
    <P Name="Value">0</P>
  </Block>
  <Block BlockType="Constant" Name="Constant1" SID="77400">
    <P Name="Position">[1000, 540, 1030, 570]</P>
    <P Name="ZOrder">51</P>
    <P Name="ShowName">off</P>
  </Block>
  <Block BlockType="Constant" Name="Constant2" SID="77401">
    <P Name="Position">[1000, 585, 1030, 615]</P>
    <P Name="ZOrder">52</P>
    <P Name="ShowName">off</P>
    <P Name="Value">0</P>
  </Block>
  <Block BlockType="Constant" Name="Constant7" SID="77402">
    <P Name="Position">[1000, 720, 1030, 750]</P>
    <P Name="ZOrder">62</P>
    <P Name="ShowName">off</P>
    <P Name="Value">0</P>
  </Block>
  <Block BlockType="Constant" Name="Constant8" SID="77403">
    <P Name="Position">[1000, 350, 1030, 380]</P>
    <P Name="ZOrder">58</P>
    <P Name="ShowName">off</P>
    <P Name="Value">0</P>
  </Block>
  <Block BlockType="Gain" Name="Gain1" SID="77404">
    <P Name="Position">[1215, 675, 1245, 705]</P>
    <P Name="ZOrder">64</P>
    <P Name="ShowName">off</P>
    <P Name="Gain">-1</P>
  </Block>
  <Block BlockType="Concatenate" Name="Matrix&#xA;Concatenate" SID="77405">
    <P Name="Ports">[3, 1]</P>
    <P Name="Position">[1515, 506, 1595, 604]</P>
    <P Name="ZOrder">48</P>
    <P Name="ShowName">off</P>
    <P Name="NumInputs">3</P>
    <P Name="Mode">Multidimensional array</P>
    <P Name="ConcatenateDimension">2</P>
  </Block>
  <Block BlockType="Mux" Name="Mux" SID="77406">
    <P Name="Ports">[3, 1]</P>
    <P Name="Position">[1335, 300, 1340, 430]</P>
    <P Name="ZOrder">44</P>
    <P Name="ShowName">off</P>
    <P Name="Inputs">3</P>
    <P Name="DisplayOption">bar</P>
  </Block>
  <Block BlockType="Mux" Name="Mux1" SID="77407">
    <P Name="Ports">[3, 1]</P>
    <P Name="Position">[1335, 490, 1340, 620]</P>
    <P Name="ZOrder">45</P>
    <P Name="ShowName">off</P>
    <P Name="Inputs">3</P>
    <P Name="DisplayOption">bar</P>
  </Block>
  <Block BlockType="Mux" Name="Mux2" SID="77408">
    <P Name="Ports">[3, 1]</P>
    <P Name="Position">[1335, 670, 1340, 800]</P>
    <P Name="ZOrder">47</P>
    <P Name="ShowName">off</P>
    <P Name="Inputs">3</P>
    <P Name="DisplayOption">bar</P>
  </Block>
  <Block BlockType="Trigonometry" Name="Trigonometric&#xA;Function" SID="77409">
    <P Name="Ports">[1, 1]</P>
    <P Name="Position">[1095, 305, 1125, 335]</P>
    <P Name="ZOrder">59</P>
    <P Name="ShowName">off</P>
    <P Name="Operator">cos</P>
  </Block>
  <Block BlockType="Trigonometry" Name="Trigonometric&#xA;Function1" SID="77410">
    <P Name="Ports">[1, 1]</P>
    <P Name="Position">[1095, 675, 1125, 705]</P>
    <P Name="ZOrder">39</P>
    <P Name="ShowName">off</P>
  </Block>
  <Block BlockType="Trigonometry" Name="Trigonometric&#xA;Function2" SID="77411">
    <P Name="Ports">[1, 1]</P>
    <P Name="Position">[1095, 395, 1125, 425]</P>
    <P Name="ZOrder">55</P>
    <P Name="ShowName">off</P>
  </Block>
  <Block BlockType="Trigonometry" Name="Trigonometric&#xA;Function3" SID="77412">
    <P Name="Ports">[1, 1]</P>
    <P Name="Position">[1095, 765, 1125, 795]</P>
    <P Name="ZOrder">41</P>
    <P Name="ShowName">off</P>
    <P Name="Operator">cos</P>
  </Block>
  <Block BlockType="Outport" Name="2Rot_Matrix_y" SID="77413">
    <P Name="Position">[1870, 548, 1900, 562]</P>
    <P Name="ZOrder">-2</P>
    <P Name="VectorParamsAs1DForOutWhenUnconnected">off</P>
  </Block>
  <Line>
    <P Name="ZOrder">1</P>
    <P Name="Src">77404#out:1</P>
    <P Name="Dst">77408#in:1</P>
  </Line>
  <Line>
    <P Name="ZOrder">2</P>
    <P Name="Src">77408#out:1</P>
    <P Name="Points">[83, 0; 0, -150]</P>
    <P Name="Dst">77405#in:3</P>
  </Line>
  <Line>
    <P Name="ZOrder">3</P>
    <P Name="Src">77407#out:1</P>
    <P Name="Dst">77405#in:2</P>
  </Line>
  <Line>
    <P Name="ZOrder">4</P>
    <P Name="Src">77406#out:1</P>
    <P Name="Points">[83, 0; 0, 160]</P>
    <P Name="Dst">77405#in:1</P>
  </Line>
  <Line>
    <P Name="ZOrder">5</P>
    <P Name="Src">77412#out:1</P>
    <P Name="Dst">77408#in:3</P>
  </Line>
  <Line>
    <P Name="ZOrder">6</P>
    <P Name="Src">77410#out:1</P>
    <P Name="Dst">77404#in:1</P>
  </Line>
  <Line>
    <P Name="ZOrder">7</P>
    <P Name="Src">77401#out:1</P>
    <P Name="Dst">77407#in:3</P>
  </Line>
  <Line>
    <P Name="ZOrder">8</P>
    <P Name="Src">77400#out:1</P>
    <P Name="Dst">77407#in:2</P>
  </Line>
  <Line>
    <P Name="ZOrder">9</P>
    <P Name="Src">77399#out:1</P>
    <P Name="Dst">77407#in:1</P>
  </Line>
  <Line>
    <P Name="ZOrder">10</P>
    <P Name="Src">77398#out:1</P>
    <P Name="Points">[85, 0]</P>
    <Branch>
      <P Name="ZOrder">11</P>
      <P Name="Points">[0, 178; 210, 0]</P>
      <Branch>
        <P Name="ZOrder">12</P>
        <P Name="Points">[0, -43]</P>
        <P Name="Dst">77410#in:1</P>
      </Branch>
      <Branch>
        <P Name="ZOrder">13</P>
        <P Name="Points">[0, 47]</P>
        <P Name="Dst">77412#in:1</P>
      </Branch>
    </Branch>
    <Branch>
      <P Name="ZOrder">14</P>
      <P Name="Points">[0, -191; 211, 0]</P>
      <Branch>
        <P Name="ZOrder">15</P>
        <P Name="Points">[0, 46]</P>
        <P Name="Dst">77411#in:1</P>
      </Branch>
      <Branch>
        <P Name="ZOrder">16</P>
        <P Name="Points">[0, -44]</P>
        <P Name="Dst">77409#in:1</P>
      </Branch>
    </Branch>
  </Line>
  <Line>
    <P Name="ZOrder">17</P>
    <P Name="Src">77403#out:1</P>
    <P Name="Dst">77406#in:2</P>
  </Line>
  <Line>
    <P Name="ZOrder">18</P>
    <P Name="Src">77409#out:1</P>
    <P Name="Dst">77406#in:1</P>
  </Line>
  <Line>
    <P Name="ZOrder">19</P>
    <P Name="Src">77411#out:1</P>
    <P Name="Dst">77406#in:3</P>
  </Line>
  <Line>
    <P Name="ZOrder">20</P>
    <P Name="Src">77402#out:1</P>
    <P Name="Dst">77408#in:2</P>
  </Line>
  <Line>
    <P Name="ZOrder">21</P>
    <P Name="Src">77405#out:1</P>
    <P Name="Dst">77413#in:1</P>
  </Line>
</System>
