<?xml version="1.0" encoding="utf-8"?>
<System>
  <P Name="Location">[-7, -7, 1481, 871]</P>
  <P Name="SystemRect">[0.000000, 0.000000, 0.000000, 0.000000]</P>
  <P Name="SetExecutionDomain">off</P>
  <P Name="ExecutionDomainType">Deduce</P>
  <P Name="ZoomFactor">150</P>
  <P Name="SimulinkSubDomain">Simulink</P>
  <Block BlockType="Inport" Name="env" SID="78449">
    <P Name="Position">[340, 103, 370, 117]</P>
    <P Name="ZOrder">1599</P>
    <P Name="BackgroundColor">yellow</P>
    <Port>
      <P Name="PortNumber">1</P>
      <P Name="PropagatedSignals">env_bus</P>
      <P Name="ShowPropagatedSignals">on</P>
    </Port>
  </Block>
  <Block BlockType="Inport" Name="wab" SID="78450">
    <P Name="Position">[340, 223, 370, 237]</P>
    <P Name="ZOrder">1600</P>
    <P Name="BackgroundColor">yellow</P>
    <P Name="Port">2</P>
    <Port>
      <P Name="PortNumber">1</P>
      <P Name="PropagatedSignals">wab_bus</P>
      <P Name="ShowPropagatedSignals">on</P>
    </Port>
  </Block>
  <Block BlockType="BusCreator" Name="Bus&#xA;Creator3" SID="78451">
    <P Name="Ports">[1, 1]</P>
    <P Name="Position">[750, 151, 755, 189]</P>
    <P Name="ZOrder">1598</P>
    <P Name="ShowName">off</P>
    <P Name="Inputs">1</P>
    <P Name="DisplayOption">bar</P>
    <P Name="InheritFromInputs">on</P>
    <Port>
      <P Name="PortNumber">1</P>
      <P Name="Name">grav_bus</P>
    </Port>
  </Block>
  <Block BlockType="BusSelector" Name="Bus&#xA;Selector" SID="78452">
    <P Name="Ports">[1, 2]</P>
    <P Name="Position">[430, 73, 435, 142]</P>
    <P Name="ZOrder">1593</P>
    <P Name="ShowName">off</P>
    <P Name="OutputSignals">gBG,atm_bus.atm_stat_bus.hBE</P>
    <Port>
      <P Name="PortNumber">1</P>
      <P Name="Name">&lt;gBG&gt;</P>
    </Port>
    <Port>
      <P Name="PortNumber">2</P>
      <P Name="Name">&lt;hBE&gt;</P>
    </Port>
  </Block>
  <Block BlockType="BusSelector" Name="Bus&#xA;Selector1" SID="78453">
    <P Name="Ports">[1, 1]</P>
    <P Name="Position">[430, 211, 435, 249]</P>
    <P Name="ZOrder">1596</P>
    <P Name="ShowName">off</P>
    <P Name="OutputSignals">mB</P>
    <Port>
      <P Name="PortNumber">1</P>
      <P Name="Name">&lt;mB&gt;</P>
    </Port>
  </Block>
  <Block BlockType="Product" Name="Product" SID="78454">
    <P Name="Ports">[2, 1]</P>
    <P Name="Position">[665, 52, 695, 288]</P>
    <P Name="ZOrder">1595</P>
    <P Name="ShowName">off</P>
    <Port>
      <P Name="PortNumber">1</P>
      <P Name="Name">FBGG</P>
      <P Name="DataLogging">on</P>
    </Port>
  </Block>
  <Block BlockType="SubSystem" Name="launch_rail" SID="78455">
    <P Name="Ports">[2, 1]</P>
    <P Name="Position">[485, 74, 615, 141]</P>
    <P Name="ZOrder">1607</P>
    <P Name="RequestExecContextInheritance">off</P>
    <P Name="ContentPreviewEnabled">on</P>
    <Port>
      <P Name="PortNumber">1</P>
      <P Name="PropagatedSignals">gBG</P>
      <P Name="ShowPropagatedSignals">on</P>
    </Port>
    <System Ref="system_78455"/>
  </Block>
  <Block BlockType="Outport" Name="grav" SID="78563">
    <P Name="Position">[830, 163, 860, 177]</P>
    <P Name="ZOrder">1601</P>
    <P Name="BackgroundColor">orange</P>
    <P Name="VectorParamsAs1DForOutWhenUnconnected">off</P>
  </Block>
  <Line>
    <P Name="ZOrder">1</P>
    <P Name="Labels">[0, 1]</P>
    <P Name="Src">78455#out:1</P>
    <P Name="Dst">78454#in:1</P>
  </Line>
  <Line>
    <P Name="Name">&lt;hBE&gt;</P>
    <P Name="ZOrder">2</P>
    <P Name="Labels">[0, 1]</P>
    <P Name="Src">78452#out:2</P>
    <P Name="Dst">78455#in:2</P>
  </Line>
  <Line>
    <P Name="Name">&lt;gBG&gt;</P>
    <P Name="ZOrder">3</P>
    <P Name="Labels">[0, 1]</P>
    <P Name="Src">78452#out:1</P>
    <P Name="Dst">78455#in:1</P>
  </Line>
  <Line>
    <P Name="Name">FBGG</P>
    <P Name="ZOrder">4</P>
    <P Name="Labels">[0, 1]</P>
    <P Name="Src">78454#out:1</P>
    <P Name="Dst">78451#in:1</P>
  </Line>
  <Line>
    <P Name="Name">grav_bus</P>
    <P Name="ZOrder">5</P>
    <P Name="Labels">[0, 1]</P>
    <P Name="Src">78451#out:1</P>
    <P Name="Dst">78563#in:1</P>
  </Line>
  <Line>
    <P Name="ZOrder">6</P>
    <P Name="Labels">[0, 1]</P>
    <P Name="Src">78450#out:1</P>
    <P Name="Dst">78453#in:1</P>
  </Line>
  <Line>
    <P Name="Name">&lt;mB&gt;</P>
    <P Name="ZOrder">7</P>
    <P Name="Labels">[0, 1]</P>
    <P Name="Src">78453#out:1</P>
    <P Name="Dst">78454#in:2</P>
  </Line>
  <Line>
    <P Name="ZOrder">8</P>
    <P Name="Labels">[0, 1]</P>
    <P Name="Src">78449#out:1</P>
    <P Name="Dst">78452#in:1</P>
  </Line>
</System>
