<?xml version="1.0" encoding="utf-8"?>
<System>
  <P Name="Location">[223, 338, 826, 833]</P>
  <P Name="SystemRect">[0.000000, 0.000000, 0.000000, 0.000000]</P>
  <P Name="SetExecutionDomain">off</P>
  <P Name="ExecutionDomainType">Deduce</P>
  <P Name="SIDHighWatermark">83</P>
  <P Name="SimulinkSubDomain">Simulink</P>
  <Block BlockType="Inport" Name="siB" SID="75586::1">
    <P Name="Position">[20, 101, 40, 119]</P>
    <P Name="ZOrder">-1</P>
  </Block>
  <Block BlockType="Inport" Name="d_siB" SID="75586::19">
    <P Name="Position">[20, 136, 40, 154]</P>
    <P Name="ZOrder">10</P>
    <P Name="Port">2</P>
  </Block>
  <Block BlockType="Inport" Name="dd_siB" SID="75586::20">
    <P Name="Position">[20, 171, 40, 189]</P>
    <P Name="ZOrder">11</P>
    <P Name="Port">3</P>
  </Block>
  <Block BlockType="Demux" Name=" Demux " SID="75586::82">
    <P Name="Ports">[1, 1]</P>
    <P Name="Position">[270, 230, 320, 270]</P>
    <P Name="ZOrder">58</P>
    <P Name="Outputs">1</P>
  </Block>
  <Block BlockType="S-Function" Name=" SFunction " SID="75586::81">
    <P Name="Tag">Stateflow S-Function 11</P>
    <P Name="Ports">[3, 2]</P>
    <P Name="Position">[180, 100, 230, 180]</P>
    <P Name="ZOrder">57</P>
    <P Name="FunctionName">sf_sfun</P>
    <P Name="Parameters">d_siB_max,d_siB_min,dd_siB_max,dd_siB_min,siB_max,siB_min</P>
    <P Name="PortCounts">[3 2]</P>
    <P Name="SFunctionDeploymentMode">off</P>
    <P Name="EnableBusSupport">on</P>
    <P Name="SFcnIsStateOwnerBlock">off</P>
    <Port>
      <P Name="PortNumber">2</P>
      <P Name="Name">dd_siB_l</P>
    </Port>
  </Block>
  <Block BlockType="Terminator" Name=" Terminator " SID="75586::83">
    <P Name="Position">[460, 241, 480, 259]</P>
    <P Name="ZOrder">59</P>
  </Block>
  <Block BlockType="Outport" Name="dd_siB_l" SID="75586::5">
    <P Name="Position">[460, 101, 480, 119]</P>
    <P Name="ZOrder">-5</P>
    <P Name="VectorParamsAs1DForOutWhenUnconnected">off</P>
  </Block>
  <Line>
    <P Name="ZOrder">1</P>
    <P Name="Src">75586::1#out:1</P>
    <P Name="Dst">75586::81#in:1</P>
  </Line>
  <Line>
    <P Name="ZOrder">2</P>
    <P Name="Src">75586::19#out:1</P>
    <P Name="Dst">75586::81#in:2</P>
  </Line>
  <Line>
    <P Name="ZOrder">3</P>
    <P Name="Src">75586::20#out:1</P>
    <P Name="Dst">75586::81#in:3</P>
  </Line>
  <Line>
    <P Name="Name">dd_siB_l</P>
    <P Name="ZOrder">4</P>
    <P Name="Labels">[0, 0]</P>
    <P Name="Src">75586::81#out:2</P>
    <P Name="Dst">75586::5#in:1</P>
  </Line>
  <Line>
    <P Name="ZOrder">5</P>
    <P Name="Src">75586::82#out:1</P>
    <P Name="Dst">75586::83#in:1</P>
  </Line>
  <Line>
    <P Name="ZOrder">6</P>
    <P Name="Src">75586::81#out:1</P>
    <P Name="Points">[20, 0]</P>
    <P Name="Dst">75586::82#in:1</P>
  </Line>
</System>
