<?xml version="1.0" encoding="utf-8"?>
<System>
  <P Name="Location">[-7, -7, 1481, 871]</P>
  <P Name="SystemRect">[0.000000, 0.000000, 0.000000, 0.000000]</P>
  <P Name="SetExecutionDomain">off</P>
  <P Name="ExecutionDomainType">Deduce</P>
  <P Name="ZoomFactor">175</P>
  <P Name="SimulinkSubDomain">Simulink</P>
  <Block BlockType="Inport" Name="JBBB_c" SID="80292">
    <P Name="Position">[220, 278, 250, 292]</P>
    <P Name="ZOrder">754</P>
    <P Name="BackgroundColor">yellow</P>
    <Port>
      <P Name="PortNumber">1</P>
      <P Name="PropagatedSignals">JBBB_c</P>
      <P Name="ShowPropagatedSignals">on</P>
    </Port>
  </Block>
  <Block BlockType="Sum" Name="Add7" SID="80293">
    <P Name="Ports">[2, 1]</P>
    <P Name="Position">[405, 217, 445, 488]</P>
    <P Name="ZOrder">752</P>
    <P Name="ShowName">off</P>
    <P Name="IconShape">rectangular</P>
    <Port>
      <P Name="PortNumber">1</P>
      <P Name="Name">JBBB</P>
      <P Name="DataLogging">on</P>
    </Port>
  </Block>
  <Block BlockType="Constant" Name="Constant16" SID="80294">
    <P Name="Position">[130, 392, 360, 448]</P>
    <P Name="ZOrder">753</P>
    <P Name="ShowName">off</P>
    <P Name="Value">[unc_moi_Jxx,0,0;0,unc_moi_Jyy,0;0,0,unc_moi_Jzz]</P>
  </Block>
  <Block BlockType="Outport" Name="JBBB" SID="80295">
    <P Name="Position">[555, 348, 585, 362]</P>
    <P Name="ZOrder">755</P>
    <P Name="BackgroundColor">orange</P>
    <P Name="VectorParamsAs1DForOutWhenUnconnected">off</P>
  </Block>
  <Line>
    <P Name="Name">JBBB</P>
    <P Name="ZOrder">1</P>
    <P Name="Labels">[0, 1]</P>
    <P Name="Src">80293#out:1</P>
    <P Name="Dst">80295#in:1</P>
  </Line>
  <Line>
    <P Name="ZOrder">2</P>
    <P Name="Labels">[0, 1]</P>
    <P Name="Src">80292#out:1</P>
    <P Name="Dst">80293#in:1</P>
  </Line>
  <Line>
    <P Name="ZOrder">3</P>
    <P Name="Src">80294#out:1</P>
    <P Name="Dst">80293#in:2</P>
  </Line>
</System>
