<?xml version="1.0" encoding="utf-8"?>
<System>
  <P Name="Location">[-1927, -543, 8, 632]</P>
  <P Name="SystemRect">[0.000000, 0.000000, 0.000000, 0.000000]</P>
  <P Name="SetExecutionDomain">off</P>
  <P Name="ExecutionDomainType">Deduce</P>
  <P Name="ZoomFactor">150</P>
  <P Name="SimulinkSubDomain">Simulink</P>
  <Block BlockType="Constant" Name="Constant" SID="78464">
    <P Name="Position">[20, 150, 75, 180]</P>
    <P Name="ZOrder">1602</P>
    <P Name="ShowName">off</P>
    <P Name="Value">pBII_0</P>
  </Block>
  <Block BlockType="Constant" Name="Constant2" SID="78465">
    <P Name="Position">[315, 135, 385, 165]</P>
    <P Name="ZOrder">1612</P>
    <P Name="ShowName">off</P>
    <P Name="Value">flag_I_flat</P>
  </Block>
  <Block BlockType="Demux" Name="Demux" SID="78466">
    <P Name="Ports">[1, 3]</P>
    <P Name="Position">[235, 21, 240, 99]</P>
    <P Name="ZOrder">1613</P>
    <P Name="ShowName">off</P>
    <P Name="Outputs">3</P>
  </Block>
  <Block BlockType="Gain" Name="Gain" SID="78467">
    <P Name="Position">[315, 70, 345, 100]</P>
    <P Name="ZOrder">1614</P>
    <P Name="ShowName">off</P>
    <P Name="Gain">-1</P>
  </Block>
  <Block BlockType="Switch" Name="Switch1" SID="78468">
    <P Name="Position">[465, 130, 515, 170]</P>
    <P Name="ZOrder">1611</P>
    <P Name="Criteria">u2 &gt; Threshold</P>
    <P Name="InputSameDT">off</P>
    <P Name="SaturateOnIntegerOverflow">off</P>
    <Port>
      <P Name="PortNumber">1</P>
      <P Name="Name">hBE_0</P>
    </Port>
  </Block>
  <Block BlockType="Terminator" Name="Terminator" SID="78469">
    <P Name="Position">[275, 130, 295, 150]</P>
    <P Name="ZOrder">1604</P>
  </Block>
  <Block BlockType="Terminator" Name="Terminator1" SID="78470">
    <P Name="Position">[275, 155, 295, 175]</P>
    <P Name="ZOrder">1605</P>
  </Block>
  <Block BlockType="Terminator" Name="Terminator2" SID="78471">
    <P Name="Position">[275, 25, 295, 45]</P>
    <P Name="ZOrder">1615</P>
  </Block>
  <Block BlockType="Terminator" Name="Terminator3" SID="78472">
    <P Name="Position">[275, 50, 295, 70]</P>
    <P Name="ZOrder">1616</P>
  </Block>
  <Block BlockType="SubSystem" Name="trafo_E_to_geodetic" SID="78473">
    <P Name="Ports">[1, 3]</P>
    <P Name="Position">[135, 127, 265, 203]</P>
    <P Name="ZOrder">1603</P>
    <P Name="RequestExecContextInheritance">off</P>
    <P Name="ContentPreviewEnabled">on</P>
    <Mask>
      <Type>Transformation der ECEF Position in geodätische Größen</Type>
      <Display/>
      <Description>Dieser Block transformiert die Position im ECEF KOS in die geodätische Länge, Breite und Höhe</Description>
      <Initialization>[c_mue, c_rsma, c_flat] = init_transformations_earth;</Initialization>
      <Help>Name:

    trafo_E_to_geodetic

Beschreibung:

    Dieser Block transformiert die Position im ECEF KOS in die geodätische 
    Länge, Breite und Höhe.

Inputs   [size]  [data type] [unit]:

    pBEE    [3] [double] [m]

Outputs  [size]  [data type] [unit]:

    long  [1] [double] [rad]
    lat   [1] [double] [rad]
    alt   [1] [double] [m]

Parameter

   c_rsma
   c_flat
</Help>
    </Mask>
    <Port>
      <P Name="PortNumber">3</P>
      <P Name="Name">hBE_0</P>
      <P Name="PropagatedSignals">alt</P>
    </Port>
    <System Ref="system_78473"/>
  </Block>
  <Block BlockType="Outport" Name="hBE_0" SID="78561">
    <P Name="Position">[570, 143, 600, 157]</P>
    <P Name="ZOrder">1617</P>
    <P Name="BackgroundColor">orange</P>
    <P Name="VectorParamsAs1DForOutWhenUnconnected">off</P>
  </Block>
  <Line>
    <P Name="ZOrder">1</P>
    <P Name="Src">78465#out:1</P>
    <P Name="Dst">78468#in:2</P>
  </Line>
  <Line>
    <P Name="Name">hBE_0</P>
    <P Name="ZOrder">2</P>
    <P Name="Labels">[0, 1]</P>
    <P Name="Src">78473#out:3</P>
    <P Name="Points">[143, 0; 0, -25]</P>
    <P Name="Dst">78468#in:3</P>
  </Line>
  <Line>
    <P Name="ZOrder">3</P>
    <P Name="Src">78466#out:2</P>
    <P Name="Dst">78472#in:1</P>
  </Line>
  <Line>
    <P Name="ZOrder">4</P>
    <P Name="Src">78466#out:3</P>
    <P Name="Dst">78467#in:1</P>
  </Line>
  <Line>
    <P Name="ZOrder">5</P>
    <P Name="Src">78467#out:1</P>
    <P Name="Points">[75, 0; 0, 50]</P>
    <P Name="Dst">78468#in:1</P>
  </Line>
  <Line>
    <P Name="ZOrder">6</P>
    <P Name="Src">78466#out:1</P>
    <P Name="Dst">78471#in:1</P>
  </Line>
  <Line>
    <P Name="ZOrder">7</P>
    <P Name="Src">78473#out:2</P>
    <P Name="Dst">78470#in:1</P>
  </Line>
  <Line>
    <P Name="ZOrder">8</P>
    <P Name="Src">78464#out:1</P>
    <P Name="Points">[38, 0]</P>
    <Branch>
      <P Name="ZOrder">9</P>
      <P Name="Points">[0, -105]</P>
      <P Name="Dst">78466#in:1</P>
    </Branch>
    <Branch>
      <P Name="ZOrder">10</P>
      <P Name="Dst">78473#in:1</P>
    </Branch>
  </Line>
  <Line>
    <P Name="ZOrder">11</P>
    <P Name="Src">78473#out:1</P>
    <P Name="Dst">78469#in:1</P>
  </Line>
  <Line>
    <P Name="Name">hBE_0</P>
    <P Name="ZOrder">12</P>
    <P Name="Labels">[0, 1]</P>
    <P Name="Src">78468#out:1</P>
    <P Name="Dst">78561#in:1</P>
  </Line>
</System>
