<?xml version="1.0" encoding="utf-8"?>
<System>
  <P Name="Location">[-7, -7, 1481, 871]</P>
  <P Name="SystemRect">[0.000000, 0.000000, 0.000000, 0.000000]</P>
  <P Name="SetExecutionDomain">off</P>
  <P Name="ExecutionDomainType">Deduce</P>
  <P Name="ZoomFactor">85</P>
  <P Name="SimulinkSubDomain">Simulink</P>
  <Block BlockType="Inport" Name="alpha_deg" SID="74936">
    <P Name="Position">[-420, -227, -390, -213]</P>
    <P Name="ZOrder">336</P>
  </Block>
  <Block BlockType="Inport" Name="beta_deg" SID="74937">
    <P Name="Position">[-420, -132, -390, -118]</P>
    <P Name="ZOrder">327</P>
    <P Name="Port">2</P>
  </Block>
  <Block BlockType="Inport" Name="dele_deg" SID="74938">
    <P Name="Position">[-355, -22, -325, -8]</P>
    <P Name="ZOrder">340</P>
    <P Name="Port">3</P>
  </Block>
  <Block BlockType="Inport" Name="dela_deg" SID="74939">
    <P Name="Position">[-355, 118, -325, 132]</P>
    <P Name="ZOrder">341</P>
    <P Name="Port">4</P>
  </Block>
  <Block BlockType="Inport" Name="delr_deg" SID="74940">
    <P Name="Position">[-355, 258, -325, 272]</P>
    <P Name="ZOrder">328</P>
    <P Name="Port">5</P>
  </Block>
  <Block BlockType="Inport" Name="p_ND_rps" SID="74941">
    <P Name="Position">[-420, 383, -390, 397]</P>
    <P Name="ZOrder">10</P>
    <P Name="Port">6</P>
  </Block>
  <Block BlockType="Lookup_n-D" Name="1-D Lookup&#xA;Table" SID="74942">
    <P Name="Ports">[1, 1]</P>
    <P Name="Position">[-250, -252, -185, -188]</P>
    <P Name="ZOrder">330</P>
    <P Name="ShowName">off</P>
    <P Name="HideAutomaticName">off</P>
    <P Name="AttributesFormatString">%&lt;Table&gt;
%&lt;BreakpointsForDimension1&gt;</P>
    <P Name="InputPortMap">u0</P>
    <P Name="NumberOfTableDimensions">1</P>
    <P Name="BreakpointsForDimension1">Aerodynamics.alpha_bkpts_ind1</P>
    <P Name="Table">Aerodynamics.CLL_alpha</P>
    <P Name="ExtrapMethod">Clip</P>
    <P Name="UseLastTableValue">on</P>
    <P Name="InternalRulePriority">Speed</P>
    <P Name="RndMeth">Simplest</P>
  </Block>
  <Block BlockType="Lookup_n-D" Name="1-D Lookup&#xA;Table1" SID="74943">
    <P Name="Ports">[1, 1]</P>
    <P Name="Position">[-250, -157, -185, -93]</P>
    <P Name="ZOrder">332</P>
    <P Name="ShowName">off</P>
    <P Name="HideAutomaticName">off</P>
    <P Name="AttributesFormatString">%&lt;Table&gt;
%&lt;BreakpointsForDimension1&gt;</P>
    <P Name="InputPortMap">u0</P>
    <P Name="NumberOfTableDimensions">1</P>
    <P Name="BreakpointsForDimension1">Aerodynamics.beta_bkpts_ind1</P>
    <P Name="Table">Aerodynamics.CLL_beta</P>
    <P Name="ExtrapMethod">Clip</P>
    <P Name="UseLastTableValue">on</P>
    <P Name="InternalRulePriority">Speed</P>
    <P Name="RndMeth">Simplest</P>
  </Block>
  <Block BlockType="Lookup_n-D" Name="2-D Lookup&#xA;Table" SID="74944">
    <P Name="Ports">[2, 1]</P>
    <P Name="Position">[-250, -62, -185, 2]</P>
    <P Name="ZOrder">331</P>
    <P Name="ShowName">off</P>
    <P Name="HideAutomaticName">off</P>
    <P Name="AttributesFormatString">%&lt;Table&gt;
%&lt;BreakpointsForDimension1&gt;
%&lt;BreakpointsForDimension2&gt;
</P>
    <P Name="InputPortMap">u0,u1</P>
    <P Name="BreakpointsForDimension1">Aerodynamics.dele_inc_bkpts_ind1</P>
    <P Name="BreakpointsForDimension2">Aerodynamics.dele_inc_bkpts_ind2</P>
    <P Name="Table">Aerodynamics.CLL_dele_inc</P>
    <P Name="ExtrapMethod">Clip</P>
    <P Name="UseLastTableValue">on</P>
    <P Name="InternalRulePriority">Speed</P>
    <P Name="RndMeth">Simplest</P>
    <Port>
      <P Name="PortNumber">1</P>
      <P Name="Name">CLL_dele</P>
    </Port>
  </Block>
  <Block BlockType="Lookup_n-D" Name="2-D Lookup&#xA;Table1" SID="74945">
    <P Name="Ports">[2, 1]</P>
    <P Name="Position">[-250, 78, -185, 142]</P>
    <P Name="ZOrder">334</P>
    <P Name="ShowName">off</P>
    <P Name="HideAutomaticName">off</P>
    <P Name="AttributesFormatString">%&lt;Table&gt;
%&lt;BreakpointsForDimension1&gt;
%&lt;BreakpointsForDimension2&gt;
</P>
    <P Name="InputPortMap">u0,u1</P>
    <P Name="BreakpointsForDimension1">Aerodynamics.dela_inc_bkpts_ind1</P>
    <P Name="BreakpointsForDimension2">Aerodynamics.dela_inc_bkpts_ind2</P>
    <P Name="Table">Aerodynamics.CLL_dela_inc</P>
    <P Name="ExtrapMethod">Clip</P>
    <P Name="UseLastTableValue">on</P>
    <P Name="InternalRulePriority">Speed</P>
    <P Name="RndMeth">Simplest</P>
    <Port>
      <P Name="PortNumber">1</P>
      <P Name="Name">CLL_dela</P>
    </Port>
  </Block>
  <Block BlockType="Lookup_n-D" Name="2-D Lookup&#xA;Table2" SID="74946">
    <P Name="Ports">[2, 1]</P>
    <P Name="Position">[-250, 218, -185, 282]</P>
    <P Name="ZOrder">335</P>
    <P Name="ShowName">off</P>
    <P Name="HideAutomaticName">off</P>
    <P Name="AttributesFormatString">%&lt;Table&gt;
%&lt;BreakpointsForDimension1&gt;
%&lt;BreakpointsForDimension2&gt;
</P>
    <P Name="InputPortMap">u0,u1</P>
    <P Name="BreakpointsForDimension1">Aerodynamics.delr_inc_bkpts_ind1</P>
    <P Name="BreakpointsForDimension2">Aerodynamics.delr_inc_bkpts_ind2</P>
    <P Name="Table">Aerodynamics.CLL_delr_inc</P>
    <P Name="ExtrapMethod">Clip</P>
    <P Name="UseLastTableValue">on</P>
    <P Name="InternalRulePriority">Speed</P>
    <P Name="RndMeth">Simplest</P>
    <Port>
      <P Name="PortNumber">1</P>
      <P Name="Name">CLL_delr</P>
    </Port>
  </Block>
  <Block BlockType="Constant" Name="Constant" SID="74947">
    <P Name="Position">[275, 155, 305, 185]</P>
    <P Name="ZOrder">349</P>
    <P Name="ShowName">off</P>
    <P Name="HideAutomaticName">off</P>
    <P Name="AttributesFormatString">%&lt;Value&gt;</P>
    <P Name="Value">Aerodynamics.CLL_bias</P>
  </Block>
  <Block BlockType="Gain" Name="Gain" SID="74948">
    <P Name="Position">[275, 95, 305, 125]</P>
    <P Name="ZOrder">348</P>
    <P Name="ShowName">off</P>
    <P Name="HideAutomaticName">off</P>
    <P Name="AttributesFormatString">%&lt;Gain&gt;</P>
    <P Name="Gain">Aerodynamics.CLL_scale</P>
  </Block>
  <Block BlockType="Gain" Name="Gain2" SID="74949">
    <P Name="Position">[-235, 375, -205, 405]</P>
    <P Name="ZOrder">311</P>
    <P Name="ShowName">off</P>
    <P Name="HideAutomaticName">off</P>
    <P Name="AttributesFormatString">%&lt;Gain&gt;</P>
    <P Name="Gain">Aerodynamics.CLL_p</P>
  </Block>
  <Block BlockType="Sum" Name="Sum1" SID="74950">
    <P Name="Ports">[5, 1]</P>
    <P Name="Position">[135, -238, 155, 458]</P>
    <P Name="ZOrder">329</P>
    <P Name="ShowName">off</P>
    <P Name="IconShape">rectangular</P>
    <P Name="Inputs">+++++</P>
  </Block>
  <Block BlockType="Sum" Name="Sum2" SID="74951">
    <P Name="Ports">[2, 1]</P>
    <P Name="Position">[-60, -268, -40, -77]</P>
    <P Name="ZOrder">333</P>
    <P Name="ShowName">off</P>
    <P Name="IconShape">rectangular</P>
    <Port>
      <P Name="PortNumber">1</P>
      <P Name="Name">CLL_0</P>
      <P Name="DataLoggingDecimateData">on</P>
      <P Name="DataLoggingDecimation">SL_decimation</P>
    </Port>
  </Block>
  <Block BlockType="Sum" Name="Sum3" SID="74952">
    <P Name="Ports">[2, 1]</P>
    <P Name="Position">[365, 100, 385, 120]</P>
    <P Name="ZOrder">350</P>
    <P Name="ShowName">off</P>
    <P Name="Inputs">|++</P>
    <Port>
      <P Name="PortNumber">1</P>
      <P Name="Name">CLL_B</P>
      <P Name="DataLogging">on</P>
    </Port>
  </Block>
  <Block BlockType="InportShadow" Name="alpha_deg D1" SID="74953">
    <P Name="Position">[-420, -52, -390, -38]</P>
    <P Name="ZOrder">337</P>
  </Block>
  <Block BlockType="InportShadow" Name="alpha_deg D2" SID="74954">
    <P Name="Position">[-420, 88, -390, 102]</P>
    <P Name="ZOrder">338</P>
  </Block>
  <Block BlockType="InportShadow" Name="beta_deg D1" SID="74955">
    <P Name="Position">[-420, 228, -390, 242]</P>
    <P Name="ZOrder">339</P>
    <P Name="Port">2</P>
  </Block>
  <Block BlockType="Outport" Name="CLL" SID="74956">
    <P Name="Position">[480, 103, 510, 117]</P>
    <P Name="ZOrder">-2</P>
  </Block>
  <Line>
    <P Name="ZOrder">1</P>
    <P Name="Src">74941#out:1</P>
    <P Name="Dst">74949#in:1</P>
  </Line>
  <Line>
    <P Name="ZOrder">2</P>
    <P Name="Src">74949#out:1</P>
    <P Name="Dst">74950#in:5</P>
  </Line>
  <Line>
    <P Name="ZOrder">3</P>
    <P Name="Src">74948#out:1</P>
    <P Name="Dst">74952#in:1</P>
  </Line>
  <Line>
    <P Name="Name">CLL_delr</P>
    <P Name="ZOrder">4</P>
    <P Name="Labels">[1, 1]</P>
    <P Name="Src">74946#out:1</P>
    <P Name="Dst">74950#in:4</P>
  </Line>
  <Line>
    <P Name="ZOrder">5</P>
    <P Name="Src">74942#out:1</P>
    <P Name="Dst">74951#in:1</P>
  </Line>
  <Line>
    <P Name="Name">CLL_dela</P>
    <P Name="ZOrder">6</P>
    <P Name="Labels">[1, 1]</P>
    <P Name="Src">74945#out:1</P>
    <P Name="Dst">74950#in:3</P>
  </Line>
  <Line>
    <P Name="ZOrder">7</P>
    <P Name="Src">74937#out:1</P>
    <P Name="Dst">74943#in:1</P>
  </Line>
  <Line>
    <P Name="ZOrder">8</P>
    <P Name="Src">74943#out:1</P>
    <P Name="Dst">74951#in:2</P>
  </Line>
  <Line>
    <P Name="Name">CLL_dele</P>
    <P Name="ZOrder">9</P>
    <P Name="Labels">[1, 1]</P>
    <P Name="Src">74944#out:1</P>
    <P Name="Dst">74950#in:2</P>
  </Line>
  <Line>
    <P Name="ZOrder">10</P>
    <P Name="Src">74938#out:1</P>
    <P Name="Dst">74944#in:2</P>
  </Line>
  <Line>
    <P Name="ZOrder">11</P>
    <P Name="Src">74953#out:1</P>
    <P Name="Dst">74944#in:1</P>
  </Line>
  <Line>
    <P Name="ZOrder">12</P>
    <P Name="Src">74955#out:1</P>
    <P Name="Dst">74946#in:1</P>
  </Line>
  <Line>
    <P Name="ZOrder">13</P>
    <P Name="Src">74939#out:1</P>
    <P Name="Dst">74945#in:2</P>
  </Line>
  <Line>
    <P Name="ZOrder">14</P>
    <P Name="Src">74936#out:1</P>
    <P Name="Dst">74942#in:1</P>
  </Line>
  <Line>
    <P Name="ZOrder">15</P>
    <P Name="Src">74954#out:1</P>
    <P Name="Dst">74945#in:1</P>
  </Line>
  <Line>
    <P Name="ZOrder">16</P>
    <P Name="Src">74940#out:1</P>
    <P Name="Dst">74946#in:2</P>
  </Line>
  <Line>
    <P Name="Name">CLL_0</P>
    <P Name="ZOrder">17</P>
    <P Name="Labels">[1, 1]</P>
    <P Name="Src">74951#out:1</P>
    <P Name="Dst">74950#in:1</P>
  </Line>
  <Line>
    <P Name="ZOrder">18</P>
    <P Name="Src">74947#out:1</P>
    <P Name="Points">[65, 0]</P>
    <P Name="Dst">74952#in:2</P>
  </Line>
  <Line>
    <P Name="ZOrder">19</P>
    <P Name="Src">74950#out:1</P>
    <P Name="Dst">74948#in:1</P>
  </Line>
  <Line>
    <P Name="Name">CLL_B</P>
    <P Name="ZOrder">20</P>
    <P Name="Labels">[1, 1]</P>
    <P Name="Src">74952#out:1</P>
    <P Name="Dst">74956#in:1</P>
  </Line>
</System>
