<?xml version="1.0" encoding="utf-8"?>
<System>
  <P Name="Location">[-7, -7, 1543, 831]</P>
  <P Name="SystemRect">[0.000000, 0.000000, 0.000000, 0.000000]</P>
  <P Name="SetExecutionDomain">off</P>
  <P Name="ExecutionDomainType">Deduce</P>
  <P Name="ZoomFactor">60</P>
  <P Name="SimulinkSubDomain">Simulink</P>
  <Block BlockType="Inport" Name="Enable INS Flag" SID="74608">
    <P Name="Position">[190, 103, 220, 117]</P>
    <P Name="ZOrder">21745</P>
  </Block>
  <Block BlockType="Inport" Name="Enable Gyros Flag" SID="74609">
    <P Name="Position">[190, 153, 220, 167]</P>
    <P Name="ZOrder">22095</P>
    <P Name="Port">2</P>
  </Block>
  <Block BlockType="Inport" Name="Missile States" SID="74610">
    <P Name="Position">[60, 403, 90, 417]</P>
    <P Name="ZOrder">22091</P>
    <P Name="Port">3</P>
  </Block>
  <Block BlockType="Inport" Name="Virtual IMU" SID="74611">
    <P Name="Position">[200, 778, 230, 792]</P>
    <P Name="ZOrder">22266</P>
    <P Name="Port">4</P>
  </Block>
  <Block BlockType="Inport" Name="External Inputs" SID="74612">
    <P Name="Position">[185, 1103, 215, 1117]</P>
    <P Name="ZOrder">22092</P>
    <P Name="Port">5</P>
  </Block>
  <Block BlockType="BusSelector" Name="Bus&#xA;Selector" SID="74613">
    <P Name="Ports">[1, 9]</P>
    <P Name="Position">[185, 184, 205, 636]</P>
    <P Name="ZOrder">22093</P>
    <P Name="ShowName">off</P>
    <P Name="OutputSignals">Translation_States.u_mDs,Translation_States.v_mDs,Translation_States.w_mDs,POS_NED.POS_x_NED_m,POS_NED.POS_y_NED_m,POS_NED.POS_z_NED_m,Rotation_States.p_radDs,Rotation_States.q_radDs,Rotation_States.r_radDs</P>
    <Port>
      <P Name="PortNumber">1</P>
      <P Name="Name">&lt;u_mDs&gt;</P>
    </Port>
    <Port>
      <P Name="PortNumber">2</P>
      <P Name="Name">&lt;v_mDs&gt;</P>
    </Port>
    <Port>
      <P Name="PortNumber">3</P>
      <P Name="Name">&lt;w_mDs&gt;</P>
    </Port>
    <Port>
      <P Name="PortNumber">4</P>
      <P Name="Name">&lt;POS_x_NED_m&gt;</P>
    </Port>
    <Port>
      <P Name="PortNumber">5</P>
      <P Name="Name">&lt;POS_y_NED_m&gt;</P>
    </Port>
    <Port>
      <P Name="PortNumber">6</P>
      <P Name="Name">&lt;POS_z_NED_m&gt;</P>
    </Port>
    <Port>
      <P Name="PortNumber">7</P>
      <P Name="Name">&lt;p_radDs&gt;</P>
    </Port>
    <Port>
      <P Name="PortNumber">8</P>
      <P Name="Name">&lt;q_radDs&gt;</P>
    </Port>
    <Port>
      <P Name="PortNumber">9</P>
      <P Name="Name">&lt;r_radDs&gt;</P>
    </Port>
  </Block>
  <Block BlockType="BusSelector" Name="Bus&#xA;Selector1" SID="74614">
    <P Name="Ports">[1, 1]</P>
    <P Name="Position">[265, 1092, 275, 1128]</P>
    <P Name="ZOrder">22080</P>
    <P Name="ShowName">off</P>
    <P Name="OutputSignals">phi cmd rad</P>
    <Port>
      <P Name="PortNumber">1</P>
      <P Name="Name">&lt;phi cmd rad&gt;</P>
    </Port>
  </Block>
  <Block BlockType="BusSelector" Name="Bus&#xA;Selector2" SID="74615">
    <P Name="Ports">[1, 6]</P>
    <P Name="Position">[285, 640, 305, 930]</P>
    <P Name="ZOrder">22267</P>
    <P Name="ShowName">off</P>
    <P Name="OutputSignals">accelerometer.accX,accelerometer.accY,accelerometer.accZ,gyro.gyroX,gyro.gyroY,gyro.gyroZ</P>
    <Port>
      <P Name="PortNumber">1</P>
      <P Name="Name">&lt;accX&gt;</P>
    </Port>
    <Port>
      <P Name="PortNumber">2</P>
      <P Name="Name">&lt;accY&gt;</P>
    </Port>
    <Port>
      <P Name="PortNumber">3</P>
      <P Name="Name">&lt;accZ&gt;</P>
    </Port>
    <Port>
      <P Name="PortNumber">4</P>
      <P Name="Name">&lt;gyroX&gt;</P>
    </Port>
    <Port>
      <P Name="PortNumber">5</P>
      <P Name="Name">&lt;gyroY&gt;</P>
    </Port>
    <Port>
      <P Name="PortNumber">6</P>
      <P Name="Name">&lt;gyroZ&gt;</P>
    </Port>
  </Block>
  <Block BlockType="BusSelector" Name="Bus&#xA;Selector3" SID="74616">
    <P Name="Ports">[1, 3]</P>
    <P Name="Position">[195, 933, 210, 1087]</P>
    <P Name="ZOrder">22268</P>
    <P Name="ShowName">off</P>
    <P Name="OutputSignals">Attitude_States.ATT_Euler.Phi_rad,Attitude_States.ATT_Euler.Theta_rad,Attitude_States.ATT_Euler.Psi_rad</P>
    <Port>
      <P Name="PortNumber">1</P>
      <P Name="Name">&lt;Phi_rad&gt;</P>
    </Port>
    <Port>
      <P Name="PortNumber">2</P>
      <P Name="Name">&lt;Theta_rad&gt;</P>
    </Port>
    <Port>
      <P Name="PortNumber">3</P>
      <P Name="Name">&lt;Psi_rad&gt;</P>
    </Port>
  </Block>
  <Block BlockType="DataTypeConversion" Name="Cast To Single1" SID="74617">
    <P Name="Position">[400, 893, 475, 927]</P>
    <P Name="ZOrder">22098</P>
    <P Name="OutDataTypeStr">single</P>
    <P Name="RndMeth">Floor</P>
    <P Name="SaturateOnIntegerOverflow">off</P>
  </Block>
  <Block BlockType="DataTypeConversion" Name="Cast To Single10" SID="74618">
    <P Name="Position">[400, 443, 475, 477]</P>
    <P Name="ZOrder">22110</P>
    <P Name="OutDataTypeStr">single</P>
    <P Name="RndMeth">Floor</P>
    <P Name="SaturateOnIntegerOverflow">off</P>
  </Block>
  <Block BlockType="DataTypeConversion" Name="Cast To Single11" SID="74619">
    <P Name="Position">[400, 393, 475, 427]</P>
    <P Name="ZOrder">22111</P>
    <P Name="OutDataTypeStr">single</P>
    <P Name="RndMeth">Floor</P>
    <P Name="SaturateOnIntegerOverflow">off</P>
  </Block>
  <Block BlockType="DataTypeConversion" Name="Cast To Single12" SID="74620">
    <P Name="Position">[400, 343, 475, 377]</P>
    <P Name="ZOrder">22112</P>
    <P Name="OutDataTypeStr">single</P>
    <P Name="RndMeth">Floor</P>
    <P Name="SaturateOnIntegerOverflow">off</P>
  </Block>
  <Block BlockType="DataTypeConversion" Name="Cast To Single13" SID="74621">
    <P Name="Position">[400, 293, 475, 327]</P>
    <P Name="ZOrder">22113</P>
    <P Name="OutDataTypeStr">single</P>
    <P Name="RndMeth">Floor</P>
    <P Name="SaturateOnIntegerOverflow">off</P>
  </Block>
  <Block BlockType="DataTypeConversion" Name="Cast To Single14" SID="74622">
    <P Name="Position">[400, 243, 475, 277]</P>
    <P Name="ZOrder">22114</P>
    <P Name="OutDataTypeStr">single</P>
    <P Name="RndMeth">Floor</P>
    <P Name="SaturateOnIntegerOverflow">off</P>
  </Block>
  <Block BlockType="DataTypeConversion" Name="Cast To Single15" SID="74623">
    <P Name="Position">[400, 193, 475, 227]</P>
    <P Name="ZOrder">22115</P>
    <P Name="OutDataTypeStr">single</P>
    <P Name="RndMeth">Floor</P>
    <P Name="SaturateOnIntegerOverflow">off</P>
  </Block>
  <Block BlockType="DataTypeConversion" Name="Cast To Single16" SID="74624">
    <P Name="Position">[400, 143, 475, 177]</P>
    <P Name="ZOrder">22116</P>
    <P Name="OutDataTypeStr">single</P>
    <P Name="RndMeth">Floor</P>
    <P Name="SaturateOnIntegerOverflow">off</P>
  </Block>
  <Block BlockType="DataTypeConversion" Name="Cast To Single17" SID="74625">
    <P Name="Position">[400, 93, 475, 127]</P>
    <P Name="ZOrder">22117</P>
    <P Name="OutDataTypeStr">single</P>
    <P Name="RndMeth">Floor</P>
    <P Name="SaturateOnIntegerOverflow">off</P>
  </Block>
  <Block BlockType="DataTypeConversion" Name="Cast To Single18" SID="74626">
    <P Name="Position">[335, 43, 410, 77]</P>
    <P Name="ZOrder">22118</P>
    <P Name="OutDataTypeStr">single</P>
    <P Name="RndMeth">Floor</P>
    <P Name="SaturateOnIntegerOverflow">off</P>
  </Block>
  <Block BlockType="DataTypeConversion" Name="Cast To Single19" SID="74627">
    <P Name="Position">[335, -7, 410, 27]</P>
    <P Name="ZOrder">22119</P>
    <P Name="OutDataTypeStr">single</P>
    <P Name="RndMeth">Floor</P>
    <P Name="SaturateOnIntegerOverflow">off</P>
  </Block>
  <Block BlockType="DataTypeConversion" Name="Cast To Single2" SID="74628">
    <P Name="Position">[400, 843, 475, 877]</P>
    <P Name="ZOrder">22099</P>
    <P Name="OutDataTypeStr">single</P>
    <P Name="RndMeth">Floor</P>
    <P Name="SaturateOnIntegerOverflow">off</P>
  </Block>
  <Block BlockType="DataTypeConversion" Name="Cast To Single20" SID="74629">
    <P Name="Position">[400, 1093, 475, 1127]</P>
    <P Name="ZOrder">22120</P>
    <P Name="OutDataTypeStr">single</P>
    <P Name="RndMeth">Floor</P>
    <P Name="SaturateOnIntegerOverflow">off</P>
  </Block>
  <Block BlockType="DataTypeConversion" Name="Cast To Single21" SID="74630">
    <P Name="Position">[400, 943, 475, 977]</P>
    <P Name="ZOrder">22263</P>
    <P Name="OutDataTypeStr">single</P>
    <P Name="RndMeth">Floor</P>
    <P Name="SaturateOnIntegerOverflow">off</P>
  </Block>
  <Block BlockType="DataTypeConversion" Name="Cast To Single22" SID="74631">
    <P Name="Position">[400, 993, 475, 1027]</P>
    <P Name="ZOrder">22264</P>
    <P Name="OutDataTypeStr">single</P>
    <P Name="RndMeth">Floor</P>
    <P Name="SaturateOnIntegerOverflow">off</P>
  </Block>
  <Block BlockType="DataTypeConversion" Name="Cast To Single23" SID="74632">
    <P Name="Position">[400, 1043, 475, 1077]</P>
    <P Name="ZOrder">22265</P>
    <P Name="OutDataTypeStr">single</P>
    <P Name="RndMeth">Floor</P>
    <P Name="SaturateOnIntegerOverflow">off</P>
  </Block>
  <Block BlockType="DataTypeConversion" Name="Cast To Single3" SID="74633">
    <P Name="Position">[400, 793, 475, 827]</P>
    <P Name="ZOrder">22101</P>
    <P Name="OutDataTypeStr">single</P>
    <P Name="RndMeth">Floor</P>
    <P Name="SaturateOnIntegerOverflow">off</P>
  </Block>
  <Block BlockType="DataTypeConversion" Name="Cast To Single4" SID="74634">
    <P Name="Position">[400, 743, 475, 777]</P>
    <P Name="ZOrder">22102</P>
    <P Name="OutDataTypeStr">single</P>
    <P Name="RndMeth">Floor</P>
    <P Name="SaturateOnIntegerOverflow">off</P>
  </Block>
  <Block BlockType="DataTypeConversion" Name="Cast To Single5" SID="74635">
    <P Name="Position">[400, 693, 475, 727]</P>
    <P Name="ZOrder">22103</P>
    <P Name="OutDataTypeStr">single</P>
    <P Name="RndMeth">Floor</P>
    <P Name="SaturateOnIntegerOverflow">off</P>
  </Block>
  <Block BlockType="DataTypeConversion" Name="Cast To Single6" SID="74636">
    <P Name="Position">[400, 643, 475, 677]</P>
    <P Name="ZOrder">22104</P>
    <P Name="OutDataTypeStr">single</P>
    <P Name="RndMeth">Floor</P>
    <P Name="SaturateOnIntegerOverflow">off</P>
  </Block>
  <Block BlockType="DataTypeConversion" Name="Cast To Single7" SID="74637">
    <P Name="Position">[400, 593, 475, 627]</P>
    <P Name="ZOrder">22107</P>
    <P Name="OutDataTypeStr">single</P>
    <P Name="RndMeth">Floor</P>
    <P Name="SaturateOnIntegerOverflow">off</P>
  </Block>
  <Block BlockType="DataTypeConversion" Name="Cast To Single8" SID="74638">
    <P Name="Position">[400, 543, 475, 577]</P>
    <P Name="ZOrder">22108</P>
    <P Name="OutDataTypeStr">single</P>
    <P Name="RndMeth">Floor</P>
    <P Name="SaturateOnIntegerOverflow">off</P>
  </Block>
  <Block BlockType="DataTypeConversion" Name="Cast To Single9" SID="74639">
    <P Name="Position">[400, 493, 475, 527]</P>
    <P Name="ZOrder">22109</P>
    <P Name="OutDataTypeStr">single</P>
    <P Name="RndMeth">Floor</P>
    <P Name="SaturateOnIntegerOverflow">off</P>
  </Block>
  <Block BlockType="From" Name="From3" SID="74640">
    <P Name="Position">[190, 0, 275, 20]</P>
    <P Name="ZOrder">22053</P>
    <P Name="GotoTag">HIL_Ready</P>
    <Port>
      <P Name="PortNumber">1</P>
      <P Name="Name">send</P>
      <P Name="PropagatedSignals">Gimbal Ready</P>
    </Port>
  </Block>
  <Block BlockType="Goto" Name="Goto" SID="74641">
    <P Name="Position">[540, -125, 645, -95]</P>
    <P Name="ZOrder">22269</P>
    <P Name="GotoTag">Heartbeat_Sent</P>
  </Block>
  <Block BlockType="SubSystem" Name="Heartbeat Counter" SID="74642">
    <P Name="Ports">[0, 1]</P>
    <P Name="Position">[190, 42, 270, 78]</P>
    <P Name="ZOrder">22072</P>
    <P Name="RequestExecContextInheritance">off</P>
    <P Name="ContentPreviewEnabled">on</P>
    <Port>
      <P Name="PortNumber">1</P>
      <P Name="Name">send</P>
    </Port>
    <System Ref="system_74642"/>
  </Block>
  <Block BlockType="Mux" Name="Mux" SID="74649">
    <P Name="Ports">[23, 1]</P>
    <P Name="Position">[570, -42, 590, 1162]</P>
    <P Name="ZOrder">10825</P>
    <P Name="ShowName">off</P>
    <P Name="Inputs">23</P>
    <P Name="DisplayOption">bar</P>
    <Port>
      <P Name="PortNumber">1</P>
      <P Name="Name">send</P>
    </Port>
  </Block>
  <Block BlockType="Scope" Name="Scope" SID="74650">
    <P Name="Ports">[1]</P>
    <P Name="Position">[720, 469, 750, 501]</P>
    <P Name="ZOrder">22068</P>
    <P Name="ScopeSpecificationString">Simulink.scopes.TimeScopeBlockCfg(&apos;CurrentConfiguration&apos;, extmgr.ConfigurationSet(extmgr.Configuration(&apos;Core&apos;,&apos;General UI&apos;,true),extmgr.Configuration(&apos;Core&apos;,&apos;Source UI&apos;,true),extmgr.Configuration(&apos;Sources&apos;,&apos;WiredSimulink&apos;,true,&apos;DataLoggingVariableName&apos;,&apos;ScopeData6&apos;),extmgr.Configuration(&apos;Visuals&apos;,&apos;Time Domain&apos;,true,&apos;SerializedDisplays&apos;,{struct(&apos;MinYLimReal&apos;,&apos;-7155.64963&apos;,&apos;MaxYLimReal&apos;,&apos;46467.2944&apos;,&apos;YLabelReal&apos;,&apos;&apos;,&apos;MinYLimMag&apos;,&apos;  0.00000&apos;,&apos;MaxYLimMag&apos;,&apos;46467.2944&apos;,&apos;LegendVisibility&apos;,&apos;On&apos;,&apos;XGrid&apos;,true,&apos;YGrid&apos;,true,&apos;PlotMagPhase&apos;,false,&apos;AxesColor&apos;,[0 0 0],&apos;AxesTickColor&apos;,[0.686274509803922 0.686274509803922 0.686274509803922],&apos;ColorOrder&apos;,[1 1 0.0666666666666667;0.0745098039215686 0.623529411764706 1;1 0.411764705882353 0.16078431372549;0.392156862745098 0.831372549019608 0.0745098039215686;0.717647058823529 0.274509803921569 1;0.0588235294117647 1 1;1 0.0745098039215686 0.650980392156863],&apos;Title&apos;,&apos;%&lt;SignalLabel&gt;&apos;,&apos;LinePropertiesCache&apos;,{{struct(&apos;Visible&apos;,&apos;off&apos;),struct(&apos;Visible&apos;,&apos;off&apos;),struct(&apos;Visible&apos;,&apos;off&apos;),struct(&apos;Visible&apos;,&apos;off&apos;),struct(&apos;Visible&apos;,&apos;off&apos;),struct(&apos;Visible&apos;,&apos;off&apos;),struct(&apos;Visible&apos;,&apos;off&apos;),struct(&apos;Visible&apos;,&apos;off&apos;),struct(&apos;Visible&apos;,&apos;off&apos;),struct(&apos;Visible&apos;,&apos;off&apos;),struct(&apos;Visible&apos;,&apos;off&apos;),struct(&apos;Visible&apos;,&apos;off&apos;),struct(&apos;Visible&apos;,&apos;off&apos;),struct(&apos;Visible&apos;,&apos;off&apos;),struct(&apos;Visible&apos;,&apos;off&apos;),struct(&apos;Visible&apos;,&apos;off&apos;),struct(&apos;Visible&apos;,&apos;off&apos;),struct(&apos;Visible&apos;,&apos;off&apos;),struct(&apos;Visible&apos;,&apos;off&apos;),struct(&apos;Visible&apos;,&apos;off&apos;)}},&apos;UserDefinedChannelNames&apos;,{{}},&apos;NumLines&apos;,23,&apos;LineNames&apos;,{{&apos;send:1&apos;,&apos;send:2&apos;,&apos;send:3&apos;,&apos;send:4&apos;,&apos;send:5&apos;,&apos;send:6&apos;,&apos;send:7&apos;,&apos;send:8&apos;,&apos;send:9&apos;,&apos;send:10&apos;,&apos;send:11&apos;,&apos;send:12&apos;,&apos;send:13&apos;,&apos;send:14&apos;,&apos;send:15&apos;,&apos;send:16&apos;,&apos;send:17&apos;,&apos;send:18&apos;,&apos;send:19&apos;,&apos;send:20&apos;,&apos;send:21&apos;,&apos;send:22&apos;,&apos;send:23&apos;}},&apos;ShowContent&apos;,true,&apos;Placement&apos;,1)},&apos;DisplayPropertyDefaults&apos;,struct(&apos;MinYLimReal&apos;,&apos;-7155.64963&apos;,&apos;MaxYLimReal&apos;,&apos;46467.2944&apos;,&apos;YLabelReal&apos;,&apos;&apos;,&apos;MinYLimMag&apos;,&apos;  0.00000&apos;,&apos;MaxYLimMag&apos;,&apos;46467.2944&apos;,&apos;LegendVisibility&apos;,&apos;On&apos;,&apos;XGrid&apos;,true,&apos;YGrid&apos;,true,&apos;PlotMagPhase&apos;,false,&apos;AxesColor&apos;,[0 0 0],&apos;AxesTickColor&apos;,[0.686274509803922 0.686274509803922 0.686274509803922],&apos;ColorOrder&apos;,[0.0745098039215686 0.623529411764706 1;1 0.411764705882353 0.16078431372549;1 1 0.0666666666666667;0.717647058823529 0.274509803921569 1;0.392156862745098 0.831372549019608 0.0745098039215686;0.0588235294117647 1 1;1 0.0745098039215686 0.650980392156863])),extmgr.Configuration(&apos;Tools&apos;,&apos;Plot Navigation&apos;,true,&apos;OnceAtStop&apos;,false,&apos;PreviousAutoscale&apos;,&apos;XY&apos;),extmgr.Configuration(&apos;Tools&apos;,&apos;Measurements&apos;,true,&apos;Version&apos;,&apos;2019b&apos;)),&apos;Version&apos;,&apos;2019b&apos;,&apos;Position&apos;,[1623 444 560 420])</P>
    <P Name="NumInputPorts">1</P>
    <P Name="Floating">off</P>
  </Block>
  <Block BlockType="Outport" Name="data out" SID="74651">
    <P Name="Position">[1040, 333, 1070, 347]</P>
    <P Name="ZOrder">21878</P>
  </Block>
  <Line>
    <P Name="Name">send</P>
    <P Name="ZOrder">1</P>
    <P Name="Labels">[0, 0]</P>
    <P Name="Src">74642#out:1</P>
    <P Name="Dst">74626#in:1</P>
  </Line>
  <Line>
    <P Name="ZOrder">2</P>
    <P Name="Src">74608#out:1</P>
    <P Name="Dst">74625#in:1</P>
  </Line>
  <Line>
    <P Name="Name">send</P>
    <P Name="ZOrder">3</P>
    <P Name="Labels">[1, 1]</P>
    <P Name="Src">74640#out:1</P>
    <P Name="Dst">74627#in:1</P>
  </Line>
  <Line>
    <P Name="Name">send</P>
    <P Name="ZOrder">4</P>
    <P Name="Src">74649#out:1</P>
    <P Name="Points">[53, 0; 0, -75]</P>
    <Branch>
      <P Name="ZOrder">5</P>
      <P Name="Labels">[2, 1]</P>
      <P Name="Points">[0, -145]</P>
      <P Name="Dst">74651#in:1</P>
    </Branch>
    <Branch>
      <P Name="ZOrder">6</P>
      <P Name="Dst">74650#in:1</P>
    </Branch>
  </Line>
  <Line>
    <P Name="ZOrder">7</P>
    <P Name="Src">74610#out:1</P>
    <P Name="Points">[31, 0]</P>
    <Branch>
      <P Name="ZOrder">8</P>
      <P Name="Points">[0, 600]</P>
      <P Name="Dst">74616#in:1</P>
    </Branch>
    <Branch>
      <P Name="ZOrder">9</P>
      <P Name="Dst">74613#in:1</P>
    </Branch>
  </Line>
  <Line>
    <P Name="Name">&lt;phi cmd rad&gt;</P>
    <P Name="ZOrder">10</P>
    <P Name="Labels">[0, 0]</P>
    <P Name="Src">74614#out:1</P>
    <P Name="Dst">74629#in:1</P>
  </Line>
  <Line>
    <P Name="ZOrder">11</P>
    <P Name="Src">74612#out:1</P>
    <P Name="Dst">74614#in:1</P>
  </Line>
  <Line>
    <P Name="Name">&lt;r_radDs&gt;</P>
    <P Name="ZOrder">12</P>
    <P Name="Labels">[0, 0]</P>
    <P Name="Src">74613#out:9</P>
    <P Name="Dst">74637#in:1</P>
  </Line>
  <Line>
    <P Name="Name">&lt;accX&gt;</P>
    <P Name="ZOrder">13</P>
    <P Name="Labels">[0, 0]</P>
    <P Name="Src">74615#out:1</P>
    <P Name="Dst">74636#in:1</P>
  </Line>
  <Line>
    <P Name="Name">&lt;accY&gt;</P>
    <P Name="ZOrder">14</P>
    <P Name="Labels">[0, 0]</P>
    <P Name="Src">74615#out:2</P>
    <P Name="Dst">74635#in:1</P>
  </Line>
  <Line>
    <P Name="Name">&lt;accZ&gt;</P>
    <P Name="ZOrder">15</P>
    <P Name="Labels">[0, 0]</P>
    <P Name="Src">74615#out:3</P>
    <P Name="Dst">74634#in:1</P>
  </Line>
  <Line>
    <P Name="Name">&lt;gyroX&gt;</P>
    <P Name="ZOrder">16</P>
    <P Name="Labels">[0, 0]</P>
    <P Name="Src">74615#out:4</P>
    <P Name="Dst">74633#in:1</P>
  </Line>
  <Line>
    <P Name="Name">&lt;gyroZ&gt;</P>
    <P Name="ZOrder">17</P>
    <P Name="Labels">[0, 0]</P>
    <P Name="Src">74615#out:6</P>
    <P Name="Dst">74617#in:1</P>
  </Line>
  <Line>
    <P Name="ZOrder">18</P>
    <P Name="Src">74609#out:1</P>
    <P Name="Dst">74624#in:1</P>
  </Line>
  <Line>
    <P Name="ZOrder">19</P>
    <P Name="Src">74617#out:1</P>
    <P Name="Dst">74649#in:19</P>
  </Line>
  <Line>
    <P Name="Name">&lt;gyroY&gt;</P>
    <P Name="ZOrder">20</P>
    <P Name="Labels">[0, 0]</P>
    <P Name="Src">74615#out:5</P>
    <P Name="Dst">74628#in:1</P>
  </Line>
  <Line>
    <P Name="ZOrder">21</P>
    <P Name="Src">74628#out:1</P>
    <P Name="Dst">74649#in:18</P>
  </Line>
  <Line>
    <P Name="ZOrder">22</P>
    <P Name="Src">74633#out:1</P>
    <P Name="Dst">74649#in:17</P>
  </Line>
  <Line>
    <P Name="ZOrder">23</P>
    <P Name="Src">74634#out:1</P>
    <P Name="Dst">74649#in:16</P>
  </Line>
  <Line>
    <P Name="ZOrder">24</P>
    <P Name="Src">74635#out:1</P>
    <P Name="Dst">74649#in:15</P>
  </Line>
  <Line>
    <P Name="ZOrder">25</P>
    <P Name="Src">74636#out:1</P>
    <P Name="Dst">74649#in:14</P>
  </Line>
  <Line>
    <P Name="ZOrder">26</P>
    <P Name="Src">74637#out:1</P>
    <P Name="Dst">74649#in:13</P>
  </Line>
  <Line>
    <P Name="ZOrder">27</P>
    <P Name="Src">74623#out:1</P>
    <P Name="Dst">74649#in:5</P>
  </Line>
  <Line>
    <P Name="Name">&lt;u_mDs&gt;</P>
    <P Name="ZOrder">28</P>
    <P Name="Labels">[0, 0]</P>
    <P Name="Src">74613#out:1</P>
    <P Name="Dst">74623#in:1</P>
  </Line>
  <Line>
    <P Name="Name">&lt;q_radDs&gt;</P>
    <P Name="ZOrder">29</P>
    <P Name="Labels">[0, 0]</P>
    <P Name="Src">74613#out:8</P>
    <P Name="Dst">74638#in:1</P>
  </Line>
  <Line>
    <P Name="ZOrder">30</P>
    <P Name="Src">74638#out:1</P>
    <P Name="Dst">74649#in:12</P>
  </Line>
  <Line>
    <P Name="ZOrder">31</P>
    <P Name="Src">74639#out:1</P>
    <P Name="Dst">74649#in:11</P>
  </Line>
  <Line>
    <P Name="ZOrder">32</P>
    <P Name="Src">74618#out:1</P>
    <P Name="Dst">74649#in:10</P>
  </Line>
  <Line>
    <P Name="ZOrder">33</P>
    <P Name="Src">74619#out:1</P>
    <P Name="Dst">74649#in:9</P>
  </Line>
  <Line>
    <P Name="ZOrder">34</P>
    <P Name="Src">74620#out:1</P>
    <P Name="Dst">74649#in:8</P>
  </Line>
  <Line>
    <P Name="ZOrder">35</P>
    <P Name="Src">74621#out:1</P>
    <P Name="Dst">74649#in:7</P>
  </Line>
  <Line>
    <P Name="ZOrder">36</P>
    <P Name="Src">74622#out:1</P>
    <P Name="Dst">74649#in:6</P>
  </Line>
  <Line>
    <P Name="Name">&lt;v_mDs&gt;</P>
    <P Name="ZOrder">37</P>
    <P Name="Labels">[0, 0]</P>
    <P Name="Src">74613#out:2</P>
    <P Name="Dst">74622#in:1</P>
  </Line>
  <Line>
    <P Name="Name">&lt;w_mDs&gt;</P>
    <P Name="ZOrder">38</P>
    <P Name="Labels">[0, 0]</P>
    <P Name="Src">74613#out:3</P>
    <P Name="Dst">74621#in:1</P>
  </Line>
  <Line>
    <P Name="Name">&lt;POS_x_NED_m&gt;</P>
    <P Name="ZOrder">39</P>
    <P Name="Labels">[0, 0]</P>
    <P Name="Src">74613#out:4</P>
    <P Name="Dst">74620#in:1</P>
  </Line>
  <Line>
    <P Name="Name">&lt;POS_y_NED_m&gt;</P>
    <P Name="ZOrder">40</P>
    <P Name="Labels">[0, 0]</P>
    <P Name="Src">74613#out:5</P>
    <P Name="Dst">74619#in:1</P>
  </Line>
  <Line>
    <P Name="Name">&lt;POS_z_NED_m&gt;</P>
    <P Name="ZOrder">41</P>
    <P Name="Labels">[0, 0]</P>
    <P Name="Src">74613#out:6</P>
    <P Name="Dst">74618#in:1</P>
  </Line>
  <Line>
    <P Name="Name">&lt;p_radDs&gt;</P>
    <P Name="ZOrder">42</P>
    <P Name="Labels">[0, 0]</P>
    <P Name="Src">74613#out:7</P>
    <P Name="Dst">74639#in:1</P>
  </Line>
  <Line>
    <P Name="ZOrder">43</P>
    <P Name="Src">74624#out:1</P>
    <P Name="Dst">74649#in:4</P>
  </Line>
  <Line>
    <P Name="ZOrder">44</P>
    <P Name="Src">74625#out:1</P>
    <P Name="Dst">74649#in:3</P>
  </Line>
  <Line>
    <P Name="ZOrder">45</P>
    <P Name="Src">74626#out:1</P>
    <P Name="Points">[25, 0]</P>
    <Branch>
      <P Name="ZOrder">46</P>
      <P Name="Points">[0, -170]</P>
      <P Name="Dst">74641#in:1</P>
    </Branch>
    <Branch>
      <P Name="ZOrder">47</P>
      <P Name="Labels">[1, 1]</P>
      <P Name="Dst">74649#in:2</P>
    </Branch>
  </Line>
  <Line>
    <P Name="ZOrder">48</P>
    <P Name="Src">74627#out:1</P>
    <P Name="Dst">74649#in:1</P>
  </Line>
  <Line>
    <P Name="ZOrder">49</P>
    <P Name="Src">74629#out:1</P>
    <P Name="Dst">74649#in:23</P>
  </Line>
  <Line>
    <P Name="Name">&lt;Phi_rad&gt;</P>
    <P Name="ZOrder">50</P>
    <P Name="Labels">[0, 0]</P>
    <P Name="Src">74616#out:1</P>
    <P Name="Dst">74630#in:1</P>
  </Line>
  <Line>
    <P Name="ZOrder">51</P>
    <P Name="Src">74630#out:1</P>
    <P Name="Dst">74649#in:20</P>
  </Line>
  <Line>
    <P Name="Name">&lt;Psi_rad&gt;</P>
    <P Name="ZOrder">52</P>
    <P Name="Labels">[0, 0]</P>
    <P Name="Src">74616#out:3</P>
    <P Name="Dst">74632#in:1</P>
  </Line>
  <Line>
    <P Name="Name">&lt;Theta_rad&gt;</P>
    <P Name="ZOrder">53</P>
    <P Name="Labels">[0, 0]</P>
    <P Name="Src">74616#out:2</P>
    <P Name="Dst">74631#in:1</P>
  </Line>
  <Line>
    <P Name="ZOrder">54</P>
    <P Name="Src">74631#out:1</P>
    <P Name="Dst">74649#in:21</P>
  </Line>
  <Line>
    <P Name="ZOrder">55</P>
    <P Name="Src">74632#out:1</P>
    <P Name="Dst">74649#in:22</P>
  </Line>
  <Line>
    <P Name="ZOrder">56</P>
    <P Name="Src">74611#out:1</P>
    <P Name="Dst">74615#in:1</P>
  </Line>
</System>
