<?xml version="1.0" encoding="utf-8"?>
<System>
  <P Name="Location">[-8, -8, 2568, 1408]</P>
  <P Name="SystemRect">[0.000000, 0.000000, 0.000000, 0.000000]</P>
  <P Name="SetExecutionDomain">off</P>
  <P Name="ExecutionDomainType">Deduce</P>
  <P Name="ZoomFactor">303</P>
  <P Name="SimulinkSubDomain">Simulink</P>
  <Block BlockType="Inport" Name="Servo Deflections" SID="77638">
    <P Name="Position">[-160, 73, -130, 87]</P>
    <P Name="ZOrder">5320</P>
  </Block>
  <Block BlockType="Sum" Name="Add" SID="77639">
    <P Name="Ports">[2, 1]</P>
    <P Name="Position">[265, 72, 295, 103]</P>
    <P Name="ZOrder">21773</P>
    <P Name="IconShape">rectangular</P>
    <Port>
      <P Name="PortNumber">1</P>
      <P Name="Name">siB_cmd</P>
    </Port>
  </Block>
  <Block BlockType="BusSelector" Name="Bus&#xA;Selector" SID="77640">
    <P Name="Ports">[1, 4]</P>
    <P Name="Position">[-35, 38, -30, 122]</P>
    <P Name="ZOrder">5319</P>
    <P Name="ShowName">off</P>
    <P Name="OutputSignals">Fin_1,Fin_2,Fin_3,Fin_4</P>
    <Port>
      <P Name="PortNumber">1</P>
      <P Name="Name">&lt;Fin_1&gt;</P>
    </Port>
    <Port>
      <P Name="PortNumber">2</P>
      <P Name="Name">&lt;Fin_2&gt;</P>
    </Port>
    <Port>
      <P Name="PortNumber">3</P>
      <P Name="Name">&lt;Fin_3&gt;</P>
    </Port>
    <Port>
      <P Name="PortNumber">4</P>
      <P Name="Name">&lt;Fin_4&gt;</P>
    </Port>
  </Block>
  <Block BlockType="Constant" Name="Constant1" SID="77641">
    <P Name="Position">[-175, 175, -80, 205]</P>
    <P Name="ZOrder">5327</P>
    <P Name="ShowName">off</P>
    <P Name="Value">unc_fin_def_roll</P>
    <Port>
      <P Name="PortNumber">1</P>
      <P Name="Name">xi_cmd</P>
    </Port>
  </Block>
  <Block BlockType="Constant" Name="Constant2" SID="77642">
    <P Name="Position">[-175, 205, -80, 235]</P>
    <P Name="ZOrder">5328</P>
    <P Name="ShowName">off</P>
    <P Name="Value">unc_fin_def_pitch</P>
    <Port>
      <P Name="PortNumber">1</P>
      <P Name="Name">et_cmd</P>
    </Port>
  </Block>
  <Block BlockType="Constant" Name="Constant3" SID="77643">
    <P Name="Position">[-175, 237, -80, 263]</P>
    <P Name="ZOrder">5329</P>
    <P Name="ShowName">off</P>
    <P Name="Value">unc_fin_def_yaw</P>
    <Port>
      <P Name="PortNumber">1</P>
      <P Name="Name">ze_cmd</P>
    </Port>
  </Block>
  <Block BlockType="SubSystem" Name="Degrees to&#xA;Radians" SID="77644">
    <P Name="Ports">[1, 1]</P>
    <P Name="Position">[-5, 175, 25, 205]</P>
    <P Name="ZOrder">5322</P>
    <P Name="RequestExecContextInheritance">off</P>
    <P Name="ContentPreviewEnabled">on</P>
    <Mask>
      <Type>DegreesToRadians</Type>
      <Display RunInitForIconRedraw="off">disp(&apos;D2R&apos;)</Display>
      <Description>SimulinkBlocks:simulink_extras:DegreesToRadians_MD</Description>
      <Help>web([docroot &apos;/simulink/ref_extras/degreestoradians.html&apos;])</Help>
    </Mask>
    <System Ref="system_77644"/>
  </Block>
  <Block BlockType="SubSystem" Name="Degrees to&#xA;Radians1" SID="77648">
    <P Name="Ports">[1, 1]</P>
    <P Name="Position">[-5, 205, 25, 235]</P>
    <P Name="ZOrder">5323</P>
    <P Name="RequestExecContextInheritance">off</P>
    <P Name="ContentPreviewEnabled">on</P>
    <Mask>
      <Type>DegreesToRadians</Type>
      <Display RunInitForIconRedraw="off">disp(&apos;D2R&apos;)</Display>
      <Description>SimulinkBlocks:simulink_extras:DegreesToRadians_MD</Description>
      <Help>web([docroot &apos;/simulink/ref_extras/degreestoradians.html&apos;])</Help>
    </Mask>
    <System Ref="system_77648"/>
  </Block>
  <Block BlockType="SubSystem" Name="Degrees to&#xA;Radians2" SID="77652">
    <P Name="Ports">[1, 1]</P>
    <P Name="Position">[-5, 235, 25, 265]</P>
    <P Name="ZOrder">5324</P>
    <P Name="RequestExecContextInheritance">off</P>
    <P Name="ContentPreviewEnabled">on</P>
    <Mask>
      <Type>DegreesToRadians</Type>
      <Display RunInitForIconRedraw="off">disp(&apos;D2R&apos;)</Display>
      <Description>SimulinkBlocks:simulink_extras:DegreesToRadians_MD</Description>
      <Help>web([docroot &apos;/simulink/ref_extras/degreestoradians.html&apos;])</Help>
    </Mask>
    <System Ref="system_77652"/>
  </Block>
  <Block BlockType="Concatenate" Name="Vector&#xA;Concatenate" SID="77656">
    <P Name="Ports">[4, 1]</P>
    <P Name="Position">[65, 43, 75, 117]</P>
    <P Name="ZOrder">5306</P>
    <P Name="NumInputs">4</P>
  </Block>
  <Block BlockType="Concatenate" Name="Vector&#xA;Concatenate1" SID="77657">
    <P Name="Ports">[3, 1]</P>
    <P Name="Position">[55, 175, 60, 265]</P>
    <P Name="ZOrder">5325</P>
    <P Name="ShowName">off</P>
    <P Name="NumInputs">3</P>
    <Port>
      <P Name="PortNumber">1</P>
      <P Name="Name">fin_cmd</P>
    </Port>
  </Block>
  <Block BlockType="SubSystem" Name="control_allocation" SID="77658">
    <P Name="Ports">[1, 1]</P>
    <P Name="Position">[100, 187, 190, 253]</P>
    <P Name="ZOrder">5326</P>
    <P Name="RequestExecContextInheritance">off</P>
    <P Name="ContentPreviewEnabled">on</P>
    <Port>
      <P Name="PortNumber">1</P>
      <P Name="PropagatedSignals">siB_cmd</P>
      <P Name="ShowPropagatedSignals">on</P>
    </Port>
    <System Ref="system_77658"/>
  </Block>
  <Block BlockType="Outport" Name="afinB" SID="77663">
    <P Name="Position">[390, 83, 420, 97]</P>
    <P Name="ZOrder">5321</P>
  </Block>
  <Line>
    <P Name="ZOrder">1</P>
    <P Name="Src">77652#out:1</P>
    <P Name="Dst">77657#in:3</P>
  </Line>
  <Line>
    <P Name="Name">fin_cmd</P>
    <P Name="ZOrder">2</P>
    <P Name="Labels">[0, 1]</P>
    <P Name="Src">77657#out:1</P>
    <P Name="Dst">77658#in:1</P>
  </Line>
  <Line>
    <P Name="Name">xi_cmd</P>
    <P Name="ZOrder">3</P>
    <P Name="Labels">[1, 0]</P>
    <P Name="Src">77641#out:1</P>
    <P Name="Dst">77644#in:1</P>
  </Line>
  <Line>
    <P Name="ZOrder">4</P>
    <P Name="Src">77648#out:1</P>
    <P Name="Dst">77657#in:2</P>
  </Line>
  <Line>
    <P Name="ZOrder">5</P>
    <P Name="Src">77644#out:1</P>
    <P Name="Dst">77657#in:1</P>
  </Line>
  <Line>
    <P Name="Name">ze_cmd</P>
    <P Name="ZOrder">6</P>
    <P Name="Labels">[1, 0]</P>
    <P Name="Src">77643#out:1</P>
    <P Name="Dst">77652#in:1</P>
  </Line>
  <Line>
    <P Name="Name">et_cmd</P>
    <P Name="ZOrder">7</P>
    <P Name="Labels">[1, 0]</P>
    <P Name="Src">77642#out:1</P>
    <P Name="Dst">77648#in:1</P>
  </Line>
  <Line>
    <P Name="Name">&lt;Fin_2&gt;</P>
    <P Name="ZOrder">8</P>
    <P Name="Labels">[0, 0]</P>
    <P Name="Src">77640#out:2</P>
    <P Name="Dst">77656#in:2</P>
  </Line>
  <Line>
    <P Name="ZOrder">9</P>
    <P Name="Src">77638#out:1</P>
    <P Name="Dst">77640#in:1</P>
  </Line>
  <Line>
    <P Name="Name">&lt;Fin_1&gt;</P>
    <P Name="ZOrder">10</P>
    <P Name="Labels">[0, 0]</P>
    <P Name="Src">77640#out:1</P>
    <P Name="Dst">77656#in:1</P>
  </Line>
  <Line>
    <P Name="Name">&lt;Fin_4&gt;</P>
    <P Name="ZOrder">11</P>
    <P Name="Labels">[0, 0]</P>
    <P Name="Src">77640#out:4</P>
    <P Name="Dst">77656#in:4</P>
  </Line>
  <Line>
    <P Name="ZOrder">12</P>
    <P Name="Src">77656#out:1</P>
    <P Name="Dst">77639#in:1</P>
  </Line>
  <Line>
    <P Name="Name">&lt;Fin_3&gt;</P>
    <P Name="ZOrder">13</P>
    <P Name="Labels">[0, 0]</P>
    <P Name="Src">77640#out:3</P>
    <P Name="Dst">77656#in:3</P>
  </Line>
  <Line>
    <P Name="ZOrder">14</P>
    <P Name="Labels">[0, 0]</P>
    <P Name="Src">77658#out:1</P>
    <P Name="Points">[46, 0; 0, -125]</P>
    <P Name="Dst">77639#in:2</P>
  </Line>
  <Line>
    <P Name="Name">siB_cmd</P>
    <P Name="ZOrder">15</P>
    <P Name="Labels">[-1, 1]</P>
    <P Name="Src">77639#out:1</P>
    <P Name="Dst">77663#in:1</P>
  </Line>
</System>
