<?xml version="1.0" encoding="utf-8"?>
<System>
  <P Name="Location">[2285, 80, 2679, 594]</P>
  <P Name="SystemRect">[0.000000, 0.000000, 0.000000, 0.000000]</P>
  <P Name="SetExecutionDomain">off</P>
  <P Name="ExecutionDomainType">Deduce</P>
  <P Name="SimulinkSubDomain">Simulink</P>
  <Block BlockType="Inport" Name="Angle" SID="74662:155">
    <P Name="Position">[145, 268, 175, 282]</P>
    <P Name="ZOrder">17</P>
  </Block>
  <Block BlockType="Abs" Name="Abs" SID="74662:156">
    <P Name="Position">[235, 267, 260, 283]</P>
    <P Name="ZOrder">47</P>
    <P Name="ShowName">off</P>
    <P Name="SaturateOnIntegerOverflow">off</P>
  </Block>
  <Block BlockType="Bias" Name="Bias" SID="74662:157">
    <P Name="Position">[225, 212, 265, 228]</P>
    <P Name="ZOrder">49</P>
    <P Name="ShowName">off</P>
    <P Name="Bias">180</P>
    <P Name="SaturateOnIntegerOverflow">off</P>
  </Block>
  <Block BlockType="Bias" Name="Bias1" SID="74662:158">
    <P Name="Position">[335, 222, 375, 238]</P>
    <P Name="ZOrder">53</P>
    <P Name="ShowName">off</P>
    <P Name="Bias">-180</P>
    <P Name="SaturateOnIntegerOverflow">off</P>
  </Block>
  <Block BlockType="SubSystem" Name="Compare&#xA;To Constant" SID="74662:159">
    <P Name="Ports">[1, 1]</P>
    <P Name="Position">[290, 267, 330, 283]</P>
    <P Name="ZOrder">54</P>
    <P Name="ShowName">off</P>
    <P Name="RequestExecContextInheritance">off</P>
    <Mask SelfModifiable="on">
      <Type>Compare To Constant</Type>
      <Display RunInitForIconRedraw="on" IconUnits="normalized">disp(str)</Display>
      <Description>Simulink:masks:CompareToConstant_MD</Description>
      <Initialization>blkName = gcb;

if strcmp(get_param(gcbh,&apos;OutDataTypeStr&apos;),&apos;boolean&apos;)
	setValue = &apos;boolean&apos;;
else
	setValue = &apos;fixdt(0, 8)&apos;;
end

set_param([blkName,&apos;/Compare&apos;],&apos;relop&apos;,relop, ...
	&apos;OutDataTypeStr&apos;, setValue, &apos;ZeroCross&apos;, ZeroCross);

str = [relop,&apos; C&apos;]; %default

const_str = get_param(blkName, &apos;const&apos;);
const_val = str2num(const_str);

if isempty(const_val) %#ok&lt;ST2NM&gt;
    %Expression/Variable
    str = [relop, &apos; &apos;, strtrim(const_str)];
else
    if length(const_val) == 1 
        if Simulink.data.isSupportedEnumClass(class(const_val))
            % Special Handling for Enumerations
            if Simulink.data.getEnumTypeInfo(class(const_val), &apos;AddClassNameToEnumNames&apos;)
                str = [relop, &apos; &apos;, strtrim(const_str)];
            else
                str = [relop, &apos; &apos;, char(const_val)];
            end
        elseif(isfloat(const_val) || isinteger(const_val) || islogical(const_val)) 
                str = [relop, &apos; &apos;, num2str(const_val)];
        end
    end
end</Initialization>
      <Capabilities>slmaskedcaps(gcbh)</Capabilities>
      <MaskParameter Name="relop" Type="popup" Evaluate="off" Tunable="off">
        <Prompt>Simulink:masks:Operator_MP</Prompt>
        <Value>&gt;</Value>
        <TypeOptions>
          <Option>==</Option>
          <Option>~=</Option>
          <Option>&lt;</Option>
          <Option>&lt;=</Option>
          <Option>&gt;=</Option>
          <Option>&gt;</Option>
        </TypeOptions>
      </MaskParameter>
      <MaskParameter Name="const" Type="edit">
        <Prompt>Simulink:masks:ConstantValue_MP</Prompt>
        <Value>180</Value>
      </MaskParameter>
      <MaskParameter Name="OutDataTypeStr" Type="popup" Evaluate="off" Tunable="off">
        <Prompt>Simulink:masks:OutputDataType_MP</Prompt>
        <Value>boolean</Value>
        <Alias>LogicOutDataTypeMode</Alias>
        <TypeOptions>
          <Option>Simulink:masks:uint8</Option>
          <Option>Simulink:masks:boolean</Option>
        </TypeOptions>
      </MaskParameter>
      <MaskParameter Name="ZeroCross" Type="checkbox" Evaluate="off" Tunable="off" Enabled="off">
        <Prompt>Simulink:masks:EnableZerocrossingDetection_MP</Prompt>
        <Value>on</Value>
        <Callback>sl(&apos;zeroCrossEnable&apos;, gcbh);</Callback>
      </MaskParameter>
    </Mask>
    <System Ref="system_74662_159"/>
  </Block>
  <Block BlockType="Constant" Name="Constant2" SID="74662:160">
    <P Name="Position">[230, 247, 260, 263]</P>
    <P Name="ZOrder">52</P>
    <P Name="ShowName">off</P>
    <P Name="Value">360</P>
  </Block>
  <Block BlockType="Math" Name="Math&#xA;Function1" SID="74662:161">
    <P Name="Ports">[2, 1]</P>
    <P Name="Position">[290, 212, 320, 243]</P>
    <P Name="ZOrder">50</P>
    <P Name="ShowName">off</P>
    <P Name="Operator">mod</P>
    <P Name="SignedPower">on</P>
  </Block>
  <Block BlockType="Switch" Name="Switch" SID="74662:162">
    <P Name="Position">[400, 255, 435, 295]</P>
    <P Name="ZOrder">48</P>
    <P Name="ShowName">off</P>
    <P Name="Criteria">u2 ~= 0</P>
    <P Name="Threshold">180</P>
    <P Name="InputSameDT">off</P>
    <P Name="SaturateOnIntegerOverflow">off</P>
  </Block>
  <Block BlockType="Outport" Name="Angle 180" SID="74662:163">
    <P Name="Position">[460, 268, 490, 282]</P>
    <P Name="ZOrder">16</P>
    <P Name="VectorParamsAs1DForOutWhenUnconnected">off</P>
  </Block>
  <Line>
    <P Name="ZOrder">1</P>
    <P Name="Src">74662:159#out:1</P>
    <P Name="Dst">74662:162#in:2</P>
  </Line>
  <Line>
    <P Name="ZOrder">2</P>
    <P Name="Src">74662:155#out:1</P>
    <P Name="Points">[14, 0]</P>
    <Branch>
      <P Name="ZOrder">3</P>
      <P Name="Points">[0, -55]</P>
      <P Name="Dst">74662:157#in:1</P>
    </Branch>
    <Branch>
      <P Name="ZOrder">4</P>
      <P Name="Points">[17, 0]</P>
      <Branch>
        <P Name="ZOrder">5</P>
        <P Name="Points">[0, 15]</P>
        <P Name="Dst">74662:162#in:3</P>
      </Branch>
      <Branch>
        <P Name="ZOrder">6</P>
        <P Name="Dst">74662:156#in:1</P>
      </Branch>
    </Branch>
  </Line>
  <Line>
    <P Name="ZOrder">7</P>
    <P Name="Src">74662:156#out:1</P>
    <P Name="Dst">74662:159#in:1</P>
  </Line>
  <Line>
    <P Name="ZOrder">8</P>
    <P Name="Src">74662:157#out:1</P>
    <P Name="Dst">74662:161#in:1</P>
  </Line>
  <Line>
    <P Name="ZOrder">9</P>
    <P Name="Src">74662:160#out:1</P>
    <P Name="Points">[10, 0]</P>
    <P Name="Dst">74662:161#in:2</P>
  </Line>
  <Line>
    <P Name="ZOrder">10</P>
    <P Name="Src">74662:161#out:1</P>
    <P Name="Dst">74662:158#in:1</P>
  </Line>
  <Line>
    <P Name="ZOrder">11</P>
    <P Name="Src">74662:158#out:1</P>
    <P Name="Points">[5, 0]</P>
    <P Name="Dst">74662:162#in:1</P>
  </Line>
  <Line>
    <P Name="ZOrder">12</P>
    <P Name="Src">74662:162#out:1</P>
    <P Name="Dst">74662:163#in:1</P>
  </Line>
</System>
