<?xml version="1.0" encoding="utf-8"?>
<System>
  <P Name="Location">[109, 99, 1855, 972]</P>
  <P Name="SystemRect">[0.000000, 0.000000, 0.000000, 0.000000]</P>
  <P Name="SetExecutionDomain">off</P>
  <P Name="ExecutionDomainType">Deduce</P>
  <P Name="SIDHighWatermark">176</P>
  <P Name="SimulinkSubDomain">Simulink</P>
  <Block BlockType="Inport" Name="Ab" SID="77601:7:1">
    <P Name="Position">[350, 48, 380, 62]</P>
    <P Name="ZOrder">-1</P>
    <P Name="Unit">m/s^2</P>
    <P Name="PortDimensions">3</P>
  </Block>
  <Block BlockType="Inport" Name="p q r" SID="77601:7:2">
    <P Name="Position">[170, 103, 200, 117]</P>
    <P Name="ZOrder">-2</P>
    <P Name="Port">2</P>
    <P Name="Unit">rad/s</P>
  </Block>
  <Block BlockType="Inport" Name="pdot qdot rdot" SID="77601:7:3">
    <P Name="Position">[240, 183, 270, 197]</P>
    <P Name="ZOrder">-3</P>
    <P Name="Port">3</P>
    <P Name="Unit">rad/s^2</P>
  </Block>
  <Block BlockType="Inport" Name="CG" SID="77601:7:4">
    <P Name="Position">[15, 158, 45, 172]</P>
    <P Name="ZOrder">-4</P>
    <P Name="Port">4</P>
    <P Name="Unit">m</P>
    <P Name="PortDimensions">3</P>
  </Block>
  <Block BlockType="Inport" Name="g" SID="77601:7:48">
    <P Name="Position">[350, 83, 380, 97]</P>
    <P Name="ZOrder">2</P>
    <P Name="Port">5</P>
    <P Name="Unit">m/s^2</P>
  </Block>
  <Block BlockType="UnitConfiguration" Name="Disallow CGS" SID="77601:7:49">
    <P Name="Position">[175, 50, 195, 65]</P>
    <P Name="ZOrder">20</P>
    <P Name="UnitSystems" Ref="bdmxdata:UnitSystems_77601_7_49"/>
    <P Name="UnitSystemsStr">English,SI,SI (extended)</P>
    <P Name="AllowAllUnitSystems">off</P>
  </Block>
  <Block BlockType="SubSystem" Name="Dynamics" SID="77601:7:6">
    <P Name="Ports">[1, 1]</P>
    <P Name="Position">[720, 122, 780, 168]</P>
    <P Name="ZOrder">-6</P>
    <P Name="RequestExecContextInheritance">off</P>
    <System Ref="system_77601_7_6"/>
  </Block>
  <Block BlockType="Gain" Name="Gain" SID="77601:7:22">
    <P Name="Position">[140, 145, 200, 185]</P>
    <P Name="ZOrder">-7</P>
    <P Name="ShowName">off</P>
    <P Name="Gain">[1 -1 1]</P>
    <P Name="ParamDataTypeStr">Inherit: Same as input</P>
    <P Name="OutDataTypeStr">Inherit: Same as input</P>
    <P Name="SaturateOnIntegerOverflow">on</P>
  </Block>
  <Block BlockType="Constant" Name="Measurement bias" SID="77601:7:23">
    <P Name="Position">[605, 134, 660, 156]</P>
    <P Name="ZOrder">-8</P>
    <P Name="Value">a_bias</P>
  </Block>
  <Block BlockType="Product" Name="Product" SID="77601:7:24">
    <P Name="Ports">[2, 1]</P>
    <P Name="Position">[595, 86, 640, 119]</P>
    <P Name="ZOrder">-9</P>
    <P Name="ShowName">off</P>
    <P Name="Multiplication">Matrix(*)</P>
    <P Name="OutDataTypeStr">Inherit: Same as first input</P>
    <P Name="SaturateOnIntegerOverflow">on</P>
  </Block>
  <Block BlockType="Reference" Name="Random bias" SID="77601:7:176">
    <P Name="Ports">[0, 1]</P>
    <P Name="Position">[660, 195, 690, 225]</P>
    <P Name="ZOrder">65</P>
    <P Name="LibraryVersion">1.112</P>
    <P Name="SourceBlock">aerolibcommonsys/Tunable White Noise</P>
    <P Name="SourceType">TunableWhiteNoise</P>
    <P Name="SourceProductBaseCode">AE</P>
    <InstanceData>
      <P Name="RTWMemSecFuncInitTerm">Inherit from model</P>
      <P Name="RTWMemSecFuncExecute">Inherit from model</P>
      <P Name="RTWMemSecDataConstants">Inherit from model</P>
      <P Name="RTWMemSecDataInternal">Inherit from model</P>
      <P Name="RTWMemSecDataParameters">Inherit from model</P>
      <P Name="ContentPreviewEnabled">on</P>
      <P Name="pwr">a_pow</P>
      <P Name="Ts">0.1</P>
      <P Name="seed">a_seeds</P>
    </InstanceData>
  </Block>
  <Block BlockType="Reshape" Name="Reshape1" SID="77601:7:26">
    <P Name="Ports">[1, 1]</P>
    <P Name="Position">[655, 99, 680, 111]</P>
    <P Name="ZOrder">-11</P>
    <P Name="ShowName">off</P>
  </Block>
  <Block BlockType="Saturate" Name="Saturation" SID="77601:7:27">
    <P Name="Position">[830, 130, 860, 160]</P>
    <P Name="ZOrder">-12</P>
    <P Name="UpperLimit">a_sath</P>
    <P Name="LowerLimit">a_satl</P>
  </Block>
  <Block BlockType="Constant" Name="Scale factors &amp;&#xA;Cross-coupling &#xA;errors" SID="77601:7:28">
    <P Name="Position">[505, 84, 560, 106]</P>
    <P Name="ZOrder">-13</P>
    <P Name="NameLocation">top</P>
    <P Name="Value">a_sf_cc</P>
  </Block>
  <Block BlockType="Sum" Name="Sum" SID="77601:7:29">
    <P Name="Ports">[4, 1]</P>
    <P Name="Position">[465, 38, 485, 177]</P>
    <P Name="ZOrder">-14</P>
    <P Name="ShowName">off</P>
    <P Name="IconShape">rectangular</P>
    <P Name="Inputs">+-++</P>
    <P Name="SaturateOnIntegerOverflow">on</P>
  </Block>
  <Block BlockType="Sum" Name="Sum1" SID="77601:7:30">
    <P Name="Ports">[2, 1]</P>
    <P Name="Position">[795, 135, 815, 155]</P>
    <P Name="ZOrder">-15</P>
    <P Name="ShowName">off</P>
    <P Name="Inputs">|++</P>
    <P Name="SaturateOnIntegerOverflow">on</P>
  </Block>
  <Block BlockType="Sum" Name="Sum4" SID="77601:7:31">
    <P Name="Ports">[2, 1]</P>
    <P Name="Position">[680, 135, 700, 155]</P>
    <P Name="ZOrder">-16</P>
    <P Name="ShowName">off</P>
    <P Name="Inputs">++|</P>
    <P Name="SaturateOnIntegerOverflow">on</P>
  </Block>
  <Block BlockType="Sum" Name="Sum7" SID="77601:7:32">
    <P Name="Ports">[2, 1]</P>
    <P Name="Position">[95, 155, 115, 175]</P>
    <P Name="ZOrder">-17</P>
    <P Name="ShowName">off</P>
    <P Name="Inputs">|+-</P>
    <P Name="SaturateOnIntegerOverflow">on</P>
  </Block>
  <Block BlockType="Gain" Name="Zero-Order&#xA;Hold" SID="77601:7:77">
    <P Name="Position">[225, 98, 245, 122]</P>
    <P Name="ZOrder">44</P>
    <P Name="ShowName">off</P>
    <P Name="ParamDataTypeStr">Inherit: Same as input</P>
    <P Name="OutDataTypeStr">Inherit: Same as input</P>
    <P Name="SaturateOnIntegerOverflow">on</P>
  </Block>
  <Block BlockType="Gain" Name="Zero-Order&#xA;Hold1" SID="77601:7:78">
    <P Name="Position">[415, 44, 435, 66]</P>
    <P Name="ZOrder">45</P>
    <P Name="ShowName">off</P>
    <P Name="ParamDataTypeStr">Inherit: Same as input</P>
    <P Name="OutDataTypeStr">Inherit: Same as input</P>
    <P Name="SaturateOnIntegerOverflow">on</P>
  </Block>
  <Block BlockType="Gain" Name="Zero-Order&#xA;Hold2" SID="77601:7:79">
    <P Name="Position">[415, 79, 435, 101]</P>
    <P Name="ZOrder">46</P>
    <P Name="ShowName">off</P>
    <P Name="ParamDataTypeStr">Inherit: Same as input</P>
    <P Name="OutDataTypeStr">Inherit: Same as input</P>
    <P Name="SaturateOnIntegerOverflow">on</P>
  </Block>
  <Block BlockType="Gain" Name="Zero-Order&#xA;Hold3" SID="77601:7:80">
    <P Name="Position">[295, 178, 315, 202]</P>
    <P Name="ZOrder">47</P>
    <P Name="ShowName">off</P>
    <P Name="ParamDataTypeStr">Inherit: Same as input</P>
    <P Name="OutDataTypeStr">Inherit: Same as input</P>
    <P Name="SaturateOnIntegerOverflow">on</P>
  </Block>
  <Block BlockType="Gain" Name="Zero-Order&#xA;Hold4" SID="77601:7:81">
    <P Name="Position">[60, 154, 80, 176]</P>
    <P Name="ZOrder">48</P>
    <P Name="ShowName">off</P>
    <P Name="ParamDataTypeStr">Inherit: Same as input</P>
    <P Name="OutDataTypeStr">Inherit: Same as input</P>
    <P Name="SaturateOnIntegerOverflow">on</P>
  </Block>
  <Block BlockType="SubSystem" Name="w x (w x d)" SID="77601:7:38">
    <P Name="Ports">[2, 1]</P>
    <P Name="Position">[275, 94, 340, 156]</P>
    <P Name="ZOrder">-23</P>
    <P Name="RequestExecContextInheritance">off</P>
    <System Ref="system_77601_7_38"/>
  </Block>
  <Block BlockType="SubSystem" Name="wdot x d" SID="77601:7:44">
    <P Name="Ports">[2, 1]</P>
    <P Name="Position">[335, 176, 410, 229]</P>
    <P Name="ZOrder">-24</P>
    <P Name="PermitHierarchicalResolution">ExplicitOnly</P>
    <P Name="RequestExecContextInheritance">off</P>
    <Mask>
      <Type>CrossProduct</Type>
      <Display IconOpaque="transparent" RunInitForIconRedraw="on" IconUnits="normalized">text(.5,.5,&apos;Cross\nProduct\nC = AxB&apos;, ...
	&apos;HorizontalAlignment&apos;,&apos;Center&apos;,...
	&apos;VerticalAlignment&apos;,&apos;middle&apos;)</Display>
      <Description>shared_aeroblks:sharedaeroblkutil:blockCrossProductDesc</Description>
      <Initialization>if aerosharedtest(gcb)
    aerosharedicon(&apos;shared&apos;);
else
    sharedautoicon(&apos;shared&apos;);
end</Initialization>
      <Help>eval(&apos;if license(&apos;&apos;test&apos;&apos;,&apos;&apos;Aerospace_Blockset&apos;&apos;)aerosharedhelp(&apos;&apos;threebythree_cross_product&apos;&apos;);elseif license(&apos;&apos;test&apos;&apos;,&apos;&apos;Powertrain_Blockset&apos;&apos;)sharedautohelp(&apos;&apos;threebythree_cross_product&apos;&apos;);end&apos;)</Help>
      <MaskParameter Name="aMode" Type="edit" Tunable="off" Internal="on" Visible="off">
        <Value>aMode</Value>
      </MaskParameter>
      <DialogControl Type="Group" Name="DescGroupVar">
        <Prompt>%&lt;MaskType&gt;</Prompt>
        <DialogControl Type="Text" Name="DescTextVar">
          <Prompt>%&lt;MaskDescription&gt;</Prompt>
        </DialogControl>
        <DialogControl Type="Edit" Name="aMode">
          <ControlOptions PromptLocation="left"/>
        </DialogControl>
      </DialogControl>
    </Mask>
    <System Ref="system_77601_7_44"/>
  </Block>
  <Block BlockType="Constant" Name="wl_ins" SID="77601:7:45">
    <P Name="Position">[15, 199, 55, 221]</P>
    <P Name="ZOrder">-25</P>
    <P Name="ShowName">off</P>
    <P Name="Value">acc</P>
  </Block>
  <Block BlockType="Outport" Name="Ameas" SID="77601:7:46">
    <P Name="Position">[895, 138, 925, 152]</P>
    <P Name="ZOrder">-26</P>
    <P Name="Unit">m/s^2</P>
    <P Name="PortDimensions">3</P>
    <P Name="VectorParamsAs1DForOutWhenUnconnected">off</P>
  </Block>
  <Line>
    <P Name="ZOrder">1</P>
    <P Name="Src">77601:7:81#out:1</P>
    <P Name="Dst">77601:7:32#in:1</P>
  </Line>
  <Line>
    <P Name="ZOrder">2</P>
    <P Name="Src">77601:7:80#out:1</P>
    <P Name="Dst">77601:7:44#in:1</P>
  </Line>
  <Line>
    <P Name="ZOrder">3</P>
    <P Name="Src">77601:7:77#out:1</P>
    <P Name="Dst">77601:7:38#in:1</P>
  </Line>
  <Line>
    <P Name="ZOrder">4</P>
    <P Name="Src">77601:7:79#out:1</P>
    <P Name="Dst">77601:7:29#in:2</P>
  </Line>
  <Line>
    <P Name="ZOrder">5</P>
    <P Name="Src">77601:7:78#out:1</P>
    <P Name="Dst">77601:7:29#in:1</P>
  </Line>
  <Line>
    <P Name="ZOrder">6</P>
    <P Name="Src">77601:7:48#out:1</P>
    <P Name="Dst">77601:7:79#in:1</P>
  </Line>
  <Line>
    <P Name="ZOrder">7</P>
    <P Name="Src">77601:7:22#out:1</P>
    <P Name="Points">[10, 0]</P>
    <Branch>
      <P Name="ZOrder">8</P>
      <P Name="Points">[0, 50]</P>
      <P Name="Dst">77601:7:44#in:2</P>
    </Branch>
    <Branch>
      <P Name="ZOrder">9</P>
      <P Name="Points">[0, -25]</P>
      <P Name="Dst">77601:7:38#in:2</P>
    </Branch>
  </Line>
  <Line>
    <P Name="ZOrder">10</P>
    <P Name="Src">77601:7:45#out:1</P>
    <P Name="Points">[45, 0]</P>
    <P Name="Dst">77601:7:32#in:2</P>
  </Line>
  <Line>
    <P Name="ZOrder">11</P>
    <P Name="Src">77601:7:32#out:1</P>
    <P Name="Dst">77601:7:22#in:1</P>
  </Line>
  <Line>
    <P Name="ZOrder">12</P>
    <P Name="Src">77601:7:6#out:1</P>
    <P Name="Dst">77601:7:30#in:1</P>
  </Line>
  <Line>
    <P Name="ZOrder">13</P>
    <P Name="Src">77601:7:31#out:1</P>
    <P Name="Dst">77601:7:6#in:1</P>
  </Line>
  <Line>
    <P Name="ZOrder">14</P>
    <P Name="Src">77601:7:30#out:1</P>
    <P Name="Dst">77601:7:27#in:1</P>
  </Line>
  <Line>
    <P Name="ZOrder">15</P>
    <P Name="Src">77601:7:38#out:1</P>
    <P Name="Dst">77601:7:29#in:3</P>
  </Line>
  <Line>
    <P Name="ZOrder">16</P>
    <P Name="Src">77601:7:1#out:1</P>
    <P Name="Dst">77601:7:78#in:1</P>
  </Line>
  <Line>
    <P Name="ZOrder">17</P>
    <P Name="Src">77601:7:26#out:1</P>
    <P Name="Points">[5, 0]</P>
    <P Name="Dst">77601:7:31#in:1</P>
  </Line>
  <Line>
    <P Name="ZOrder">18</P>
    <P Name="Src">77601:7:23#out:1</P>
    <P Name="Dst">77601:7:31#in:2</P>
  </Line>
  <Line>
    <P Name="ZOrder">19</P>
    <P Name="Src">77601:7:24#out:1</P>
    <P Name="Dst">77601:7:26#in:1</P>
  </Line>
  <Line>
    <P Name="ZOrder">20</P>
    <P Name="Src">77601:7:4#out:1</P>
    <P Name="Dst">77601:7:81#in:1</P>
  </Line>
  <Line>
    <P Name="ZOrder">21</P>
    <P Name="Src">77601:7:3#out:1</P>
    <P Name="Dst">77601:7:80#in:1</P>
  </Line>
  <Line>
    <P Name="ZOrder">22</P>
    <P Name="Src">77601:7:2#out:1</P>
    <P Name="Dst">77601:7:77#in:1</P>
  </Line>
  <Line>
    <P Name="ZOrder">23</P>
    <P Name="Src">77601:7:29#out:1</P>
    <P Name="Dst">77601:7:24#in:2</P>
  </Line>
  <Line>
    <P Name="ZOrder">24</P>
    <P Name="Src">77601:7:44#out:1</P>
    <P Name="Points">[10, 0; 0, -45]</P>
    <P Name="Dst">77601:7:29#in:4</P>
  </Line>
  <Line>
    <P Name="ZOrder">25</P>
    <P Name="Src">77601:7:28#out:1</P>
    <P Name="Dst">77601:7:24#in:1</P>
  </Line>
  <Line>
    <P Name="ZOrder">26</P>
    <P Name="Src">77601:7:176#out:1</P>
    <P Name="Points">[110, 0]</P>
    <P Name="Dst">77601:7:30#in:2</P>
  </Line>
  <Line>
    <P Name="ZOrder">27</P>
    <P Name="Src">77601:7:27#out:1</P>
    <P Name="Dst">77601:7:46#in:1</P>
  </Line>
</System>
