<?xml version="1.0" encoding="utf-8"?>
<System>
  <P Name="Location">[-7, -7, 1481, 871]</P>
  <P Name="SystemRect">[0.000000, 0.000000, 0.000000, 0.000000]</P>
  <P Name="SetExecutionDomain">off</P>
  <P Name="ExecutionDomainType">Deduce</P>
  <P Name="ZoomFactor">73</P>
  <P Name="SimulinkSubDomain">Simulink</P>
  <Block BlockType="Inport" Name="mot_kin" SID="76524">
    <P Name="Position">[-10, 8, 20, 22]</P>
    <P Name="ZOrder">1705</P>
    <P Name="BackgroundColor">yellow</P>
    <Port>
      <P Name="PortNumber">1</P>
      <P Name="PropagatedSignals">motion_kin_bus</P>
      <P Name="ShowPropagatedSignals">on</P>
    </Port>
  </Block>
  <Block BlockType="Inport" Name="eom" SID="76525">
    <P Name="Position">[-20, 323, 10, 337]</P>
    <P Name="ZOrder">1706</P>
    <P Name="BackgroundColor">yellow</P>
    <P Name="Port">2</P>
    <Port>
      <P Name="PortNumber">1</P>
      <P Name="PropagatedSignals">eom_bus</P>
      <P Name="ShowPropagatedSignals">on</P>
    </Port>
  </Block>
  <Block BlockType="BusSelector" Name="Bus&#xA;Selector" SID="76526">
    <P Name="Ports">[1, 6]</P>
    <P Name="Position">[115, 165, 120, 490]</P>
    <P Name="ZOrder">1693</P>
    <P Name="ShowName">off</P>
    <P Name="OutputSignals">pBII,vBII,qIB,wBIB,d_wBIB,d_vBII</P>
    <Port>
      <P Name="PortNumber">1</P>
      <P Name="Name">&lt;pBII&gt;</P>
    </Port>
    <Port>
      <P Name="PortNumber">2</P>
      <P Name="Name">&lt;vBII&gt;</P>
    </Port>
    <Port>
      <P Name="PortNumber">3</P>
      <P Name="Name">&lt;qIB&gt;</P>
    </Port>
    <Port>
      <P Name="PortNumber">4</P>
      <P Name="Name">&lt;wBIB&gt;</P>
    </Port>
    <Port>
      <P Name="PortNumber">5</P>
      <P Name="Name">&lt;d_wBIB&gt;</P>
    </Port>
    <Port>
      <P Name="PortNumber">6</P>
      <P Name="Name">&lt;d_vBII&gt;</P>
    </Port>
  </Block>
  <Block BlockType="BusSelector" Name="Bus&#xA;Selector1" SID="76527">
    <P Name="Ports">[1, 1]</P>
    <P Name="Position">[65, 544, 70, 596]</P>
    <P Name="ZOrder">1746</P>
    <P Name="ShowName">off</P>
    <P Name="OutputSignals">pBII</P>
    <Port>
      <P Name="PortNumber">1</P>
      <P Name="Name">&lt;pBII&gt;</P>
    </Port>
  </Block>
  <Block BlockType="BusSelector" Name="Bus&#xA;Selector3" SID="76528">
    <P Name="Ports">[1, 3]</P>
    <P Name="Position">[165, -30, 170, 60]</P>
    <P Name="ZOrder">1704</P>
    <P Name="ShowName">off</P>
    <P Name="OutputSignals">TGB,TIB,TIE</P>
    <Port>
      <P Name="PortNumber">1</P>
      <P Name="Name">&lt;TGB&gt;</P>
    </Port>
    <Port>
      <P Name="PortNumber">2</P>
      <P Name="Name">&lt;TIB&gt;</P>
    </Port>
    <Port>
      <P Name="PortNumber">3</P>
      <P Name="Name">&lt;TIE&gt;</P>
    </Port>
  </Block>
  <Block BlockType="Constant" Name="Constant" SID="76529">
    <P Name="Position">[125, 590, 155, 620]</P>
    <P Name="ZOrder">1743</P>
    <P Name="ShowName">off</P>
    <P Name="HideAutomaticName">off</P>
    <P Name="AttributesFormatString">%&lt;Value&gt;</P>
    <P Name="Value">pBII_0</P>
  </Block>
  <Block BlockType="From" Name="From1" SID="76530">
    <P Name="Position">[320, 523, 380, 547]</P>
    <P Name="ZOrder">17596</P>
    <P Name="ShowName">off</P>
    <P Name="HideAutomaticName">off</P>
    <P Name="AttributesFormatString">%&lt;GotoTag&gt;</P>
    <P Name="GotoTag">TGB</P>
  </Block>
  <Block BlockType="From" Name="From2" SID="76531">
    <P Name="Position">[395, 553, 455, 577]</P>
    <P Name="ZOrder">17592</P>
    <P Name="ShowName">off</P>
    <P Name="HideAutomaticName">off</P>
    <P Name="AttributesFormatString">%&lt;GotoTag&gt;</P>
    <P Name="GotoTag">TBI</P>
  </Block>
  <Block BlockType="Gain" Name="Gain" SID="76532">
    <P Name="Position">[720, -205, 750, -175]</P>
    <P Name="ZOrder">1741</P>
    <P Name="Gain">-1</P>
    <Port>
      <P Name="PortNumber">1</P>
      <P Name="Name">euBG</P>
      <P Name="TestPoint">on</P>
      <P Name="DataLogging">on</P>
      <P Name="DataLoggingDecimateData">on</P>
      <P Name="DataLoggingDecimation">SL_decimation</P>
    </Port>
  </Block>
  <Block BlockType="Goto" Name="Goto1" SID="76533">
    <P Name="Position">[305, -152, 365, -128]</P>
    <P Name="ZOrder">17595</P>
    <P Name="ShowName">off</P>
    <P Name="HideAutomaticName">off</P>
    <P Name="AttributesFormatString">%&lt;GotoTag&gt;</P>
    <P Name="GotoTag">TGB</P>
  </Block>
  <Block BlockType="Goto" Name="Goto3" SID="76534">
    <P Name="Position">[575, 58, 635, 82]</P>
    <P Name="ZOrder">17593</P>
    <P Name="ShowName">off</P>
    <P Name="HideAutomaticName">off</P>
    <P Name="AttributesFormatString">%&lt;GotoTag&gt;</P>
    <P Name="GotoTag">TBI</P>
  </Block>
  <Block BlockType="Math" Name="Math&#xA;Function" SID="76535">
    <P Name="Ports">[1, 1]</P>
    <P Name="Position">[475, 0, 505, 30]</P>
    <P Name="ZOrder">1716</P>
    <P Name="Operator">transpose</P>
    <P Name="SignedPower">on</P>
    <Port>
      <P Name="PortNumber">1</P>
      <P Name="Name">TBI</P>
    </Port>
  </Block>
  <Block BlockType="Product" Name="Product" SID="76536">
    <P Name="Ports">[2, 1]</P>
    <P Name="Position">[725, 1, 775, 59]</P>
    <P Name="ZOrder">1715</P>
    <P Name="ShowName">off</P>
    <P Name="Multiplication">Matrix(*)</P>
    <Port>
      <P Name="PortNumber">1</P>
      <P Name="Name">aBIB</P>
      <P Name="TestPoint">on</P>
      <P Name="DataLogging">on</P>
      <P Name="DataLoggingDecimateData">on</P>
      <P Name="DataLoggingDecimation">SL_decimation</P>
    </Port>
  </Block>
  <Block BlockType="Product" Name="Product1" SID="76537">
    <P Name="Ports">[2, 1]</P>
    <P Name="Position">[565, 181, 615, 239]</P>
    <P Name="ZOrder">1735</P>
    <P Name="ShowName">off</P>
    <P Name="Multiplication">Matrix(*)</P>
    <Port>
      <P Name="PortNumber">1</P>
      <P Name="Name">vBIB</P>
      <P Name="TestPoint">on</P>
      <P Name="DataLogging">on</P>
      <P Name="DataLoggingDecimateData">on</P>
      <P Name="DataLoggingDecimation">SL_decimation</P>
    </Port>
  </Block>
  <Block BlockType="Product" Name="Product2" SID="76538">
    <P Name="Ports">[2, 1]</P>
    <P Name="Position">[545, 521, 595, 579]</P>
    <P Name="ZOrder">17597</P>
    <P Name="ShowName">off</P>
    <P Name="Multiplication">Matrix(*)</P>
    <Port>
      <P Name="PortNumber">1</P>
      <P Name="Name">TGI</P>
      <P Name="TestPoint">on</P>
      <P Name="DataLogging">on</P>
      <P Name="DataLoggingDecimateData">on</P>
      <P Name="DataLoggingDecimation">SL_decimation</P>
    </Port>
  </Block>
  <Block BlockType="Product" Name="Product3" SID="76539">
    <P Name="Ports">[2, 1]</P>
    <P Name="Position">[695, 531, 745, 609]</P>
    <P Name="ZOrder">17598</P>
    <P Name="ShowName">off</P>
    <P Name="Multiplication">Matrix(*)</P>
    <Port>
      <P Name="PortNumber">1</P>
      <P Name="Name">pBLG</P>
      <P Name="TestPoint">on</P>
      <P Name="DataLogging">on</P>
      <P Name="DataLoggingDecimateData">on</P>
      <P Name="DataLoggingDecimation">SL_decimation</P>
    </Port>
  </Block>
  <Block BlockType="SubSystem" Name="Subsystem2" SID="76540">
    <P Name="Ports">[2, 3]</P>
    <P Name="Position">[265, 26, 365, 154]</P>
    <P Name="ZOrder">1675</P>
    <P Name="RequestExecContextInheritance">off</P>
    <P Name="ContentPreviewEnabled">on</P>
    <Port>
      <P Name="PortNumber">1</P>
      <P Name="PropagatedSignals">lon</P>
      <P Name="ShowPropagatedSignals">on</P>
    </Port>
    <Port>
      <P Name="PortNumber">2</P>
      <P Name="PropagatedSignals">lat</P>
      <P Name="ShowPropagatedSignals">on</P>
    </Port>
    <Port>
      <P Name="PortNumber">3</P>
      <P Name="Name">hBE</P>
      <P Name="PropagatedSignals">alt</P>
    </Port>
    <System Ref="system_76540"/>
  </Block>
  <Block BlockType="Sum" Name="Sum" SID="76647">
    <P Name="Ports">[2, 1]</P>
    <P Name="Position">[205, 554, 230, 621]</P>
    <P Name="ZOrder">1744</P>
    <P Name="ShowName">off</P>
    <P Name="IconShape">rectangular</P>
    <P Name="Inputs">+-</P>
    <Port>
      <P Name="PortNumber">1</P>
      <P Name="Name">pBLI</P>
      <P Name="DataLogging">on</P>
    </Port>
  </Block>
  <Block BlockType="InportShadow" Name="eom D1" SID="76648">
    <P Name="Position">[-15, 563, 15, 577]</P>
    <P Name="ZOrder">1745</P>
    <P Name="BackgroundColor">yellow</P>
    <P Name="Port">2</P>
    <Port>
      <P Name="PortNumber">1</P>
      <P Name="PropagatedSignals">eom_bus</P>
      <P Name="ShowPropagatedSignals">on</P>
    </Port>
  </Block>
  <Block BlockType="SubSystem" Name="q12_from_T12" SID="76649">
    <P Name="Ports">[1, 1]</P>
    <P Name="Position">[380, -96, 480, -54]</P>
    <P Name="ZOrder">1737</P>
    <P Name="RequestExecContextInheritance">off</P>
    <P Name="ContentPreviewEnabled">on</P>
    <Mask>
      <Display RunInitForIconRedraw="off">%port_label(&apos;input&apos;, 1, &apos;T12&apos;)
%port_label(&apos;output&apos;, 1, &apos;q12&apos;)
disp(&apos;DCM \rightarrow q&apos;,&apos;texmode&apos;,&apos;on&apos;)</Display>
      <Description>Transforms a Direction Cosine Matrix into a Quaternion</Description>
      <Help>Name:

    q12_from_T12

Description:

    This block implements the transformation of a direction cosine matrix DCM
     into the corresponding quaternion.

Inputs  [size] [data type] [unit]:

    direction cosine matrix T12  [3x3] [double] [-]

Outputs  [size] [data type] [unit]:

    quaternion q12  [4] [double] [-]
</Help>
    </Mask>
    <Port>
      <P Name="PortNumber">1</P>
      <P Name="Name">qGB</P>
      <P Name="DataLogging">on</P>
    </Port>
    <System Ref="system_76649"/>
  </Block>
  <Block BlockType="SubSystem" Name="quaternion_to_euler_angles" SID="76828">
    <P Name="Ports">[1, 1]</P>
    <P Name="Position">[280, 254, 380, 296]</P>
    <P Name="ZOrder">1733</P>
    <P Name="RequestExecContextInheritance">off</P>
    <P Name="ContentPreviewEnabled">on</P>
    <Mask>
      <Display>%disp (&apos; q --&gt; (Phi,Theta,Psi) [rad]&apos;)
disp(&apos;q \rightarrow eu(\Phi;\Theta;\Psi)&apos;,&apos;texmode&apos;,&apos;on&apos;)</Display>
      <Description>transforms quaternions to Euler angles (roll, pitch, yaw)</Description>
      <Help>Name:

    quaternion_to_euler_angles

Description:

    This block implements the transformation of a quaternion into the 
    corresponding Euler angles (zyx-sequence, roll, pitch, yaw).

Inputs  [size] [data type] [unit]:

    quaternion  [4] [double] [-]

Outputs  [size] [data type] [unit]:

    roll angle phi  [1] [double] [rad]
    pitch angle theta  [1] [double] [rad]
    yaw angle psi  [1] [double] [rad]
</Help>
      <DialogControl Type="Group" Name="DescGroupVar">
        <Prompt>%&lt;MaskType&gt;</Prompt>
        <DialogControl Type="Text" Name="DescTextVar">
          <Prompt>%&lt;MaskDescription&gt;</Prompt>
        </DialogControl>
      </DialogControl>
    </Mask>
    <Port>
      <P Name="PortNumber">1</P>
      <P Name="Name">euIB</P>
      <P Name="DataLogging">on</P>
    </Port>
    <System Ref="system_76828"/>
  </Block>
  <Block BlockType="SubSystem" Name="quaternion_to_euler_angles1" SID="76859">
    <P Name="Ports">[1, 1]</P>
    <P Name="Position">[565, -161, 665, -119]</P>
    <P Name="ZOrder">1739</P>
    <P Name="RequestExecContextInheritance">off</P>
    <P Name="ContentPreviewEnabled">on</P>
    <Mask>
      <Display>%disp (&apos; q --&gt; (Phi,Theta,Psi) [rad]&apos;)
disp(&apos;q \rightarrow eu(\Phi;\Theta;\Psi)&apos;,&apos;texmode&apos;,&apos;on&apos;)</Display>
      <Description>transforms quaternions to Euler angles (roll, pitch, yaw)</Description>
      <Help>Name:

    quaternion_to_euler_angles

Description:

    This block implements the transformation of a quaternion into the 
    corresponding Euler angles (zyx-sequence, roll, pitch, yaw).

Inputs  [size] [data type] [unit]:

    quaternion  [4] [double] [-]

Outputs  [size] [data type] [unit]:

    roll angle phi  [1] [double] [rad]
    pitch angle theta  [1] [double] [rad]
    yaw angle psi  [1] [double] [rad]
</Help>
      <DialogControl Type="Group" Name="DescGroupVar">
        <Prompt>%&lt;MaskType&gt;</Prompt>
        <DialogControl Type="Text" Name="DescTextVar">
          <Prompt>%&lt;MaskDescription&gt;</Prompt>
        </DialogControl>
      </DialogControl>
    </Mask>
    <Port>
      <P Name="PortNumber">1</P>
      <P Name="Name">euGB</P>
      <P Name="DataLogging">on</P>
    </Port>
    <System Ref="system_76859"/>
  </Block>
  <Block BlockType="Outport" Name="aBIB" SID="76890">
    <P Name="Position">[825, 23, 855, 37]</P>
    <P Name="ZOrder">1718</P>
    <P Name="BackgroundColor">orange</P>
    <P Name="VectorParamsAs1DForOutWhenUnconnected">off</P>
  </Block>
  <Block BlockType="Outport" Name="lon" SID="76891">
    <P Name="Position">[420, 43, 450, 57]</P>
    <P Name="ZOrder">1719</P>
    <P Name="BackgroundColor">orange</P>
    <P Name="Port">2</P>
    <P Name="VectorParamsAs1DForOutWhenUnconnected">off</P>
  </Block>
  <Block BlockType="Outport" Name="lat" SID="76892">
    <P Name="Position">[420, 83, 450, 97]</P>
    <P Name="ZOrder">1720</P>
    <P Name="BackgroundColor">orange</P>
    <P Name="Port">3</P>
    <P Name="VectorParamsAs1DForOutWhenUnconnected">off</P>
  </Block>
  <Block BlockType="Outport" Name="hBE" SID="76893">
    <P Name="Position">[420, 123, 450, 137]</P>
    <P Name="ZOrder">1721</P>
    <P Name="BackgroundColor">orange</P>
    <P Name="Port">4</P>
    <P Name="VectorParamsAs1DForOutWhenUnconnected">off</P>
  </Block>
  <Block BlockType="Outport" Name="vBII" SID="76894">
    <P Name="Position">[220, 238, 250, 252]</P>
    <P Name="ZOrder">1722</P>
    <P Name="BackgroundColor">orange</P>
    <P Name="Port">5</P>
    <P Name="VectorParamsAs1DForOutWhenUnconnected">off</P>
  </Block>
  <Block BlockType="Outport" Name="qIB" SID="76895">
    <P Name="Position">[220, 293, 250, 307]</P>
    <P Name="ZOrder">1723</P>
    <P Name="BackgroundColor">orange</P>
    <P Name="Port">6</P>
    <P Name="VectorParamsAs1DForOutWhenUnconnected">off</P>
  </Block>
  <Block BlockType="Outport" Name="wBIB" SID="76896">
    <P Name="Position">[220, 348, 250, 362]</P>
    <P Name="ZOrder">1724</P>
    <P Name="BackgroundColor">orange</P>
    <P Name="Port">7</P>
    <P Name="VectorParamsAs1DForOutWhenUnconnected">off</P>
  </Block>
  <Block BlockType="Outport" Name="d_wBIB" SID="76897">
    <P Name="Position">[220, 403, 250, 417]</P>
    <P Name="ZOrder">1725</P>
    <P Name="BackgroundColor">orange</P>
    <P Name="Port">8</P>
    <P Name="VectorParamsAs1DForOutWhenUnconnected">off</P>
  </Block>
  <Block BlockType="Outport" Name="d_vBII" SID="76898">
    <P Name="Position">[825, 458, 855, 472]</P>
    <P Name="ZOrder">1726</P>
    <P Name="BackgroundColor">orange</P>
    <P Name="Port">9</P>
    <P Name="VectorParamsAs1DForOutWhenUnconnected">off</P>
  </Block>
  <Block BlockType="Outport" Name="pBII" SID="76899">
    <P Name="Position">[220, 183, 250, 197]</P>
    <P Name="ZOrder">1727</P>
    <P Name="BackgroundColor">orange</P>
    <P Name="Port">10</P>
    <P Name="VectorParamsAs1DForOutWhenUnconnected">off</P>
  </Block>
  <Block BlockType="Outport" Name="euIB" SID="76900">
    <P Name="Position">[420, 268, 450, 282]</P>
    <P Name="ZOrder">1734</P>
    <P Name="BackgroundColor">orange</P>
    <P Name="Port">11</P>
    <P Name="VectorParamsAs1DForOutWhenUnconnected">off</P>
  </Block>
  <Block BlockType="Outport" Name="vBIB" SID="76901">
    <P Name="Position">[825, 203, 855, 217]</P>
    <P Name="ZOrder">1736</P>
    <P Name="BackgroundColor">orange</P>
    <P Name="Port">12</P>
    <P Name="VectorParamsAs1DForOutWhenUnconnected">off</P>
  </Block>
  <Block BlockType="Outport" Name="qGB" SID="76902">
    <P Name="Position">[825, -82, 855, -68]</P>
    <P Name="ZOrder">1738</P>
    <P Name="BackgroundColor">orange</P>
    <P Name="Port">13</P>
    <P Name="VectorParamsAs1DForOutWhenUnconnected">off</P>
  </Block>
  <Block BlockType="Outport" Name="euGB" SID="76903">
    <P Name="Position">[825, -147, 855, -133]</P>
    <P Name="ZOrder">1740</P>
    <P Name="BackgroundColor">orange</P>
    <P Name="Port">14</P>
    <P Name="VectorParamsAs1DForOutWhenUnconnected">off</P>
  </Block>
  <Block BlockType="Outport" Name="euBG" SID="76904">
    <P Name="Position">[825, -197, 855, -183]</P>
    <P Name="ZOrder">1742</P>
    <P Name="BackgroundColor">orange</P>
    <P Name="Port">15</P>
    <P Name="VectorParamsAs1DForOutWhenUnconnected">off</P>
  </Block>
  <Block BlockType="Outport" Name="pBLG" SID="76905">
    <P Name="Position">[825, 563, 855, 577]</P>
    <P Name="ZOrder">17599</P>
    <P Name="BackgroundColor">orange</P>
    <P Name="Port">16</P>
    <P Name="VectorParamsAs1DForOutWhenUnconnected">off</P>
  </Block>
  <Line>
    <P Name="Name">&lt;pBII&gt;</P>
    <P Name="ZOrder">1</P>
    <P Name="Labels">[0, 1]</P>
    <P Name="Src">76526#out:1</P>
    <P Name="Points">[60, 0]</P>
    <Branch>
      <P Name="ZOrder">2</P>
      <P Name="Dst">76899#in:1</P>
    </Branch>
    <Branch>
      <P Name="ZOrder">3</P>
      <P Name="Points">[0, -65]</P>
      <P Name="Dst">76540#in:2</P>
    </Branch>
  </Line>
  <Line>
    <P Name="ZOrder">4</P>
    <P Name="Labels">[0, 1]</P>
    <P Name="Src">76524#out:1</P>
    <P Name="Dst">76528#in:1</P>
  </Line>
  <Line>
    <P Name="Name">&lt;TIE&gt;</P>
    <P Name="ZOrder">5</P>
    <P Name="Labels">[0, 1]</P>
    <P Name="Src">76528#out:3</P>
    <P Name="Points">[43, 0; 0, 15]</P>
    <P Name="Dst">76540#in:1</P>
  </Line>
  <Line>
    <P Name="ZOrder">6</P>
    <P Name="Labels">[0, 1]</P>
    <P Name="Src">76525#out:1</P>
    <P Name="Dst">76526#in:1</P>
  </Line>
  <Line>
    <P Name="Name">TBI</P>
    <P Name="ZOrder">7</P>
    <P Name="Labels">[0, 1]</P>
    <P Name="Src">76535#out:1</P>
    <P Name="Points">[40, 0]</P>
    <Branch>
      <P Name="ZOrder">8</P>
      <P Name="Points">[0, 55]</P>
      <Branch>
        <P Name="ZOrder">9</P>
        <P Name="Dst">76534#in:1</P>
      </Branch>
      <Branch>
        <P Name="ZOrder">10</P>
        <P Name="Dst">76537#in:1</P>
      </Branch>
    </Branch>
    <Branch>
      <P Name="ZOrder">11</P>
      <P Name="Dst">76536#in:1</P>
    </Branch>
  </Line>
  <Line>
    <P Name="Name">&lt;TIB&gt;</P>
    <P Name="ZOrder">12</P>
    <P Name="Labels">[0, 1]</P>
    <P Name="Src">76528#out:2</P>
    <P Name="Dst">76535#in:1</P>
  </Line>
  <Line>
    <P Name="Name">&lt;d_vBII&gt;</P>
    <P Name="ZOrder">13</P>
    <P Name="Labels">[0, 1]</P>
    <P Name="Src">76526#out:6</P>
    <P Name="Points">[571, 0]</P>
    <Branch>
      <P Name="ZOrder">14</P>
      <P Name="Points">[0, -420]</P>
      <P Name="Dst">76536#in:2</P>
    </Branch>
    <Branch>
      <P Name="ZOrder">15</P>
      <P Name="Dst">76898#in:1</P>
    </Branch>
  </Line>
  <Line>
    <P Name="Name">aBIB</P>
    <P Name="ZOrder">16</P>
    <P Name="Labels">[0, 1]</P>
    <P Name="Src">76536#out:1</P>
    <P Name="Dst">76890#in:1</P>
  </Line>
  <Line>
    <P Name="ZOrder">17</P>
    <P Name="Labels">[0, 1]</P>
    <P Name="Src">76540#out:1</P>
    <P Name="Dst">76891#in:1</P>
  </Line>
  <Line>
    <P Name="ZOrder">18</P>
    <P Name="Labels">[0, 1]</P>
    <P Name="Src">76540#out:2</P>
    <P Name="Dst">76892#in:1</P>
  </Line>
  <Line>
    <P Name="Name">hBE</P>
    <P Name="ZOrder">19</P>
    <P Name="Labels">[0, 1]</P>
    <P Name="Src">76540#out:3</P>
    <P Name="Dst">76893#in:1</P>
  </Line>
  <Line>
    <P Name="Name">&lt;vBII&gt;</P>
    <P Name="ZOrder">20</P>
    <P Name="Labels">[0, 1]</P>
    <P Name="Src">76526#out:2</P>
    <P Name="Points">[70, 0]</P>
    <Branch>
      <P Name="ZOrder">21</P>
      <P Name="Points">[0, -20]</P>
      <P Name="Dst">76537#in:2</P>
    </Branch>
    <Branch>
      <P Name="ZOrder">22</P>
      <P Name="Dst">76894#in:1</P>
    </Branch>
  </Line>
  <Line>
    <P Name="Name">&lt;qIB&gt;</P>
    <P Name="ZOrder">23</P>
    <P Name="Labels">[0, 1]</P>
    <P Name="Src">76526#out:3</P>
    <P Name="Points">[69, 0]</P>
    <Branch>
      <P Name="ZOrder">24</P>
      <P Name="Points">[0, -25]</P>
      <P Name="Dst">76828#in:1</P>
    </Branch>
    <Branch>
      <P Name="ZOrder">25</P>
      <P Name="Dst">76895#in:1</P>
    </Branch>
  </Line>
  <Line>
    <P Name="Name">&lt;wBIB&gt;</P>
    <P Name="ZOrder">26</P>
    <P Name="Labels">[0, 1]</P>
    <P Name="Src">76526#out:4</P>
    <P Name="Dst">76896#in:1</P>
  </Line>
  <Line>
    <P Name="Name">&lt;d_wBIB&gt;</P>
    <P Name="ZOrder">27</P>
    <P Name="Labels">[0, 1]</P>
    <P Name="Src">76526#out:5</P>
    <P Name="Dst">76897#in:1</P>
  </Line>
  <Line>
    <P Name="Name">euIB</P>
    <P Name="ZOrder">28</P>
    <P Name="Labels">[0, 1]</P>
    <P Name="Src">76828#out:1</P>
    <P Name="Dst">76900#in:1</P>
  </Line>
  <Line>
    <P Name="Name">vBIB</P>
    <P Name="ZOrder">29</P>
    <P Name="Labels">[0, 1]</P>
    <P Name="Src">76537#out:1</P>
    <P Name="Dst">76901#in:1</P>
  </Line>
  <Line>
    <P Name="Name">&lt;TGB&gt;</P>
    <P Name="ZOrder">30</P>
    <P Name="Labels">[0, 1]</P>
    <P Name="Src">76528#out:1</P>
    <P Name="Points">[100, 0; 0, -60]</P>
    <Branch>
      <P Name="ZOrder">31</P>
      <P Name="Points">[0, -65]</P>
      <P Name="Dst">76533#in:1</P>
    </Branch>
    <Branch>
      <P Name="ZOrder">32</P>
      <P Name="Dst">76649#in:1</P>
    </Branch>
  </Line>
  <Line>
    <P Name="Name">qGB</P>
    <P Name="ZOrder">33</P>
    <P Name="Labels">[0, 1]</P>
    <P Name="Src">76649#out:1</P>
    <P Name="Points">[40, 0]</P>
    <Branch>
      <P Name="ZOrder">34</P>
      <P Name="Points">[0, -65]</P>
      <P Name="Dst">76859#in:1</P>
    </Branch>
    <Branch>
      <P Name="ZOrder">35</P>
      <P Name="Dst">76902#in:1</P>
    </Branch>
  </Line>
  <Line>
    <P Name="Name">euGB</P>
    <P Name="ZOrder">36</P>
    <P Name="Labels">[0, 1]</P>
    <P Name="Src">76859#out:1</P>
    <P Name="Points">[38, 0]</P>
    <Branch>
      <P Name="ZOrder">37</P>
      <P Name="Dst">76903#in:1</P>
    </Branch>
    <Branch>
      <P Name="ZOrder">38</P>
      <P Name="Points">[0, -50]</P>
      <P Name="Dst">76532#in:1</P>
    </Branch>
  </Line>
  <Line>
    <P Name="Name">euBG</P>
    <P Name="ZOrder">39</P>
    <P Name="Labels">[1, 0]</P>
    <P Name="Src">76532#out:1</P>
    <P Name="Dst">76904#in:1</P>
  </Line>
  <Line>
    <P Name="ZOrder">40</P>
    <P Name="Src">76648#out:1</P>
    <P Name="Dst">76527#in:1</P>
  </Line>
  <Line>
    <P Name="Name">&lt;pBII&gt;</P>
    <P Name="ZOrder">41</P>
    <P Name="Labels">[0, 0]</P>
    <P Name="Src">76527#out:1</P>
    <P Name="Dst">76647#in:1</P>
  </Line>
  <Line>
    <P Name="ZOrder">42</P>
    <P Name="Src">76529#out:1</P>
    <P Name="Dst">76647#in:2</P>
  </Line>
  <Line>
    <P Name="Name">pBLI</P>
    <P Name="ZOrder">43</P>
    <P Name="Labels">[0, 0]</P>
    <P Name="Src">76647#out:1</P>
    <P Name="Points">[0, 0]</P>
    <P Name="Dst">76539#in:2</P>
  </Line>
  <Line>
    <P Name="ZOrder">44</P>
    <P Name="Src">76530#out:1</P>
    <P Name="Dst">76538#in:1</P>
  </Line>
  <Line>
    <P Name="ZOrder">45</P>
    <P Name="Src">76531#out:1</P>
    <P Name="Dst">76538#in:2</P>
  </Line>
  <Line>
    <P Name="Name">TGI</P>
    <P Name="ZOrder">46</P>
    <P Name="Labels">[0, 0]</P>
    <P Name="Src">76538#out:1</P>
    <P Name="Dst">76539#in:1</P>
  </Line>
  <Line>
    <P Name="Name">pBLG</P>
    <P Name="ZOrder">47</P>
    <P Name="Labels">[0, 0]</P>
    <P Name="Src">76539#out:1</P>
    <P Name="Dst">76905#in:1</P>
  </Line>
</System>
