<?xml version="1.0" encoding="utf-8"?>
<System>
  <P Name="Location">[-1927, -543, 8, 632]</P>
  <P Name="SystemRect">[0.000000, 0.000000, 0.000000, 0.000000]</P>
  <P Name="SetExecutionDomain">off</P>
  <P Name="ExecutionDomainType">Deduce</P>
  <P Name="SimulinkSubDomain">Simulink</P>
  <Block BlockType="Inport" Name="q32" SID="78789">
    <P Name="Position">[-220, -12, -190, 2]</P>
    <P Name="ZOrder">1</P>
    <P Name="BackgroundColor">yellow</P>
  </Block>
  <Block BlockType="Inport" Name="q21" SID="78790">
    <P Name="Position">[155, 53, 185, 67]</P>
    <P Name="ZOrder">-1</P>
    <P Name="BackgroundColor">yellow</P>
    <P Name="Port">2</P>
  </Block>
  <Block BlockType="Sum" Name="Add" SID="78791">
    <P Name="Ports">[4, 1]</P>
    <P Name="Position">[110, -207, 135, 187]</P>
    <P Name="ZOrder">14</P>
    <P Name="ShowName">off</P>
    <P Name="IconShape">rectangular</P>
    <P Name="Inputs">++++</P>
    <Port>
      <P Name="PortNumber">1</P>
      <P Name="Name">Q(q32)</P>
    </Port>
  </Block>
  <Block BlockType="Constant" Name="Constant" SID="78792">
    <P Name="Position">[410, 40, 440, 70]</P>
    <P Name="ZOrder">504</P>
    <P Name="ShowName">off</P>
  </Block>
  <Block BlockType="Constant" Name="Constant1" SID="78793">
    <P Name="Position">[410, 130, 440, 160]</P>
    <P Name="ZOrder">505</P>
    <P Name="ShowName">off</P>
    <P Name="Value">-1</P>
  </Block>
  <Block BlockType="Demux" Name="Demux1" SID="78794">
    <P Name="Ports">[1, 4]</P>
    <P Name="Position">[-150, -203, -145, 193]</P>
    <P Name="ZOrder">3</P>
    <P Name="ShowName">off</P>
    <Port>
      <P Name="PortNumber">1</P>
      <P Name="Name">q1</P>
    </Port>
    <Port>
      <P Name="PortNumber">2</P>
      <P Name="Name">q2</P>
    </Port>
    <Port>
      <P Name="PortNumber">3</P>
      <P Name="Name">q3</P>
    </Port>
    <Port>
      <P Name="PortNumber">4</P>
      <P Name="Name">q4</P>
    </Port>
  </Block>
  <Block BlockType="Product" Name="Product" SID="78795">
    <P Name="Ports">[2, 1]</P>
    <P Name="Position">[50, -178, 80, -147]</P>
    <P Name="ZOrder">16</P>
    <P Name="ShowName">off</P>
  </Block>
  <Block BlockType="Product" Name="Product1" SID="78796">
    <P Name="Ports">[2, 1]</P>
    <P Name="Position">[50, -78, 80, -47]</P>
    <P Name="ZOrder">17</P>
    <P Name="ShowName">off</P>
  </Block>
  <Block BlockType="Product" Name="Product2" SID="78797">
    <P Name="Ports">[2, 1]</P>
    <P Name="Position">[50, 22, 80, 53]</P>
    <P Name="ZOrder">18</P>
    <P Name="ShowName">off</P>
  </Block>
  <Block BlockType="Product" Name="Product3" SID="78798">
    <P Name="Ports">[2, 1]</P>
    <P Name="Position">[50, 122, 80, 153]</P>
    <P Name="ZOrder">19</P>
    <P Name="ShowName">off</P>
  </Block>
  <Block BlockType="Product" Name="Product4" SID="78799">
    <P Name="Ports">[2, 1]</P>
    <P Name="Position">[580, 17, 610, 48]</P>
    <P Name="ZOrder">503</P>
    <P Name="ShowName">off</P>
  </Block>
  <Block BlockType="Product" Name="Product8" SID="78800">
    <P Name="Ports">[2, 1]</P>
    <P Name="Position">[225, -44, 265, 94]</P>
    <P Name="ZOrder">33</P>
    <P Name="ShowName">off</P>
    <P Name="Multiplication">Matrix(*)</P>
  </Block>
  <Block BlockType="Constant" Name="Q_1" SID="78801">
    <P Name="Position">[-115, -236, -25, -174]</P>
    <P Name="ZOrder">4</P>
    <P Name="HideAutomaticName">off</P>
    <P Name="Value">[0 0 0 1; 0 0 1 0; 0 -1 0 0; -1 0 0 0]</P>
  </Block>
  <Block BlockType="Constant" Name="Q_2" SID="78802">
    <P Name="Position">[-115, -136, -25, -74]</P>
    <P Name="ZOrder">7</P>
    <P Name="HideAutomaticName">off</P>
    <P Name="Value">[0 0 -1 0; 0 0 0 1; 1 0 0 0; 0 -1 0 0]</P>
  </Block>
  <Block BlockType="Constant" Name="Q_3" SID="78803">
    <P Name="Position">[-115, -36, -25, 26]</P>
    <P Name="ZOrder">8</P>
    <P Name="HideAutomaticName">off</P>
    <P Name="Value">[0 1 0 0; -1 0 0 0; 0 0 0 1; 0 0 -1 0]</P>
  </Block>
  <Block BlockType="Constant" Name="Q_4" SID="78804">
    <P Name="Position">[-115, 64, -25, 126]</P>
    <P Name="ZOrder">9</P>
    <P Name="HideAutomaticName">off</P>
    <P Name="Value">[1 0 0 0; 0 1 0 0; 0 0 1 0; 0 0 0 1]</P>
  </Block>
  <Block BlockType="Selector" Name="Selector" SID="78805">
    <P Name="Ports">[1, 1]</P>
    <P Name="Position">[400, 81, 440, 119]</P>
    <P Name="ZOrder">500</P>
    <P Name="IndexMode">Zero-based</P>
    <P Name="InputPortWidth">4</P>
    <P Name="IndexOptions">Index vector (dialog)</P>
    <P Name="Indices">3</P>
    <P Name="OutputSizes">1</P>
  </Block>
  <Block BlockType="Switch" Name="Switch" SID="78806">
    <P Name="Position">[480, 80, 530, 120]</P>
    <P Name="ZOrder">502</P>
    <P Name="InputSameDT">off</P>
    <P Name="SaturateOnIntegerOverflow">off</P>
  </Block>
  <Block BlockType="SubSystem" Name="normalize_quaternion" SID="78807">
    <P Name="Ports">[1, 1]</P>
    <P Name="Position">[290, 14, 350, 36]</P>
    <P Name="ZOrder">498</P>
    <P Name="RequestExecContextInheritance">off</P>
    <P Name="ContentPreviewEnabled">on</P>
    <Mask>
      <Display>disp (&apos; norm(q)&apos;)</Display>
      <Description>normalize a quaternion</Description>
      <Help>Name:

    normalize_quaternion

Description:

    This block normalizes the quaternion q21. It should be used as a 
    safety measure when computing quaternions.

Inputs  [size] [data type] [unit]:

    attitude quaternion q21  [4] [double] [-]

Outputs  [size] [data type] [unit]:

    normalized attitude quaternion q21  [4] [double] [-]
</Help>
    </Mask>
    <System Ref="system_78807"/>
  </Block>
  <Block BlockType="Outport" Name="q31" SID="78820">
    <P Name="Position">[650, 28, 680, 42]</P>
    <P Name="ZOrder">-2</P>
    <P Name="BackgroundColor">orange</P>
    <P Name="VectorParamsAs1DForOutWhenUnconnected">off</P>
  </Block>
  <Line>
    <P Name="ZOrder">1</P>
    <P Name="Src">78806#out:1</P>
    <P Name="Points">[15, 0; 0, -60]</P>
    <P Name="Dst">78799#in:2</P>
  </Line>
  <Line>
    <P Name="ZOrder">2</P>
    <P Name="Src">78792#out:1</P>
    <P Name="Points">[15, 0; 0, 30]</P>
    <P Name="Dst">78806#in:1</P>
  </Line>
  <Line>
    <P Name="ZOrder">3</P>
    <P Name="Src">78793#out:1</P>
    <P Name="Points">[15, 0; 0, -30]</P>
    <P Name="Dst">78806#in:3</P>
  </Line>
  <Line>
    <P Name="ZOrder">4</P>
    <P Name="Src">78799#out:1</P>
    <P Name="Dst">78820#in:1</P>
  </Line>
  <Line>
    <P Name="ZOrder">5</P>
    <P Name="Src">78805#out:1</P>
    <P Name="Dst">78806#in:2</P>
  </Line>
  <Line>
    <P Name="ZOrder">6</P>
    <P Name="Src">78807#out:1</P>
    <P Name="Points">[14, 0]</P>
    <Branch>
      <P Name="ZOrder">7</P>
      <P Name="Points">[0, 75]</P>
      <P Name="Dst">78805#in:1</P>
    </Branch>
    <Branch>
      <P Name="ZOrder">8</P>
      <P Name="Dst">78799#in:1</P>
    </Branch>
  </Line>
  <Line>
    <P Name="ZOrder">9</P>
    <P Name="Src">78800#out:1</P>
    <P Name="Dst">78807#in:1</P>
  </Line>
  <Line>
    <P Name="ZOrder">10</P>
    <P Name="Src">78789#out:1</P>
    <P Name="Dst">78794#in:1</P>
  </Line>
  <Line>
    <P Name="Name">Q(q32)</P>
    <P Name="ZOrder">11</P>
    <P Name="Labels">[1, 1]</P>
    <P Name="Src">78791#out:1</P>
    <P Name="Dst">78800#in:1</P>
  </Line>
  <Line>
    <P Name="ZOrder">12</P>
    <P Name="Src">78798#out:1</P>
    <P Name="Dst">78791#in:4</P>
  </Line>
  <Line>
    <P Name="ZOrder">13</P>
    <P Name="Src">78797#out:1</P>
    <P Name="Dst">78791#in:3</P>
  </Line>
  <Line>
    <P Name="ZOrder">14</P>
    <P Name="Src">78796#out:1</P>
    <P Name="Dst">78791#in:2</P>
  </Line>
  <Line>
    <P Name="ZOrder">15</P>
    <P Name="Src">78795#out:1</P>
    <P Name="Dst">78791#in:1</P>
  </Line>
  <Line>
    <P Name="ZOrder">16</P>
    <P Name="Src">78804#out:1</P>
    <P Name="Points">[33, 0; 0, 35]</P>
    <P Name="Dst">78798#in:1</P>
  </Line>
  <Line>
    <P Name="ZOrder">17</P>
    <P Name="Src">78803#out:1</P>
    <P Name="Points">[33, 0; 0, 35]</P>
    <P Name="Dst">78797#in:1</P>
  </Line>
  <Line>
    <P Name="ZOrder">18</P>
    <P Name="Src">78802#out:1</P>
    <P Name="Points">[33, 0; 0, 35]</P>
    <P Name="Dst">78796#in:1</P>
  </Line>
  <Line>
    <P Name="ZOrder">19</P>
    <P Name="Src">78801#out:1</P>
    <P Name="Points">[33, 0; 0, 35]</P>
    <P Name="Dst">78795#in:1</P>
  </Line>
  <Line>
    <P Name="Name">q4</P>
    <P Name="ZOrder">20</P>
    <P Name="Labels">[0, 0]</P>
    <P Name="Src">78794#out:4</P>
    <P Name="Dst">78798#in:2</P>
  </Line>
  <Line>
    <P Name="Name">q3</P>
    <P Name="ZOrder">21</P>
    <P Name="Labels">[0, 0]</P>
    <P Name="Src">78794#out:3</P>
    <P Name="Dst">78797#in:2</P>
  </Line>
  <Line>
    <P Name="Name">q2</P>
    <P Name="ZOrder">22</P>
    <P Name="Labels">[0, 0]</P>
    <P Name="Src">78794#out:2</P>
    <P Name="Dst">78796#in:2</P>
  </Line>
  <Line>
    <P Name="Name">q1</P>
    <P Name="ZOrder">23</P>
    <P Name="Labels">[0, 0]</P>
    <P Name="Src">78794#out:1</P>
    <P Name="Dst">78795#in:2</P>
  </Line>
  <Line>
    <P Name="ZOrder">24</P>
    <P Name="Src">78790#out:1</P>
    <P Name="Dst">78800#in:2</P>
  </Line>
  <Annotation SID="78822">
    <P Name="Name">Outputs [size]:

quaternion q31 [4]</P>
    <P Name="Position">[624, -32, 706, 6]</P>
    <P Name="InternalMargins">[0, 0, 0, 0]</P>
    <P Name="HorizontalAlignment">center</P>
    <P Name="VerticalAlignment">middle</P>
    <P Name="ZOrder">-1</P>
  </Annotation>
  <Annotation SID="78821">
    <P Name="Name">Inputs [size]:

quaternion q32 [4]
quaternion q21 [4]</P>
    <P Name="Position">[-262, -102, -180, -52]</P>
    <P Name="InternalMargins">[0, 0, 0, 0]</P>
    <P Name="HorizontalAlignment">center</P>
    <P Name="VerticalAlignment">middle</P>
    <P Name="ZOrder">-2</P>
  </Annotation>
</System>
