<?xml version="1.0" encoding="utf-8"?>
<System>
  <P Name="Location">[-1927, -7, 7, 1167]</P>
  <P Name="SystemRect">[0.000000, 0.000000, 0.000000, 0.000000]</P>
  <P Name="SetExecutionDomain">off</P>
  <P Name="ExecutionDomainType">Deduce</P>
  <P Name="ZoomFactor">150</P>
  <P Name="SimulinkSubDomain">Simulink</P>
  <Block BlockType="Inport" Name="wIEE" SID="77203">
    <P Name="Position">[160, -147, 190, -133]</P>
    <P Name="ZOrder">1</P>
    <P Name="BackgroundColor">yellow</P>
    <Port>
      <P Name="PortNumber">1</P>
      <P Name="PropagatedSignals">wIEE</P>
      <P Name="ShowPropagatedSignals">on</P>
    </Port>
  </Block>
  <Block BlockType="Inport" Name="TIE" SID="77204">
    <P Name="Position">[160, -182, 190, -168]</P>
    <P Name="ZOrder">2</P>
    <P Name="BackgroundColor">yellow</P>
    <P Name="Port">2</P>
    <Port>
      <P Name="PortNumber">1</P>
      <P Name="PropagatedSignals">TIE</P>
      <P Name="ShowPropagatedSignals">on</P>
    </Port>
  </Block>
  <Block BlockType="Inport" Name="vBII" SID="77205">
    <P Name="Position">[420, -177, 450, -163]</P>
    <P Name="ZOrder">-1</P>
    <P Name="BackgroundColor">yellow</P>
    <P Name="Port">3</P>
    <Port>
      <P Name="PortNumber">1</P>
      <P Name="PropagatedSignals">vBII</P>
      <P Name="ShowPropagatedSignals">on</P>
    </Port>
  </Block>
  <Block BlockType="Inport" Name="pBII" SID="77206">
    <P Name="Position">[160, -97, 190, -83]</P>
    <P Name="ZOrder">3</P>
    <P Name="BackgroundColor">yellow</P>
    <P Name="Port">4</P>
    <Port>
      <P Name="PortNumber">1</P>
      <P Name="PropagatedSignals">pBII</P>
      <P Name="ShowPropagatedSignals">on</P>
    </Port>
  </Block>
  <Block BlockType="Sum" Name="Add" SID="77207">
    <P Name="Ports">[2, 1]</P>
    <P Name="Position">[490, -193, 515, -97]</P>
    <P Name="ZOrder">497</P>
    <P Name="ShowName">off</P>
    <P Name="IconShape">rectangular</P>
    <P Name="Inputs">+-</P>
    <Port>
      <P Name="PortNumber">1</P>
      <P Name="Name">vBEI</P>
      <P Name="DataLogging">on</P>
    </Port>
  </Block>
  <Block BlockType="Product" Name="Product" SID="77208">
    <P Name="Ports">[2, 1]</P>
    <P Name="Position">[245, -194, 285, -121]</P>
    <P Name="ZOrder">4</P>
    <P Name="ShowName">off</P>
    <P Name="Multiplication">Matrix(*)</P>
    <Port>
      <P Name="PortNumber">1</P>
      <P Name="Name">wIEI</P>
      <P Name="DataLogging">on</P>
    </Port>
  </Block>
  <Block BlockType="SubSystem" Name="cross_product" SID="77209">
    <P Name="Ports">[2, 1]</P>
    <P Name="Position">[330, -190, 410, -55]</P>
    <P Name="ZOrder">495</P>
    <P Name="RequestExecContextInheritance">off</P>
    <P Name="ContentPreviewEnabled">on</P>
    <Mask>
      <Display>disp(&apos; r3 = r1 x r2&apos;)</Display>
      <Description>cross product r3 = r1 x r2</Description>
      <Help>Name:

    cross_product

Description:

    This block implements the cross product r3 = r1 x r2.

Inputs  [size] [data type] [unit]:

    vector 1  [3] [double] [-]
    vector 2  [3] [double] [-]

Outputs  [size] [data type] [unit]:

    resulting vector  [3] [double] [-]
</Help>
    </Mask>
    <Port>
      <P Name="PortNumber">1</P>
      <P Name="Name">de_vBEI</P>
      <P Name="DataLogging">on</P>
    </Port>
    <System Ref="system_77209"/>
  </Block>
  <Block BlockType="Outport" Name="vBEI" SID="77227">
    <P Name="Position">[575, -152, 605, -138]</P>
    <P Name="ZOrder">-2</P>
    <P Name="BackgroundColor">orange</P>
    <P Name="VectorParamsAs1DForOutWhenUnconnected">off</P>
  </Block>
  <Line>
    <P Name="ZOrder">1</P>
    <P Name="Labels">[0, 1]</P>
    <P Name="Src">77204#out:1</P>
    <P Name="Dst">77208#in:1</P>
  </Line>
  <Line>
    <P Name="ZOrder">2</P>
    <P Name="Labels">[0, 1]</P>
    <P Name="Src">77203#out:1</P>
    <P Name="Dst">77208#in:2</P>
  </Line>
  <Line>
    <P Name="Name">wIEI</P>
    <P Name="ZOrder">3</P>
    <P Name="Labels">[0, 1]</P>
    <P Name="Src">77208#out:1</P>
    <P Name="Dst">77209#in:1</P>
  </Line>
  <Line>
    <P Name="ZOrder">4</P>
    <P Name="Labels">[0, 1]</P>
    <P Name="Src">77206#out:1</P>
    <P Name="Dst">77209#in:2</P>
  </Line>
  <Line>
    <P Name="Name">de_vBEI</P>
    <P Name="ZOrder">5</P>
    <P Name="Labels">[0, 1]</P>
    <P Name="Src">77209#out:1</P>
    <P Name="Dst">77207#in:2</P>
  </Line>
  <Line>
    <P Name="ZOrder">6</P>
    <P Name="Labels">[0, 1]</P>
    <P Name="Src">77205#out:1</P>
    <P Name="Dst">77207#in:1</P>
  </Line>
  <Line>
    <P Name="Name">vBEI</P>
    <P Name="ZOrder">7</P>
    <P Name="Labels">[0, 1]</P>
    <P Name="Src">77207#out:1</P>
    <P Name="Dst">77227#in:1</P>
  </Line>
</System>
