<?xml version="1.0" encoding="utf-8"?>
<System>
  <P Name="Location">[-7, -7, 1481, 871]</P>
  <P Name="SystemRect">[0.000000, 0.000000, 0.000000, 0.000000]</P>
  <P Name="SetExecutionDomain">off</P>
  <P Name="ExecutionDomainType">Deduce</P>
  <P Name="ZoomFactor">200</P>
  <P Name="SimulinkSubDomain">Simulink</P>
  <Block BlockType="Inport" Name="TIB" SID="79921">
    <P Name="Position">[50, 38, 80, 52]</P>
    <P Name="ZOrder">1700</P>
    <P Name="BackgroundColor">yellow</P>
    <Port>
      <P Name="PortNumber">1</P>
      <P Name="PropagatedSignals">TIB</P>
      <P Name="ShowPropagatedSignals">on</P>
    </Port>
  </Block>
  <Block BlockType="Inport" Name="wIEE" SID="79922">
    <P Name="Position">[50, 83, 80, 97]</P>
    <P Name="ZOrder">1701</P>
    <P Name="BackgroundColor">yellow</P>
    <P Name="Port">2</P>
    <Port>
      <P Name="PortNumber">1</P>
      <P Name="PropagatedSignals">wIEE</P>
      <P Name="ShowPropagatedSignals">on</P>
    </Port>
  </Block>
  <Block BlockType="Inport" Name="TIE" SID="79923">
    <P Name="Position">[50, 113, 80, 127]</P>
    <P Name="ZOrder">1702</P>
    <P Name="BackgroundColor">yellow</P>
    <P Name="Port">3</P>
    <Port>
      <P Name="PortNumber">1</P>
      <P Name="PropagatedSignals">TIE</P>
      <P Name="ShowPropagatedSignals">on</P>
    </Port>
  </Block>
  <Block BlockType="Inport" Name="VBII" SID="79924">
    <P Name="Position">[50, 143, 80, 157]</P>
    <P Name="ZOrder">1703</P>
    <P Name="BackgroundColor">yellow</P>
    <P Name="Port">4</P>
    <Port>
      <P Name="PortNumber">1</P>
      <P Name="PropagatedSignals">vBII</P>
      <P Name="ShowPropagatedSignals">on</P>
    </Port>
  </Block>
  <Block BlockType="Inport" Name="pBII" SID="79925">
    <P Name="Position">[50, 173, 80, 187]</P>
    <P Name="ZOrder">1709</P>
    <P Name="BackgroundColor">yellow</P>
    <P Name="Port">5</P>
    <Port>
      <P Name="PortNumber">1</P>
      <P Name="PropagatedSignals">pBII</P>
      <P Name="ShowPropagatedSignals">on</P>
    </Port>
  </Block>
  <Block BlockType="Inport" Name="wBIB" SID="79926">
    <P Name="Position">[330, 163, 360, 177]</P>
    <P Name="ZOrder">1704</P>
    <P Name="BackgroundColor">yellow</P>
    <P Name="Port">6</P>
    <Port>
      <P Name="PortNumber">1</P>
      <P Name="PropagatedSignals">wBIB</P>
      <P Name="ShowPropagatedSignals">on</P>
    </Port>
  </Block>
  <Block BlockType="Inport" Name="rho" SID="79927">
    <P Name="Position">[330, 208, 360, 222]</P>
    <P Name="ZOrder">1705</P>
    <P Name="BackgroundColor">yellow</P>
    <P Name="Port">7</P>
    <Port>
      <P Name="PortNumber">1</P>
      <P Name="PropagatedSignals">rho</P>
      <P Name="ShowPropagatedSignals">on</P>
    </Port>
  </Block>
  <Block BlockType="Inport" Name="sos" SID="79928">
    <P Name="Position">[330, 253, 360, 267]</P>
    <P Name="ZOrder">1706</P>
    <P Name="BackgroundColor">yellow</P>
    <P Name="Port">8</P>
    <Port>
      <P Name="PortNumber">1</P>
      <P Name="PropagatedSignals">sos</P>
      <P Name="ShowPropagatedSignals">on</P>
    </Port>
  </Block>
  <Block BlockType="Inport" Name="hBE" SID="79929">
    <P Name="Position">[330, 298, 360, 312]</P>
    <P Name="ZOrder">1707</P>
    <P Name="BackgroundColor">yellow</P>
    <P Name="Port">9</P>
    <Port>
      <P Name="PortNumber">1</P>
      <P Name="PropagatedSignals">hBE</P>
      <P Name="ShowPropagatedSignals">on</P>
    </Port>
  </Block>
  <Block BlockType="BusCreator" Name="Bus&#xA;Creator" SID="79930">
    <P Name="Ports">[9, 1]</P>
    <P Name="Position">[645, 96, 650, 314]</P>
    <P Name="ZOrder">1699</P>
    <P Name="ShowName">off</P>
    <P Name="Inputs">9</P>
    <P Name="DisplayOption">bar</P>
    <P Name="InheritFromInputs">on</P>
    <Port>
      <P Name="PortNumber">1</P>
      <P Name="Name">str_flow_bus</P>
    </Port>
  </Block>
  <Block BlockType="Math" Name="Math&#xA;Function" SID="79931">
    <P Name="Ports">[1, 1]</P>
    <P Name="Position">[185, 30, 215, 60]</P>
    <P Name="ZOrder">1671</P>
    <P Name="Operator">transpose</P>
    <P Name="SignedPower">on</P>
    <Port>
      <P Name="PortNumber">1</P>
      <P Name="Name">TBI</P>
    </Port>
  </Block>
  <Block BlockType="Product" Name="Product" SID="79932">
    <P Name="Ports">[2, 1]</P>
    <P Name="Position">[330, 107, 370, 143]</P>
    <P Name="ZOrder">1672</P>
    <P Name="ShowName">off</P>
    <P Name="Multiplication">Matrix(*)</P>
    <Port>
      <P Name="PortNumber">1</P>
      <P Name="Name">vBEB</P>
      <P Name="TestPoint">on</P>
      <P Name="DataLogging">on</P>
      <P Name="DataLoggingDecimateData">on</P>
      <P Name="DataLoggingDecimation">SL_decimation</P>
    </Port>
  </Block>
  <Block BlockType="SubSystem" Name="Subsystem1" SID="79933">
    <P Name="Ports">[4, 8]</P>
    <P Name="Position">[420, 98, 560, 287]</P>
    <P Name="ZOrder">1697</P>
    <P Name="RequestExecContextInheritance">off</P>
    <P Name="ContentPreviewEnabled">on</P>
    <Port>
      <P Name="PortNumber">1</P>
      <P Name="Name">alB</P>
      <P Name="PropagatedSignals">al</P>
      <P Name="TestPoint">on</P>
      <P Name="DataLogging">on</P>
      <P Name="DataLoggingDecimateData">on</P>
      <P Name="DataLoggingDecimation">SL_decimation</P>
    </Port>
    <Port>
      <P Name="PortNumber">2</P>
      <P Name="Name">beB</P>
      <P Name="PropagatedSignals">be</P>
      <P Name="TestPoint">on</P>
      <P Name="DataLogging">on</P>
      <P Name="DataLoggingDecimateData">on</P>
      <P Name="DataLoggingDecimation">SL_decimation</P>
    </Port>
    <Port>
      <P Name="PortNumber">3</P>
      <P Name="PropagatedSignals">qdynB</P>
      <P Name="ShowPropagatedSignals">on</P>
    </Port>
    <Port>
      <P Name="PortNumber">4</P>
      <P Name="PropagatedSignals">MaB</P>
      <P Name="ShowPropagatedSignals">on</P>
    </Port>
    <Port>
      <P Name="PortNumber">5</P>
      <P Name="PropagatedSignals">a_vB</P>
      <P Name="ShowPropagatedSignals">on</P>
    </Port>
    <Port>
      <P Name="PortNumber">6</P>
      <P Name="PropagatedSignals">wBIB_star</P>
      <P Name="ShowPropagatedSignals">on</P>
    </Port>
    <Port>
      <P Name="PortNumber">7</P>
      <P Name="Name">inB</P>
      <P Name="PropagatedSignals">th</P>
    </Port>
    <Port>
      <P Name="PortNumber">8</P>
      <P Name="Name">fiB</P>
      <P Name="PropagatedSignals">fi</P>
    </Port>
    <System Ref="system_79933"/>
  </Block>
  <Block BlockType="SubSystem" Name="velocity_vector_transformation" SID="79996">
    <P Name="Ports">[4, 1]</P>
    <P Name="Position">[140, 78, 260, 192]</P>
    <P Name="ZOrder">1683</P>
    <P Name="RequestExecContextInheritance">off</P>
    <P Name="ContentPreviewEnabled">on</P>
    <Port>
      <P Name="PortNumber">1</P>
      <P Name="PropagatedSignals">vBEI</P>
      <P Name="ShowPropagatedSignals">on</P>
    </Port>
    <System Ref="system_79996"/>
  </Block>
  <Block BlockType="Outport" Name="str_flow" SID="80022">
    <P Name="Position">[720, 198, 750, 212]</P>
    <P Name="ZOrder">1708</P>
    <P Name="BackgroundColor">orange</P>
    <P Name="VectorParamsAs1DForOutWhenUnconnected">off</P>
  </Block>
  <Line>
    <P Name="ZOrder">1</P>
    <P Name="Labels">[0, 1]</P>
    <P Name="Src">79933#out:4</P>
    <P Name="Dst">79930#in:4</P>
  </Line>
  <Line>
    <P Name="Name">TBI</P>
    <P Name="ZOrder">2</P>
    <P Name="Labels">[0, 1]</P>
    <P Name="Src">79931#out:1</P>
    <P Name="Points">[81, 0; 0, 70]</P>
    <P Name="Dst">79932#in:1</P>
  </Line>
  <Line>
    <P Name="Name">beB</P>
    <P Name="ZOrder">3</P>
    <P Name="Labels">[0, 1]</P>
    <P Name="Src">79933#out:2</P>
    <P Name="Dst">79930#in:2</P>
  </Line>
  <Line>
    <P Name="Name">fiB</P>
    <P Name="ZOrder">4</P>
    <P Name="Labels">[0, 1]</P>
    <P Name="Src">79933#out:8</P>
    <P Name="Dst">79930#in:8</P>
  </Line>
  <Line>
    <P Name="ZOrder">5</P>
    <P Name="Labels">[0, 1]</P>
    <P Name="Src">79924#out:1</P>
    <P Name="Dst">79996#in:3</P>
  </Line>
  <Line>
    <P Name="ZOrder">6</P>
    <P Name="Labels">[0, 1]</P>
    <P Name="Src">79933#out:5</P>
    <P Name="Dst">79930#in:5</P>
  </Line>
  <Line>
    <P Name="Name">vBEB</P>
    <P Name="ZOrder">7</P>
    <P Name="Labels">[0, 1]</P>
    <P Name="Src">79932#out:1</P>
    <P Name="Dst">79933#in:1</P>
  </Line>
  <Line>
    <P Name="ZOrder">8</P>
    <P Name="Labels">[0, 1]</P>
    <P Name="Src">79933#out:6</P>
    <P Name="Dst">79930#in:6</P>
  </Line>
  <Line>
    <P Name="ZOrder">9</P>
    <P Name="Labels">[0, 1]</P>
    <P Name="Src">79923#out:1</P>
    <P Name="Dst">79996#in:2</P>
  </Line>
  <Line>
    <P Name="ZOrder">10</P>
    <P Name="Labels">[0, 1]</P>
    <P Name="Src">79933#out:3</P>
    <P Name="Dst">79930#in:3</P>
  </Line>
  <Line>
    <P Name="ZOrder">11</P>
    <P Name="Labels">[0, 1]</P>
    <P Name="Src">79996#out:1</P>
    <P Name="Dst">79932#in:2</P>
  </Line>
  <Line>
    <P Name="Name">inB</P>
    <P Name="ZOrder">12</P>
    <P Name="Labels">[0, 1]</P>
    <P Name="Src">79933#out:7</P>
    <P Name="Dst">79930#in:7</P>
  </Line>
  <Line>
    <P Name="Name">alB</P>
    <P Name="ZOrder">13</P>
    <P Name="Labels">[0, 1]</P>
    <P Name="Src">79933#out:1</P>
    <P Name="Dst">79930#in:1</P>
  </Line>
  <Line>
    <P Name="ZOrder">14</P>
    <P Name="Labels">[0, 1]</P>
    <P Name="Src">79922#out:1</P>
    <P Name="Dst">79996#in:1</P>
  </Line>
  <Line>
    <P Name="Name">str_flow_bus</P>
    <P Name="ZOrder">15</P>
    <P Name="Labels">[0, 1]</P>
    <P Name="Src">79930#out:1</P>
    <P Name="Dst">80022#in:1</P>
  </Line>
  <Line>
    <P Name="ZOrder">16</P>
    <P Name="Labels">[0, 1]</P>
    <P Name="Src">79926#out:1</P>
    <P Name="Dst">79933#in:2</P>
  </Line>
  <Line>
    <P Name="ZOrder">17</P>
    <P Name="Labels">[0, 1]</P>
    <P Name="Src">79929#out:1</P>
    <P Name="Dst">79930#in:9</P>
  </Line>
  <Line>
    <P Name="ZOrder">18</P>
    <P Name="Labels">[0, 1]</P>
    <P Name="Src">79928#out:1</P>
    <P Name="Dst">79933#in:4</P>
  </Line>
  <Line>
    <P Name="ZOrder">19</P>
    <P Name="Labels">[0, 1]</P>
    <P Name="Src">79927#out:1</P>
    <P Name="Dst">79933#in:3</P>
  </Line>
  <Line>
    <P Name="ZOrder">20</P>
    <P Name="Labels">[0, 1]</P>
    <P Name="Src">79921#out:1</P>
    <P Name="Dst">79931#in:1</P>
  </Line>
  <Line>
    <P Name="ZOrder">21</P>
    <P Name="Labels">[0, 1]</P>
    <P Name="Src">79925#out:1</P>
    <P Name="Dst">79996#in:4</P>
  </Line>
</System>
