<?xml version="1.0" encoding="utf-8"?>
<System>
  <P Name="Location">[-7, -7, 1481, 871]</P>
  <P Name="SystemRect">[0.000000, 0.000000, 0.000000, 0.000000]</P>
  <P Name="SetExecutionDomain">off</P>
  <P Name="ExecutionDomainType">Deduce</P>
  <P Name="ZoomFactor">169</P>
  <P Name="SimulinkSubDomain">Simulink</P>
  <Block BlockType="Inport" Name="mot_kin" SID="76519">
    <P Name="Position">[1205, 8, 1235, 22]</P>
    <P Name="ZOrder">1698</P>
    <P Name="BackgroundColor">yellow</P>
    <Port>
      <P Name="PortNumber">1</P>
      <P Name="PropagatedSignals">motion_kin_bus</P>
      <P Name="ShowPropagatedSignals">on</P>
    </Port>
  </Block>
  <Block BlockType="Inport" Name="for_mom" SID="76520">
    <P Name="Position">[1045, 148, 1075, 162]</P>
    <P Name="ZOrder">1697</P>
    <P Name="BackgroundColor">yellow</P>
    <P Name="Port">2</P>
    <Port>
      <P Name="PortNumber">1</P>
      <P Name="PropagatedSignals">for_mom_bus</P>
      <P Name="ShowPropagatedSignals">on</P>
    </Port>
  </Block>
  <Block BlockType="Inport" Name="wab" SID="76521">
    <P Name="Position">[1045, 213, 1075, 227]</P>
    <P Name="ZOrder">1700</P>
    <P Name="BackgroundColor">yellow</P>
    <P Name="Port">3</P>
    <Port>
      <P Name="PortNumber">1</P>
      <P Name="PropagatedSignals">wab_bus</P>
      <P Name="ShowPropagatedSignals">on</P>
    </Port>
  </Block>
  <Block BlockType="BusCreator" Name="Bus&#xA;Creator" SID="76522">
    <P Name="Ports">[16, 1]</P>
    <P Name="Position">[1720, -70, 1725, 270]</P>
    <P Name="ZOrder">1708</P>
    <P Name="ShowName">off</P>
    <P Name="Inputs">16</P>
    <P Name="DisplayOption">bar</P>
    <P Name="InheritFromInputs">on</P>
    <Port>
      <P Name="PortNumber">1</P>
      <P Name="Name">flight_dyn_bus</P>
    </Port>
  </Block>
  <Block BlockType="SubSystem" Name="calc_bus_flight_dyn_bus_entries" SID="76523">
    <P Name="Ports">[2, 16]</P>
    <P Name="Position">[1340, -74, 1640, 274]</P>
    <P Name="ZOrder">1707</P>
    <P Name="RequestExecContextInheritance">off</P>
    <P Name="ContentPreviewEnabled">on</P>
    <Port>
      <P Name="PortNumber">1</P>
      <P Name="PropagatedSignals">aBIB</P>
      <P Name="ShowPropagatedSignals">on</P>
    </Port>
    <Port>
      <P Name="PortNumber">2</P>
      <P Name="PropagatedSignals">lon</P>
      <P Name="ShowPropagatedSignals">on</P>
    </Port>
    <Port>
      <P Name="PortNumber">3</P>
      <P Name="PropagatedSignals">lat</P>
      <P Name="ShowPropagatedSignals">on</P>
    </Port>
    <Port>
      <P Name="PortNumber">4</P>
      <P Name="PropagatedSignals">hBE</P>
      <P Name="ShowPropagatedSignals">on</P>
    </Port>
    <Port>
      <P Name="PortNumber">5</P>
      <P Name="PropagatedSignals">vBII</P>
      <P Name="ShowPropagatedSignals">on</P>
    </Port>
    <Port>
      <P Name="PortNumber">6</P>
      <P Name="PropagatedSignals">qIB</P>
      <P Name="ShowPropagatedSignals">on</P>
    </Port>
    <Port>
      <P Name="PortNumber">7</P>
      <P Name="PropagatedSignals">wBIB</P>
      <P Name="ShowPropagatedSignals">on</P>
    </Port>
    <Port>
      <P Name="PortNumber">8</P>
      <P Name="PropagatedSignals">d_wBIB</P>
      <P Name="ShowPropagatedSignals">on</P>
    </Port>
    <Port>
      <P Name="PortNumber">9</P>
      <P Name="PropagatedSignals">d_vBII</P>
      <P Name="ShowPropagatedSignals">on</P>
    </Port>
    <Port>
      <P Name="PortNumber">10</P>
      <P Name="PropagatedSignals">pBII</P>
      <P Name="ShowPropagatedSignals">on</P>
    </Port>
    <Port>
      <P Name="PortNumber">11</P>
      <P Name="PropagatedSignals">euIB</P>
      <P Name="ShowPropagatedSignals">on</P>
    </Port>
    <Port>
      <P Name="PortNumber">12</P>
      <P Name="PropagatedSignals">vBIB</P>
      <P Name="ShowPropagatedSignals">on</P>
    </Port>
    <Port>
      <P Name="PortNumber">13</P>
      <P Name="PropagatedSignals">qGB</P>
      <P Name="ShowPropagatedSignals">on</P>
    </Port>
    <Port>
      <P Name="PortNumber">14</P>
      <P Name="PropagatedSignals">euGB</P>
      <P Name="ShowPropagatedSignals">on</P>
    </Port>
    <Port>
      <P Name="PortNumber">15</P>
      <P Name="PropagatedSignals">euBG</P>
      <P Name="ShowPropagatedSignals">on</P>
    </Port>
    <System Ref="system_76523"/>
  </Block>
  <Block BlockType="SubSystem" Name="eom_6dof" SID="76906">
    <P Name="Ports">[2, 1]</P>
    <P Name="Position">[1155, 122, 1260, 253]</P>
    <P Name="ZOrder">1710</P>
    <P Name="RequestExecContextInheritance">off</P>
    <P Name="ContentPreviewEnabled">on</P>
    <Port>
      <P Name="PortNumber">1</P>
      <P Name="PropagatedSignals">eom_bus</P>
      <P Name="ShowPropagatedSignals">on</P>
    </Port>
    <System Ref="system_76906"/>
  </Block>
  <Block BlockType="Outport" Name="flight_dyn" SID="77118">
    <P Name="Position">[1805, 93, 1835, 107]</P>
    <P Name="ZOrder">1709</P>
    <P Name="BackgroundColor">orange</P>
    <P Name="VectorParamsAs1DForOutWhenUnconnected">off</P>
  </Block>
  <Line>
    <P Name="ZOrder">1</P>
    <P Name="Labels">[0, 1]</P>
    <P Name="Src">76519#out:1</P>
    <P Name="Dst">76523#in:1</P>
  </Line>
  <Line>
    <P Name="ZOrder">2</P>
    <P Name="Labels">[0, 1]</P>
    <P Name="Src">76523#out:1</P>
    <P Name="Dst">76522#in:1</P>
  </Line>
  <Line>
    <P Name="ZOrder">3</P>
    <P Name="Labels">[0, 1]</P>
    <P Name="Src">76523#out:2</P>
    <P Name="Dst">76522#in:2</P>
  </Line>
  <Line>
    <P Name="ZOrder">4</P>
    <P Name="Labels">[0, 1]</P>
    <P Name="Src">76523#out:3</P>
    <P Name="Dst">76522#in:3</P>
  </Line>
  <Line>
    <P Name="ZOrder">5</P>
    <P Name="Labels">[0, 1]</P>
    <P Name="Src">76523#out:4</P>
    <P Name="Dst">76522#in:4</P>
  </Line>
  <Line>
    <P Name="ZOrder">6</P>
    <P Name="Labels">[0, 1]</P>
    <P Name="Src">76523#out:5</P>
    <P Name="Dst">76522#in:5</P>
  </Line>
  <Line>
    <P Name="ZOrder">7</P>
    <P Name="Labels">[0, 1]</P>
    <P Name="Src">76523#out:6</P>
    <P Name="Dst">76522#in:6</P>
  </Line>
  <Line>
    <P Name="ZOrder">8</P>
    <P Name="Labels">[0, 1]</P>
    <P Name="Src">76523#out:7</P>
    <P Name="Dst">76522#in:7</P>
  </Line>
  <Line>
    <P Name="ZOrder">9</P>
    <P Name="Labels">[0, 1]</P>
    <P Name="Src">76523#out:8</P>
    <P Name="Dst">76522#in:8</P>
  </Line>
  <Line>
    <P Name="ZOrder">10</P>
    <P Name="Labels">[0, 1]</P>
    <P Name="Src">76523#out:9</P>
    <P Name="Dst">76522#in:9</P>
  </Line>
  <Line>
    <P Name="Name">flight_dyn_bus</P>
    <P Name="ZOrder">11</P>
    <P Name="Labels">[0, 1]</P>
    <P Name="Src">76522#out:1</P>
    <P Name="Dst">77118#in:1</P>
  </Line>
  <Line>
    <P Name="ZOrder">12</P>
    <P Name="Labels">[0, 1]</P>
    <P Name="Src">76520#out:1</P>
    <P Name="Dst">76906#in:1</P>
  </Line>
  <Line>
    <P Name="ZOrder">13</P>
    <P Name="Labels">[0, 1]</P>
    <P Name="Src">76521#out:1</P>
    <P Name="Dst">76906#in:2</P>
  </Line>
  <Line>
    <P Name="ZOrder">14</P>
    <P Name="Labels">[0, 1]</P>
    <P Name="Src">76906#out:1</P>
    <P Name="Dst">76523#in:2</P>
  </Line>
  <Line>
    <P Name="ZOrder">15</P>
    <P Name="Labels">[0, 1]</P>
    <P Name="Src">76523#out:10</P>
    <P Name="Dst">76522#in:10</P>
  </Line>
  <Line>
    <P Name="ZOrder">16</P>
    <P Name="Labels">[0, 1]</P>
    <P Name="Src">76523#out:11</P>
    <P Name="Dst">76522#in:11</P>
  </Line>
  <Line>
    <P Name="ZOrder">17</P>
    <P Name="Labels">[0, 1]</P>
    <P Name="Src">76523#out:12</P>
    <P Name="Dst">76522#in:12</P>
  </Line>
  <Line>
    <P Name="ZOrder">18</P>
    <P Name="Labels">[0, 1]</P>
    <P Name="Src">76523#out:13</P>
    <P Name="Dst">76522#in:13</P>
  </Line>
  <Line>
    <P Name="ZOrder">19</P>
    <P Name="Labels">[0, 1]</P>
    <P Name="Src">76523#out:14</P>
    <P Name="Dst">76522#in:14</P>
  </Line>
  <Line>
    <P Name="ZOrder">20</P>
    <P Name="Labels">[0, 1]</P>
    <P Name="Src">76523#out:15</P>
    <P Name="Dst">76522#in:15</P>
  </Line>
  <Line>
    <P Name="ZOrder">21</P>
    <P Name="Src">76523#out:16</P>
    <P Name="Dst">76522#in:16</P>
  </Line>
</System>
