<?xml version="1.0" encoding="utf-8"?>
<System>
  <P Name="Location">[207, 53, 2019, 1216]</P>
  <P Name="SystemRect">[0.000000, 0.000000, 0.000000, 0.000000]</P>
  <P Name="SetExecutionDomain">off</P>
  <P Name="ExecutionDomainType">Deduce</P>
  <P Name="ZoomFactor">69</P>
  <P Name="SimulinkSubDomain">Simulink</P>
  <Block BlockType="Inport" Name="siB_cmd" SID="77665">
    <P Name="Position">[780, 498, 810, 512]</P>
    <P Name="ZOrder">5198</P>
    <P Name="BackgroundColor">yellow</P>
    <Port>
      <P Name="PortNumber">1</P>
      <P Name="PropagatedSignals">siB_cmd</P>
      <P Name="ShowPropagatedSignals">on</P>
    </Port>
  </Block>
  <Block BlockType="Inport" Name="T_sim_glbl" SID="77666">
    <P Name="Position">[780, 718, 810, 732]</P>
    <P Name="ZOrder">5199</P>
    <P Name="BackgroundColor">yellow</P>
    <P Name="Port">2</P>
    <Port>
      <P Name="PortNumber">1</P>
      <P Name="PropagatedSignals">env_glbl_bus</P>
      <P Name="ShowPropagatedSignals">on</P>
    </Port>
  </Block>
  <Block BlockType="BusCreator" Name="Bus&#xA;Creator" SID="77667">
    <P Name="Ports">[9, 1]</P>
    <P Name="Position">[2710, 595, 2715, 1015]</P>
    <P Name="ZOrder">5201</P>
    <P Name="ShowName">off</P>
    <P Name="Inputs">9</P>
    <P Name="DisplayOption">bar</P>
    <P Name="InheritFromInputs">on</P>
    <Port>
      <P Name="PortNumber">1</P>
      <P Name="Name">airfr_bus</P>
    </Port>
  </Block>
  <Block BlockType="From" Name="From" SID="77668">
    <P Name="Position">[2550, 970, 2620, 1000]</P>
    <P Name="ZOrder">5219</P>
    <P Name="GotoTag">env</P>
    <Port>
      <P Name="PortNumber">1</P>
      <P Name="PropagatedSignals">env_bus</P>
      <P Name="ShowPropagatedSignals">on</P>
    </Port>
  </Block>
  <Block BlockType="From" Name="From1" SID="77669">
    <P Name="Position">[1620, 522, 1680, 548]</P>
    <P Name="ZOrder">5195</P>
    <P Name="GotoTag">wab</P>
    <Port>
      <P Name="PortNumber">1</P>
      <P Name="PropagatedSignals">wab_bus</P>
      <P Name="ShowPropagatedSignals">on</P>
    </Port>
  </Block>
  <Block BlockType="From" Name="From10" SID="77670">
    <P Name="Position">[2550, 880, 2620, 910]</P>
    <P Name="ZOrder">5213</P>
    <P Name="GotoTag">fin</P>
    <Port>
      <P Name="PortNumber">1</P>
      <P Name="PropagatedSignals">fin_bus</P>
      <P Name="ShowPropagatedSignals">on</P>
    </Port>
  </Block>
  <Block BlockType="From" Name="From11" SID="77671">
    <P Name="Position">[2550, 925, 2620, 955]</P>
    <P Name="ZOrder">5215</P>
    <P Name="GotoTag">prp</P>
    <Port>
      <P Name="PortNumber">1</P>
      <P Name="PropagatedSignals">prp_bus</P>
      <P Name="ShowPropagatedSignals">on</P>
    </Port>
  </Block>
  <Block BlockType="From" Name="From12" SID="77672">
    <P Name="Position">[1905, 715, 1975, 745]</P>
    <P Name="ZOrder">5216</P>
    <P Name="GotoTag">prp</P>
    <Port>
      <P Name="PortNumber">1</P>
      <P Name="PropagatedSignals">prp_bus</P>
      <P Name="ShowPropagatedSignals">on</P>
    </Port>
  </Block>
  <Block BlockType="From" Name="From13" SID="77673">
    <P Name="Position">[2225, 580, 2295, 610]</P>
    <P Name="ZOrder">5217</P>
    <P Name="GotoTag">motion_kin</P>
    <Port>
      <P Name="PortNumber">1</P>
      <P Name="PropagatedSignals">motion_kin_bus</P>
      <P Name="ShowPropagatedSignals">on</P>
    </Port>
  </Block>
  <Block BlockType="From" Name="From2" SID="77674">
    <P Name="Position">[1620, 552, 1680, 578]</P>
    <P Name="ZOrder">5197</P>
    <P Name="GotoTag">env_glbl</P>
    <Port>
      <P Name="PortNumber">1</P>
      <P Name="PropagatedSignals">env_glbl_bus</P>
      <P Name="ShowPropagatedSignals">on</P>
    </Port>
  </Block>
  <Block BlockType="From" Name="From4" SID="77675">
    <P Name="Position">[2550, 655, 2620, 685]</P>
    <P Name="ZOrder">5202</P>
    <P Name="GotoTag">wab</P>
    <Port>
      <P Name="PortNumber">1</P>
      <P Name="PropagatedSignals">wab_bus</P>
      <P Name="ShowPropagatedSignals">on</P>
    </Port>
  </Block>
  <Block BlockType="From" Name="From5" SID="77676">
    <P Name="Position">[2550, 700, 2620, 730]</P>
    <P Name="ZOrder">5204</P>
    <P Name="GotoTag">grav</P>
    <Port>
      <P Name="PortNumber">1</P>
      <P Name="PropagatedSignals">grav_bus</P>
      <P Name="ShowPropagatedSignals">on</P>
    </Port>
  </Block>
  <Block BlockType="From" Name="From6" SID="77677">
    <P Name="Position">[2550, 745, 2620, 775]</P>
    <P Name="ZOrder">5206</P>
    <P Name="GotoTag">aero</P>
    <Port>
      <P Name="PortNumber">1</P>
      <P Name="PropagatedSignals">aero_bus</P>
      <P Name="ShowPropagatedSignals">on</P>
    </Port>
  </Block>
  <Block BlockType="From" Name="From7" SID="77678">
    <P Name="Position">[2550, 790, 2620, 820]</P>
    <P Name="ZOrder">5208</P>
    <P Name="GotoTag">str_flow</P>
    <Port>
      <P Name="PortNumber">1</P>
      <P Name="PropagatedSignals">str_flow_bus</P>
      <P Name="ShowPropagatedSignals">on</P>
    </Port>
  </Block>
  <Block BlockType="From" Name="From8" SID="77679">
    <P Name="Position">[2550, 835, 2620, 865]</P>
    <P Name="ZOrder">5210</P>
    <P Name="GotoTag">motion_kin</P>
    <Port>
      <P Name="PortNumber">1</P>
      <P Name="PropagatedSignals">motion_kin_bus</P>
      <P Name="ShowPropagatedSignals">on</P>
    </Port>
  </Block>
  <Block BlockType="From" Name="From9" SID="77680">
    <P Name="Position">[1905, 575, 1975, 605]</P>
    <P Name="ZOrder">5211</P>
    <P Name="GotoTag">motion_kin</P>
    <Port>
      <P Name="PortNumber">1</P>
      <P Name="PropagatedSignals">motion_kin_bus</P>
      <P Name="ShowPropagatedSignals">on</P>
    </Port>
  </Block>
  <Block BlockType="Goto" Name="Goto" SID="77681">
    <P Name="Position">[1585, 845, 1625, 875]</P>
    <P Name="ZOrder">5194</P>
    <P Name="GotoTag">wab</P>
  </Block>
  <Block BlockType="Goto" Name="Goto1" SID="77682">
    <P Name="Position">[1010, 667, 1070, 693]</P>
    <P Name="ZOrder">5196</P>
    <P Name="GotoTag">env_glbl</P>
  </Block>
  <Block BlockType="Goto" Name="Goto2" SID="77683">
    <P Name="Position">[1820, 715, 1860, 745]</P>
    <P Name="ZOrder">5203</P>
    <P Name="GotoTag">grav</P>
  </Block>
  <Block BlockType="Goto" Name="Goto3" SID="77684">
    <P Name="Position">[2005, 442, 2060, 468]</P>
    <P Name="ZOrder">5205</P>
    <P Name="GotoTag">aero</P>
  </Block>
  <Block BlockType="Goto" Name="Goto4" SID="77685">
    <P Name="Position">[2005, 412, 2060, 438]</P>
    <P Name="ZOrder">5207</P>
    <P Name="GotoTag">str_flow</P>
  </Block>
  <Block BlockType="Goto" Name="Goto5" SID="77686">
    <P Name="Position">[1340, 460, 1410, 490]</P>
    <P Name="ZOrder">5209</P>
    <P Name="GotoTag">motion_kin</P>
  </Block>
  <Block BlockType="Goto" Name="Goto6" SID="77687">
    <P Name="Position">[1340, 520, 1410, 550]</P>
    <P Name="ZOrder">5212</P>
    <P Name="GotoTag">fin</P>
  </Block>
  <Block BlockType="Goto" Name="Goto7" SID="77688">
    <P Name="Position">[1475, 787, 1535, 813]</P>
    <P Name="ZOrder">5214</P>
    <P Name="GotoTag">prp</P>
  </Block>
  <Block BlockType="Goto" Name="Goto8" SID="77689">
    <P Name="Position">[1355, 665, 1395, 695]</P>
    <P Name="ZOrder">5218</P>
    <P Name="GotoTag">env</P>
  </Block>
  <Block BlockType="SubSystem" Name="aerodynamics" SID="77690">
    <P Name="Ports">[4, 1]</P>
    <P Name="Position">[1760, 458, 1890, 582]</P>
    <P Name="ZOrder">5187</P>
    <P Name="RequestExecContextInheritance">off</P>
    <P Name="ContentPreviewEnabled">on</P>
    <Port>
      <P Name="PortNumber">1</P>
      <P Name="PropagatedSignals">aero_bus</P>
      <P Name="ShowPropagatedSignals">on</P>
    </Port>
    <System Ref="system_77690"/>
  </Block>
  <Block BlockType="SubSystem" Name="environment" SID="78154">
    <P Name="Ports">[2, 1]</P>
    <P Name="Position">[1140, 680, 1270, 740]</P>
    <P Name="ZOrder">5183</P>
    <P Name="RequestExecContextInheritance">off</P>
    <P Name="ContentPreviewEnabled">on</P>
    <Port>
      <P Name="PortNumber">1</P>
      <P Name="PropagatedSignals">env_bus</P>
      <P Name="ShowPropagatedSignals">on</P>
    </Port>
    <System Ref="system_78154"/>
  </Block>
  <Block BlockType="SubSystem" Name="fin_actuators" SID="78285">
    <P Name="Ports">[1, 1]</P>
    <P Name="Position">[1130, 475, 1260, 535]</P>
    <P Name="ZOrder">5184</P>
    <P Name="RequestExecContextInheritance">off</P>
    <P Name="ContentPreviewEnabled">on</P>
    <Port>
      <P Name="PortNumber">1</P>
      <P Name="PropagatedSignals">fin_bus</P>
      <P Name="ShowPropagatedSignals">on</P>
    </Port>
    <System Ref="system_78285"/>
  </Block>
  <Block BlockType="SubSystem" Name="forces_moments" SID="78433">
    <P Name="Ports">[4, 1]</P>
    <P Name="Position">[2055, 482, 2205, 768]</P>
    <P Name="ZOrder">5188</P>
    <P Name="RequestExecContextInheritance">off</P>
    <P Name="ContentPreviewEnabled">on</P>
    <Port>
      <P Name="PortNumber">1</P>
      <P Name="PropagatedSignals">for_mom_bus</P>
      <P Name="ShowPropagatedSignals">on</P>
    </Port>
    <System Ref="system_78433"/>
  </Block>
  <Block BlockType="SubSystem" Name="gravity" SID="78448">
    <P Name="Ports">[2, 1]</P>
    <P Name="Position">[1585, 689, 1715, 771]</P>
    <P Name="ZOrder">5190</P>
    <P Name="RequestExecContextInheritance">off</P>
    <P Name="ContentPreviewEnabled">on</P>
    <Port>
      <P Name="PortNumber">1</P>
      <P Name="PropagatedSignals">grav_bus</P>
      <P Name="ShowPropagatedSignals">on</P>
    </Port>
    <System Ref="system_78448"/>
  </Block>
  <Block BlockType="SubSystem" Name="input" SID="78564">
    <P Name="Ports">[1, 1]</P>
    <P Name="Position">[890, 471, 1025, 539]</P>
    <P Name="ZOrder">5193</P>
    <P Name="RequestExecContextInheritance">off</P>
    <P Name="ContentPreviewEnabled">on</P>
    <Port>
      <P Name="PortNumber">1</P>
      <P Name="PropagatedSignals">cmd_bus</P>
      <P Name="ShowPropagatedSignals">on</P>
    </Port>
    <System Ref="system_78564"/>
  </Block>
  <Block BlockType="SubSystem" Name="motion_kinematics" SID="78568">
    <P Name="Ports">[1, 1]</P>
    <P Name="Position">[1130, 397, 1260, 453]</P>
    <P Name="ZOrder">5185</P>
    <P Name="RequestExecContextInheritance">off</P>
    <P Name="ContentPreviewEnabled">on</P>
    <Port>
      <P Name="PortNumber">1</P>
      <P Name="PropagatedSignals">motion_kin_bus</P>
      <P Name="ShowPropagatedSignals">on</P>
    </Port>
    <System Ref="system_78568"/>
  </Block>
  <Block BlockType="SubSystem" Name="propulsion" SID="79098">
    <P Name="Ports">[2, 1]</P>
    <P Name="Position">[1260, 768, 1390, 832]</P>
    <P Name="ZOrder">5192</P>
    <P Name="RequestExecContextInheritance">off</P>
    <Port>
      <P Name="PortNumber">1</P>
      <P Name="PropagatedSignals">prp_bus</P>
      <P Name="ShowPropagatedSignals">on</P>
    </Port>
    <System Ref="system_79098"/>
  </Block>
  <Block BlockType="SubSystem" Name="rb_eom" SID="79312">
    <P Name="Ports">[3, 1]</P>
    <P Name="Position">[2375, 579, 2530, 671]</P>
    <P Name="ZOrder">5189</P>
    <P Name="RequestExecContextInheritance">off</P>
    <P Name="ContentPreviewEnabled">on</P>
    <Port>
      <P Name="PortNumber">1</P>
      <P Name="PropagatedSignals">flight_dyn_bus</P>
      <P Name="ShowPropagatedSignals">on</P>
    </Port>
    <System Ref="system_79312"/>
  </Block>
  <Block BlockType="SubSystem" Name="stream_flow" SID="79913">
    <P Name="Ports">[3, 1]</P>
    <P Name="Position">[1475, 368, 1605, 482]</P>
    <P Name="ZOrder">5186</P>
    <P Name="RequestExecContextInheritance">off</P>
    <P Name="ContentPreviewEnabled">on</P>
    <Port>
      <P Name="PortNumber">1</P>
      <P Name="PropagatedSignals">str_flow_bus</P>
      <P Name="ShowPropagatedSignals">on</P>
    </Port>
    <System Ref="system_79913"/>
  </Block>
  <Block BlockType="SubSystem" Name="weight_and_balance" SID="80024">
    <P Name="Ports">[1, 1]</P>
    <P Name="Position">[1030, 828, 1160, 892]</P>
    <P Name="ZOrder">5191</P>
    <P Name="RequestExecContextInheritance">off</P>
    <Port>
      <P Name="PortNumber">1</P>
      <P Name="PropagatedSignals">wab_bus</P>
      <P Name="ShowPropagatedSignals">on</P>
    </Port>
    <System Ref="system_80024"/>
  </Block>
  <Block BlockType="Outport" Name="airfr" SID="80352">
    <P Name="Position">[2775, 798, 2805, 812]</P>
    <P Name="ZOrder">5200</P>
    <P Name="BackgroundColor">orange</P>
    <P Name="VectorParamsAs1DForOutWhenUnconnected">off</P>
  </Block>
  <Line>
    <P Name="ZOrder">1</P>
    <P Name="Labels">[0, 1]</P>
    <P Name="Src">78433#out:1</P>
    <P Name="Dst">79312#in:2</P>
  </Line>
  <Line>
    <P Name="ZOrder">2</P>
    <P Name="Labels">[0, 1]</P>
    <P Name="Src">77668#out:1</P>
    <P Name="Dst">77667#in:9</P>
  </Line>
  <Line>
    <P Name="ZOrder">3</P>
    <P Name="Labels">[0, 1]</P>
    <P Name="Src">77670#out:1</P>
    <P Name="Dst">77667#in:7</P>
  </Line>
  <Line>
    <P Name="ZOrder">4</P>
    <P Name="Labels">[1, 0]</P>
    <P Name="Src">77679#out:1</P>
    <P Name="Dst">77667#in:6</P>
  </Line>
  <Line>
    <P Name="ZOrder">5</P>
    <P Name="Labels">[0, 1]</P>
    <P Name="Src">77674#out:1</P>
    <P Name="Dst">77690#in:4</P>
  </Line>
  <Line>
    <P Name="ZOrder">6</P>
    <P Name="Labels">[0, 1]</P>
    <P Name="Src">77690#out:1</P>
    <P Name="Points">[64, 0]</P>
    <Branch>
      <P Name="ZOrder">7</P>
      <P Name="Dst">78433#in:1</P>
    </Branch>
    <Branch>
      <P Name="ZOrder">8</P>
      <P Name="Points">[0, -65]</P>
      <P Name="Dst">77684#in:1</P>
    </Branch>
  </Line>
  <Line>
    <P Name="ZOrder">9</P>
    <P Name="Labels">[0, 1]</P>
    <P Name="Src">77673#out:1</P>
    <P Name="Dst">79312#in:1</P>
  </Line>
  <Line>
    <P Name="ZOrder">10</P>
    <P Name="Labels">[0, 1]</P>
    <P Name="Src">80024#out:1</P>
    <P Name="Points">[54, 0]</P>
    <Branch>
      <P Name="ZOrder">11</P>
      <P Name="Points">[341, 0]</P>
      <Branch>
        <P Name="ZOrder">12</P>
        <P Name="Points">[0, -60]</P>
        <Branch>
          <P Name="ZOrder">13</P>
          <P Name="Points">[725, 0; 0, -145]</P>
          <P Name="Dst">79312#in:3</P>
        </Branch>
        <Branch>
          <P Name="ZOrder">14</P>
          <P Name="Points">[0, -50]</P>
          <P Name="Dst">78448#in:2</P>
        </Branch>
      </Branch>
      <Branch>
        <P Name="ZOrder">15</P>
        <P Name="Dst">77681#in:1</P>
      </Branch>
    </Branch>
    <Branch>
      <P Name="ZOrder">16</P>
      <P Name="Labels">[2, 0]</P>
      <P Name="Points">[0, -45]</P>
      <P Name="Dst">79098#in:2</P>
    </Branch>
  </Line>
  <Line>
    <P Name="ZOrder">17</P>
    <P Name="Labels">[0, 1]</P>
    <P Name="Src">77669#out:1</P>
    <P Name="Dst">77690#in:3</P>
  </Line>
  <Line>
    <P Name="ZOrder">18</P>
    <P Name="Labels">[0, 1]</P>
    <P Name="Src">77678#out:1</P>
    <P Name="Dst">77667#in:5</P>
  </Line>
  <Line>
    <P Name="ZOrder">19</P>
    <P Name="Labels">[1, 0]</P>
    <P Name="Src">77680#out:1</P>
    <P Name="Dst">78433#in:2</P>
  </Line>
  <Line>
    <P Name="ZOrder">20</P>
    <P Name="Labels">[1, 0]</P>
    <P Name="Src">78568#out:1</P>
    <P Name="Points">[50, 0]</P>
    <Branch>
      <P Name="ZOrder">21</P>
      <P Name="Dst">79913#in:2</P>
    </Branch>
    <Branch>
      <P Name="ZOrder">22</P>
      <P Name="Points">[0, 50]</P>
      <P Name="Dst">77686#in:1</P>
    </Branch>
  </Line>
  <Line>
    <P Name="ZOrder">23</P>
    <P Name="Labels">[0, 1]</P>
    <P Name="Src">77676#out:1</P>
    <P Name="Dst">77667#in:3</P>
  </Line>
  <Line>
    <P Name="Name">airfr_bus</P>
    <P Name="ZOrder">24</P>
    <P Name="Labels">[0, 1]</P>
    <P Name="Src">77667#out:1</P>
    <P Name="Dst">80352#in:1</P>
  </Line>
  <Line>
    <P Name="ZOrder">25</P>
    <P Name="Labels">[0, 1]</P>
    <P Name="Src">77677#out:1</P>
    <P Name="Dst">77667#in:4</P>
  </Line>
  <Line>
    <P Name="ZOrder">26</P>
    <P Name="Labels">[0, 1]</P>
    <P Name="Src">78154#out:1</P>
    <P Name="Points">[54, 0]</P>
    <Branch>
      <P Name="ZOrder">27</P>
      <P Name="Points">[0, -30]</P>
      <P Name="Dst">77689#in:1</P>
    </Branch>
    <Branch>
      <P Name="ZOrder">28</P>
      <P Name="Points">[103, 0]</P>
      <Branch>
        <P Name="ZOrder">29</P>
        <P Name="Points">[0, -245]</P>
        <P Name="Dst">79913#in:3</P>
      </Branch>
      <Branch>
        <P Name="ZOrder">30</P>
        <P Name="Dst">78448#in:1</P>
      </Branch>
    </Branch>
  </Line>
  <Line>
    <P Name="ZOrder">31</P>
    <P Name="Labels">[0, 1]</P>
    <P Name="Src">77672#out:1</P>
    <P Name="Dst">78433#in:4</P>
  </Line>
  <Line>
    <P Name="ZOrder">32</P>
    <P Name="Labels">[0, 1]</P>
    <P Name="Src">77671#out:1</P>
    <P Name="Dst">77667#in:8</P>
  </Line>
  <Line>
    <P Name="ZOrder">33</P>
    <P Name="Labels">[0, 1]</P>
    <P Name="Src">79913#out:1</P>
    <P Name="Points">[104, 0]</P>
    <Branch>
      <P Name="ZOrder">34</P>
      <P Name="Dst">77685#in:1</P>
    </Branch>
    <Branch>
      <P Name="ZOrder">35</P>
      <P Name="Points">[0, 50]</P>
      <P Name="Dst">77690#in:1</P>
    </Branch>
  </Line>
  <Line>
    <P Name="ZOrder">36</P>
    <P Name="Labels">[0, 1]</P>
    <P Name="Src">78564#out:1</P>
    <P Name="Dst">78285#in:1</P>
  </Line>
  <Line>
    <P Name="ZOrder">37</P>
    <P Name="Labels">[0, 1]</P>
    <P Name="Src">77675#out:1</P>
    <P Name="Dst">77667#in:2</P>
  </Line>
  <Line>
    <P Name="ZOrder">38</P>
    <P Name="Labels">[0, 1]</P>
    <P Name="Src">78448#out:1</P>
    <P Name="Points">[55, 0]</P>
    <Branch>
      <P Name="ZOrder">39</P>
      <P Name="Dst">77683#in:1</P>
    </Branch>
    <Branch>
      <P Name="ZOrder">40</P>
      <P Name="Points">[0, -70]</P>
      <P Name="Dst">78433#in:3</P>
    </Branch>
  </Line>
  <Line>
    <P Name="ZOrder">41</P>
    <P Name="Labels">[0, 1]</P>
    <P Name="Src">77666#out:1</P>
    <P Name="Points">[177, 0]</P>
    <Branch>
      <P Name="ZOrder">42</P>
      <P Name="Labels">[-1, 1]</P>
      <P Name="Points">[0, -45]</P>
      <P Name="Dst">77682#in:1</P>
    </Branch>
    <Branch>
      <P Name="ZOrder">43</P>
      <P Name="Dst">78154#in:2</P>
    </Branch>
    <Branch>
      <P Name="ZOrder">44</P>
      <P Name="Points">[0, 60]</P>
      <Branch>
        <P Name="ZOrder">45</P>
        <P Name="Labels">[1, 1]</P>
        <P Name="Points">[0, 75]</P>
        <P Name="Dst">80024#in:1</P>
      </Branch>
      <Branch>
        <P Name="ZOrder">46</P>
        <P Name="Dst">79098#in:1</P>
      </Branch>
    </Branch>
  </Line>
  <Line>
    <P Name="ZOrder">47</P>
    <P Name="Labels">[0, 1]</P>
    <P Name="Src">77665#out:1</P>
    <P Name="Dst">78564#in:1</P>
  </Line>
  <Line>
    <P Name="ZOrder">48</P>
    <P Name="Labels">[0, 1]</P>
    <P Name="Src">79312#out:1</P>
    <P Name="Points">[82, 0]</P>
    <Branch>
      <P Name="ZOrder">49</P>
      <P Name="Points">[0, -277; -1201, 0; 0, 37]</P>
      <Branch>
        <P Name="ZOrder">50</P>
        <P Name="Points">[-325, 0; 0, 40]</P>
        <Branch>
          <P Name="ZOrder">51</P>
          <P Name="Points">[0, 270]</P>
          <P Name="Dst">78154#in:1</P>
        </Branch>
        <Branch>
          <P Name="ZOrder">52</P>
          <P Name="Dst">78568#in:1</P>
        </Branch>
      </Branch>
      <Branch>
        <P Name="ZOrder">53</P>
        <P Name="Dst">79913#in:1</P>
      </Branch>
    </Branch>
    <Branch>
      <P Name="ZOrder">54</P>
      <P Name="Dst">77667#in:1</P>
    </Branch>
  </Line>
  <Line>
    <P Name="ZOrder">55</P>
    <P Name="Labels">[0, 1]</P>
    <P Name="Src">78285#out:1</P>
    <P Name="Points">[50, 0]</P>
    <Branch>
      <P Name="ZOrder">56</P>
      <P Name="Points">[0, 30]</P>
      <P Name="Dst">77687#in:1</P>
    </Branch>
    <Branch>
      <P Name="ZOrder">57</P>
      <P Name="Dst">77690#in:2</P>
    </Branch>
  </Line>
  <Line>
    <P Name="ZOrder">58</P>
    <P Name="Labels">[0, 1]</P>
    <P Name="Src">79098#out:1</P>
    <P Name="Dst">77688#in:1</P>
  </Line>
</System>
