<?xml version="1.0" encoding="utf-8"?>
<System>
  <P Name="Location">[-1927, -543, 8, 632]</P>
  <P Name="SystemRect">[0.000000, 0.000000, 0.000000, 0.000000]</P>
  <P Name="SetExecutionDomain">off</P>
  <P Name="ExecutionDomainType">Deduce</P>
  <P Name="SimulinkSubDomain">Simulink</P>
  <Block BlockType="Inport" Name="qIB" SID="79820">
    <P Name="Position">[115, 258, 145, 272]</P>
    <P Name="ZOrder">911</P>
    <P Name="BackgroundColor">yellow</P>
  </Block>
  <Block BlockType="Inport" Name="wBIB" SID="79821">
    <P Name="Position">[-295, 218, -265, 232]</P>
    <P Name="ZOrder">910</P>
    <P Name="BackgroundColor">yellow</P>
    <P Name="Port">2</P>
  </Block>
  <Block BlockType="Sum" Name="Add" SID="79822">
    <P Name="Ports">[4, 1]</P>
    <P Name="Position">[75, 38, 100, 432]</P>
    <P Name="ZOrder">890</P>
    <P Name="ShowName">off</P>
    <P Name="IconShape">rectangular</P>
    <P Name="Inputs">++++</P>
    <Port>
      <P Name="PortNumber">1</P>
      <P Name="Name">Q(w&apos;)</P>
    </Port>
  </Block>
  <Block BlockType="Constant" Name="Constant" SID="79823">
    <P Name="Position">[-265, 260, -235, 290]</P>
    <P Name="ZOrder">916</P>
    <P Name="ForegroundColor">orange</P>
    <P Name="ShowName">off</P>
    <P Name="Value">0</P>
  </Block>
  <Block BlockType="Demux" Name="Demux" SID="79824">
    <P Name="Ports">[1, 3]</P>
    <P Name="Position">[-225, 186, -220, 264]</P>
    <P Name="ZOrder">914</P>
    <P Name="ShowName">off</P>
    <P Name="Outputs">3</P>
  </Block>
  <Block BlockType="Demux" Name="Demux1" SID="79825">
    <P Name="Ports">[1, 4]</P>
    <P Name="Position">[-135, 42, -130, 438]</P>
    <P Name="ZOrder">885</P>
    <P Name="ShowName">off</P>
    <Port>
      <P Name="PortNumber">1</P>
      <P Name="Name">w1</P>
    </Port>
    <Port>
      <P Name="PortNumber">2</P>
      <P Name="Name">w2</P>
    </Port>
    <Port>
      <P Name="PortNumber">3</P>
      <P Name="Name">w3</P>
    </Port>
    <Port>
      <P Name="PortNumber">4</P>
      <P Name="Name">w4</P>
    </Port>
  </Block>
  <Block BlockType="Gain" Name="Gain" SID="79826">
    <P Name="Position">[410, 235, 440, 265]</P>
    <P Name="ZOrder">909</P>
    <P Name="ShowName">off</P>
    <P Name="Gain">0.5</P>
    <Port>
      <P Name="PortNumber">1</P>
      <P Name="Name">d_qBI</P>
    </Port>
  </Block>
  <Block BlockType="Product" Name="Product2" SID="79827">
    <P Name="Ports">[2, 1]</P>
    <P Name="Position">[20, 67, 50, 98]</P>
    <P Name="ZOrder">891</P>
    <P Name="ShowName">off</P>
  </Block>
  <Block BlockType="Product" Name="Product3" SID="79828">
    <P Name="Ports">[2, 1]</P>
    <P Name="Position">[20, 167, 50, 198]</P>
    <P Name="ZOrder">892</P>
    <P Name="ShowName">off</P>
  </Block>
  <Block BlockType="Product" Name="Product4" SID="79829">
    <P Name="Ports">[2, 1]</P>
    <P Name="Position">[20, 267, 50, 298]</P>
    <P Name="ZOrder">893</P>
    <P Name="ShowName">off</P>
  </Block>
  <Block BlockType="Product" Name="Product5" SID="79830">
    <P Name="Ports">[2, 1]</P>
    <P Name="Position">[20, 367, 50, 398]</P>
    <P Name="ZOrder">894</P>
    <P Name="ShowName">off</P>
  </Block>
  <Block BlockType="Product" Name="Product6" SID="79831">
    <P Name="Ports">[2, 1]</P>
    <P Name="Position">[320, 221, 370, 279]</P>
    <P Name="ZOrder">895</P>
    <P Name="ShowName">off</P>
    <P Name="Multiplication">Matrix(*)</P>
  </Block>
  <Block BlockType="Constant" Name="Q_1" SID="79832">
    <P Name="Position">[-100, 9, -10, 71]</P>
    <P Name="ZOrder">886</P>
    <P Name="HideAutomaticName">off</P>
    <P Name="Value">[0 0 0 1; 0 0 1 0; 0 -1 0 0; -1 0 0 0]</P>
  </Block>
  <Block BlockType="Constant" Name="Q_2" SID="79833">
    <P Name="Position">[-100, 109, -10, 171]</P>
    <P Name="ZOrder">887</P>
    <P Name="HideAutomaticName">off</P>
    <P Name="Value">[0 0 -1 0; 0 0 0 1; 1 0 0 0; 0 -1 0 0]</P>
  </Block>
  <Block BlockType="Constant" Name="Q_3" SID="79834">
    <P Name="Position">[-100, 209, -10, 271]</P>
    <P Name="ZOrder">888</P>
    <P Name="HideAutomaticName">off</P>
    <P Name="Value">[0 1 0 0; -1 0 0 0; 0 0 0 1; 0 0 -1 0]</P>
  </Block>
  <Block BlockType="Constant" Name="Q_4" SID="79835">
    <P Name="Position">[-100, 309, -10, 371]</P>
    <P Name="ZOrder">889</P>
    <P Name="HideAutomaticName">off</P>
    <P Name="Value">[1 0 0 0; 0 1 0 0; 0 0 1 0; 0 0 0 1]</P>
  </Block>
  <Block BlockType="Concatenate" Name="Vector&#xA;Concatenate" SID="79836">
    <P Name="Ports">[4, 1]</P>
    <P Name="Position">[-180, 183, -175, 292]</P>
    <P Name="ZOrder">915</P>
    <P Name="ShowName">off</P>
    <P Name="NumInputs">4</P>
  </Block>
  <Block BlockType="SubSystem" Name="conjugate_quaternion" SID="79837">
    <P Name="Ports">[1, 1]</P>
    <P Name="Position">[185, 251, 255, 279]</P>
    <P Name="ZOrder">917</P>
    <P Name="RequestExecContextInheritance">off</P>
    <P Name="ContentPreviewEnabled">on</P>
    <Mask>
      <Display>disp (&apos; conj(q)&apos;)</Display>
      <Description>conjugate a quaternion</Description>
      <Help>Name:

    conjugate_quaternion

Description:

    computes the conjugate quaternion

Inputs  [size] [data type] [unit]:

    quaternion q_2_1  [4] [double] [-]

Outputs  [size] [data type] [unit]:

    conjugated quaternion q_1_2  [4] [double] [-]


</Help>
    </Mask>
    <Port>
      <P Name="PortNumber">1</P>
      <P Name="Name">qBI</P>
    </Port>
    <System Ref="system_79837"/>
  </Block>
  <Block BlockType="SubSystem" Name="conjugate_quaternion1" SID="79845">
    <P Name="Ports">[1, 1]</P>
    <P Name="Position">[480, 236, 550, 264]</P>
    <P Name="ZOrder">918</P>
    <P Name="RequestExecContextInheritance">off</P>
    <P Name="ContentPreviewEnabled">on</P>
    <Mask>
      <Display>disp (&apos; conj(q)&apos;)</Display>
      <Description>conjugate a quaternion</Description>
      <Help>Name:

    conjugate_quaternion

Description:

    computes the conjugate quaternion

Inputs  [size] [data type] [unit]:

    quaternion q_2_1  [4] [double] [-]

Outputs  [size] [data type] [unit]:

    conjugated quaternion q_1_2  [4] [double] [-]


</Help>
    </Mask>
    <Port>
      <P Name="PortNumber">1</P>
      <P Name="Name">d_qIB</P>
    </Port>
    <System Ref="system_79845"/>
  </Block>
  <Block BlockType="Outport" Name="d_qIB" SID="79853">
    <P Name="Position">[610, 243, 640, 257]</P>
    <P Name="ZOrder">912</P>
    <P Name="BackgroundColor">orange</P>
    <P Name="VectorParamsAs1DForOutWhenUnconnected">off</P>
  </Block>
  <Line>
    <P Name="Name">d_qIB</P>
    <P Name="ZOrder">1</P>
    <P Name="Labels">[1, 1]</P>
    <P Name="Src">79845#out:1</P>
    <P Name="Dst">79853#in:1</P>
  </Line>
  <Line>
    <P Name="Name">qBI</P>
    <P Name="ZOrder">2</P>
    <P Name="Labels">[1, 1]</P>
    <P Name="Src">79837#out:1</P>
    <P Name="Dst">79831#in:2</P>
  </Line>
  <Line>
    <P Name="ZOrder">3</P>
    <P Name="Src">79836#out:1</P>
    <P Name="Dst">79825#in:1</P>
  </Line>
  <Line>
    <P Name="ZOrder">4</P>
    <P Name="Src">79823#out:1</P>
    <P Name="Dst">79836#in:4</P>
  </Line>
  <Line>
    <P Name="ZOrder">5</P>
    <P Name="Src">79824#out:3</P>
    <P Name="Dst">79836#in:3</P>
  </Line>
  <Line>
    <P Name="ZOrder">6</P>
    <P Name="Src">79824#out:2</P>
    <P Name="Dst">79836#in:2</P>
  </Line>
  <Line>
    <P Name="ZOrder">7</P>
    <P Name="Src">79824#out:1</P>
    <P Name="Dst">79836#in:1</P>
  </Line>
  <Line>
    <P Name="ZOrder">8</P>
    <P Name="Src">79821#out:1</P>
    <P Name="Dst">79824#in:1</P>
  </Line>
  <Line>
    <P Name="ZOrder">9</P>
    <P Name="Src">79820#out:1</P>
    <P Name="Dst">79837#in:1</P>
  </Line>
  <Line>
    <P Name="Name">d_qBI</P>
    <P Name="ZOrder">10</P>
    <P Name="Labels">[1, 1]</P>
    <P Name="Src">79826#out:1</P>
    <P Name="Dst">79845#in:1</P>
  </Line>
  <Line>
    <P Name="ZOrder">11</P>
    <P Name="Src">79827#out:1</P>
    <P Name="Dst">79822#in:1</P>
  </Line>
  <Line>
    <P Name="ZOrder">12</P>
    <P Name="Src">79829#out:1</P>
    <P Name="Dst">79822#in:3</P>
  </Line>
  <Line>
    <P Name="Name">w4</P>
    <P Name="ZOrder">13</P>
    <P Name="Labels">[0, 0]</P>
    <P Name="Src">79825#out:4</P>
    <P Name="Dst">79830#in:2</P>
  </Line>
  <Line>
    <P Name="Name">w3</P>
    <P Name="ZOrder">14</P>
    <P Name="Labels">[0, 0]</P>
    <P Name="Src">79825#out:3</P>
    <P Name="Dst">79829#in:2</P>
  </Line>
  <Line>
    <P Name="ZOrder">15</P>
    <P Name="Src">79828#out:1</P>
    <P Name="Dst">79822#in:2</P>
  </Line>
  <Line>
    <P Name="ZOrder">16</P>
    <P Name="Src">79833#out:1</P>
    <P Name="Points">[9, 0; 0, 35]</P>
    <P Name="Dst">79828#in:1</P>
  </Line>
  <Line>
    <P Name="ZOrder">17</P>
    <P Name="Src">79832#out:1</P>
    <P Name="Points">[9, 0; 0, 35]</P>
    <P Name="Dst">79827#in:1</P>
  </Line>
  <Line>
    <P Name="Name">w2</P>
    <P Name="ZOrder">18</P>
    <P Name="Labels">[0, 0]</P>
    <P Name="Src">79825#out:2</P>
    <P Name="Dst">79828#in:2</P>
  </Line>
  <Line>
    <P Name="ZOrder">19</P>
    <P Name="Src">79835#out:1</P>
    <P Name="Points">[9, 0; 0, 35]</P>
    <P Name="Dst">79830#in:1</P>
  </Line>
  <Line>
    <P Name="ZOrder">20</P>
    <P Name="Src">79831#out:1</P>
    <P Name="Dst">79826#in:1</P>
  </Line>
  <Line>
    <P Name="ZOrder">21</P>
    <P Name="Src">79830#out:1</P>
    <P Name="Dst">79822#in:4</P>
  </Line>
  <Line>
    <P Name="Name">w1</P>
    <P Name="ZOrder">22</P>
    <P Name="Labels">[0, 0]</P>
    <P Name="Src">79825#out:1</P>
    <P Name="Dst">79827#in:2</P>
  </Line>
  <Line>
    <P Name="Name">Q(w&apos;)</P>
    <P Name="ZOrder">23</P>
    <P Name="Labels">[-1, 0]</P>
    <P Name="Src">79822#out:1</P>
    <P Name="Dst">79831#in:1</P>
  </Line>
  <Line>
    <P Name="ZOrder">24</P>
    <P Name="Src">79834#out:1</P>
    <P Name="Points">[9, 0; 0, 35]</P>
    <P Name="Dst">79829#in:1</P>
  </Line>
  <Annotation SID="79854">
    <P Name="Name">Body-Drehraten
d_qBI(1) =1/2 { q4wx  - q3wy + q2wz }
d_qBI(2) =1/2 { q3wx + q4wy  - q1wz }
d_qBI(3) =1/2 {-q2wx + q1wy + q4wz }
d_qBI(4) =1/2 {-q1wx  - q2wy  - q3wz }

Entspricht Zipfel (s. 372, Gl 10.11)
Entspricht &quot;Representing Attitude: Euler angles, Unit Quaternions, and Rotation Vectors&quot;, 
	J. Diebel, Stanford University, S. 16, Gl 157 oder (159 &amp; 151)

d_qBI = 1/2 * [wBIB (1, 2, 3), 0] * qBI</P>
    <P Name="Position">[204, 357, 600, 491]</P>
    <P Name="InternalMargins">[0, 0, 0, 0]</P>
    <P Name="ZOrder">-1</P>
  </Annotation>
</System>
