<?xml version="1.0" encoding="utf-8"?>
<System>
  <P Name="Location">[-1927, -543, 8, 632]</P>
  <P Name="SystemRect">[0.000000, 0.000000, 0.000000, 0.000000]</P>
  <P Name="SetExecutionDomain">off</P>
  <P Name="ExecutionDomainType">Deduce</P>
  <P Name="ZoomFactor">250</P>
  <P Name="SimulinkSubDomain">Simulink</P>
  <Block BlockType="Inport" Name="Tmp" SID="78236">
    <P Name="Position">[190, 113, 220, 127]</P>
    <P Name="ZOrder">273</P>
    <P Name="BackgroundColor">yellow</P>
    <Port>
      <P Name="PortNumber">1</P>
      <P Name="PropagatedSignals">Tmp</P>
      <P Name="ShowPropagatedSignals">on</P>
    </Port>
  </Block>
  <Block BlockType="Product" Name="Product" SID="78237">
    <P Name="Ports">[3, 1]</P>
    <P Name="Position">[305, 21, 330, 139]</P>
    <P Name="ZOrder">270</P>
    <P Name="ShowName">off</P>
    <P Name="Inputs">3</P>
  </Block>
  <Block BlockType="Sqrt" Name="Sqrt" SID="78238">
    <P Name="Position">[365, 65, 395, 95]</P>
    <P Name="ZOrder">272</P>
    <P Name="ShowName">off</P>
    <Port>
      <P Name="PortNumber">1</P>
      <P Name="Name">sos</P>
    </Port>
  </Block>
  <Block BlockType="Constant" Name="heat_capacity_ratio" SID="78239">
    <P Name="Position">[170, 70, 245, 90]</P>
    <P Name="ZOrder">269</P>
    <P Name="Value">hcr</P>
  </Block>
  <Block BlockType="Constant" Name="specific_gas_constant" SID="78240">
    <P Name="Position">[170, 30, 245, 50]</P>
    <P Name="ZOrder">268</P>
    <P Name="Value">sgc</P>
  </Block>
  <Block BlockType="Outport" Name="sos" SID="78241">
    <P Name="Position">[440, 73, 470, 87]</P>
    <P Name="ZOrder">274</P>
    <P Name="BackgroundColor">orange</P>
    <P Name="VectorParamsAs1DForOutWhenUnconnected">off</P>
  </Block>
  <Line>
    <P Name="Name">sos</P>
    <P Name="ZOrder">1</P>
    <P Name="Labels">[0, 1]</P>
    <P Name="Src">78238#out:1</P>
    <P Name="Dst">78241#in:1</P>
  </Line>
  <Line>
    <P Name="ZOrder">2</P>
    <P Name="Labels">[0, 1]</P>
    <P Name="Src">78236#out:1</P>
    <P Name="Dst">78237#in:3</P>
  </Line>
  <Line>
    <P Name="ZOrder">3</P>
    <P Name="Src">78237#out:1</P>
    <P Name="Dst">78238#in:1</P>
  </Line>
  <Line>
    <P Name="ZOrder">4</P>
    <P Name="Src">78239#out:1</P>
    <P Name="Dst">78237#in:2</P>
  </Line>
  <Line>
    <P Name="ZOrder">5</P>
    <P Name="Src">78240#out:1</P>
    <P Name="Dst">78237#in:1</P>
  </Line>
</System>
