<?xml version="1.0" encoding="utf-8"?>
<System>
  <P Name="Location">[109, 99, 1855, 972]</P>
  <P Name="SystemRect">[0.000000, 0.000000, 0.000000, 0.000000]</P>
  <P Name="SetExecutionDomain">off</P>
  <P Name="ExecutionDomainType">Deduce</P>
  <P Name="SIDHighWatermark">15</P>
  <P Name="SimulinkSubDomain">Simulink</P>
  <Block BlockType="Inport" Name="A_b" SID="74834:1">
    <P Name="Position">[65, 98, 95, 112]</P>
    <P Name="ZOrder">-1</P>
    <P Name="Unit">m/s^2</P>
  </Block>
  <Block BlockType="Inport" Name="w" SID="74834:2">
    <P Name="Position">[15, 128, 45, 142]</P>
    <P Name="ZOrder">-2</P>
    <P Name="Port">2</P>
    <P Name="Unit">rad/s</P>
  </Block>
  <Block BlockType="Inport" Name="w_dot" SID="74834:3">
    <P Name="Position">[65, 158, 95, 172]</P>
    <P Name="ZOrder">-3</P>
    <P Name="Port">3</P>
    <P Name="Unit">rad/s^2</P>
  </Block>
  <Block BlockType="Inport" Name="CG" SID="74834:4">
    <P Name="Position">[65, 188, 95, 202]</P>
    <P Name="ZOrder">-4</P>
    <P Name="Port">4</P>
    <P Name="Unit">m</P>
  </Block>
  <Block BlockType="Inport" Name="g" SID="74834:5">
    <P Name="Position">[65, 218, 95, 232]</P>
    <P Name="ZOrder">-5</P>
    <P Name="Port">5</P>
    <P Name="Unit">m/s^2</P>
  </Block>
  <Block BlockType="SubSystem" Name="Acceleration Conversion" SID="74834:11">
    <P Name="Ports">[1, 1]</P>
    <P Name="Position">[95, 31, 180, 69]</P>
    <P Name="ZOrder">17</P>
    <P Name="RequestExecContextInheritance">off</P>
    <System Ref="system_74834_11"/>
  </Block>
  <Block BlockType="UnitConfiguration" Name="Disallow CGS" SID="74834:15">
    <P Name="Position">[70, 285, 90, 300]</P>
    <P Name="ZOrder">20</P>
    <P Name="UnitSystems" Ref="bdmxdata:UnitSystems_74834_15"/>
    <P Name="UnitSystemsStr">English,SI,SI (extended)</P>
    <P Name="AllowAllUnitSystems">off</P>
  </Block>
  <Block BlockType="SubSystem" Name="Three-axis Accelerometer" SID="74834:7">
    <P Name="Ports">[5, 1]</P>
    <P Name="Position">[120, 91, 250, 239]</P>
    <P Name="ZOrder">-7</P>
    <P Name="PermitHierarchicalResolution">ExplicitOnly</P>
    <P Name="RequestExecContextInheritance">off</P>
    <Mask SelfModifiable="on">
      <Type>Three-axis Accelerometer</Type>
      <Display RunInitForIconRedraw="on" IconUnits="normalized">port_label(ports(1).type,ports(1).port,ports(1).txt,&apos;texmode&apos;,&apos;on&apos;);
port_label(ports(2).type,ports(2).port,ports(2).txt,&apos;texmode&apos;,&apos;on&apos;);
port_label(ports(3).type,ports(3).port,ports(3).txt,&apos;texmode&apos;,&apos;on&apos;);
port_label(ports(4).type,ports(4).port,ports(4).txt,&apos;texmode&apos;,&apos;on&apos;);
port_label(ports(5).type,ports(5).port,ports(5).txt,&apos;texmode&apos;,&apos;on&apos;);
port_label(ports(6).type,ports(6).port,ports(6).txt,&apos;texmode&apos;,&apos;on&apos;);
</Display>
      <Description>aeroblks:aeroblknav:blockThreeaxisAccelerometerDesc</Description>
      <Initialization>par = a_Ts;
block = gcb;
ports=aeroicon(&apos;aeroblkaccel&apos;,&apos;icon&apos;,par);
a_satl = a_sat(1:3);
a_sath = a_sat(4:6);</Initialization>
      <Help>eval(&apos;asbhelp&apos;);</Help>
      <MaskParameter Name="units" Type="popup" Tunable="off">
        <Prompt>aeroblks:aeroblknav:blockThreeaxisAccelerometerParamUnits</Prompt>
        <Value>Metric (MKS)</Value>
        <TypeOptions>
          <Option>aeroblks:aeroblknav:blockThreeaxisAccelerometerParamComboMetricMKS</Option>
          <Option>aeroblks:aeroblknav:blockThreeaxisAccelerometerParamComboEnglish</Option>
        </TypeOptions>
      </MaskParameter>
      <MaskParameter Name="acc" Type="edit">
        <Prompt>aeroblks:aeroblknav:blockThreeaxisAccelerometerParamAccelerometerlocation</Prompt>
        <Value>imu</Value>
      </MaskParameter>
      <MaskParameter Name="gtype" Type="checkbox" Tunable="off">
        <Prompt>aeroblks:aeroblknav:blockThreeaxisAccelerometerParamSubtractgravity</Prompt>
        <Value>on</Value>
        <Callback>aeroicon(&apos;aeroblkaccel&apos;)</Callback>
      </MaskParameter>
      <MaskParameter Name="dtype_a" Type="checkbox" Tunable="off">
        <Prompt>aeroblks:aeroblknav:blockThreeaxisAccelerometerParamSecondorderdynamics</Prompt>
        <Value>on</Value>
        <Callback>aeroicon(&apos;aeroblkaccel&apos;)</Callback>
      </MaskParameter>
      <MaskParameter Name="w_a" Type="edit">
        <Prompt>aeroblks:aeroblknav:blockThreeaxisAccelerometerParamNaturalfrequencyradsec</Prompt>
        <Value>w_a</Value>
      </MaskParameter>
      <MaskParameter Name="z_a" Type="edit">
        <Prompt>aeroblks:aeroblknav:blockThreeaxisAccelerometerParamDampingratio</Prompt>
        <Value>z_a</Value>
      </MaskParameter>
      <MaskParameter Name="a_sf_cc" Type="edit">
        <Prompt>aeroblks:aeroblknav:blockThreeaxisAccelerometerParamScalefactorsandcrosscoupling</Prompt>
        <Value>a_sf_cc</Value>
      </MaskParameter>
      <MaskParameter Name="a_bias" Type="edit">
        <Prompt>aeroblks:aeroblknav:blockThreeaxisAccelerometerParamMeasurementbias</Prompt>
        <Value>a_bias</Value>
      </MaskParameter>
      <MaskParameter Name="a_Ts" Type="edit" Tunable="off">
        <Prompt>aeroblks:aeroblknav:blockThreeaxisAccelerometerParamUpdateratesec</Prompt>
        <Value>i_Ts</Value>
      </MaskParameter>
      <MaskParameter Name="a_rand" Type="checkbox" Tunable="off">
        <Prompt>aeroblks:aeroblknav:blockThreeaxisAccelerometerParamNoiseon</Prompt>
        <Value>on</Value>
        <Callback>aeroicon(&apos;aeroblkaccel&apos;)</Callback>
      </MaskParameter>
      <MaskParameter Name="a_seeds" Type="edit">
        <Prompt>aeroblks:aeroblknav:blockThreeaxisAccelerometerParamNoiseseeds</Prompt>
        <Value>i_seeds(1:3)</Value>
      </MaskParameter>
      <MaskParameter Name="a_pow" Type="edit">
        <Prompt>aeroblks:aeroblknav:blockThreeaxisAccelerometerParamNoisepower</Prompt>
        <Value>i_pow(1:3)</Value>
      </MaskParameter>
      <MaskParameter Name="a_sat" Type="edit" Tunable="off">
        <Prompt>aeroblks:aeroblknav:blockThreeaxisAccelerometerParamLowerandupperoutputlimits</Prompt>
        <Value>a_sat</Value>
      </MaskParameter>
      <DialogControl Type="Group" Name="DescGroupVar">
        <Prompt>%&lt;MaskType&gt;</Prompt>
        <DialogControl Type="Text" Name="DescTextVar">
          <Prompt>%&lt;MaskDescription&gt;</Prompt>
        </DialogControl>
      </DialogControl>
      <DialogControl Type="TabContainer" Name="ParameterTabContainerVar">
        <DialogControl Type="Tab" Name="ParameterTabVar0">
          <Prompt>Main</Prompt>
          <DialogControl Type="Popup" Name="units">
            <Prompt>Units:</Prompt>
            <ControlOptions PromptLocation="left"/>
          </DialogControl>
          <DialogControl Type="Edit" Name="acc">
            <Prompt>Accelerometer location:</Prompt>
            <ControlOptions PromptLocation="left"/>
          </DialogControl>
          <DialogControl Type="CheckBox" Name="gtype">
            <Prompt>Subtract gravity:</Prompt>
            <ControlOptions PromptLocation="&lt;unknown&gt;"/>
          </DialogControl>
          <DialogControl Type="CheckBox" Name="dtype_a">
            <Prompt>Second-order dynamics</Prompt>
            <ControlOptions PromptLocation="&lt;unknown&gt;"/>
          </DialogControl>
          <DialogControl Type="Edit" Name="w_a">
            <Prompt>Natural frequency (rad/sec):</Prompt>
            <ControlOptions PromptLocation="left"/>
          </DialogControl>
          <DialogControl Type="Edit" Name="z_a">
            <Prompt>Damping ratio:</Prompt>
            <ControlOptions PromptLocation="left"/>
          </DialogControl>
          <DialogControl Type="Edit" Name="a_sf_cc">
            <Prompt>Scale factors and cross-coupling:</Prompt>
            <ControlOptions PromptLocation="left"/>
          </DialogControl>
          <DialogControl Type="Edit" Name="a_bias">
            <Prompt>Measurement bias:</Prompt>
            <ControlOptions PromptLocation="left"/>
          </DialogControl>
          <DialogControl Type="Edit" Name="a_Ts">
            <Prompt>Update rate (sec):</Prompt>
            <ControlOptions PromptLocation="left"/>
          </DialogControl>
        </DialogControl>
        <DialogControl Type="Tab" Name="ParameterTabVar01">
          <Prompt>Noise</Prompt>
          <DialogControl Type="CheckBox" Name="a_rand">
            <Prompt>Noise on</Prompt>
            <ControlOptions PromptLocation="&lt;unknown&gt;"/>
          </DialogControl>
          <DialogControl Type="Edit" Name="a_seeds">
            <Prompt>Noise seeds:</Prompt>
            <ControlOptions PromptLocation="left"/>
          </DialogControl>
          <DialogControl Type="Edit" Name="a_pow">
            <Prompt>Noise power:</Prompt>
            <ControlOptions PromptLocation="left"/>
          </DialogControl>
          <DialogControl Type="Edit" Name="a_sat">
            <Prompt>Lower and upper output limits:</Prompt>
            <ControlOptions PromptLocation="left"/>
          </DialogControl>
        </DialogControl>
      </DialogControl>
    </Mask>
    <System Ref="system_74834_7"/>
  </Block>
  <Block BlockType="SubSystem" Name="Three-axis Gyroscope" SID="74834:8">
    <P Name="Ports">[2, 1]</P>
    <P Name="Position">[195, 14, 325, 61]</P>
    <P Name="ZOrder">-8</P>
    <P Name="PermitHierarchicalResolution">ExplicitOnly</P>
    <P Name="RequestExecContextInheritance">off</P>
    <Mask SelfModifiable="on">
      <Type>Three-axis Gyroscope</Type>
      <Display RunInitForIconRedraw="on" IconUnits="normalized">port_label(ports(1).type,ports(1).port,ports(1).txt,&apos;texmode&apos;,&apos;on&apos;);
port_label(ports(2).type,ports(2).port,ports(2).txt,&apos;texmode&apos;,&apos;on&apos;);
port_label(ports(3).type,ports(3).port,ports(3).txt,&apos;texmode&apos;,&apos;on&apos;);
</Display>
      <Description>aeroblks:aeroblknav:blockThreeaxisGyroscopeDesc</Description>
      <Initialization>par = g_Ts;
block = gcb;
g_satl = g_sat(1:3);
g_sath = g_sat(4:6);
ports=aeroicon(&apos;aeroblkgyro&apos;,&apos;icon&apos;,par);</Initialization>
      <Help>eval(&apos;asbhelp&apos;);</Help>
      <MaskParameter Name="dtype_g" Type="checkbox" Tunable="off">
        <Prompt>aeroblks:aeroblknav:blockThreeaxisGyroscopeParamSecondorderdynamics</Prompt>
        <Value>on</Value>
        <Callback>aeroicon(&apos;aeroblkgyro&apos;);</Callback>
      </MaskParameter>
      <MaskParameter Name="w_g" Type="edit">
        <Prompt>aeroblks:aeroblknav:blockThreeaxisGyroscopeParamNaturalfrequencyradsec</Prompt>
        <Value>w_g</Value>
      </MaskParameter>
      <MaskParameter Name="z_g" Type="edit">
        <Prompt>aeroblks:aeroblknav:blockThreeaxisGyroscopeParamDampingratio</Prompt>
        <Value>z_g</Value>
      </MaskParameter>
      <MaskParameter Name="g_sf_cc" Type="edit">
        <Prompt>aeroblks:aeroblknav:blockThreeaxisGyroscopeParamScalefactorsandcrosscoupling</Prompt>
        <Value>g_sf_cc</Value>
      </MaskParameter>
      <MaskParameter Name="g_bias" Type="edit">
        <Prompt>aeroblks:aeroblknav:blockThreeaxisGyroscopeParamMeasurementbias</Prompt>
        <Value>g_bias</Value>
      </MaskParameter>
      <MaskParameter Name="g_sen" Type="edit">
        <Prompt>aeroblks:aeroblknav:blockThreeaxisGyroscopeParamGsensitivebias</Prompt>
        <Value>g_sens</Value>
      </MaskParameter>
      <MaskParameter Name="g_Ts" Type="edit" Tunable="off">
        <Prompt>aeroblks:aeroblknav:blockThreeaxisGyroscopeParamUpdateratesec</Prompt>
        <Value>i_Ts</Value>
      </MaskParameter>
      <MaskParameter Name="g_rand" Type="checkbox" Tunable="off">
        <Prompt>aeroblks:aeroblknav:blockThreeaxisGyroscopeParamNoiseon</Prompt>
        <Value>on</Value>
        <Callback>aeroicon(&apos;aeroblkgyro&apos;);</Callback>
      </MaskParameter>
      <MaskParameter Name="g_seeds" Type="edit">
        <Prompt>aeroblks:aeroblknav:blockThreeaxisGyroscopeParamNoiseseeds</Prompt>
        <Value>i_seeds(4:6)</Value>
      </MaskParameter>
      <MaskParameter Name="g_pow" Type="edit">
        <Prompt>aeroblks:aeroblknav:blockThreeaxisGyroscopeParamNoisepower</Prompt>
        <Value>i_pow(4:6)</Value>
      </MaskParameter>
      <MaskParameter Name="g_sat" Type="edit" Tunable="off">
        <Prompt>aeroblks:aeroblknav:blockThreeaxisGyroscopeParamLowerandupperoutputlimits</Prompt>
        <Value>g_sat</Value>
      </MaskParameter>
      <DialogControl Type="Group" Name="DescGroupVar">
        <Prompt>%&lt;MaskType&gt;</Prompt>
        <DialogControl Type="Text" Name="DescTextVar">
          <Prompt>%&lt;MaskDescription&gt;</Prompt>
        </DialogControl>
      </DialogControl>
      <DialogControl Type="TabContainer" Name="ParameterTabContainerVar">
        <DialogControl Type="Tab" Name="ParameterTabVar0">
          <Prompt>Main</Prompt>
          <DialogControl Type="CheckBox" Name="dtype_g">
            <Prompt>Second-order dynamics</Prompt>
            <ControlOptions PromptLocation="&lt;unknown&gt;"/>
          </DialogControl>
          <DialogControl Type="Edit" Name="w_g">
            <Prompt>Natural frequency (rad/sec):</Prompt>
            <ControlOptions PromptLocation="left"/>
          </DialogControl>
          <DialogControl Type="Edit" Name="z_g">
            <Prompt>Damping ratio:</Prompt>
            <ControlOptions PromptLocation="left"/>
          </DialogControl>
          <DialogControl Type="Edit" Name="g_sf_cc">
            <Prompt>Scale factors and cross-coupling:</Prompt>
            <ControlOptions PromptLocation="left"/>
          </DialogControl>
          <DialogControl Type="Edit" Name="g_bias">
            <Prompt>Measurement bias:</Prompt>
            <ControlOptions PromptLocation="left"/>
          </DialogControl>
          <DialogControl Type="Edit" Name="g_sen">
            <Prompt>G-sensitive bias:</Prompt>
            <ControlOptions PromptLocation="left"/>
          </DialogControl>
          <DialogControl Type="Edit" Name="g_Ts">
            <Prompt>Update rate (sec):</Prompt>
            <ControlOptions PromptLocation="left"/>
          </DialogControl>
        </DialogControl>
        <DialogControl Type="Tab" Name="ParameterTabVar01">
          <Prompt>Noise</Prompt>
          <DialogControl Type="CheckBox" Name="g_rand">
            <Prompt>Noise on</Prompt>
            <ControlOptions PromptLocation="&lt;unknown&gt;"/>
          </DialogControl>
          <DialogControl Type="Edit" Name="g_seeds">
            <Prompt>Noise seeds:</Prompt>
            <ControlOptions PromptLocation="left"/>
          </DialogControl>
          <DialogControl Type="Edit" Name="g_pow">
            <Prompt>Noise power:</Prompt>
            <ControlOptions PromptLocation="left"/>
          </DialogControl>
          <DialogControl Type="Edit" Name="g_sat">
            <Prompt>Lower and upper output limits:</Prompt>
            <ControlOptions PromptLocation="left"/>
          </DialogControl>
        </DialogControl>
      </DialogControl>
    </Mask>
    <System Ref="system_74834_8"/>
  </Block>
  <Block BlockType="Outport" Name="A_meas" SID="74834:9">
    <P Name="Position">[295, 158, 325, 172]</P>
    <P Name="ZOrder">-9</P>
    <P Name="Unit">m/s^2</P>
    <P Name="VectorParamsAs1DForOutWhenUnconnected">off</P>
  </Block>
  <Block BlockType="Outport" Name="w_meas" SID="74834:10">
    <P Name="Position">[365, 33, 395, 47]</P>
    <P Name="ZOrder">-10</P>
    <P Name="Port">2</P>
    <P Name="Unit">rad/s</P>
    <P Name="VectorParamsAs1DForOutWhenUnconnected">off</P>
  </Block>
  <Line>
    <P Name="ZOrder">1</P>
    <P Name="Src">74834:7#out:1</P>
    <P Name="Dst">74834:9#in:1</P>
  </Line>
  <Line>
    <P Name="ZOrder">2</P>
    <P Name="Src">74834:8#out:1</P>
    <P Name="Dst">74834:10#in:1</P>
  </Line>
  <Line>
    <P Name="ZOrder">3</P>
    <P Name="Src">74834:1#out:1</P>
    <P Name="Points">[0, 0]</P>
    <Branch>
      <P Name="ZOrder">4</P>
      <P Name="Points">[0, -15; -28, 0; 0, -40]</P>
      <P Name="Dst">74834:11#in:1</P>
    </Branch>
    <Branch>
      <P Name="ZOrder">5</P>
      <P Name="Dst">74834:7#in:1</P>
    </Branch>
  </Line>
  <Line>
    <P Name="ZOrder">6</P>
    <P Name="Src">74834:2#out:1</P>
    <P Name="Points">[5, 0]</P>
    <Branch>
      <P Name="ZOrder">7</P>
      <P Name="Dst">74834:7#in:2</P>
    </Branch>
    <Branch>
      <P Name="ZOrder">8</P>
      <P Name="Points">[0, -110]</P>
      <P Name="Dst">74834:8#in:1</P>
    </Branch>
  </Line>
  <Line>
    <P Name="ZOrder">9</P>
    <P Name="Src">74834:4#out:1</P>
    <P Name="Dst">74834:7#in:4</P>
  </Line>
  <Line>
    <P Name="ZOrder">10</P>
    <P Name="Src">74834:3#out:1</P>
    <P Name="Dst">74834:7#in:3</P>
  </Line>
  <Line>
    <P Name="ZOrder">11</P>
    <P Name="Src">74834:11#out:1</P>
    <P Name="Dst">74834:8#in:2</P>
  </Line>
  <Line>
    <P Name="ZOrder">12</P>
    <P Name="Src">74834:5#out:1</P>
    <P Name="Dst">74834:7#in:5</P>
  </Line>
</System>
