<?xml version="1.0" encoding="utf-8"?>
<System>
  <P Name="Location">[-1927, -543, 8, 632]</P>
  <P Name="SystemRect">[0.000000, 0.000000, 0.000000, 0.000000]</P>
  <P Name="SetExecutionDomain">off</P>
  <P Name="ExecutionDomainType">Deduce</P>
  <P Name="SimulinkSubDomain">Simulink</P>
  <Block BlockType="Inport" Name="alpha1" SID="74797:70">
    <P Name="Position">[820, 638, 850, 652]</P>
    <P Name="ZOrder">49</P>
  </Block>
  <Block BlockType="Constant" Name="Constant" SID="74797:71">
    <P Name="Position">[1000, 305, 1030, 335]</P>
    <P Name="ZOrder">32</P>
    <P Name="ShowName">off</P>
  </Block>
  <Block BlockType="Constant" Name="Constant1" SID="74797:72">
    <P Name="Position">[1000, 350, 1030, 380]</P>
    <P Name="ZOrder">33</P>
    <P Name="ShowName">off</P>
    <P Name="Value">0</P>
  </Block>
  <Block BlockType="Constant" Name="Constant2" SID="74797:73">
    <P Name="Position">[1000, 395, 1030, 425]</P>
    <P Name="ZOrder">34</P>
    <P Name="ShowName">off</P>
    <P Name="Value">0</P>
  </Block>
  <Block BlockType="Constant" Name="Constant7" SID="74797:74">
    <P Name="Position">[1000, 675, 1030, 705]</P>
    <P Name="ZOrder">43</P>
    <P Name="ShowName">off</P>
    <P Name="Value">0</P>
  </Block>
  <Block BlockType="Constant" Name="Constant8" SID="74797:75">
    <P Name="Position">[1000, 495, 1030, 525]</P>
    <P Name="ZOrder">38</P>
    <P Name="ShowName">off</P>
    <P Name="Value">0</P>
  </Block>
  <Block BlockType="Gain" Name="Gain" SID="74797:76">
    <P Name="Position">[1205, 585, 1235, 615]</P>
    <P Name="ZOrder">50</P>
    <P Name="ShowName">off</P>
    <P Name="Gain">-1</P>
  </Block>
  <Block BlockType="Concatenate" Name="Matrix&#xA;Concatenate" SID="74797:77">
    <P Name="Ports">[3, 1]</P>
    <P Name="Position">[1515, 506, 1595, 604]</P>
    <P Name="ZOrder">48</P>
    <P Name="ShowName">off</P>
    <P Name="NumInputs">3</P>
    <P Name="Mode">Multidimensional array</P>
    <P Name="ConcatenateDimension">2</P>
  </Block>
  <Block BlockType="Mux" Name="Mux" SID="74797:78">
    <P Name="Ports">[3, 1]</P>
    <P Name="Position">[1335, 300, 1340, 430]</P>
    <P Name="ZOrder">44</P>
    <P Name="ShowName">off</P>
    <P Name="Inputs">3</P>
    <P Name="DisplayOption">bar</P>
  </Block>
  <Block BlockType="Mux" Name="Mux1" SID="74797:79">
    <P Name="Ports">[3, 1]</P>
    <P Name="Position">[1335, 490, 1340, 620]</P>
    <P Name="ZOrder">45</P>
    <P Name="ShowName">off</P>
    <P Name="Inputs">3</P>
    <P Name="DisplayOption">bar</P>
  </Block>
  <Block BlockType="Mux" Name="Mux2" SID="74797:80">
    <P Name="Ports">[3, 1]</P>
    <P Name="Position">[1335, 670, 1340, 800]</P>
    <P Name="ZOrder">47</P>
    <P Name="ShowName">off</P>
    <P Name="Inputs">3</P>
    <P Name="DisplayOption">bar</P>
  </Block>
  <Block BlockType="Trigonometry" Name="Trigonometric&#xA;Function" SID="74797:81">
    <P Name="Ports">[1, 1]</P>
    <P Name="Position">[1095, 540, 1125, 570]</P>
    <P Name="ZOrder">31</P>
    <P Name="ShowName">off</P>
    <P Name="Operator">cos</P>
  </Block>
  <Block BlockType="Trigonometry" Name="Trigonometric&#xA;Function1" SID="74797:82">
    <P Name="Ports">[1, 1]</P>
    <P Name="Position">[1095, 720, 1125, 750]</P>
    <P Name="ZOrder">39</P>
    <P Name="ShowName">off</P>
  </Block>
  <Block BlockType="Trigonometry" Name="Trigonometric&#xA;Function2" SID="74797:83">
    <P Name="Ports">[1, 1]</P>
    <P Name="Position">[1095, 585, 1125, 615]</P>
    <P Name="ZOrder">36</P>
    <P Name="ShowName">off</P>
  </Block>
  <Block BlockType="Trigonometry" Name="Trigonometric&#xA;Function3" SID="74797:84">
    <P Name="Ports">[1, 1]</P>
    <P Name="Position">[1095, 765, 1125, 795]</P>
    <P Name="ZOrder">41</P>
    <P Name="ShowName">off</P>
    <P Name="Operator">cos</P>
  </Block>
  <Block BlockType="Outport" Name="1Rot_Matrix_x" SID="74797:85">
    <P Name="Position">[1700, 548, 1730, 562]</P>
    <P Name="ZOrder">-2</P>
    <P Name="VectorParamsAs1DForOutWhenUnconnected">off</P>
  </Block>
  <Line>
    <P Name="ZOrder">1</P>
    <P Name="Src">74797:70#out:1</P>
    <P Name="Points">[90, 0]</P>
    <Branch>
      <P Name="ZOrder">2</P>
      <P Name="Points">[0, -90; 69, 0]</P>
      <Branch>
        <P Name="ZOrder">3</P>
        <P Name="Points">[0, 45]</P>
        <P Name="Dst">74797:83#in:1</P>
      </Branch>
      <Branch>
        <P Name="ZOrder">4</P>
        <P Name="Dst">74797:81#in:1</P>
      </Branch>
    </Branch>
    <Branch>
      <P Name="ZOrder">5</P>
      <P Name="Points">[0, 90; 68, 0]</P>
      <Branch>
        <P Name="ZOrder">6</P>
        <P Name="Dst">74797:82#in:1</P>
      </Branch>
      <Branch>
        <P Name="ZOrder">7</P>
        <P Name="Points">[0, 45]</P>
        <P Name="Dst">74797:84#in:1</P>
      </Branch>
    </Branch>
  </Line>
  <Line>
    <P Name="ZOrder">8</P>
    <P Name="Src">74797:71#out:1</P>
    <P Name="Dst">74797:78#in:1</P>
  </Line>
  <Line>
    <P Name="ZOrder">9</P>
    <P Name="Src">74797:72#out:1</P>
    <P Name="Dst">74797:78#in:2</P>
  </Line>
  <Line>
    <P Name="ZOrder">10</P>
    <P Name="Src">74797:73#out:1</P>
    <P Name="Dst">74797:78#in:3</P>
  </Line>
  <Line>
    <P Name="ZOrder">11</P>
    <P Name="Src">74797:75#out:1</P>
    <P Name="Dst">74797:79#in:1</P>
  </Line>
  <Line>
    <P Name="ZOrder">12</P>
    <P Name="Src">74797:81#out:1</P>
    <P Name="Dst">74797:79#in:2</P>
  </Line>
  <Line>
    <P Name="ZOrder">13</P>
    <P Name="Src">74797:83#out:1</P>
    <P Name="Dst">74797:76#in:1</P>
  </Line>
  <Line>
    <P Name="ZOrder">14</P>
    <P Name="Src">74797:74#out:1</P>
    <P Name="Dst">74797:80#in:1</P>
  </Line>
  <Line>
    <P Name="ZOrder">15</P>
    <P Name="Src">74797:82#out:1</P>
    <P Name="Dst">74797:80#in:2</P>
  </Line>
  <Line>
    <P Name="ZOrder">16</P>
    <P Name="Src">74797:84#out:1</P>
    <P Name="Dst">74797:80#in:3</P>
  </Line>
  <Line>
    <P Name="ZOrder">17</P>
    <P Name="Src">74797:78#out:1</P>
    <P Name="Points">[83, 0; 0, 160]</P>
    <P Name="Dst">74797:77#in:1</P>
  </Line>
  <Line>
    <P Name="ZOrder">18</P>
    <P Name="Src">74797:79#out:1</P>
    <P Name="Dst">74797:77#in:2</P>
  </Line>
  <Line>
    <P Name="ZOrder">19</P>
    <P Name="Src">74797:80#out:1</P>
    <P Name="Points">[83, 0; 0, -150]</P>
    <P Name="Dst">74797:77#in:3</P>
  </Line>
  <Line>
    <P Name="ZOrder">20</P>
    <P Name="Src">74797:77#out:1</P>
    <P Name="Dst">74797:85#in:1</P>
  </Line>
  <Line>
    <P Name="ZOrder">21</P>
    <P Name="Src">74797:76#out:1</P>
    <P Name="Dst">74797:79#in:3</P>
  </Line>
</System>
