<?xml version="1.0" encoding="utf-8"?>
<System>
  <P Name="Location">[-7, -7, 1481, 871]</P>
  <P Name="SystemRect">[0.000000, 0.000000, 0.000000, 0.000000]</P>
  <P Name="SetExecutionDomain">off</P>
  <P Name="ExecutionDomainType">Deduce</P>
  <P Name="ZoomFactor">125</P>
  <P Name="SimulinkSubDomain">Simulink</P>
  <Block BlockType="Inport" Name="wGEG" SID="76178">
    <P Name="Position">[25, 33, 55, 47]</P>
    <P Name="ZOrder">1666</P>
    <P Name="BackgroundColor">yellow</P>
    <Port>
      <P Name="PortNumber">1</P>
      <P Name="PropagatedSignals">wGEG</P>
      <P Name="ShowPropagatedSignals">on</P>
    </Port>
  </Block>
  <Block BlockType="Constant" Name="Constant8" SID="76179">
    <P Name="Position">[135, 100, 175, 130]</P>
    <P Name="ZOrder">1659</P>
    <P Name="ShowName">off</P>
    <P Name="Value">qEG_0</P>
  </Block>
  <Block BlockType="SubSystem" Name="Subsystem1" SID="76180">
    <P Name="Ports">[2, 1]</P>
    <P Name="Position">[110, 25, 235, 85]</P>
    <P Name="ZOrder">1658</P>
    <P Name="RequestExecContextInheritance">off</P>
    <P Name="ContentPreviewEnabled">on</P>
    <System Ref="system_76180"/>
  </Block>
  <Block BlockType="SubSystem" Name="T12_from_q12" SID="76215">
    <P Name="Ports">[1, 1]</P>
    <P Name="Position">[365, 149, 465, 191]</P>
    <P Name="ZOrder">1665</P>
    <P Name="RequestExecContextInheritance">off</P>
    <P Name="ContentPreviewEnabled">on</P>
    <Mask>
      <Display RunInitForIconRedraw="off">%port_label(&apos;input&apos;, 1, &apos;q12&apos;)
%port_label(&apos;output&apos;, 1, &apos;T12&apos;)
disp(&apos;q \rightarrow DCM&apos;,&apos;texmode&apos;,&apos;on&apos;)</Display>
      <Description>Transforms a quaternion into a Direction Cosine Matrix</Description>
      <Help>Name:

    T12_from_q12

Description:

    This block implements the transformation of a quaternion into the 
    corresponding direction cosine matrix DCM.

Inputs  [size] [data type] [unit]:

    quaternion q12 [4] [double] [-]

Outputs  [size] [data type] [unit]:

    direction cosine matrix T12  [3x3] [double] [-]
</Help>
    </Mask>
    <Port>
      <P Name="PortNumber">1</P>
      <P Name="Name">TEG</P>
    </Port>
    <System Ref="system_76215"/>
  </Block>
  <Block BlockType="Integrator" Name="integration_eom" SID="76270">
    <P Name="Ports">[2, 1]</P>
    <P Name="Position">[265, 23, 300, 147]</P>
    <P Name="ZOrder">1625</P>
    <P Name="InitialConditionSource">external</P>
    <Port>
      <P Name="PortNumber">1</P>
      <P Name="Name">qEG</P>
    </Port>
  </Block>
  <Block BlockType="Outport" Name="qEG" SID="76271">
    <P Name="Position">[505, 78, 535, 92]</P>
    <P Name="ZOrder">1667</P>
    <P Name="BackgroundColor">orange</P>
    <P Name="VectorParamsAs1DForOutWhenUnconnected">off</P>
  </Block>
  <Block BlockType="Outport" Name="TEG" SID="76272">
    <P Name="Position">[505, 163, 535, 177]</P>
    <P Name="ZOrder">1668</P>
    <P Name="BackgroundColor">orange</P>
    <P Name="Port">2</P>
    <P Name="VectorParamsAs1DForOutWhenUnconnected">off</P>
  </Block>
  <Line>
    <P Name="ZOrder">1</P>
    <P Name="Src">76179#out:1</P>
    <P Name="Dst">76270#in:2</P>
  </Line>
  <Line>
    <P Name="Name">TEG</P>
    <P Name="ZOrder">2</P>
    <P Name="Labels">[0, 1]</P>
    <P Name="Src">76215#out:1</P>
    <P Name="Dst">76272#in:1</P>
  </Line>
  <Line>
    <P Name="ZOrder">3</P>
    <P Name="Labels">[0, 1]</P>
    <P Name="Src">76178#out:1</P>
    <P Name="Dst">76180#in:1</P>
  </Line>
  <Line>
    <P Name="Name">qEG</P>
    <P Name="ZOrder">4</P>
    <P Name="Labels">[0, 1]</P>
    <P Name="Src">76270#out:1</P>
    <P Name="Points">[19, 0]</P>
    <Branch>
      <P Name="ZOrder">5</P>
      <P Name="Points">[0, 85]</P>
      <Branch>
        <P Name="ZOrder">6</P>
        <P Name="Dst">76215#in:1</P>
      </Branch>
      <Branch>
        <P Name="ZOrder">7</P>
        <P Name="Points">[-231, 0; 0, -100]</P>
        <P Name="Dst">76180#in:2</P>
      </Branch>
    </Branch>
    <Branch>
      <P Name="ZOrder">8</P>
      <P Name="Dst">76271#in:1</P>
    </Branch>
  </Line>
  <Line>
    <P Name="ZOrder">9</P>
    <P Name="Src">76180#out:1</P>
    <P Name="Dst">76270#in:1</P>
  </Line>
</System>
