<?xml version="1.0" encoding="utf-8"?>
<System>
  <P Name="Location">[207, 53, 2019, 1216]</P>
  <P Name="SystemRect">[0.000000, 0.000000, 0.000000, 0.000000]</P>
  <P Name="SetExecutionDomain">off</P>
  <P Name="ExecutionDomainType">Deduce</P>
  <P Name="ZoomFactor">150</P>
  <P Name="SimulinkSubDomain">Simulink</P>
  <Block BlockType="Sum" Name="Add" SID="74790">
    <P Name="Ports">[2, 1]</P>
    <P Name="Position">[125, 211, 155, 289]</P>
    <P Name="ZOrder">548</P>
    <P Name="ShowName">off</P>
    <P Name="IconShape">rectangular</P>
  </Block>
  <Block BlockType="Sum" Name="Add1" SID="74791">
    <P Name="Ports">[2, 1]</P>
    <P Name="Position">[125, 127, 155, 198]</P>
    <P Name="ZOrder">549</P>
    <P Name="ShowName">off</P>
    <P Name="IconShape">rectangular</P>
  </Block>
  <Block BlockType="BusCreator" Name="Bus&#xA;Creator" SID="74792">
    <P Name="Ports">[1, 1]</P>
    <P Name="Position">[530, 191, 535, 229]</P>
    <P Name="ZOrder">557</P>
    <P Name="ShowName">off</P>
    <P Name="Inputs">1</P>
    <P Name="DisplayOption">bar</P>
    <P Name="InheritFromInputs">on</P>
    <Port>
      <P Name="PortNumber">1</P>
      <P Name="Name">atm_dyn_bus</P>
    </Port>
  </Block>
  <Block BlockType="Constant" Name="Constant1" SID="74793">
    <P Name="Position">[180, 180, 210, 210]</P>
    <P Name="ZOrder">554</P>
    <P Name="ShowName">off</P>
    <P Name="Value">0</P>
  </Block>
  <Block BlockType="Concatenate" Name="Vector&#xA;Concatenate" SID="74794">
    <P Name="Ports">[3, 1]</P>
    <P Name="Position">[250, 153, 255, 237]</P>
    <P Name="ZOrder">553</P>
    <P Name="ShowName">off</P>
    <P Name="NumInputs">3</P>
  </Block>
  <Block BlockType="Constant" Name="course_angle_uncertainty" SID="74795">
    <P Name="Position">[20, 260, 100, 280]</P>
    <P Name="ZOrder">551</P>
    <P Name="Value">0</P>
  </Block>
  <Block BlockType="Constant" Name="course_angle_wind" SID="74796">
    <P Name="Position">[20, 220, 105, 240]</P>
    <P Name="ZOrder">547</P>
    <P Name="Value">0</P>
  </Block>
  <Block BlockType="SubSystem" Name="trafo_around_z_axis" SID="74797">
    <P Name="Ports">[2, 1]</P>
    <P Name="Position">[355, 181, 470, 234]</P>
    <P Name="ZOrder">555</P>
    <P Name="DropShadow">on</P>
    <P Name="RequestExecContextInheritance">off</P>
    <Mask SelfModifiable="on">
      <Type>Transformation um z-Achse</Type>
      <Display/>
      <Description>Dieser Block transformiert einen Vektor vec1 durch eine Drehung des Referenzkoordinatensystems um die z-Achse und um den Winkel gamma (in rad) in den Vektor vec2</Description>
      <Help>Name:

   trafo_around_z_axis

Beschreibung:

   Dieser Block transformiert einen Vektor vec1 durch eine Drehung des 
   Referenzkoordinatensystems um die z-Achse und um den Winkel gamma 
   (in rad) in den Vektor vec2

Inputs   [dimension]  [data type] [unit]:

    vec1    [3] [double] [-]
    gamma   [1] [double] [rad]

Outputs  [dimension]  [data type] [unit]:

    vec2  [3] [double] [-]
</Help>
    </Mask>
    <Port>
      <P Name="PortNumber">1</P>
      <P Name="Name">vWEG</P>
      <P Name="PropagatedSignals">vec2</P>
    </Port>
    <System Ref="system_74797"/>
  </Block>
  <Block BlockType="Constant" Name="vWW" SID="74798">
    <P Name="Position">[20, 170, 95, 190]</P>
    <P Name="ZOrder">546</P>
    <P Name="Value">0</P>
  </Block>
  <Block BlockType="Constant" Name="vWW_uncertainty" SID="74799">
    <P Name="Position">[10, 135, 95, 155]</P>
    <P Name="ZOrder">550</P>
    <P Name="Value">0</P>
  </Block>
  <Block BlockType="Outport" Name="vWEG" SID="74800">
    <P Name="Position">[610, 203, 640, 217]</P>
    <P Name="ZOrder">556</P>
    <P Name="BackgroundColor">orange</P>
    <P Name="VectorParamsAs1DForOutWhenUnconnected">off</P>
  </Block>
  <Line>
    <P Name="Name">atm_dyn_bus</P>
    <P Name="ZOrder">1</P>
    <P Name="Labels">[1, 0]</P>
    <P Name="Src">74792#out:1</P>
    <P Name="Dst">74800#in:1</P>
  </Line>
  <Line>
    <P Name="Name">vWEG</P>
    <P Name="ZOrder">2</P>
    <P Name="Labels">[1, 0]</P>
    <P Name="Src">74797#out:1</P>
    <P Name="Dst">74792#in:1</P>
  </Line>
  <Line>
    <P Name="ZOrder">3</P>
    <P Name="Src">74791#out:1</P>
    <P Name="Dst">74794#in:1</P>
  </Line>
  <Line>
    <P Name="ZOrder">4</P>
    <P Name="Src">74795#out:1</P>
    <P Name="Dst">74790#in:2</P>
  </Line>
  <Line>
    <P Name="ZOrder">5</P>
    <P Name="Src">74793#out:1</P>
    <P Name="Points">[11, 0]</P>
    <Branch>
      <P Name="ZOrder">6</P>
      <P Name="Dst">74794#in:2</P>
    </Branch>
    <Branch>
      <P Name="ZOrder">7</P>
      <P Name="Points">[0, 30]</P>
      <P Name="Dst">74794#in:3</P>
    </Branch>
  </Line>
  <Line>
    <P Name="ZOrder">8</P>
    <P Name="Src">74798#out:1</P>
    <P Name="Dst">74791#in:2</P>
  </Line>
  <Line>
    <P Name="ZOrder">9</P>
    <P Name="Src">74794#out:1</P>
    <P Name="Dst">74797#in:1</P>
  </Line>
  <Line>
    <P Name="ZOrder">10</P>
    <P Name="Src">74790#out:1</P>
    <P Name="Points">[140, 0; 0, -30]</P>
    <P Name="Dst">74797#in:2</P>
  </Line>
  <Line>
    <P Name="ZOrder">11</P>
    <P Name="Src">74799#out:1</P>
    <P Name="Dst">74791#in:1</P>
  </Line>
  <Line>
    <P Name="ZOrder">12</P>
    <P Name="Src">74796#out:1</P>
    <P Name="Dst">74790#in:1</P>
  </Line>
</System>
