<?xml version="1.0" encoding="utf-8"?>
<System>
  <P Name="Location">[-7, -7, 1927, 1177]</P>
  <P Name="SystemRect">[0.000000, 0.000000, 0.000000, 0.000000]</P>
  <P Name="SetExecutionDomain">off</P>
  <P Name="ExecutionDomainType">Deduce</P>
  <P Name="SimulinkSubDomain">Simulink</P>
  <Block BlockType="Inport" Name="alpha3" SID="80261">
    <P Name="Position">[820, 423, 850, 437]</P>
    <P Name="ZOrder">65</P>
  </Block>
  <Block BlockType="Constant" Name="Constant10" SID="80262">
    <P Name="Position">[1000, 720, 1030, 750]</P>
    <P Name="ZOrder">63</P>
    <P Name="ShowName">off</P>
    <P Name="Value">0</P>
  </Block>
  <Block BlockType="Constant" Name="Constant11" SID="80263">
    <P Name="Position">[1000, 765, 1030, 795]</P>
    <P Name="ZOrder">64</P>
    <P Name="ShowName">off</P>
  </Block>
  <Block BlockType="Constant" Name="Constant4" SID="80264">
    <P Name="Position">[1000, 675, 1030, 705]</P>
    <P Name="ZOrder">62</P>
    <P Name="ShowName">off</P>
    <P Name="Value">0</P>
  </Block>
  <Block BlockType="Constant" Name="Constant7" SID="80265">
    <P Name="Position">[1000, 585, 1030, 615]</P>
    <P Name="ZOrder">61</P>
    <P Name="ShowName">off</P>
    <P Name="Value">0</P>
  </Block>
  <Block BlockType="Constant" Name="Constant8" SID="80266">
    <P Name="Position">[1000, 395, 1030, 425]</P>
    <P Name="ZOrder">57</P>
    <P Name="ShowName">off</P>
    <P Name="Value">0</P>
  </Block>
  <Block BlockType="Gain" Name="Gain" SID="80267">
    <P Name="Position">[1215, 350, 1245, 380]</P>
    <P Name="ZOrder">66</P>
    <P Name="ShowName">off</P>
    <P Name="Gain">-1</P>
  </Block>
  <Block BlockType="Concatenate" Name="Matrix&#xA;Concatenate" SID="80268">
    <P Name="Ports">[3, 1]</P>
    <P Name="Position">[1515, 506, 1595, 604]</P>
    <P Name="ZOrder">48</P>
    <P Name="ShowName">off</P>
    <P Name="NumInputs">3</P>
    <P Name="Mode">Multidimensional array</P>
    <P Name="ConcatenateDimension">2</P>
  </Block>
  <Block BlockType="Mux" Name="Mux" SID="80269">
    <P Name="Ports">[3, 1]</P>
    <P Name="Position">[1335, 300, 1340, 430]</P>
    <P Name="ZOrder">44</P>
    <P Name="ShowName">off</P>
    <P Name="Inputs">3</P>
    <P Name="DisplayOption">bar</P>
  </Block>
  <Block BlockType="Mux" Name="Mux1" SID="80270">
    <P Name="Ports">[3, 1]</P>
    <P Name="Position">[1335, 490, 1340, 620]</P>
    <P Name="ZOrder">45</P>
    <P Name="ShowName">off</P>
    <P Name="Inputs">3</P>
    <P Name="DisplayOption">bar</P>
  </Block>
  <Block BlockType="Mux" Name="Mux2" SID="80271">
    <P Name="Ports">[3, 1]</P>
    <P Name="Position">[1335, 670, 1340, 800]</P>
    <P Name="ZOrder">47</P>
    <P Name="ShowName">off</P>
    <P Name="Inputs">3</P>
    <P Name="DisplayOption">bar</P>
  </Block>
  <Block BlockType="Trigonometry" Name="Trigonometric&#xA;Function" SID="80272">
    <P Name="Ports">[1, 1]</P>
    <P Name="Position">[1095, 540, 1125, 570]</P>
    <P Name="ZOrder">31</P>
    <P Name="ShowName">off</P>
    <P Name="Operator">cos</P>
  </Block>
  <Block BlockType="Trigonometry" Name="Trigonometric&#xA;Function1" SID="80273">
    <P Name="Ports">[1, 1]</P>
    <P Name="Position">[1095, 495, 1125, 525]</P>
    <P Name="ZOrder">58</P>
    <P Name="ShowName">off</P>
  </Block>
  <Block BlockType="Trigonometry" Name="Trigonometric&#xA;Function3" SID="80274">
    <P Name="Ports">[1, 1]</P>
    <P Name="Position">[1095, 305, 1125, 335]</P>
    <P Name="ZOrder">53</P>
    <P Name="ShowName">off</P>
    <P Name="Operator">cos</P>
  </Block>
  <Block BlockType="Trigonometry" Name="Trigonometric&#xA;Function4" SID="80275">
    <P Name="Ports">[1, 1]</P>
    <P Name="Position">[1095, 350, 1125, 380]</P>
    <P Name="ZOrder">55</P>
    <P Name="ShowName">off</P>
  </Block>
  <Block BlockType="Outport" Name="3Rot_Matrix_z" SID="80276">
    <P Name="Position">[1760, 548, 1790, 562]</P>
    <P Name="ZOrder">-2</P>
    <P Name="VectorParamsAs1DForOutWhenUnconnected">off</P>
  </Block>
  <Line>
    <P Name="ZOrder">1</P>
    <P Name="Src">80267#out:1</P>
    <P Name="Dst">80269#in:2</P>
  </Line>
  <Line>
    <P Name="ZOrder">2</P>
    <P Name="Src">80272#out:1</P>
    <P Name="Dst">80270#in:2</P>
  </Line>
  <Line>
    <P Name="ZOrder">3</P>
    <P Name="Src">80269#out:1</P>
    <P Name="Points">[83, 0; 0, 160]</P>
    <P Name="Dst">80268#in:1</P>
  </Line>
  <Line>
    <P Name="ZOrder">4</P>
    <P Name="Src">80270#out:1</P>
    <P Name="Dst">80268#in:2</P>
  </Line>
  <Line>
    <P Name="ZOrder">5</P>
    <P Name="Src">80271#out:1</P>
    <P Name="Points">[83, 0; 0, -150]</P>
    <P Name="Dst">80268#in:3</P>
  </Line>
  <Line>
    <P Name="ZOrder">6</P>
    <P Name="Src">80273#out:1</P>
    <P Name="Dst">80270#in:1</P>
  </Line>
  <Line>
    <P Name="ZOrder">7</P>
    <P Name="Src">80265#out:1</P>
    <P Name="Dst">80270#in:3</P>
  </Line>
  <Line>
    <P Name="ZOrder">8</P>
    <P Name="Src">80264#out:1</P>
    <P Name="Dst">80271#in:1</P>
  </Line>
  <Line>
    <P Name="ZOrder">9</P>
    <P Name="Src">80262#out:1</P>
    <P Name="Dst">80271#in:2</P>
  </Line>
  <Line>
    <P Name="ZOrder">10</P>
    <P Name="Src">80263#out:1</P>
    <P Name="Dst">80271#in:3</P>
  </Line>
  <Line>
    <P Name="ZOrder">11</P>
    <P Name="Src">80274#out:1</P>
    <P Name="Dst">80269#in:1</P>
  </Line>
  <Line>
    <P Name="ZOrder">12</P>
    <P Name="Src">80275#out:1</P>
    <P Name="Dst">80267#in:1</P>
  </Line>
  <Line>
    <P Name="ZOrder">13</P>
    <P Name="Src">80266#out:1</P>
    <P Name="Dst">80269#in:3</P>
  </Line>
  <Line>
    <P Name="ZOrder">14</P>
    <P Name="Src">80268#out:1</P>
    <P Name="Dst">80276#in:1</P>
  </Line>
  <Line>
    <P Name="ZOrder">15</P>
    <P Name="Src">80261#out:1</P>
    <P Name="Points">[95, 0]</P>
    <Branch>
      <P Name="ZOrder">16</P>
      <P Name="Points">[0, -87; 69, 0]</P>
      <Branch>
        <P Name="ZOrder">17</P>
        <P Name="Points">[0, -23]</P>
        <P Name="Dst">80274#in:1</P>
      </Branch>
      <Branch>
        <P Name="ZOrder">18</P>
        <P Name="Points">[0, 22]</P>
        <P Name="Dst">80275#in:1</P>
      </Branch>
    </Branch>
    <Branch>
      <P Name="ZOrder">19</P>
      <P Name="Points">[0, 102; 68, 0]</P>
      <Branch>
        <P Name="ZOrder">20</P>
        <P Name="Points">[0, 23]</P>
        <P Name="Dst">80272#in:1</P>
      </Branch>
      <Branch>
        <P Name="ZOrder">21</P>
        <P Name="Points">[0, -22]</P>
        <P Name="Dst">80273#in:1</P>
      </Branch>
    </Branch>
  </Line>
</System>
