<?xml version="1.0" encoding="utf-8"?>
<System>
  <P Name="Location">[-1927, -7, 7, 1167]</P>
  <P Name="SystemRect">[0.000000, 0.000000, 0.000000, 0.000000]</P>
  <P Name="SetExecutionDomain">off</P>
  <P Name="ExecutionDomainType">Deduce</P>
  <P Name="ZoomFactor">163</P>
  <P Name="SimulinkSubDomain">Simulink</P>
  <Block BlockType="Inport" Name="siB" SID="75627">
    <P Name="Position">[280, 178, 310, 192]</P>
    <P Name="ZOrder">1519</P>
    <P Name="BackgroundColor">yellow</P>
  </Block>
  <Block BlockType="Inport" Name="d_siB" SID="75628">
    <P Name="Position">[280, 308, 310, 322]</P>
    <P Name="ZOrder">1520</P>
    <P Name="BackgroundColor">yellow</P>
    <P Name="Port">2</P>
  </Block>
  <Block BlockType="Inport" Name="dd_siB" SID="75629">
    <P Name="Position">[280, 438, 310, 452]</P>
    <P Name="ZOrder">1521</P>
    <P Name="BackgroundColor">yellow</P>
    <P Name="Port">3</P>
  </Block>
  <Block BlockType="Constant" Name="Constant8" SID="75630">
    <P Name="Position">[280, 115, 310, 145]</P>
    <P Name="ZOrder">1489</P>
    <P Name="ShowName">off</P>
    <P Name="Value">Tr3r4</P>
    <Port>
      <P Name="PortNumber">1</P>
      <P Name="Name">Tr3r4</P>
    </Port>
  </Block>
  <Block BlockType="Product" Name="Product" SID="75631">
    <P Name="Ports">[2, 1]</P>
    <P Name="Position">[410, 102, 450, 213]</P>
    <P Name="ZOrder">1490</P>
    <P Name="ShowName">off</P>
    <P Name="Multiplication">Matrix(*)</P>
    <Port>
      <P Name="PortNumber">1</P>
      <P Name="Name">afinB</P>
    </Port>
  </Block>
  <Block BlockType="Product" Name="Product1" SID="75632">
    <P Name="Ports">[2, 1]</P>
    <P Name="Position">[410, 232, 450, 343]</P>
    <P Name="ZOrder">1517</P>
    <P Name="ShowName">off</P>
    <P Name="Multiplication">Matrix(*)</P>
    <Port>
      <P Name="PortNumber">1</P>
      <P Name="Name">d_afinB</P>
    </Port>
  </Block>
  <Block BlockType="Product" Name="Product2" SID="75633">
    <P Name="Ports">[2, 1]</P>
    <P Name="Position">[410, 362, 450, 473]</P>
    <P Name="ZOrder">1518</P>
    <P Name="ShowName">off</P>
    <P Name="Multiplication">Matrix(*)</P>
    <Port>
      <P Name="PortNumber">1</P>
      <P Name="Name">dd_afinB</P>
    </Port>
  </Block>
  <Block BlockType="Outport" Name="Tr3r4" SID="75634">
    <P Name="Position">[585, 23, 615, 37]</P>
    <P Name="ZOrder">1522</P>
    <P Name="BackgroundColor">orange</P>
    <P Name="VectorParamsAs1DForOutWhenUnconnected">off</P>
  </Block>
  <Block BlockType="Outport" Name="finB" SID="75635">
    <P Name="Position">[585, 153, 615, 167]</P>
    <P Name="ZOrder">1523</P>
    <P Name="BackgroundColor">orange</P>
    <P Name="Port">2</P>
    <P Name="VectorParamsAs1DForOutWhenUnconnected">off</P>
  </Block>
  <Block BlockType="Outport" Name="d_finB" SID="75636">
    <P Name="Position">[585, 283, 615, 297]</P>
    <P Name="ZOrder">1524</P>
    <P Name="BackgroundColor">orange</P>
    <P Name="Port">3</P>
    <P Name="VectorParamsAs1DForOutWhenUnconnected">off</P>
  </Block>
  <Block BlockType="Outport" Name="dd_finB" SID="75637">
    <P Name="Position">[585, 413, 615, 427]</P>
    <P Name="ZOrder">1525</P>
    <P Name="BackgroundColor">orange</P>
    <P Name="Port">4</P>
    <P Name="VectorParamsAs1DForOutWhenUnconnected">off</P>
  </Block>
  <Line>
    <P Name="Name">afinB</P>
    <P Name="ZOrder">1</P>
    <P Name="Labels">[0, 1]</P>
    <P Name="Src">75631#out:1</P>
    <P Name="Dst">75635#in:1</P>
  </Line>
  <Line>
    <P Name="Name">Tr3r4</P>
    <P Name="ZOrder">2</P>
    <P Name="Labels">[0, 1]</P>
    <P Name="Src">75630#out:1</P>
    <P Name="Points">[64, 0]</P>
    <Branch>
      <P Name="ZOrder">3</P>
      <P Name="Points">[0, -100]</P>
      <P Name="Dst">75634#in:1</P>
    </Branch>
    <Branch>
      <P Name="ZOrder">4</P>
      <P Name="Points">[0, 130]</P>
      <Branch>
        <P Name="ZOrder">5</P>
        <P Name="Points">[0, 130]</P>
        <P Name="Dst">75633#in:1</P>
      </Branch>
      <Branch>
        <P Name="ZOrder">6</P>
        <P Name="Dst">75632#in:1</P>
      </Branch>
    </Branch>
    <Branch>
      <P Name="ZOrder">7</P>
      <P Name="Dst">75631#in:1</P>
    </Branch>
  </Line>
  <Line>
    <P Name="ZOrder">8</P>
    <P Name="Src">75627#out:1</P>
    <P Name="Dst">75631#in:2</P>
  </Line>
  <Line>
    <P Name="ZOrder">9</P>
    <P Name="Src">75628#out:1</P>
    <P Name="Dst">75632#in:2</P>
  </Line>
  <Line>
    <P Name="Name">d_afinB</P>
    <P Name="ZOrder">10</P>
    <P Name="Labels">[0, 1]</P>
    <P Name="Src">75632#out:1</P>
    <P Name="Dst">75636#in:1</P>
  </Line>
  <Line>
    <P Name="ZOrder">11</P>
    <P Name="Src">75629#out:1</P>
    <P Name="Dst">75633#in:2</P>
  </Line>
  <Line>
    <P Name="Name">dd_afinB</P>
    <P Name="ZOrder">12</P>
    <P Name="Labels">[0, 1]</P>
    <P Name="Src">75633#out:1</P>
    <P Name="Dst">75637#in:1</P>
  </Line>
</System>
