<?xml version="1.0" encoding="utf-8"?>
<System>
  <P Name="Location">[233, 412, 496, 677]</P>
  <P Name="SystemRect">[0.000000, 0.000000, 0.000000, 0.000000]</P>
  <P Name="SetExecutionDomain">off</P>
  <P Name="ExecutionDomainType">Deduce</P>
  <P Name="SimulinkSubDomain">Simulink</P>
  <Block BlockType="Inport" Name="Degrees&#xA;in" SID="77653">
    <P Name="Position">[20, 25, 40, 45]</P>
    <P Name="ZOrder">-1</P>
  </Block>
  <Block BlockType="Gain" Name="Gain1" SID="77654">
    <P Name="Position">[70, 15, 120, 55]</P>
    <P Name="ZOrder">-2</P>
    <P Name="ShowName">off</P>
    <P Name="Gain">pi/180</P>
    <P Name="ParamDataTypeStr">Inherit: Same as input</P>
    <P Name="OutDataTypeStr">Inherit: Same as input</P>
    <P Name="SaturateOnIntegerOverflow">on</P>
  </Block>
  <Block BlockType="Outport" Name="Radians&#xA;out" SID="77655">
    <P Name="Position">[145, 25, 165, 45]</P>
    <P Name="ZOrder">-3</P>
    <P Name="InitialOutput">0</P>
    <P Name="VectorParamsAs1DForOutWhenUnconnected">off</P>
  </Block>
  <Line>
    <P Name="ZOrder">1</P>
    <P Name="Src">77654#out:1</P>
    <P Name="Dst">77655#in:1</P>
  </Line>
  <Line>
    <P Name="ZOrder">2</P>
    <P Name="Src">77653#out:1</P>
    <P Name="Dst">77654#in:1</P>
  </Line>
</System>
