<?xml version="1.0" encoding="utf-8"?>
<System>
  <P Name="Location">[-1927, -543, 8, 632]</P>
  <P Name="SystemRect">[0.000000, 0.000000, 0.000000, 0.000000]</P>
  <P Name="SetExecutionDomain">off</P>
  <P Name="ExecutionDomainType">Deduce</P>
  <P Name="SimulinkSubDomain">Simulink</P>
  <Block BlockType="Inport" Name="phi" SID="75397">
    <P Name="Position">[175, 128, 205, 142]</P>
    <P Name="ZOrder">31</P>
    <P Name="BackgroundColor">yellow</P>
  </Block>
  <Block BlockType="Sum" Name="Add2" SID="75398">
    <P Name="Ports">[2, 1]</P>
    <P Name="Position">[535, 117, 565, 148]</P>
    <P Name="ZOrder">22</P>
    <P Name="ShowName">off</P>
    <P Name="IconShape">rectangular</P>
    <P Name="Inputs">+-</P>
  </Block>
  <Block BlockType="Product" Name="Divide" SID="75399">
    <P Name="Ports">[2, 1]</P>
    <P Name="Position">[365, 162, 395, 193]</P>
    <P Name="ZOrder">25</P>
    <P Name="ShowName">off</P>
    <P Name="Inputs">**</P>
    <Port>
      <P Name="PortNumber">1</P>
      <P Name="Name">e^2</P>
    </Port>
  </Block>
  <Block BlockType="Product" Name="Divide1" SID="75400">
    <P Name="Ports">[2, 1]</P>
    <P Name="Position">[365, 112, 395, 143]</P>
    <P Name="ZOrder">27</P>
    <P Name="ShowName">off</P>
    <P Name="Inputs">**</P>
    <Port>
      <P Name="PortNumber">1</P>
      <P Name="Name">sin(phi)^2</P>
    </Port>
  </Block>
  <Block BlockType="Product" Name="Divide2" SID="75401">
    <P Name="Ports">[2, 1]</P>
    <P Name="Position">[470, 122, 500, 153]</P>
    <P Name="ZOrder">28</P>
    <P Name="ShowName">off</P>
    <P Name="Inputs">**</P>
  </Block>
  <Block BlockType="Product" Name="Divide3" SID="75402">
    <P Name="Ports">[2, 1]</P>
    <P Name="Position">[690, 257, 720, 288]</P>
    <P Name="ZOrder">29</P>
    <P Name="ShowName">off</P>
    <P Name="Inputs">/*</P>
    <Port>
      <P Name="PortNumber">1</P>
      <P Name="Name">N</P>
    </Port>
  </Block>
  <Block BlockType="Sqrt" Name="Sqrt" SID="75403">
    <P Name="Position">[605, 120, 635, 150]</P>
    <P Name="ZOrder">30</P>
  </Block>
  <Block BlockType="SubSystem" Name="Subsystem" SID="75404">
    <P Name="Ports">[2, 1]</P>
    <P Name="Position">[160, 158, 260, 262]</P>
    <P Name="ZOrder">-31</P>
    <P Name="ShowName">off</P>
    <P Name="RequestExecContextInheritance">off</P>
    <System Ref="system_75404"/>
  </Block>
  <Block BlockType="Trigonometry" Name="Trigonometric&#xA;Function" SID="75414">
    <P Name="Ports">[1, 1]</P>
    <P Name="Position">[275, 120, 305, 150]</P>
    <P Name="ZOrder">26</P>
    <P Name="ShowName">off</P>
  </Block>
  <Block BlockType="Constant" Name="WGS84 Semi-major Axis, [m]" SID="75415">
    <P Name="Position">[-105, 222, 0, 248]</P>
    <P Name="ZOrder">580</P>
    <P Name="Value">c_rsma</P>
    <Port>
      <P Name="PortNumber">1</P>
      <P Name="Name">c_rsma</P>
    </Port>
  </Block>
  <Block BlockType="Constant" Name="WGS84 Semi-minor Axis, [m]" SID="75416">
    <P Name="Position">[-105, 172, 0, 198]</P>
    <P Name="ZOrder">581</P>
    <P Name="Value">c_b_WGS</P>
    <Port>
      <P Name="PortNumber">1</P>
      <P Name="Name">c_b_WGS</P>
    </Port>
  </Block>
  <Block BlockType="Constant" Name="a3" SID="75417">
    <P Name="Position">[470, 65, 500, 95]</P>
    <P Name="ZOrder">23</P>
    <P Name="ShowName">off</P>
  </Block>
  <Block BlockType="Outport" Name="N" SID="75418">
    <P Name="Position">[760, 268, 790, 282]</P>
    <P Name="ZOrder">32</P>
    <P Name="BackgroundColor">orange</P>
    <P Name="VectorParamsAs1DForOutWhenUnconnected">off</P>
  </Block>
  <Block BlockType="Outport" Name="e" SID="75419">
    <P Name="Position">[760, 193, 790, 207]</P>
    <P Name="ZOrder">33</P>
    <P Name="BackgroundColor">orange</P>
    <P Name="Port">2</P>
    <P Name="VectorParamsAs1DForOutWhenUnconnected">off</P>
  </Block>
  <Line>
    <P Name="Name">c_b_WGS</P>
    <P Name="ZOrder">1</P>
    <P Name="Labels">[0, 1]</P>
    <P Name="Src">75416#out:1</P>
    <P Name="Dst">75404#in:1</P>
  </Line>
  <Line>
    <P Name="Name">c_rsma</P>
    <P Name="ZOrder">2</P>
    <P Name="Labels">[0, 1]</P>
    <P Name="Src">75415#out:1</P>
    <P Name="Points">[111, 0]</P>
    <Branch>
      <P Name="ZOrder">3</P>
      <P Name="Dst">75404#in:2</P>
    </Branch>
    <Branch>
      <P Name="ZOrder">4</P>
      <P Name="Points">[0, 45]</P>
      <P Name="Dst">75402#in:2</P>
    </Branch>
  </Line>
  <Line>
    <P Name="Name">sin(phi)^2</P>
    <P Name="ZOrder">5</P>
    <P Name="Labels">[1, 0]</P>
    <P Name="Src">75400#out:1</P>
    <P Name="Dst">75401#in:1</P>
  </Line>
  <Line>
    <P Name="Name">N</P>
    <P Name="ZOrder">6</P>
    <P Name="Labels">[1, 1]</P>
    <P Name="Src">75402#out:1</P>
    <P Name="Dst">75418#in:1</P>
  </Line>
  <Line>
    <P Name="ZOrder">7</P>
    <P Name="Src">75403#out:1</P>
    <P Name="Points">[23, 0; 0, 130]</P>
    <P Name="Dst">75402#in:1</P>
  </Line>
  <Line>
    <P Name="ZOrder">8</P>
    <P Name="Src">75417#out:1</P>
    <P Name="Points">[13, 0; 0, 45]</P>
    <P Name="Dst">75398#in:1</P>
  </Line>
  <Line>
    <P Name="ZOrder">9</P>
    <P Name="Src">75401#out:1</P>
    <P Name="Dst">75398#in:2</P>
  </Line>
  <Line>
    <P Name="ZOrder">10</P>
    <P Name="Src">75414#out:1</P>
    <P Name="Points">[24, 0]</P>
    <Branch>
      <P Name="ZOrder">11</P>
      <P Name="Dst">75400#in:2</P>
    </Branch>
    <Branch>
      <P Name="ZOrder">12</P>
      <P Name="Points">[0, -15]</P>
      <P Name="Dst">75400#in:1</P>
    </Branch>
  </Line>
  <Line>
    <P Name="Name">e^2</P>
    <P Name="ZOrder">13</P>
    <P Name="Labels">[0, 1]</P>
    <P Name="Src">75399#out:1</P>
    <P Name="Points">[32, 0; 0, -35]</P>
    <P Name="Dst">75401#in:2</P>
  </Line>
  <Line>
    <P Name="ZOrder">14</P>
    <P Name="Src">75404#out:1</P>
    <P Name="Points">[194, 0; 0, -10]</P>
    <Branch>
      <P Name="ZOrder">15</P>
      <P Name="Dst">75419#in:1</P>
    </Branch>
    <Branch>
      <P Name="ZOrder">16</P>
      <P Name="Points">[-127, 0; 0, -15]</P>
      <Branch>
        <P Name="ZOrder">17</P>
        <P Name="Dst">75399#in:2</P>
      </Branch>
      <Branch>
        <P Name="ZOrder">18</P>
        <P Name="Points">[0, -15]</P>
        <P Name="Dst">75399#in:1</P>
      </Branch>
    </Branch>
  </Line>
  <Line>
    <P Name="ZOrder">19</P>
    <P Name="Src">75398#out:1</P>
    <P Name="Dst">75403#in:1</P>
  </Line>
  <Line>
    <P Name="ZOrder">20</P>
    <P Name="Src">75397#out:1</P>
    <P Name="Dst">75414#in:1</P>
  </Line>
</System>
