<?xml version="1.0" encoding="utf-8"?>
<System>
  <P Name="Location">[-7, -7, 1481, 871]</P>
  <P Name="SystemRect">[0.000000, 0.000000, 0.000000, 0.000000]</P>
  <P Name="SetExecutionDomain">off</P>
  <P Name="ExecutionDomainType">Deduce</P>
  <P Name="ZoomFactor">154</P>
  <P Name="SimulinkSubDomain">Simulink</P>
  <Block BlockType="Constant" Name="Constant" SID="75110">
    <P Name="Position">[20, 27, 95, 53]</P>
    <P Name="ZOrder">1611</P>
    <P Name="ShowName">off</P>
    <P Name="HideAutomaticName">off</P>
    <P Name="AttributesFormatString">%&lt;Value&gt;</P>
    <P Name="Value">Aerodynamics.xcg</P>
  </Block>
  <Block BlockType="Constant" Name="Constant3" SID="75111">
    <P Name="Position">[115, 65, 145, 95]</P>
    <P Name="ZOrder">1613</P>
    <P Name="Value">0</P>
  </Block>
  <Block BlockType="Gain" Name="Gain" SID="75112">
    <P Name="Position">[130, 25, 160, 55]</P>
    <P Name="ZOrder">1614</P>
    <P Name="Gain">-1</P>
  </Block>
  <Block BlockType="Concatenate" Name="Vector&#xA;Concatenate" SID="75113">
    <P Name="Ports">[3, 1]</P>
    <P Name="Position">[195, 23, 200, 137]</P>
    <P Name="ZOrder">1612</P>
    <P Name="NumInputs">3</P>
    <Port>
      <P Name="PortNumber">1</P>
      <P Name="Name">pAPB</P>
    </Port>
  </Block>
  <Block BlockType="Outport" Name="pAPB" SID="75114">
    <P Name="Position">[300, 73, 330, 87]</P>
    <P Name="ZOrder">1615</P>
    <P Name="BackgroundColor">orange</P>
    <P Name="VectorParamsAs1DForOutWhenUnconnected">off</P>
  </Block>
  <Line>
    <P Name="ZOrder">1</P>
    <P Name="Src">75111#out:1</P>
    <P Name="Points">[25, 0]</P>
    <Branch>
      <P Name="ZOrder">2</P>
      <P Name="Points">[0, 40]</P>
      <P Name="Dst">75113#in:3</P>
    </Branch>
    <Branch>
      <P Name="ZOrder">3</P>
      <P Name="Dst">75113#in:2</P>
    </Branch>
  </Line>
  <Line>
    <P Name="ZOrder">4</P>
    <P Name="Src">75112#out:1</P>
    <P Name="Dst">75113#in:1</P>
  </Line>
  <Line>
    <P Name="ZOrder">5</P>
    <P Name="Src">75110#out:1</P>
    <P Name="Dst">75112#in:1</P>
  </Line>
  <Line>
    <P Name="Name">pAPB</P>
    <P Name="ZOrder">6</P>
    <P Name="Labels">[0, 1]</P>
    <P Name="Src">75113#out:1</P>
    <P Name="Dst">75114#in:1</P>
  </Line>
</System>
