<?xml version="1.0" encoding="utf-8"?>
<System>
  <P Name="Location">[-7, -7, 1481, 871]</P>
  <P Name="SystemRect">[0.000000, 0.000000, 0.000000, 0.000000]</P>
  <P Name="SetExecutionDomain">off</P>
  <P Name="ExecutionDomainType">Deduce</P>
  <P Name="SimulinkSubDomain">Simulink</P>
  <Block BlockType="Inport" Name="cmd" SID="75492">
    <P Name="Position">[-140, 208, -110, 222]</P>
    <P Name="ZOrder">1520</P>
    <P Name="BackgroundColor">yellow</P>
    <Port>
      <P Name="PortNumber">1</P>
      <P Name="PropagatedSignals">cmd_bus</P>
      <P Name="ShowPropagatedSignals">on</P>
    </Port>
  </Block>
  <Block BlockType="BusCreator" Name="Bus&#xA;Creator3" SID="75493">
    <P Name="Ports">[7, 1]</P>
    <P Name="Position">[1080, 143, 1085, 527]</P>
    <P Name="ZOrder">1519</P>
    <P Name="ShowName">off</P>
    <P Name="Inputs">7</P>
    <P Name="DisplayOption">bar</P>
    <P Name="InheritFromInputs">on</P>
    <Port>
      <P Name="PortNumber">1</P>
      <P Name="Name">fin_bus</P>
    </Port>
  </Block>
  <Block BlockType="BusSelector" Name="Bus&#xA;Selector" SID="75494">
    <P Name="Ports">[1, 1]</P>
    <P Name="Position">[-45, 196, -40, 234]</P>
    <P Name="ZOrder">1482</P>
    <P Name="ShowName">off</P>
    <P Name="OutputSignals">siB_cmd</P>
    <Port>
      <P Name="PortNumber">1</P>
      <P Name="Name">&lt;siB_cmd&gt;</P>
    </Port>
  </Block>
  <Block BlockType="Constant" Name="Constant" SID="75495">
    <P Name="Position">[370, 225, 455, 255]</P>
    <P Name="ZOrder">1546</P>
    <P Name="Value">flag_I_act_switch</P>
  </Block>
  <Block BlockType="Constant" Name="Constant7" SID="75496">
    <P Name="Position">[65, 85, 95, 115]</P>
    <P Name="ZOrder">1487</P>
    <P Name="ShowName">off</P>
    <P Name="Value">tRRR</P>
  </Block>
  <Block BlockType="Demux" Name="Demux" SID="75497">
    <P Name="Ports">[1, 4]</P>
    <P Name="Position">[30, 4, 35, 421]</P>
    <P Name="ZOrder">1486</P>
    <P Name="ShowName">off</P>
  </Block>
  <Block BlockType="From" Name="From" SID="75498">
    <P Name="Position">[535, 255, 590, 275]</P>
    <P Name="ZOrder">1507</P>
    <P Name="GotoTag">d_siB1</P>
  </Block>
  <Block BlockType="From" Name="From1" SID="75499">
    <P Name="Position">[535, 285, 590, 305]</P>
    <P Name="ZOrder">1508</P>
    <P Name="GotoTag">d_siB2</P>
  </Block>
  <Block BlockType="From" Name="From2" SID="75500">
    <P Name="Position">[535, 315, 590, 335]</P>
    <P Name="ZOrder">1509</P>
    <P Name="GotoTag">d_siB3</P>
  </Block>
  <Block BlockType="From" Name="From3" SID="75501">
    <P Name="Position">[535, 345, 590, 365]</P>
    <P Name="ZOrder">1510</P>
    <P Name="GotoTag">d_siB4</P>
  </Block>
  <Block BlockType="From" Name="From4" SID="75502">
    <P Name="Position">[675, 325, 730, 345]</P>
    <P Name="ZOrder">1512</P>
    <P Name="GotoTag">dd_siB1</P>
  </Block>
  <Block BlockType="From" Name="From5" SID="75503">
    <P Name="Position">[675, 355, 730, 375]</P>
    <P Name="ZOrder">1513</P>
    <P Name="GotoTag">dd_siB2</P>
  </Block>
  <Block BlockType="From" Name="From6" SID="75504">
    <P Name="Position">[675, 385, 730, 405]</P>
    <P Name="ZOrder">1514</P>
    <P Name="GotoTag">dd_siB3</P>
  </Block>
  <Block BlockType="From" Name="From7" SID="75505">
    <P Name="Position">[675, 415, 730, 435]</P>
    <P Name="ZOrder">1515</P>
    <P Name="GotoTag">dd_siB4</P>
  </Block>
  <Block BlockType="Goto" Name="Goto" SID="75506">
    <P Name="Position">[250, 65, 305, 85]</P>
    <P Name="ZOrder">1493</P>
    <P Name="GotoTag">d_siB1</P>
  </Block>
  <Block BlockType="Goto" Name="Goto1" SID="75507">
    <P Name="Position">[250, 95, 305, 115]</P>
    <P Name="ZOrder">1494</P>
    <P Name="GotoTag">dd_siB1</P>
  </Block>
  <Block BlockType="Goto" Name="Goto2" SID="75508">
    <P Name="Position">[250, 170, 305, 190]</P>
    <P Name="ZOrder">1501</P>
    <P Name="GotoTag">d_siB2</P>
  </Block>
  <Block BlockType="Goto" Name="Goto3" SID="75509">
    <P Name="Position">[250, 200, 305, 220]</P>
    <P Name="ZOrder">1502</P>
    <P Name="GotoTag">dd_siB2</P>
  </Block>
  <Block BlockType="Goto" Name="Goto4" SID="75510">
    <P Name="Position">[250, 275, 305, 295]</P>
    <P Name="ZOrder">1503</P>
    <P Name="GotoTag">d_siB3</P>
  </Block>
  <Block BlockType="Goto" Name="Goto5" SID="75511">
    <P Name="Position">[250, 305, 305, 325]</P>
    <P Name="ZOrder">1504</P>
    <P Name="GotoTag">dd_siB3</P>
  </Block>
  <Block BlockType="Goto" Name="Goto6" SID="75512">
    <P Name="Position">[250, 380, 305, 400]</P>
    <P Name="ZOrder">1505</P>
    <P Name="GotoTag">d_siB4</P>
  </Block>
  <Block BlockType="Goto" Name="Goto7" SID="75513">
    <P Name="Position">[250, 410, 305, 430]</P>
    <P Name="ZOrder">1506</P>
    <P Name="GotoTag">dd_siB4</P>
  </Block>
  <Block BlockType="SubSystem" Name="Rudder" SID="75514">
    <P Name="Ports">[2, 3]</P>
    <P Name="Position">[135, 30, 235, 120]</P>
    <P Name="ZOrder">1481</P>
    <P Name="RequestExecContextInheritance">off</P>
    <P Name="ContentPreviewEnabled">on</P>
    <Mask>
      <Display/>
      <MaskParameter Name="siB_max" Type="edit">
        <Prompt>Obere Limitierung des Ruderstellwinkels in [rad]</Prompt>
        <Value>siB_max</Value>
      </MaskParameter>
      <MaskParameter Name="siB_min" Type="edit">
        <Prompt>Untere Limitierung des Ruderstellwinkels in [rad]</Prompt>
        <Value>siB_min</Value>
      </MaskParameter>
      <MaskParameter Name="d_siB_max" Type="edit">
        <Prompt>Obere Limitierung der Ruderstellwinkelgeschwindigkeit in [rad/s]</Prompt>
        <Value>d_siB_max</Value>
      </MaskParameter>
      <MaskParameter Name="d_siB_min" Type="edit">
        <Prompt>Untere Limitierung der Ruderstellwinkelgeschwindigkeit in [rad/s]</Prompt>
        <Value>d_siB_min</Value>
      </MaskParameter>
      <MaskParameter Name="dd_siB_max" Type="edit">
        <Prompt>Obere Limitierung der Ruderstellwinkelbeschleunigung in [rad/s^2]</Prompt>
        <Value>dd_siB_max</Value>
      </MaskParameter>
      <MaskParameter Name="dd_siB_min" Type="edit">
        <Prompt>Untere Limitierung der Ruderstellwinkelbeschleunigung in [rad/s^2]</Prompt>
        <Value>dd_siB_min</Value>
      </MaskParameter>
      <MaskParameter Name="omega" Type="edit">
        <Prompt>Eckfrequenz in [Hz]</Prompt>
        <Value>act_omega</Value>
      </MaskParameter>
      <MaskParameter Name="dmp" Type="edit">
        <Prompt>Dämpfung in [kg/s]</Prompt>
        <Value>act_dmp</Value>
      </MaskParameter>
      <MaskParameter Name="unc_bl" Type="edit">
        <Prompt>Rückschlag des Aktuators (Backlash) in [rad]</Prompt>
        <Value>unc_act_bl</Value>
      </MaskParameter>
      <MaskParameter Name="unc_scale" Type="edit">
        <Prompt>Skalenfehler in [-]</Prompt>
        <Value>unc_act_scale</Value>
      </MaskParameter>
      <MaskParameter Name="unc_off" Type="edit">
        <Prompt>Versatz (Offset) in [rad]</Prompt>
        <Value>unc_act_off</Value>
      </MaskParameter>
      <MaskParameter Name="siB_0" Type="edit">
        <Prompt>Startwert Ruderwinkel in [rad]</Prompt>
        <Value>siB_0</Value>
      </MaskParameter>
      <MaskParameter Name="d_siB_0" Type="edit">
        <Prompt>Startwert Ruderwinkelgeschwindigkeiten in [rad/s]</Prompt>
        <Value>d_siB_0</Value>
      </MaskParameter>
      <DialogControl Type="Group" Name="DescGroupVar">
        <Prompt>%&lt;MaskType&gt;</Prompt>
        <DialogControl Type="Text" Name="DescTextVar">
          <Prompt>%&lt;MaskDescription&gt;</Prompt>
        </DialogControl>
      </DialogControl>
      <DialogControl Type="Group" Name="ParameterGroupVar">
        <Prompt>Limitierungen</Prompt>
        <DialogControl Type="Edit" Name="siB_max">
          <Prompt>Obere Limitierung des Ruderstellwinkels in [rad]</Prompt>
        </DialogControl>
        <DialogControl Type="Edit" Name="siB_min">
          <Prompt>Untere Limitierung des Ruderstellwinkels in [rad]</Prompt>
        </DialogControl>
        <DialogControl Type="Edit" Name="d_siB_max">
          <Prompt>Obere Limitierung der Ruderstellwinkelgeschwindigkeit in [rad/s]</Prompt>
        </DialogControl>
        <DialogControl Type="Edit" Name="d_siB_min">
          <Prompt>Untere Limitierung der Ruderstellwinkelgeschwindigkeit in [rad/s]</Prompt>
        </DialogControl>
        <DialogControl Type="Edit" Name="dd_siB_max">
          <Prompt>Obere Limitierung der Ruderstellwinkelbeschleunigung in [rad/s^2]</Prompt>
        </DialogControl>
        <DialogControl Type="Edit" Name="dd_siB_min">
          <Prompt>Untere Limitierung der Ruderstellwinkelbeschleunigung in [rad/s^2]</Prompt>
        </DialogControl>
      </DialogControl>
      <DialogControl Type="Group" Name="Container3">
        <Prompt>Dynamik</Prompt>
        <DialogControl Type="Edit" Name="omega">
          <Prompt>Eckfrequenz in [Hz]</Prompt>
        </DialogControl>
        <DialogControl Type="Edit" Name="dmp">
          <Prompt>Dämpfung in [kg/s]</Prompt>
        </DialogControl>
      </DialogControl>
      <DialogControl Type="Group" Name="Container4">
        <Prompt>Aktuatorfehler</Prompt>
        <DialogControl Type="Edit" Name="unc_bl">
          <Prompt>Rückschlag des Aktuators (Backlash) in [rad]</Prompt>
        </DialogControl>
        <DialogControl Type="Edit" Name="unc_scale">
          <Prompt>Skalenfehler in [-]</Prompt>
        </DialogControl>
        <DialogControl Type="Edit" Name="unc_off">
          <Prompt>Versatz (Offset) in [rad]</Prompt>
        </DialogControl>
      </DialogControl>
      <DialogControl Type="Group" Name="Container5">
        <Prompt>Startwerte</Prompt>
        <DialogControl Type="Edit" Name="siB_0">
          <Prompt>Startwert Ruderwinkel in [rad]</Prompt>
        </DialogControl>
        <DialogControl Type="Edit" Name="d_siB_0">
          <Prompt>Startwert Ruderwinkelgeschwindigkeiten in [rad/s]</Prompt>
        </DialogControl>
      </DialogControl>
    </Mask>
    <System Ref="system_75514"/>
  </Block>
  <Block BlockType="SubSystem" Name="Rudder1" SID="75541">
    <P Name="Ports">[2, 3]</P>
    <P Name="Position">[135, 135, 235, 225]</P>
    <P Name="ZOrder">1526</P>
    <P Name="RequestExecContextInheritance">off</P>
    <P Name="ContentPreviewEnabled">on</P>
    <Mask>
      <Display/>
      <MaskParameter Name="siB_max" Type="edit">
        <Prompt>Obere Limitierung des Ruderstellwinkels in [rad]</Prompt>
        <Value>siB_max</Value>
      </MaskParameter>
      <MaskParameter Name="siB_min" Type="edit">
        <Prompt>Untere Limitierung des Ruderstellwinkels in [rad]</Prompt>
        <Value>siB_min</Value>
      </MaskParameter>
      <MaskParameter Name="d_siB_max" Type="edit">
        <Prompt>Obere Limitierung der Ruderstellwinkelgeschwindigkeit in [rad/s]</Prompt>
        <Value>d_siB_max</Value>
      </MaskParameter>
      <MaskParameter Name="d_siB_min" Type="edit">
        <Prompt>Untere Limitierung der Ruderstellwinkelgeschwindigkeit in [rad/s]</Prompt>
        <Value>d_siB_min</Value>
      </MaskParameter>
      <MaskParameter Name="dd_siB_max" Type="edit">
        <Prompt>Obere Limitierung der Ruderstellwinkelbeschleunigung in [rad/s^2]</Prompt>
        <Value>dd_siB_max</Value>
      </MaskParameter>
      <MaskParameter Name="dd_siB_min" Type="edit">
        <Prompt>Untere Limitierung der Ruderstellwinkelbeschleunigung in [rad/s^2]</Prompt>
        <Value>dd_siB_min</Value>
      </MaskParameter>
      <MaskParameter Name="omega" Type="edit">
        <Prompt>Eckfrequenz in [Hz]</Prompt>
        <Value>act_omega</Value>
      </MaskParameter>
      <MaskParameter Name="dmp" Type="edit">
        <Prompt>Dämpfung in [kg/s]</Prompt>
        <Value>act_dmp</Value>
      </MaskParameter>
      <MaskParameter Name="unc_bl" Type="edit">
        <Prompt>Rückschlag des Aktuators (Backlash) in [rad]</Prompt>
        <Value>unc_act_bl</Value>
      </MaskParameter>
      <MaskParameter Name="unc_scale" Type="edit">
        <Prompt>Skalenfehler in [-]</Prompt>
        <Value>unc_act_scale</Value>
      </MaskParameter>
      <MaskParameter Name="unc_off" Type="edit">
        <Prompt>Versatz (Offset) in [rad]</Prompt>
        <Value>unc_act_off</Value>
      </MaskParameter>
      <MaskParameter Name="siB_0" Type="edit">
        <Prompt>Startwert Ruderwinkel in [rad]</Prompt>
        <Value>siB_0</Value>
      </MaskParameter>
      <MaskParameter Name="d_siB_0" Type="edit">
        <Prompt>Startwert Ruderwinkelgeschwindigkeiten in [rad/s]</Prompt>
        <Value>d_siB_0</Value>
      </MaskParameter>
      <DialogControl Type="Group" Name="DescGroupVar">
        <Prompt>%&lt;MaskType&gt;</Prompt>
        <DialogControl Type="Text" Name="DescTextVar">
          <Prompt>%&lt;MaskDescription&gt;</Prompt>
        </DialogControl>
      </DialogControl>
      <DialogControl Type="Group" Name="ParameterGroupVar">
        <Prompt>Limitierungen</Prompt>
        <DialogControl Type="Edit" Name="siB_max">
          <Prompt>Obere Limitierung des Ruderstellwinkels in [rad]</Prompt>
        </DialogControl>
        <DialogControl Type="Edit" Name="siB_min">
          <Prompt>Untere Limitierung des Ruderstellwinkels in [rad]</Prompt>
        </DialogControl>
        <DialogControl Type="Edit" Name="d_siB_max">
          <Prompt>Obere Limitierung der Ruderstellwinkelgeschwindigkeit in [rad/s]</Prompt>
        </DialogControl>
        <DialogControl Type="Edit" Name="d_siB_min">
          <Prompt>Untere Limitierung der Ruderstellwinkelgeschwindigkeit in [rad/s]</Prompt>
        </DialogControl>
        <DialogControl Type="Edit" Name="dd_siB_max">
          <Prompt>Obere Limitierung der Ruderstellwinkelbeschleunigung in [rad/s^2]</Prompt>
        </DialogControl>
        <DialogControl Type="Edit" Name="dd_siB_min">
          <Prompt>Untere Limitierung der Ruderstellwinkelbeschleunigung in [rad/s^2]</Prompt>
        </DialogControl>
      </DialogControl>
      <DialogControl Type="Group" Name="Container3">
        <Prompt>Dynamik</Prompt>
        <DialogControl Type="Edit" Name="omega">
          <Prompt>Eckfrequenz in [Hz]</Prompt>
        </DialogControl>
        <DialogControl Type="Edit" Name="dmp">
          <Prompt>Dämpfung in [kg/s]</Prompt>
        </DialogControl>
      </DialogControl>
      <DialogControl Type="Group" Name="Container4">
        <Prompt>Aktuatorfehler</Prompt>
        <DialogControl Type="Edit" Name="unc_bl">
          <Prompt>Rückschlag des Aktuators (Backlash) in [rad]</Prompt>
        </DialogControl>
        <DialogControl Type="Edit" Name="unc_scale">
          <Prompt>Skalenfehler in [-]</Prompt>
        </DialogControl>
        <DialogControl Type="Edit" Name="unc_off">
          <Prompt>Versatz (Offset) in [rad]</Prompt>
        </DialogControl>
      </DialogControl>
      <DialogControl Type="Group" Name="Container5">
        <Prompt>Startwerte</Prompt>
        <DialogControl Type="Edit" Name="siB_0">
          <Prompt>Startwert Ruderwinkel in [rad]</Prompt>
        </DialogControl>
        <DialogControl Type="Edit" Name="d_siB_0">
          <Prompt>Startwert Ruderwinkelgeschwindigkeiten in [rad/s]</Prompt>
        </DialogControl>
      </DialogControl>
    </Mask>
    <System Ref="system_75541"/>
  </Block>
  <Block BlockType="SubSystem" Name="Rudder2" SID="75568">
    <P Name="Ports">[2, 3]</P>
    <P Name="Position">[135, 240, 235, 330]</P>
    <P Name="ZOrder">1527</P>
    <P Name="RequestExecContextInheritance">off</P>
    <P Name="ContentPreviewEnabled">on</P>
    <Mask>
      <Display/>
      <MaskParameter Name="siB_max" Type="edit">
        <Prompt>Obere Limitierung des Ruderstellwinkels in [rad]</Prompt>
        <Value>siB_max</Value>
      </MaskParameter>
      <MaskParameter Name="siB_min" Type="edit">
        <Prompt>Untere Limitierung des Ruderstellwinkels in [rad]</Prompt>
        <Value>siB_min</Value>
      </MaskParameter>
      <MaskParameter Name="d_siB_max" Type="edit">
        <Prompt>Obere Limitierung der Ruderstellwinkelgeschwindigkeit in [rad/s]</Prompt>
        <Value>d_siB_max</Value>
      </MaskParameter>
      <MaskParameter Name="d_siB_min" Type="edit">
        <Prompt>Untere Limitierung der Ruderstellwinkelgeschwindigkeit in [rad/s]</Prompt>
        <Value>d_siB_min</Value>
      </MaskParameter>
      <MaskParameter Name="dd_siB_max" Type="edit">
        <Prompt>Obere Limitierung der Ruderstellwinkelbeschleunigung in [rad/s^2]</Prompt>
        <Value>dd_siB_max</Value>
      </MaskParameter>
      <MaskParameter Name="dd_siB_min" Type="edit">
        <Prompt>Untere Limitierung der Ruderstellwinkelbeschleunigung in [rad/s^2]</Prompt>
        <Value>dd_siB_min</Value>
      </MaskParameter>
      <MaskParameter Name="omega" Type="edit">
        <Prompt>Eckfrequenz in [Hz]</Prompt>
        <Value>act_omega</Value>
      </MaskParameter>
      <MaskParameter Name="dmp" Type="edit">
        <Prompt>Dämpfung in [kg/s]</Prompt>
        <Value>act_dmp</Value>
      </MaskParameter>
      <MaskParameter Name="unc_bl" Type="edit">
        <Prompt>Rückschlag des Aktuators (Backlash) in [rad]</Prompt>
        <Value>unc_act_bl</Value>
      </MaskParameter>
      <MaskParameter Name="unc_scale" Type="edit">
        <Prompt>Skalenfehler in [-]</Prompt>
        <Value>unc_act_scale</Value>
      </MaskParameter>
      <MaskParameter Name="unc_off" Type="edit">
        <Prompt>Versatz (Offset) in [rad]</Prompt>
        <Value>unc_act_off</Value>
      </MaskParameter>
      <MaskParameter Name="siB_0" Type="edit">
        <Prompt>Startwert Ruderwinkel in [rad]</Prompt>
        <Value>siB_0</Value>
      </MaskParameter>
      <MaskParameter Name="d_siB_0" Type="edit">
        <Prompt>Startwert Ruderwinkelgeschwindigkeiten in [rad/s]</Prompt>
        <Value>d_siB_0</Value>
      </MaskParameter>
      <DialogControl Type="Group" Name="DescGroupVar">
        <Prompt>%&lt;MaskType&gt;</Prompt>
        <DialogControl Type="Text" Name="DescTextVar">
          <Prompt>%&lt;MaskDescription&gt;</Prompt>
        </DialogControl>
      </DialogControl>
      <DialogControl Type="Group" Name="ParameterGroupVar">
        <Prompt>Limitierungen</Prompt>
        <DialogControl Type="Edit" Name="siB_max">
          <Prompt>Obere Limitierung des Ruderstellwinkels in [rad]</Prompt>
        </DialogControl>
        <DialogControl Type="Edit" Name="siB_min">
          <Prompt>Untere Limitierung des Ruderstellwinkels in [rad]</Prompt>
        </DialogControl>
        <DialogControl Type="Edit" Name="d_siB_max">
          <Prompt>Obere Limitierung der Ruderstellwinkelgeschwindigkeit in [rad/s]</Prompt>
        </DialogControl>
        <DialogControl Type="Edit" Name="d_siB_min">
          <Prompt>Untere Limitierung der Ruderstellwinkelgeschwindigkeit in [rad/s]</Prompt>
        </DialogControl>
        <DialogControl Type="Edit" Name="dd_siB_max">
          <Prompt>Obere Limitierung der Ruderstellwinkelbeschleunigung in [rad/s^2]</Prompt>
        </DialogControl>
        <DialogControl Type="Edit" Name="dd_siB_min">
          <Prompt>Untere Limitierung der Ruderstellwinkelbeschleunigung in [rad/s^2]</Prompt>
        </DialogControl>
      </DialogControl>
      <DialogControl Type="Group" Name="Container3">
        <Prompt>Dynamik</Prompt>
        <DialogControl Type="Edit" Name="omega">
          <Prompt>Eckfrequenz in [Hz]</Prompt>
        </DialogControl>
        <DialogControl Type="Edit" Name="dmp">
          <Prompt>Dämpfung in [kg/s]</Prompt>
        </DialogControl>
      </DialogControl>
      <DialogControl Type="Group" Name="Container4">
        <Prompt>Aktuatorfehler</Prompt>
        <DialogControl Type="Edit" Name="unc_bl">
          <Prompt>Rückschlag des Aktuators (Backlash) in [rad]</Prompt>
        </DialogControl>
        <DialogControl Type="Edit" Name="unc_scale">
          <Prompt>Skalenfehler in [-]</Prompt>
        </DialogControl>
        <DialogControl Type="Edit" Name="unc_off">
          <Prompt>Versatz (Offset) in [rad]</Prompt>
        </DialogControl>
      </DialogControl>
      <DialogControl Type="Group" Name="Container5">
        <Prompt>Startwerte</Prompt>
        <DialogControl Type="Edit" Name="siB_0">
          <Prompt>Startwert Ruderwinkel in [rad]</Prompt>
        </DialogControl>
        <DialogControl Type="Edit" Name="d_siB_0">
          <Prompt>Startwert Ruderwinkelgeschwindigkeiten in [rad/s]</Prompt>
        </DialogControl>
      </DialogControl>
    </Mask>
    <System Ref="system_75568"/>
  </Block>
  <Block BlockType="SubSystem" Name="Rudder3" SID="75595">
    <P Name="Ports">[2, 3]</P>
    <P Name="Position">[135, 345, 235, 435]</P>
    <P Name="ZOrder">1528</P>
    <P Name="RequestExecContextInheritance">off</P>
    <P Name="ContentPreviewEnabled">on</P>
    <Mask>
      <Display/>
      <MaskParameter Name="siB_max" Type="edit">
        <Prompt>Obere Limitierung des Ruderstellwinkels in [rad]</Prompt>
        <Value>siB_max</Value>
      </MaskParameter>
      <MaskParameter Name="siB_min" Type="edit">
        <Prompt>Untere Limitierung des Ruderstellwinkels in [rad]</Prompt>
        <Value>siB_min</Value>
      </MaskParameter>
      <MaskParameter Name="d_siB_max" Type="edit">
        <Prompt>Obere Limitierung der Ruderstellwinkelgeschwindigkeit in [rad/s]</Prompt>
        <Value>d_siB_max</Value>
      </MaskParameter>
      <MaskParameter Name="d_siB_min" Type="edit">
        <Prompt>Untere Limitierung der Ruderstellwinkelgeschwindigkeit in [rad/s]</Prompt>
        <Value>d_siB_min</Value>
      </MaskParameter>
      <MaskParameter Name="dd_siB_max" Type="edit">
        <Prompt>Obere Limitierung der Ruderstellwinkelbeschleunigung in [rad/s^2]</Prompt>
        <Value>dd_siB_max</Value>
      </MaskParameter>
      <MaskParameter Name="dd_siB_min" Type="edit">
        <Prompt>Untere Limitierung der Ruderstellwinkelbeschleunigung in [rad/s^2]</Prompt>
        <Value>dd_siB_min</Value>
      </MaskParameter>
      <MaskParameter Name="omega" Type="edit">
        <Prompt>Eckfrequenz in [Hz]</Prompt>
        <Value>act_omega</Value>
      </MaskParameter>
      <MaskParameter Name="dmp" Type="edit">
        <Prompt>Dämpfung in [kg/s]</Prompt>
        <Value>act_dmp</Value>
      </MaskParameter>
      <MaskParameter Name="unc_bl" Type="edit">
        <Prompt>Rückschlag des Aktuators (Backlash) in [rad]</Prompt>
        <Value>unc_act_bl</Value>
      </MaskParameter>
      <MaskParameter Name="unc_scale" Type="edit">
        <Prompt>Skalenfehler in [-]</Prompt>
        <Value>unc_act_scale</Value>
      </MaskParameter>
      <MaskParameter Name="unc_off" Type="edit">
        <Prompt>Versatz (Offset) in [rad]</Prompt>
        <Value>unc_act_off</Value>
      </MaskParameter>
      <MaskParameter Name="siB_0" Type="edit">
        <Prompt>Startwert Ruderwinkel in [rad]</Prompt>
        <Value>siB_0</Value>
      </MaskParameter>
      <MaskParameter Name="d_siB_0" Type="edit">
        <Prompt>Startwert Ruderwinkelgeschwindigkeiten in [rad/s]</Prompt>
        <Value>d_siB_0</Value>
      </MaskParameter>
      <DialogControl Type="Group" Name="DescGroupVar">
        <Prompt>%&lt;MaskType&gt;</Prompt>
        <DialogControl Type="Text" Name="DescTextVar">
          <Prompt>%&lt;MaskDescription&gt;</Prompt>
        </DialogControl>
      </DialogControl>
      <DialogControl Type="Group" Name="ParameterGroupVar">
        <Prompt>Limitierungen</Prompt>
        <DialogControl Type="Edit" Name="siB_max">
          <Prompt>Obere Limitierung des Ruderstellwinkels in [rad]</Prompt>
        </DialogControl>
        <DialogControl Type="Edit" Name="siB_min">
          <Prompt>Untere Limitierung des Ruderstellwinkels in [rad]</Prompt>
        </DialogControl>
        <DialogControl Type="Edit" Name="d_siB_max">
          <Prompt>Obere Limitierung der Ruderstellwinkelgeschwindigkeit in [rad/s]</Prompt>
        </DialogControl>
        <DialogControl Type="Edit" Name="d_siB_min">
          <Prompt>Untere Limitierung der Ruderstellwinkelgeschwindigkeit in [rad/s]</Prompt>
        </DialogControl>
        <DialogControl Type="Edit" Name="dd_siB_max">
          <Prompt>Obere Limitierung der Ruderstellwinkelbeschleunigung in [rad/s^2]</Prompt>
        </DialogControl>
        <DialogControl Type="Edit" Name="dd_siB_min">
          <Prompt>Untere Limitierung der Ruderstellwinkelbeschleunigung in [rad/s^2]</Prompt>
        </DialogControl>
      </DialogControl>
      <DialogControl Type="Group" Name="Container3">
        <Prompt>Dynamik</Prompt>
        <DialogControl Type="Edit" Name="omega">
          <Prompt>Eckfrequenz in [Hz]</Prompt>
        </DialogControl>
        <DialogControl Type="Edit" Name="dmp">
          <Prompt>Dämpfung in [kg/s]</Prompt>
        </DialogControl>
      </DialogControl>
      <DialogControl Type="Group" Name="Container4">
        <Prompt>Aktuatorfehler</Prompt>
        <DialogControl Type="Edit" Name="unc_bl">
          <Prompt>Rückschlag des Aktuators (Backlash) in [rad]</Prompt>
        </DialogControl>
        <DialogControl Type="Edit" Name="unc_scale">
          <Prompt>Skalenfehler in [-]</Prompt>
        </DialogControl>
        <DialogControl Type="Edit" Name="unc_off">
          <Prompt>Versatz (Offset) in [rad]</Prompt>
        </DialogControl>
      </DialogControl>
      <DialogControl Type="Group" Name="Container5">
        <Prompt>Startwerte</Prompt>
        <DialogControl Type="Edit" Name="siB_0">
          <Prompt>Startwert Ruderwinkel in [rad]</Prompt>
        </DialogControl>
        <DialogControl Type="Edit" Name="d_siB_0">
          <Prompt>Startwert Ruderwinkelgeschwindigkeiten in [rad/s]</Prompt>
        </DialogControl>
      </DialogControl>
    </Mask>
    <System Ref="system_75595"/>
  </Block>
  <Block BlockType="Switch" Name="Switch" SID="75622">
    <P Name="Position">[475, 189, 515, 291]</P>
    <P Name="ZOrder">1545</P>
    <P Name="Criteria">u2 &gt; Threshold</P>
    <P Name="InputSameDT">off</P>
    <P Name="SaturateOnIntegerOverflow">off</P>
    <Port>
      <P Name="PortNumber">1</P>
      <P Name="Name">siB</P>
      <P Name="TestPoint">on</P>
      <P Name="DataLogging">on</P>
      <P Name="DataLoggingDecimateData">on</P>
      <P Name="DataLoggingDecimation">SL_decimation</P>
    </Port>
  </Block>
  <Block BlockType="Concatenate" Name="Vector&#xA;Concatenate1" SID="75623">
    <P Name="Ports">[4, 1]</P>
    <P Name="Position">[340, -7, 350, 412]</P>
    <P Name="ZOrder">1491</P>
    <P Name="ShowName">off</P>
    <P Name="NumInputs">4</P>
    <Port>
      <P Name="PortNumber">1</P>
      <P Name="Name">siB</P>
      <P Name="DataLogging">on</P>
    </Port>
  </Block>
  <Block BlockType="Concatenate" Name="Vector&#xA;Concatenate2" SID="75624">
    <P Name="Ports">[4, 1]</P>
    <P Name="Position">[610, 245, 620, 375]</P>
    <P Name="ZOrder">1511</P>
    <P Name="ShowName">off</P>
    <P Name="NumInputs">4</P>
    <Port>
      <P Name="PortNumber">1</P>
      <P Name="Name">d_siB</P>
      <P Name="TestPoint">on</P>
      <P Name="DataLogging">on</P>
      <P Name="DataLoggingDecimateData">on</P>
      <P Name="DataLoggingDecimation">SL_decimation</P>
    </Port>
  </Block>
  <Block BlockType="Concatenate" Name="Vector&#xA;Concatenate3" SID="75625">
    <P Name="Ports">[4, 1]</P>
    <P Name="Position">[750, 315, 760, 445]</P>
    <P Name="ZOrder">1516</P>
    <P Name="ShowName">off</P>
    <P Name="NumInputs">4</P>
    <Port>
      <P Name="PortNumber">1</P>
      <P Name="Name">dd_siB</P>
      <P Name="DataLogging">on</P>
      <P Name="DataLoggingDecimateData">on</P>
      <P Name="DataLoggingDecimation">SL_decimation</P>
    </Port>
  </Block>
  <Block BlockType="SubSystem" Name="control_allocation" SID="75626">
    <P Name="Ports">[3, 4]</P>
    <P Name="Position">[815, 201, 920, 414]</P>
    <P Name="ZOrder">1522</P>
    <P Name="RequestExecContextInheritance">off</P>
    <P Name="ContentPreviewEnabled">on</P>
    <Port>
      <P Name="PortNumber">1</P>
      <P Name="PropagatedSignals">Tr3r4</P>
      <P Name="ShowPropagatedSignals">on</P>
    </Port>
    <Port>
      <P Name="PortNumber">2</P>
      <P Name="PropagatedSignals">afinB</P>
      <P Name="ShowPropagatedSignals">on</P>
    </Port>
    <Port>
      <P Name="PortNumber">3</P>
      <P Name="PropagatedSignals">d_afinB</P>
      <P Name="ShowPropagatedSignals">on</P>
    </Port>
    <Port>
      <P Name="PortNumber">4</P>
      <P Name="PropagatedSignals">dd_afinB</P>
      <P Name="ShowPropagatedSignals">on</P>
    </Port>
    <System Ref="system_75626"/>
  </Block>
  <Block BlockType="Outport" Name="fin" SID="75638">
    <P Name="Position">[1125, 328, 1155, 342]</P>
    <P Name="ZOrder">1521</P>
    <P Name="BackgroundColor">orange</P>
    <P Name="VectorParamsAs1DForOutWhenUnconnected">off</P>
  </Block>
  <Line>
    <P Name="ZOrder">1</P>
    <P Name="Src">75500#out:1</P>
    <P Name="Dst">75624#in:3</P>
  </Line>
  <Line>
    <P Name="ZOrder">2</P>
    <P Name="Src">75497#out:4</P>
    <P Name="Dst">75595#in:1</P>
  </Line>
  <Line>
    <P Name="ZOrder">3</P>
    <P Name="Src">75568#out:2</P>
    <P Name="Dst">75510#in:1</P>
  </Line>
  <Line>
    <P Name="ZOrder">4</P>
    <P Name="Src">75595#out:1</P>
    <P Name="Dst">75623#in:4</P>
  </Line>
  <Line>
    <P Name="ZOrder">5</P>
    <P Name="Src">75541#out:2</P>
    <P Name="Dst">75508#in:1</P>
  </Line>
  <Line>
    <P Name="ZOrder">6</P>
    <P Name="Src">75568#out:1</P>
    <P Name="Dst">75623#in:3</P>
  </Line>
  <Line>
    <P Name="ZOrder">7</P>
    <P Name="Src">75501#out:1</P>
    <P Name="Dst">75624#in:4</P>
  </Line>
  <Line>
    <P Name="ZOrder">8</P>
    <P Name="Src">75498#out:1</P>
    <P Name="Dst">75624#in:1</P>
  </Line>
  <Line>
    <P Name="Name">&lt;siB_cmd&gt;</P>
    <P Name="ZOrder">9</P>
    <P Name="Labels">[0, 1]</P>
    <P Name="Src">75494#out:1</P>
    <P Name="Points">[20, 0]</P>
    <Branch>
      <P Name="ZOrder">10</P>
      <P Name="Points">[0, 269; 442, 0; 0, -209]</P>
      <P Name="Dst">75622#in:3</P>
    </Branch>
    <Branch>
      <P Name="ZOrder">11</P>
      <P Name="Dst">75497#in:1</P>
    </Branch>
  </Line>
  <Line>
    <P Name="ZOrder">12</P>
    <P Name="Src">75499#out:1</P>
    <P Name="Dst">75624#in:2</P>
  </Line>
  <Line>
    <P Name="ZOrder">13</P>
    <P Name="Src">75496#out:1</P>
    <P Name="Points">[10, 0]</P>
    <Branch>
      <P Name="ZOrder">14</P>
      <P Name="Points">[0, 105]</P>
      <Branch>
        <P Name="ZOrder">15</P>
        <P Name="Dst">75541#in:2</P>
      </Branch>
      <Branch>
        <P Name="ZOrder">16</P>
        <P Name="Points">[0, 105]</P>
        <Branch>
          <P Name="ZOrder">17</P>
          <P Name="Points">[0, 105]</P>
          <P Name="Dst">75595#in:2</P>
        </Branch>
        <Branch>
          <P Name="ZOrder">18</P>
          <P Name="Dst">75568#in:2</P>
        </Branch>
      </Branch>
    </Branch>
    <Branch>
      <P Name="ZOrder">19</P>
      <P Name="Dst">75514#in:2</P>
    </Branch>
  </Line>
  <Line>
    <P Name="ZOrder">20</P>
    <P Name="Src">75503#out:1</P>
    <P Name="Dst">75625#in:2</P>
  </Line>
  <Line>
    <P Name="ZOrder">21</P>
    <P Name="Src">75497#out:3</P>
    <P Name="Dst">75568#in:1</P>
  </Line>
  <Line>
    <P Name="ZOrder">22</P>
    <P Name="Src">75595#out:2</P>
    <P Name="Dst">75512#in:1</P>
  </Line>
  <Line>
    <P Name="ZOrder">23</P>
    <P Name="Src">75497#out:1</P>
    <P Name="Dst">75514#in:1</P>
  </Line>
  <Line>
    <P Name="ZOrder">24</P>
    <P Name="Src">75505#out:1</P>
    <P Name="Dst">75625#in:4</P>
  </Line>
  <Line>
    <P Name="ZOrder">25</P>
    <P Name="Src">75504#out:1</P>
    <P Name="Dst">75625#in:3</P>
  </Line>
  <Line>
    <P Name="ZOrder">26</P>
    <P Name="Labels">[1, 0]</P>
    <P Name="Src">75492#out:1</P>
    <P Name="Dst">75494#in:1</P>
  </Line>
  <Line>
    <P Name="ZOrder">27</P>
    <P Name="Src">75502#out:1</P>
    <P Name="Dst">75625#in:1</P>
  </Line>
  <Line>
    <P Name="ZOrder">28</P>
    <P Name="Src">75541#out:1</P>
    <P Name="Dst">75623#in:2</P>
  </Line>
  <Line>
    <P Name="ZOrder">29</P>
    <P Name="Src">75541#out:3</P>
    <P Name="Dst">75509#in:1</P>
  </Line>
  <Line>
    <P Name="ZOrder">30</P>
    <P Name="Src">75595#out:3</P>
    <P Name="Dst">75513#in:1</P>
  </Line>
  <Line>
    <P Name="ZOrder">31</P>
    <P Name="Src">75514#out:2</P>
    <P Name="Dst">75506#in:1</P>
  </Line>
  <Line>
    <P Name="ZOrder">32</P>
    <P Name="Src">75568#out:3</P>
    <P Name="Dst">75511#in:1</P>
  </Line>
  <Line>
    <P Name="ZOrder">33</P>
    <P Name="Src">75497#out:2</P>
    <P Name="Dst">75541#in:1</P>
  </Line>
  <Line>
    <P Name="ZOrder">34</P>
    <P Name="Src">75514#out:3</P>
    <P Name="Dst">75507#in:1</P>
  </Line>
  <Line>
    <P Name="ZOrder">35</P>
    <P Name="Src">75514#out:1</P>
    <P Name="Dst">75623#in:1</P>
  </Line>
  <Line>
    <P Name="Name">fin_bus</P>
    <P Name="ZOrder">36</P>
    <P Name="Labels">[0, 1]</P>
    <P Name="Src">75493#out:1</P>
    <P Name="Dst">75638#in:1</P>
  </Line>
  <Line>
    <P Name="Name">siB</P>
    <P Name="ZOrder">37</P>
    <P Name="Labels">[0, 1]</P>
    <P Name="Src">75622#out:1</P>
    <P Name="Points">[264, 0]</P>
    <Branch>
      <P Name="ZOrder">38</P>
      <P Name="Points">[0, -70]</P>
      <P Name="Dst">75493#in:1</P>
    </Branch>
    <Branch>
      <P Name="ZOrder">39</P>
      <P Name="Dst">75626#in:1</P>
    </Branch>
  </Line>
  <Line>
    <P Name="Name">d_siB</P>
    <P Name="ZOrder">40</P>
    <P Name="Labels">[1, 0]</P>
    <P Name="Src">75624#out:1</P>
    <P Name="Points">[37, 0]</P>
    <Branch>
      <P Name="ZOrder">41</P>
      <P Name="Dst">75626#in:2</P>
    </Branch>
    <Branch>
      <P Name="ZOrder">42</P>
      <P Name="Points">[0, 190]</P>
      <P Name="Dst">75493#in:7</P>
    </Branch>
  </Line>
  <Line>
    <P Name="Name">dd_siB</P>
    <P Name="ZOrder">43</P>
    <P Name="Labels">[0, 1]</P>
    <P Name="Src">75625#out:1</P>
    <P Name="Points">[29, 0]</P>
    <Branch>
      <P Name="ZOrder">44</P>
      <P Name="Points">[0, 65]</P>
      <P Name="Dst">75493#in:6</P>
    </Branch>
    <Branch>
      <P Name="ZOrder">45</P>
      <P Name="Dst">75626#in:3</P>
    </Branch>
  </Line>
  <Line>
    <P Name="ZOrder">46</P>
    <P Name="Labels">[0, 1]</P>
    <P Name="Src">75626#out:1</P>
    <P Name="Dst">75493#in:2</P>
  </Line>
  <Line>
    <P Name="ZOrder">47</P>
    <P Name="Labels">[0, 1]</P>
    <P Name="Src">75626#out:2</P>
    <P Name="Dst">75493#in:3</P>
  </Line>
  <Line>
    <P Name="ZOrder">48</P>
    <P Name="Labels">[0, 1]</P>
    <P Name="Src">75626#out:3</P>
    <P Name="Dst">75493#in:4</P>
  </Line>
  <Line>
    <P Name="ZOrder">49</P>
    <P Name="Labels">[0, 1]</P>
    <P Name="Src">75626#out:4</P>
    <P Name="Dst">75493#in:5</P>
  </Line>
  <Line>
    <P Name="Name">siB</P>
    <P Name="ZOrder">50</P>
    <P Name="Labels">[0, 1]</P>
    <P Name="Src">75623#out:1</P>
    <P Name="Dst">75622#in:1</P>
  </Line>
  <Line>
    <P Name="ZOrder">51</P>
    <P Name="Src">75495#out:1</P>
    <P Name="Dst">75622#in:2</P>
  </Line>
</System>
