<?xml version="1.0" encoding="utf-8"?>
<System>
  <P Name="Location">[-7, -7, 1481, 871]</P>
  <P Name="SystemRect">[0.000000, 0.000000, 0.000000, 0.000000]</P>
  <P Name="SetExecutionDomain">off</P>
  <P Name="ExecutionDomainType">Deduce</P>
  <P Name="SimulinkSubDomain">Simulink</P>
  <Block BlockType="Inport" Name="wi1" SID="76324">
    <P Name="Position">[-325, 293, -295, 307]</P>
    <P Name="ZOrder">44</P>
  </Block>
  <Block BlockType="Inport" Name="wi2" SID="76325">
    <P Name="Position">[-325, 183, -295, 197]</P>
    <P Name="ZOrder">43</P>
    <P Name="Port">2</P>
  </Block>
  <Block BlockType="Inport" Name="wi3" SID="76326">
    <P Name="Position">[-325, -52, -295, -38]</P>
    <P Name="ZOrder">42</P>
    <P Name="Port">3</P>
  </Block>
  <Block BlockType="SubSystem" Name="1. Rotation x-Achse" SID="76327">
    <P Name="Ports">[1, 1]</P>
    <P Name="Position">[750, -66, 850, -24]</P>
    <P Name="ZOrder">1</P>
    <P Name="RequestExecContextInheritance">off</P>
    <System Ref="system_76327"/>
  </Block>
  <Block BlockType="SubSystem" Name="1. Rotation y-Achse" SID="76344">
    <P Name="Ports">[1, 1]</P>
    <P Name="Position">[750, 19, 850, 61]</P>
    <P Name="ZOrder">13</P>
    <P Name="RequestExecContextInheritance">off</P>
    <System Ref="system_76344"/>
  </Block>
  <Block BlockType="SubSystem" Name="1. Rotation z-Achse" SID="76361">
    <P Name="Ports">[1, 1]</P>
    <P Name="Position">[750, 104, 850, 146]</P>
    <P Name="ZOrder">14</P>
    <P Name="RequestExecContextInheritance">off</P>
    <System Ref="system_76361"/>
  </Block>
  <Block BlockType="SubSystem" Name="2. Rotation x-Achse" SID="76378">
    <P Name="Ports">[1, 1]</P>
    <P Name="Position">[295, -66, 395, -24]</P>
    <P Name="ZOrder">45</P>
    <P Name="RequestExecContextInheritance">off</P>
    <System Ref="system_76378"/>
  </Block>
  <Block BlockType="SubSystem" Name="2. Rotation y-Achse" SID="76395">
    <P Name="Ports">[1, 1]</P>
    <P Name="Position">[295, 19, 395, 61]</P>
    <P Name="ZOrder">46</P>
    <P Name="RequestExecContextInheritance">off</P>
    <System Ref="system_76395"/>
  </Block>
  <Block BlockType="SubSystem" Name="2. Rotation z-Achse" SID="76412">
    <P Name="Ports">[1, 1]</P>
    <P Name="Position">[295, 104, 395, 146]</P>
    <P Name="ZOrder">47</P>
    <P Name="RequestExecContextInheritance">off</P>
    <System Ref="system_76412"/>
  </Block>
  <Block BlockType="Product" Name="3. Rotation" SID="76429">
    <P Name="Ports">[3, 1]</P>
    <P Name="Position">[1265, -246, 1300, -174]</P>
    <P Name="ZOrder">34</P>
    <P Name="ShowName">off</P>
    <P Name="Inputs">***</P>
    <P Name="Multiplication">Matrix(*)</P>
    <Port>
      <P Name="PortNumber">1</P>
      <P Name="Name">T12</P>
    </Port>
  </Block>
  <Block BlockType="SubSystem" Name="3. Rotation x-Achse" SID="76430">
    <P Name="Ports">[1, 1]</P>
    <P Name="Position">[-160, -66, -60, -24]</P>
    <P Name="ZOrder">48</P>
    <P Name="RequestExecContextInheritance">off</P>
    <System Ref="system_76430"/>
  </Block>
  <Block BlockType="SubSystem" Name="3. Rotation y-Achse" SID="76447">
    <P Name="Ports">[1, 1]</P>
    <P Name="Position">[-160, 19, -60, 61]</P>
    <P Name="ZOrder">49</P>
    <P Name="RequestExecContextInheritance">off</P>
    <System Ref="system_76447"/>
  </Block>
  <Block BlockType="SubSystem" Name="3. Rotation z-Achse" SID="76464">
    <P Name="Ports">[1, 1]</P>
    <P Name="Position">[-160, 104, -60, 146]</P>
    <P Name="ZOrder">50</P>
    <P Name="RequestExecContextInheritance">off</P>
    <System Ref="system_76464"/>
  </Block>
  <Block BlockType="Constant" Name="Constant" SID="76481">
    <P Name="Position">[750, -130, 855, -110]</P>
    <P Name="ZOrder">8</P>
    <P Name="ShowName">off</P>
    <P Name="Value">rot_1</P>
  </Block>
  <Block BlockType="Constant" Name="Constant1" SID="76482">
    <P Name="Position">[295, -130, 400, -110]</P>
    <P Name="ZOrder">10</P>
    <P Name="ShowName">off</P>
    <P Name="Value">rot_2</P>
  </Block>
  <Block BlockType="Constant" Name="Constant2" SID="76483">
    <P Name="Position">[-165, -130, -60, -110]</P>
    <P Name="ZOrder">12</P>
    <P Name="ShowName">off</P>
    <P Name="Value">rot_3</P>
  </Block>
  <Block BlockType="MultiPortSwitch" Name="Multiport&#xA;Switch" SID="76484">
    <P Name="Ports">[4, 1]</P>
    <P Name="Position">[1030, -44, 1090, 89]</P>
    <P Name="ZOrder">7</P>
    <P Name="ShowName">off</P>
    <P Name="InputSameDT">off</P>
    <P Name="SaturateOnIntegerOverflow">off</P>
  </Block>
  <Block BlockType="MultiPortSwitch" Name="Multiport&#xA;Switch1" SID="76485">
    <P Name="Ports">[4, 1]</P>
    <P Name="Position">[580, -44, 640, 89]</P>
    <P Name="ZOrder">9</P>
    <P Name="ShowName">off</P>
    <P Name="InputSameDT">off</P>
    <P Name="SaturateOnIntegerOverflow">off</P>
  </Block>
  <Block BlockType="MultiPortSwitch" Name="Multiport&#xA;Switch2" SID="76486">
    <P Name="Ports">[4, 1]</P>
    <P Name="Position">[120, -44, 180, 89]</P>
    <P Name="ZOrder">11</P>
    <P Name="ShowName">off</P>
    <P Name="InputSameDT">off</P>
    <P Name="SaturateOnIntegerOverflow">off</P>
  </Block>
  <Block BlockType="Outport" Name="T12" SID="76487">
    <P Name="Position">[1430, -217, 1460, -203]</P>
    <P Name="ZOrder">-2</P>
    <P Name="VectorParamsAs1DForOutWhenUnconnected">off</P>
  </Block>
  <Line>
    <P Name="ZOrder">1</P>
    <P Name="Src">76486#out:1</P>
    <P Name="Points">[24, 0; 0, -260]</P>
    <P Name="Dst">76429#in:1</P>
  </Line>
  <Line>
    <P Name="ZOrder">2</P>
    <P Name="Src">76485#out:1</P>
    <P Name="Points">[23, 0; 0, -235]</P>
    <P Name="Dst">76429#in:2</P>
  </Line>
  <Line>
    <P Name="ZOrder">3</P>
    <P Name="Src">76484#out:1</P>
    <P Name="Points">[83, 0; 0, -210]</P>
    <P Name="Dst">76429#in:3</P>
  </Line>
  <Line>
    <P Name="ZOrder">4</P>
    <P Name="Src">76326#out:1</P>
    <P Name="Points">[57, 0]</P>
    <Branch>
      <P Name="ZOrder">5</P>
      <P Name="Dst">76430#in:1</P>
    </Branch>
    <Branch>
      <P Name="ZOrder">6</P>
      <P Name="Points">[0, 85]</P>
      <Branch>
        <P Name="ZOrder">7</P>
        <P Name="Points">[0, 85]</P>
        <P Name="Dst">76464#in:1</P>
      </Branch>
      <Branch>
        <P Name="ZOrder">8</P>
        <P Name="Dst">76447#in:1</P>
      </Branch>
    </Branch>
  </Line>
  <Line>
    <P Name="ZOrder">9</P>
    <P Name="Src">76324#out:1</P>
    <P Name="Points">[985, 0; 0, -175]</P>
    <Branch>
      <P Name="ZOrder">10</P>
      <P Name="Dst">76361#in:1</P>
    </Branch>
    <Branch>
      <P Name="ZOrder">11</P>
      <P Name="Points">[0, -85]</P>
      <Branch>
        <P Name="ZOrder">12</P>
        <P Name="Dst">76344#in:1</P>
      </Branch>
      <Branch>
        <P Name="ZOrder">13</P>
        <P Name="Points">[0, -85]</P>
        <P Name="Dst">76327#in:1</P>
      </Branch>
    </Branch>
  </Line>
  <Line>
    <P Name="ZOrder">14</P>
    <P Name="Src">76325#out:1</P>
    <P Name="Points">[528, 0; 0, -65]</P>
    <Branch>
      <P Name="ZOrder">15</P>
      <P Name="Dst">76412#in:1</P>
    </Branch>
    <Branch>
      <P Name="ZOrder">16</P>
      <P Name="Points">[0, -85]</P>
      <Branch>
        <P Name="ZOrder">17</P>
        <P Name="Dst">76395#in:1</P>
      </Branch>
      <Branch>
        <P Name="ZOrder">18</P>
        <P Name="Points">[0, -85]</P>
        <P Name="Dst">76378#in:1</P>
      </Branch>
    </Branch>
  </Line>
  <Line>
    <P Name="ZOrder">19</P>
    <P Name="Src">76464#out:1</P>
    <P Name="Points">[115, 0; 0, -50]</P>
    <P Name="Dst">76486#in:4</P>
  </Line>
  <Line>
    <P Name="ZOrder">20</P>
    <P Name="Src">76481#out:1</P>
    <P Name="Points">[151, 0; 0, 90]</P>
    <P Name="Dst">76484#in:1</P>
  </Line>
  <Line>
    <P Name="ZOrder">21</P>
    <P Name="Src">76327#out:1</P>
    <P Name="Points">[119, 0; 0, 50]</P>
    <P Name="Dst">76484#in:2</P>
  </Line>
  <Line>
    <P Name="ZOrder">22</P>
    <P Name="Src">76482#out:1</P>
    <P Name="Points">[144, 0; 0, 90]</P>
    <P Name="Dst">76485#in:1</P>
  </Line>
  <Line>
    <P Name="ZOrder">23</P>
    <P Name="Src">76344#out:1</P>
    <P Name="Dst">76484#in:3</P>
  </Line>
  <Line>
    <P Name="ZOrder">24</P>
    <P Name="Src">76361#out:1</P>
    <P Name="Points">[122, 0; 0, -50]</P>
    <P Name="Dst">76484#in:4</P>
  </Line>
  <Line>
    <P Name="ZOrder">25</P>
    <P Name="Src">76483#out:1</P>
    <P Name="Points">[140, 0; 0, 90]</P>
    <P Name="Dst">76486#in:1</P>
  </Line>
  <Line>
    <P Name="Name">T12</P>
    <P Name="ZOrder">26</P>
    <P Name="Labels">[0, 1]</P>
    <P Name="Src">76429#out:1</P>
    <P Name="Dst">76487#in:1</P>
  </Line>
  <Line>
    <P Name="ZOrder">27</P>
    <P Name="Src">76378#out:1</P>
    <P Name="Points">[119, 0; 0, 50]</P>
    <P Name="Dst">76485#in:2</P>
  </Line>
  <Line>
    <P Name="ZOrder">28</P>
    <P Name="Src">76395#out:1</P>
    <P Name="Dst">76485#in:3</P>
  </Line>
  <Line>
    <P Name="ZOrder">29</P>
    <P Name="Src">76412#out:1</P>
    <P Name="Points">[122, 0; 0, -50]</P>
    <P Name="Dst">76485#in:4</P>
  </Line>
  <Line>
    <P Name="ZOrder">30</P>
    <P Name="Src">76447#out:1</P>
    <P Name="Dst">76486#in:3</P>
  </Line>
  <Line>
    <P Name="ZOrder">31</P>
    <P Name="Src">76430#out:1</P>
    <P Name="Points">[112, 0; 0, 50]</P>
    <P Name="Dst">76486#in:2</P>
  </Line>
</System>
