<?xml version="1.0" encoding="utf-8"?>
<System>
  <P Name="Location">[207, 53, 2019, 1216]</P>
  <P Name="SystemRect">[0.000000, 0.000000, 0.000000, 0.000000]</P>
  <P Name="SetExecutionDomain">off</P>
  <P Name="ExecutionDomainType">Deduce</P>
  <P Name="ZoomFactor">175</P>
  <P Name="SimulinkSubDomain">Simulink</P>
  <Block BlockType="Sum" Name="Add" SID="74778">
    <P Name="Ports">[2, 1]</P>
    <P Name="Position">[140, 37, 170, 68]</P>
    <P Name="ZOrder">22080</P>
    <P Name="IconShape">rectangular</P>
    <P Name="Inputs">-+</P>
    <Port>
      <P Name="PortNumber">1</P>
      <P Name="Name">T_sim_glbl</P>
    </Port>
  </Block>
  <Block BlockType="BusCreator" Name="Bus&#xA;Creator1" SID="74779">
    <P Name="Ports">[5, 1]</P>
    <P Name="Position">[275, 22, 280, 348]</P>
    <P Name="ZOrder">5261</P>
    <P Name="ShowName">off</P>
    <P Name="Inputs">5</P>
    <P Name="DisplayOption">bar</P>
    <P Name="InheritFromInputs">on</P>
    <Port>
      <P Name="PortNumber">1</P>
      <P Name="Name">env_glbl_bus</P>
    </Port>
  </Block>
  <Block BlockType="Clock" Name="Clock" SID="74780">
    <P Name="Position">[-35, 50, -15, 70]</P>
    <P Name="ZOrder">5265</P>
  </Block>
  <Block BlockType="Constant" Name="Constant6" SID="74781">
    <P Name="Position">[-15, 105, 50, 135]</P>
    <P Name="ZOrder">5266</P>
    <P Name="ShowName">off</P>
    <P Name="Value">T_sim_lnch</P>
    <Port>
      <P Name="PortNumber">1</P>
      <P Name="Name">T_sim_lnch</P>
    </Port>
  </Block>
  <Block BlockType="SubSystem" Name="Enabled&#xA;Subsystem1" SID="74782">
    <P Name="Ports">[0, 1, 1]</P>
    <P Name="Position">[-30, -27, 70, 7]</P>
    <P Name="ZOrder">22078</P>
    <P Name="TreatAsAtomicUnit">on</P>
    <P Name="RequestExecContextInheritance">off</P>
    <System Ref="system_74782"/>
  </Block>
  <Block BlockType="From" Name="From10" SID="74786">
    <P Name="Position">[-325, 115, -240, 135]</P>
    <P Name="ZOrder">22079</P>
    <P Name="Commented">on</P>
    <P Name="GotoTag">HIL_Ready</P>
    <P Name="TagVisibility">global</P>
  </Block>
  <Block BlockType="Memory" Name="Memory" SID="74787">
    <P Name="Position">[55, -100, 85, -70]</P>
    <P Name="ZOrder">22083</P>
    <P Name="BlockMirror">on</P>
  </Block>
  <Block BlockType="Logic" Name="NOT" SID="74788">
    <P Name="Ports">[1, 1]</P>
    <P Name="Position">[99, -65, 131, -34]</P>
    <P Name="ZOrder">22084</P>
    <P Name="BlockRotation">270</P>
    <P Name="NameLocation">right</P>
    <P Name="Operator">NOT</P>
    <P Name="IconShape">distinctive</P>
    <P Name="AllPortsSameDT">off</P>
    <P Name="OutDataTypeStr">boolean</P>
  </Block>
  <Block BlockType="SubSystem" Name="atm_dynamic" SID="74789">
    <P Name="Ports">[0, 1]</P>
    <P Name="Position">[-25, 160, 60, 210]</P>
    <P Name="ZOrder">5267</P>
    <P Name="RequestExecContextInheritance">off</P>
    <Port>
      <P Name="PortNumber">1</P>
      <P Name="PropagatedSignals">atm_dyn_bus</P>
      <P Name="ShowPropagatedSignals">on</P>
    </Port>
    <System Ref="system_74789"/>
  </Block>
  <Block BlockType="Constant" Name="deviation_Tmp" SID="74801">
    <P Name="Position">[-5, 235, 45, 265]</P>
    <P Name="ZOrder">5268</P>
    <P Name="ShowName">off</P>
    <P Name="Value">e_Tmp</P>
    <Port>
      <P Name="PortNumber">1</P>
      <P Name="Name">e_Tmp</P>
    </Port>
  </Block>
  <Block BlockType="Constant" Name="deviation_pa_QFH" SID="74802">
    <P Name="Position">[-5, 300, 45, 330]</P>
    <P Name="ZOrder">5269</P>
    <P Name="ShowName">off</P>
    <P Name="Value">e_pa</P>
    <Port>
      <P Name="PortNumber">1</P>
      <P Name="Name">e_pa</P>
    </Port>
  </Block>
  <Block BlockType="Outport" Name="env_glbl_bus" SID="74803">
    <P Name="Position">[375, 178, 405, 192]</P>
    <P Name="ZOrder">5263</P>
  </Block>
  <Line>
    <P Name="ZOrder">1</P>
    <P Name="Labels">[0, 1; 1, 0]</P>
    <P Name="Src">74789#out:1</P>
    <P Name="Dst">74779#in:3</P>
  </Line>
  <Line>
    <P Name="Name">env_glbl_bus</P>
    <P Name="ZOrder">2</P>
    <P Name="Labels">[0, 1]</P>
    <P Name="Src">74779#out:1</P>
    <P Name="Dst">74803#in:1</P>
  </Line>
  <Line>
    <P Name="ZOrder">3</P>
    <P Name="Src">74780#out:1</P>
    <P Name="Dst">74778#in:2</P>
  </Line>
  <Line>
    <P Name="Name">T_sim_lnch</P>
    <P Name="ZOrder">4</P>
    <P Name="Labels">[-1, 1]</P>
    <P Name="Src">74781#out:1</P>
    <P Name="Dst">74779#in:2</P>
  </Line>
  <Line>
    <P Name="Name">e_pa</P>
    <P Name="ZOrder">5</P>
    <P Name="Labels">[0, 1; -1, 1]</P>
    <P Name="Src">74802#out:1</P>
    <P Name="Dst">74779#in:5</P>
  </Line>
  <Line>
    <P Name="Name">e_Tmp</P>
    <P Name="ZOrder">6</P>
    <P Name="Labels">[0, 1; -1, 1]</P>
    <P Name="Src">74801#out:1</P>
    <P Name="Dst">74779#in:4</P>
  </Line>
  <Line>
    <P Name="ZOrder">7</P>
    <P Name="Src">74786#out:1</P>
    <P Name="Points">[26, 0; 0, -17]</P>
  </Line>
  <Line>
    <P Name="Name">T_sim_glbl</P>
    <P Name="ZOrder">8</P>
    <P Name="Labels">[-1, 0]</P>
    <P Name="Src">74778#out:1</P>
    <P Name="Dst">74779#in:1</P>
  </Line>
  <Line>
    <P Name="ZOrder">9</P>
    <P Name="Src">74782#out:1</P>
    <P Name="Points">[40, 0]</P>
    <Branch>
      <P Name="ZOrder">10</P>
      <P Name="Points">[0, 55]</P>
      <P Name="Dst">74778#in:1</P>
    </Branch>
    <Branch>
      <P Name="ZOrder">11</P>
      <P Name="Dst">74788#in:1</P>
    </Branch>
  </Line>
  <Line>
    <P Name="ZOrder">12</P>
    <P Name="Src">74787#out:1</P>
    <P Name="Points">[-30, 0]</P>
    <P Name="Dst">74782#enable</P>
  </Line>
  <Line>
    <P Name="ZOrder">13</P>
    <P Name="Src">74788#out:1</P>
    <P Name="Points">[0, -15]</P>
    <P Name="Dst">74787#in:1</P>
  </Line>
</System>
