<?xml version="1.0" encoding="utf-8"?>
<System>
  <P Name="Location">[-1927, -543, 8, 632]</P>
  <P Name="SystemRect">[0.000000, 0.000000, 0.000000, 0.000000]</P>
  <P Name="SetExecutionDomain">off</P>
  <P Name="ExecutionDomainType">Deduce</P>
  <P Name="ZoomFactor">80</P>
  <P Name="SimulinkSubDomain">Simulink</P>
  <Block BlockType="Inport" Name="q12" SID="75787">
    <P Name="Position">[-420, 103, -390, 117]</P>
    <P Name="ZOrder">-1</P>
    <P Name="BackgroundColor">yellow</P>
    <P Name="PortDimensions">4</P>
  </Block>
  <Block BlockType="Sum" Name="Add" SID="75788">
    <P Name="Ports">[4, 1]</P>
    <P Name="Position">[295, -384, 315, -296]</P>
    <P Name="ZOrder">21</P>
    <P Name="ShowName">off</P>
    <P Name="IconShape">rectangular</P>
    <P Name="Inputs">+--+</P>
    <Port>
      <P Name="PortNumber">1</P>
      <P Name="Name">dcm11</P>
    </Port>
  </Block>
  <Block BlockType="Sum" Name="Add1" SID="75789">
    <P Name="Ports">[2, 1]</P>
    <P Name="Position">[295, -277, 315, -188]</P>
    <P Name="ZOrder">26</P>
    <P Name="ShowName">off</P>
    <P Name="IconShape">rectangular</P>
    <P Name="Inputs">+-</P>
    <Port>
      <P Name="PortNumber">1</P>
      <P Name="Name">dcm21</P>
    </Port>
  </Block>
  <Block BlockType="Sum" Name="Add2" SID="75790">
    <P Name="Ports">[2, 1]</P>
    <P Name="Position">[295, 183, 315, 272]</P>
    <P Name="ZOrder">31</P>
    <P Name="ShowName">off</P>
    <P Name="IconShape">rectangular</P>
    <P Name="Inputs">+-</P>
    <Port>
      <P Name="PortNumber">1</P>
      <P Name="Name">dcm32</P>
    </Port>
  </Block>
  <Block BlockType="Sum" Name="Add3" SID="75791">
    <P Name="Ports">[2, 1]</P>
    <P Name="Position">[295, 313, 315, 402]</P>
    <P Name="ZOrder">36</P>
    <P Name="ShowName">off</P>
    <P Name="IconShape">rectangular</P>
    <P Name="Inputs">+-</P>
    <Port>
      <P Name="PortNumber">1</P>
      <P Name="Name">dcm13</P>
    </Port>
  </Block>
  <Block BlockType="Sum" Name="Add4" SID="75792">
    <P Name="Ports">[2, 1]</P>
    <P Name="Position">[295, -37, 315, 52]</P>
    <P Name="ZOrder">41</P>
    <P Name="ShowName">off</P>
    <P Name="IconShape">rectangular</P>
    <Port>
      <P Name="PortNumber">1</P>
      <P Name="Name">dcm12</P>
    </Port>
  </Block>
  <Block BlockType="Sum" Name="Add5" SID="75793">
    <P Name="Ports">[2, 1]</P>
    <P Name="Position">[295, -167, 315, -78]</P>
    <P Name="ZOrder">46</P>
    <P Name="ShowName">off</P>
    <P Name="IconShape">rectangular</P>
    <Port>
      <P Name="PortNumber">1</P>
      <P Name="Name">dcm31</P>
    </Port>
  </Block>
  <Block BlockType="Sum" Name="Add6" SID="75794">
    <P Name="Ports">[4, 1]</P>
    <P Name="Position">[295, 76, 315, 164]</P>
    <P Name="ZOrder">51</P>
    <P Name="ShowName">off</P>
    <P Name="IconShape">rectangular</P>
    <P Name="Inputs">-+-+</P>
    <Port>
      <P Name="PortNumber">1</P>
      <P Name="Name">dcm22</P>
    </Port>
  </Block>
  <Block BlockType="Sum" Name="Add7" SID="75795">
    <P Name="Ports">[4, 1]</P>
    <P Name="Position">[295, 536, 315, 624]</P>
    <P Name="ZOrder">56</P>
    <P Name="ShowName">off</P>
    <P Name="IconShape">rectangular</P>
    <P Name="Inputs">--++</P>
    <Port>
      <P Name="PortNumber">1</P>
      <P Name="Name">dcm33</P>
    </Port>
  </Block>
  <Block BlockType="Sum" Name="Add8" SID="75796">
    <P Name="Ports">[2, 1]</P>
    <P Name="Position">[295, 423, 315, 512]</P>
    <P Name="ZOrder">61</P>
    <P Name="ShowName">off</P>
    <P Name="IconShape">rectangular</P>
    <Port>
      <P Name="PortNumber">1</P>
      <P Name="Name">dcm23</P>
    </Port>
  </Block>
  <Block BlockType="Demux" Name="Demux" SID="75797">
    <P Name="Ports">[1, 4]</P>
    <P Name="Position">[-320, -79, -315, 294]</P>
    <P Name="ZOrder">1</P>
    <P Name="ShowName">off</P>
    <Port>
      <P Name="PortNumber">1</P>
      <P Name="Name">q1</P>
    </Port>
    <Port>
      <P Name="PortNumber">2</P>
      <P Name="Name">q2</P>
    </Port>
    <Port>
      <P Name="PortNumber">3</P>
      <P Name="Name">q3</P>
    </Port>
    <Port>
      <P Name="PortNumber">4</P>
      <P Name="Name">q4 / q0</P>
    </Port>
  </Block>
  <Block BlockType="Gain" Name="Gain1" SID="75798">
    <P Name="Position">[260, -270, 280, -240]</P>
    <P Name="ZOrder">28</P>
    <P Name="ShowName">off</P>
    <P Name="Gain">2</P>
  </Block>
  <Block BlockType="Gain" Name="Gain10" SID="75799">
    <P Name="Position">[260, -115, 280, -85]</P>
    <P Name="ZOrder">49</P>
    <P Name="ShowName">off</P>
    <P Name="Gain">2</P>
  </Block>
  <Block BlockType="Gain" Name="Gain11" SID="75800">
    <P Name="Position">[260, 430, 280, 460]</P>
    <P Name="ZOrder">63</P>
    <P Name="ShowName">off</P>
    <P Name="Gain">2</P>
  </Block>
  <Block BlockType="Gain" Name="Gain12" SID="75801">
    <P Name="Position">[260, 475, 280, 505]</P>
    <P Name="ZOrder">64</P>
    <P Name="ShowName">off</P>
    <P Name="Gain">2</P>
  </Block>
  <Block BlockType="Gain" Name="Gain2" SID="75802">
    <P Name="Position">[260, -225, 280, -195]</P>
    <P Name="ZOrder">29</P>
    <P Name="ShowName">off</P>
    <P Name="Gain">2</P>
  </Block>
  <Block BlockType="Gain" Name="Gain3" SID="75803">
    <P Name="Position">[260, 190, 280, 220]</P>
    <P Name="ZOrder">33</P>
    <P Name="ShowName">off</P>
    <P Name="Gain">2</P>
  </Block>
  <Block BlockType="Gain" Name="Gain4" SID="75804">
    <P Name="Position">[260, 235, 280, 265]</P>
    <P Name="ZOrder">34</P>
    <P Name="ShowName">off</P>
    <P Name="Gain">2</P>
  </Block>
  <Block BlockType="Gain" Name="Gain5" SID="75805">
    <P Name="Position">[260, 320, 280, 350]</P>
    <P Name="ZOrder">38</P>
    <P Name="ShowName">off</P>
    <P Name="Gain">2</P>
  </Block>
  <Block BlockType="Gain" Name="Gain6" SID="75806">
    <P Name="Position">[260, 365, 280, 395]</P>
    <P Name="ZOrder">39</P>
    <P Name="ShowName">off</P>
    <P Name="Gain">2</P>
  </Block>
  <Block BlockType="Gain" Name="Gain7" SID="75807">
    <P Name="Position">[260, -30, 280, 0]</P>
    <P Name="ZOrder">43</P>
    <P Name="ShowName">off</P>
    <P Name="Gain">2</P>
  </Block>
  <Block BlockType="Gain" Name="Gain8" SID="75808">
    <P Name="Position">[260, 15, 280, 45]</P>
    <P Name="ZOrder">44</P>
    <P Name="ShowName">off</P>
    <P Name="Gain">2</P>
  </Block>
  <Block BlockType="Gain" Name="Gain9" SID="75809">
    <P Name="Position">[260, -160, 280, -130]</P>
    <P Name="ZOrder">48</P>
    <P Name="ShowName">off</P>
    <P Name="Gain">2</P>
  </Block>
  <Block BlockType="Math" Name="Math&#xA;Function" SID="75810">
    <P Name="Ports">[1, 1]</P>
    <P Name="Position">[250, -380, 270, -360]</P>
    <P Name="ZOrder">20</P>
    <P Name="Operator">square</P>
    <P Name="SignedPower">on</P>
  </Block>
  <Block BlockType="Math" Name="Math&#xA;Function1" SID="75811">
    <P Name="Ports">[1, 1]</P>
    <P Name="Position">[250, -360, 270, -340]</P>
    <P Name="ZOrder">22</P>
    <P Name="Operator">square</P>
    <P Name="SignedPower">on</P>
  </Block>
  <Block BlockType="Math" Name="Math&#xA;Function10" SID="75812">
    <P Name="Ports">[1, 1]</P>
    <P Name="Position">[250, 580, 270, 600]</P>
    <P Name="ZOrder">58</P>
    <P Name="Operator">square</P>
    <P Name="SignedPower">on</P>
  </Block>
  <Block BlockType="Math" Name="Math&#xA;Function11" SID="75813">
    <P Name="Ports">[1, 1]</P>
    <P Name="Position">[250, 600, 270, 620]</P>
    <P Name="ZOrder">59</P>
    <P Name="Operator">square</P>
    <P Name="SignedPower">on</P>
  </Block>
  <Block BlockType="Math" Name="Math&#xA;Function2" SID="75814">
    <P Name="Ports">[1, 1]</P>
    <P Name="Position">[250, -340, 270, -320]</P>
    <P Name="ZOrder">23</P>
    <P Name="Operator">square</P>
    <P Name="SignedPower">on</P>
  </Block>
  <Block BlockType="Math" Name="Math&#xA;Function3" SID="75815">
    <P Name="Ports">[1, 1]</P>
    <P Name="Position">[250, -320, 270, -300]</P>
    <P Name="ZOrder">24</P>
    <P Name="Operator">square</P>
    <P Name="SignedPower">on</P>
  </Block>
  <Block BlockType="Math" Name="Math&#xA;Function4" SID="75816">
    <P Name="Ports">[1, 1]</P>
    <P Name="Position">[250, 80, 270, 100]</P>
    <P Name="ZOrder">50</P>
    <P Name="Operator">square</P>
    <P Name="SignedPower">on</P>
  </Block>
  <Block BlockType="Math" Name="Math&#xA;Function5" SID="75817">
    <P Name="Ports">[1, 1]</P>
    <P Name="Position">[250, 100, 270, 120]</P>
    <P Name="ZOrder">52</P>
    <P Name="Operator">square</P>
    <P Name="SignedPower">on</P>
  </Block>
  <Block BlockType="Math" Name="Math&#xA;Function6" SID="75818">
    <P Name="Ports">[1, 1]</P>
    <P Name="Position">[250, 120, 270, 140]</P>
    <P Name="ZOrder">53</P>
    <P Name="Operator">square</P>
    <P Name="SignedPower">on</P>
  </Block>
  <Block BlockType="Math" Name="Math&#xA;Function7" SID="75819">
    <P Name="Ports">[1, 1]</P>
    <P Name="Position">[250, 140, 270, 160]</P>
    <P Name="ZOrder">54</P>
    <P Name="Operator">square</P>
    <P Name="SignedPower">on</P>
  </Block>
  <Block BlockType="Math" Name="Math&#xA;Function8" SID="75820">
    <P Name="Ports">[1, 1]</P>
    <P Name="Position">[250, 540, 270, 560]</P>
    <P Name="ZOrder">55</P>
    <P Name="Operator">square</P>
    <P Name="SignedPower">on</P>
  </Block>
  <Block BlockType="Math" Name="Math&#xA;Function9" SID="75821">
    <P Name="Ports">[1, 1]</P>
    <P Name="Position">[250, 560, 270, 580]</P>
    <P Name="ZOrder">57</P>
    <P Name="Operator">square</P>
    <P Name="SignedPower">on</P>
  </Block>
  <Block BlockType="Product" Name="Product" SID="75822">
    <P Name="Ports">[2, 1]</P>
    <P Name="Position">[225, -273, 245, -237]</P>
    <P Name="ZOrder">25</P>
    <P Name="ShowName">off</P>
  </Block>
  <Block BlockType="Product" Name="Product1" SID="75823">
    <P Name="Ports">[2, 1]</P>
    <P Name="Position">[225, -228, 245, -192]</P>
    <P Name="ZOrder">27</P>
    <P Name="ShowName">off</P>
  </Block>
  <Block BlockType="Product" Name="Product10" SID="75824">
    <P Name="Ports">[2, 1]</P>
    <P Name="Position">[225, 427, 245, 463]</P>
    <P Name="ZOrder">60</P>
    <P Name="ShowName">off</P>
  </Block>
  <Block BlockType="Product" Name="Product11" SID="75825">
    <P Name="Ports">[2, 1]</P>
    <P Name="Position">[225, 472, 245, 508]</P>
    <P Name="ZOrder">62</P>
    <P Name="ShowName">off</P>
  </Block>
  <Block BlockType="Product" Name="Product2" SID="75826">
    <P Name="Ports">[2, 1]</P>
    <P Name="Position">[225, 187, 245, 223]</P>
    <P Name="ZOrder">30</P>
    <P Name="ShowName">off</P>
  </Block>
  <Block BlockType="Product" Name="Product3" SID="75827">
    <P Name="Ports">[2, 1]</P>
    <P Name="Position">[225, 232, 245, 268]</P>
    <P Name="ZOrder">32</P>
    <P Name="ShowName">off</P>
  </Block>
  <Block BlockType="Product" Name="Product4" SID="75828">
    <P Name="Ports">[2, 1]</P>
    <P Name="Position">[225, 317, 245, 353]</P>
    <P Name="ZOrder">35</P>
    <P Name="ShowName">off</P>
  </Block>
  <Block BlockType="Product" Name="Product5" SID="75829">
    <P Name="Ports">[2, 1]</P>
    <P Name="Position">[225, 362, 245, 398]</P>
    <P Name="ZOrder">37</P>
    <P Name="ShowName">off</P>
  </Block>
  <Block BlockType="Product" Name="Product6" SID="75830">
    <P Name="Ports">[2, 1]</P>
    <P Name="Position">[225, -33, 245, 3]</P>
    <P Name="ZOrder">40</P>
    <P Name="ShowName">off</P>
  </Block>
  <Block BlockType="Product" Name="Product7" SID="75831">
    <P Name="Ports">[2, 1]</P>
    <P Name="Position">[225, 12, 245, 48]</P>
    <P Name="ZOrder">42</P>
    <P Name="ShowName">off</P>
  </Block>
  <Block BlockType="Product" Name="Product8" SID="75832">
    <P Name="Ports">[2, 1]</P>
    <P Name="Position">[225, -163, 245, -127]</P>
    <P Name="ZOrder">45</P>
    <P Name="ShowName">off</P>
  </Block>
  <Block BlockType="Product" Name="Product9" SID="75833">
    <P Name="Ports">[2, 1]</P>
    <P Name="Position">[225, -118, 245, -82]</P>
    <P Name="ZOrder">47</P>
    <P Name="ShowName">off</P>
  </Block>
  <Block BlockType="Concatenate" Name="Vector&#xA;Concatenate" SID="75834">
    <P Name="Ports">[3, 1]</P>
    <P Name="Position">[380, -397, 385, -63]</P>
    <P Name="ZOrder">14</P>
    <P Name="ShowName">off</P>
    <P Name="NumInputs">3</P>
  </Block>
  <Block BlockType="Concatenate" Name="Vector&#xA;Concatenate1" SID="75835">
    <P Name="Ports">[3, 1]</P>
    <P Name="Position">[380, -47, 385, 287]</P>
    <P Name="ZOrder">15</P>
    <P Name="ShowName">off</P>
    <P Name="NumInputs">3</P>
  </Block>
  <Block BlockType="Concatenate" Name="Vector&#xA;Concatenate2" SID="75836">
    <P Name="Ports">[3, 1]</P>
    <P Name="Position">[380, 303, 385, 637]</P>
    <P Name="ZOrder">16</P>
    <P Name="ShowName">off</P>
    <P Name="NumInputs">3</P>
  </Block>
  <Block BlockType="Concatenate" Name="Vector&#xA;Concatenate3" SID="75837">
    <P Name="Ports">[3, 1]</P>
    <P Name="Position">[530, 66, 615, 174]</P>
    <P Name="ZOrder">17</P>
    <P Name="ShowName">off</P>
    <P Name="NumInputs">3</P>
    <P Name="Mode">Multidimensional array</P>
    <P Name="ConcatenateDimension">2</P>
  </Block>
  <Block BlockType="Outport" Name="T12" SID="75838">
    <P Name="Position">[695, 113, 725, 127]</P>
    <P Name="ZOrder">-2</P>
    <P Name="BackgroundColor">orange</P>
    <P Name="PortDimensions">[3 3]</P>
    <P Name="VectorParamsAs1DForOutWhenUnconnected">off</P>
  </Block>
  <Line>
    <P Name="ZOrder">1</P>
    <P Name="Src">75824#out:1</P>
    <P Name="Dst">75800#in:1</P>
  </Line>
  <Line>
    <P Name="ZOrder">2</P>
    <P Name="Src">75825#out:1</P>
    <P Name="Dst">75801#in:1</P>
  </Line>
  <Line>
    <P Name="ZOrder">3</P>
    <P Name="Src">75800#out:1</P>
    <P Name="Dst">75796#in:1</P>
  </Line>
  <Line>
    <P Name="ZOrder">4</P>
    <P Name="Src">75801#out:1</P>
    <P Name="Dst">75796#in:2</P>
  </Line>
  <Line>
    <P Name="ZOrder">5</P>
    <P Name="Src">75820#out:1</P>
    <P Name="Dst">75795#in:1</P>
  </Line>
  <Line>
    <P Name="ZOrder">6</P>
    <P Name="Src">75821#out:1</P>
    <P Name="Dst">75795#in:2</P>
  </Line>
  <Line>
    <P Name="ZOrder">7</P>
    <P Name="Src">75813#out:1</P>
    <P Name="Dst">75795#in:4</P>
  </Line>
  <Line>
    <P Name="ZOrder">8</P>
    <P Name="Src">75812#out:1</P>
    <P Name="Dst">75795#in:3</P>
  </Line>
  <Line>
    <P Name="ZOrder">9</P>
    <P Name="Src">75816#out:1</P>
    <P Name="Dst">75794#in:1</P>
  </Line>
  <Line>
    <P Name="ZOrder">10</P>
    <P Name="Src">75817#out:1</P>
    <P Name="Dst">75794#in:2</P>
  </Line>
  <Line>
    <P Name="ZOrder">11</P>
    <P Name="Src">75819#out:1</P>
    <P Name="Dst">75794#in:4</P>
  </Line>
  <Line>
    <P Name="ZOrder">12</P>
    <P Name="Src">75818#out:1</P>
    <P Name="Dst">75794#in:3</P>
  </Line>
  <Line>
    <P Name="ZOrder">13</P>
    <P Name="Src">75832#out:1</P>
    <P Name="Dst">75809#in:1</P>
  </Line>
  <Line>
    <P Name="ZOrder">14</P>
    <P Name="Src">75833#out:1</P>
    <P Name="Dst">75799#in:1</P>
  </Line>
  <Line>
    <P Name="ZOrder">15</P>
    <P Name="Src">75809#out:1</P>
    <P Name="Dst">75793#in:1</P>
  </Line>
  <Line>
    <P Name="ZOrder">16</P>
    <P Name="Src">75799#out:1</P>
    <P Name="Dst">75793#in:2</P>
  </Line>
  <Line>
    <P Name="ZOrder">17</P>
    <P Name="Src">75830#out:1</P>
    <P Name="Dst">75807#in:1</P>
  </Line>
  <Line>
    <P Name="ZOrder">18</P>
    <P Name="Src">75831#out:1</P>
    <P Name="Dst">75808#in:1</P>
  </Line>
  <Line>
    <P Name="ZOrder">19</P>
    <P Name="Src">75807#out:1</P>
    <P Name="Dst">75792#in:1</P>
  </Line>
  <Line>
    <P Name="ZOrder">20</P>
    <P Name="Src">75808#out:1</P>
    <P Name="Dst">75792#in:2</P>
  </Line>
  <Line>
    <P Name="ZOrder">21</P>
    <P Name="Src">75828#out:1</P>
    <P Name="Dst">75805#in:1</P>
  </Line>
  <Line>
    <P Name="ZOrder">22</P>
    <P Name="Src">75829#out:1</P>
    <P Name="Dst">75806#in:1</P>
  </Line>
  <Line>
    <P Name="ZOrder">23</P>
    <P Name="Src">75805#out:1</P>
    <P Name="Dst">75791#in:1</P>
  </Line>
  <Line>
    <P Name="ZOrder">24</P>
    <P Name="Src">75806#out:1</P>
    <P Name="Dst">75791#in:2</P>
  </Line>
  <Line>
    <P Name="ZOrder">25</P>
    <P Name="Src">75826#out:1</P>
    <P Name="Dst">75803#in:1</P>
  </Line>
  <Line>
    <P Name="ZOrder">26</P>
    <P Name="Src">75827#out:1</P>
    <P Name="Dst">75804#in:1</P>
  </Line>
  <Line>
    <P Name="ZOrder">27</P>
    <P Name="Src">75803#out:1</P>
    <P Name="Dst">75790#in:1</P>
  </Line>
  <Line>
    <P Name="ZOrder">28</P>
    <P Name="Src">75804#out:1</P>
    <P Name="Dst">75790#in:2</P>
  </Line>
  <Line>
    <P Name="ZOrder">29</P>
    <P Name="Src">75802#out:1</P>
    <P Name="Dst">75789#in:2</P>
  </Line>
  <Line>
    <P Name="ZOrder">30</P>
    <P Name="Src">75798#out:1</P>
    <P Name="Dst">75789#in:1</P>
  </Line>
  <Line>
    <P Name="ZOrder">31</P>
    <P Name="Src">75823#out:1</P>
    <P Name="Dst">75802#in:1</P>
  </Line>
  <Line>
    <P Name="ZOrder">32</P>
    <P Name="Src">75822#out:1</P>
    <P Name="Dst">75798#in:1</P>
  </Line>
  <Line>
    <P Name="ZOrder">33</P>
    <P Name="Src">75815#out:1</P>
    <P Name="Dst">75788#in:4</P>
  </Line>
  <Line>
    <P Name="ZOrder">34</P>
    <P Name="Src">75814#out:1</P>
    <P Name="Dst">75788#in:3</P>
  </Line>
  <Line>
    <P Name="ZOrder">35</P>
    <P Name="Src">75811#out:1</P>
    <P Name="Dst">75788#in:2</P>
  </Line>
  <Line>
    <P Name="ZOrder">36</P>
    <P Name="Src">75810#out:1</P>
    <P Name="Dst">75788#in:1</P>
  </Line>
  <Line>
    <P Name="Name">dcm33</P>
    <P Name="ZOrder">37</P>
    <P Name="Labels">[1, 1]</P>
    <P Name="Src">75795#out:1</P>
    <P Name="Dst">75836#in:3</P>
  </Line>
  <Line>
    <P Name="Name">dcm23</P>
    <P Name="ZOrder">38</P>
    <P Name="Labels">[1, 1]</P>
    <P Name="Src">75796#out:1</P>
    <P Name="Dst">75836#in:2</P>
  </Line>
  <Line>
    <P Name="Name">dcm13</P>
    <P Name="ZOrder">39</P>
    <P Name="Labels">[1, 1]</P>
    <P Name="Src">75791#out:1</P>
    <P Name="Dst">75836#in:1</P>
  </Line>
  <Line>
    <P Name="Name">dcm32</P>
    <P Name="ZOrder">40</P>
    <P Name="Labels">[1, 1]</P>
    <P Name="Src">75790#out:1</P>
    <P Name="Dst">75835#in:3</P>
  </Line>
  <Line>
    <P Name="Name">dcm22</P>
    <P Name="ZOrder">41</P>
    <P Name="Labels">[1, 1]</P>
    <P Name="Src">75794#out:1</P>
    <P Name="Dst">75835#in:2</P>
  </Line>
  <Line>
    <P Name="Name">dcm12</P>
    <P Name="ZOrder">42</P>
    <P Name="Labels">[1, 1]</P>
    <P Name="Src">75792#out:1</P>
    <P Name="Dst">75835#in:1</P>
  </Line>
  <Line>
    <P Name="Name">dcm31</P>
    <P Name="ZOrder">43</P>
    <P Name="Labels">[1, 1]</P>
    <P Name="Src">75793#out:1</P>
    <P Name="Dst">75834#in:3</P>
  </Line>
  <Line>
    <P Name="Name">dcm21</P>
    <P Name="ZOrder">44</P>
    <P Name="Labels">[1, 1]</P>
    <P Name="Src">75789#out:1</P>
    <P Name="Dst">75834#in:2</P>
  </Line>
  <Line>
    <P Name="Name">dcm11</P>
    <P Name="ZOrder">45</P>
    <P Name="Labels">[1, 1]</P>
    <P Name="Src">75788#out:1</P>
    <P Name="Dst">75834#in:1</P>
  </Line>
  <Line>
    <P Name="ZOrder">46</P>
    <P Name="Src">75835#out:1</P>
    <P Name="Dst">75837#in:2</P>
  </Line>
  <Line>
    <P Name="ZOrder">47</P>
    <P Name="Src">75836#out:1</P>
    <P Name="Points">[68, 0; 0, -315]</P>
    <P Name="Dst">75837#in:3</P>
  </Line>
  <Line>
    <P Name="ZOrder">48</P>
    <P Name="Src">75834#out:1</P>
    <P Name="Points">[68, 0; 0, 315]</P>
    <P Name="Dst">75837#in:1</P>
  </Line>
  <Line>
    <P Name="ZOrder">49</P>
    <P Name="Src">75837#out:1</P>
    <P Name="Dst">75838#in:1</P>
  </Line>
  <Line>
    <P Name="Name">q4 / q0</P>
    <P Name="ZOrder">50</P>
    <P Name="Labels">[0, 1]</P>
    <P Name="Src">75797#out:4</P>
    <P Name="Points">[214, 0]</P>
    <Branch>
      <P Name="ZOrder">51</P>
      <P Name="Points">[0, 10]</P>
      <Branch>
        <P Name="ZOrder">52</P>
        <P Name="Dst">75827#in:2</P>
      </Branch>
      <Branch>
        <P Name="ZOrder">53</P>
        <P Name="Points">[0, 130]</P>
        <Branch>
          <P Name="ZOrder">54</P>
          <P Name="Points">[0, 110]</P>
          <Branch>
            <P Name="ZOrder">55</P>
            <P Name="Dst">75825#in:2</P>
          </Branch>
          <Branch>
            <P Name="ZOrder">56</P>
            <P Name="Points">[0, 110]</P>
            <P Name="Dst">75813#in:1</P>
          </Branch>
        </Branch>
        <Branch>
          <P Name="ZOrder">57</P>
          <P Name="Dst">75829#in:2</P>
        </Branch>
      </Branch>
    </Branch>
    <Branch>
      <P Name="ZOrder">58</P>
      <P Name="Points">[0, -100]</P>
      <Branch>
        <P Name="ZOrder">59</P>
        <P Name="Points">[0, -110]</P>
        <Branch>
          <P Name="ZOrder">60</P>
          <P Name="Points">[0, -130]</P>
          <Branch>
            <P Name="ZOrder">61</P>
            <P Name="Points">[0, -110]</P>
            <Branch>
              <P Name="ZOrder">62</P>
              <P Name="Points">[0, -110]</P>
              <P Name="Dst">75815#in:1</P>
            </Branch>
            <Branch>
              <P Name="ZOrder">63</P>
              <P Name="Dst">75823#in:2</P>
            </Branch>
          </Branch>
          <Branch>
            <P Name="ZOrder">64</P>
            <P Name="Dst">75833#in:2</P>
          </Branch>
        </Branch>
        <Branch>
          <P Name="ZOrder">65</P>
          <P Name="Dst">75831#in:2</P>
        </Branch>
      </Branch>
      <Branch>
        <P Name="ZOrder">66</P>
        <P Name="Dst">75819#in:1</P>
      </Branch>
    </Branch>
  </Line>
  <Line>
    <P Name="Name">q3</P>
    <P Name="ZOrder">67</P>
    <P Name="Labels">[0, 1]</P>
    <P Name="Src">75797#out:3</P>
    <P Name="Points">[154, 0]</P>
    <Branch>
      <P Name="ZOrder">68</P>
      <P Name="Points">[0, -25]</P>
      <Branch>
        <P Name="ZOrder">69</P>
        <P Name="Points">[0, -110]</P>
        <Branch>
          <P Name="ZOrder">70</P>
          <P Name="Points">[0, -155]</P>
          <Branch>
            <P Name="ZOrder">71</P>
            <P Name="Points">[0, -85]</P>
            <Branch>
              <P Name="ZOrder">72</P>
              <P Name="Points">[0, -110]</P>
              <P Name="Dst">75814#in:1</P>
            </Branch>
            <Branch>
              <P Name="ZOrder">73</P>
              <P Name="Dst">75823#in:1</P>
            </Branch>
          </Branch>
          <Branch>
            <P Name="ZOrder">74</P>
            <P Name="Dst">75832#in:2</P>
          </Branch>
        </Branch>
        <Branch>
          <P Name="ZOrder">75</P>
          <P Name="Dst">75831#in:1</P>
        </Branch>
      </Branch>
      <Branch>
        <P Name="ZOrder">76</P>
        <P Name="Dst">75818#in:1</P>
      </Branch>
    </Branch>
    <Branch>
      <P Name="ZOrder">77</P>
      <P Name="Points">[0, 60]</P>
      <Branch>
        <P Name="ZOrder">78</P>
        <P Name="Points">[0, 130]</P>
        <Branch>
          <P Name="ZOrder">79</P>
          <P Name="Points">[0, 110]</P>
          <Branch>
            <P Name="ZOrder">80</P>
            <P Name="Dst">75824#in:2</P>
          </Branch>
          <Branch>
            <P Name="ZOrder">81</P>
            <P Name="Points">[0, 135]</P>
            <P Name="Dst">75812#in:1</P>
          </Branch>
        </Branch>
        <Branch>
          <P Name="ZOrder">82</P>
          <P Name="Dst">75828#in:2</P>
        </Branch>
      </Branch>
      <Branch>
        <P Name="ZOrder">83</P>
        <P Name="Dst">75826#in:2</P>
      </Branch>
    </Branch>
  </Line>
  <Line>
    <P Name="Name">q2</P>
    <P Name="ZOrder">84</P>
    <P Name="Labels">[0, 1]</P>
    <P Name="Src">75797#out:2</P>
    <P Name="Points">[105, 0]</P>
    <Branch>
      <P Name="ZOrder">85</P>
      <P Name="Points">[0, -65]</P>
      <Branch>
        <P Name="ZOrder">86</P>
        <P Name="Points">[0, -105]</P>
        <Branch>
          <P Name="ZOrder">87</P>
          <P Name="Points">[0, -135]</P>
          <Branch>
            <P Name="ZOrder">88</P>
            <P Name="Points">[0, -105]</P>
            <P Name="Dst">75811#in:1</P>
          </Branch>
          <Branch>
            <P Name="ZOrder">89</P>
            <P Name="Dst">75822#in:2</P>
          </Branch>
        </Branch>
        <Branch>
          <P Name="ZOrder">90</P>
          <P Name="Dst">75833#in:1</P>
        </Branch>
      </Branch>
      <Branch>
        <P Name="ZOrder">91</P>
        <P Name="Dst">75830#in:2</P>
      </Branch>
    </Branch>
    <Branch>
      <P Name="ZOrder">92</P>
      <P Name="Points">[0, 50]</P>
      <Branch>
        <P Name="ZOrder">93</P>
        <P Name="Dst">75817#in:1</P>
      </Branch>
      <Branch>
        <P Name="ZOrder">94</P>
        <P Name="Points">[0, 85]</P>
        <Branch>
          <P Name="ZOrder">95</P>
          <P Name="Points">[0, 175]</P>
          <Branch>
            <P Name="ZOrder">96</P>
            <P Name="Points">[0, 65]</P>
            <Branch>
              <P Name="ZOrder">97</P>
              <P Name="Points">[0, 135]</P>
              <P Name="Dst">75821#in:1</P>
            </Branch>
            <Branch>
              <P Name="ZOrder">98</P>
              <P Name="Dst">75824#in:1</P>
            </Branch>
          </Branch>
          <Branch>
            <P Name="ZOrder">99</P>
            <P Name="Dst">75829#in:1</P>
          </Branch>
        </Branch>
        <Branch>
          <P Name="ZOrder">100</P>
          <P Name="Dst">75826#in:1</P>
        </Branch>
      </Branch>
    </Branch>
  </Line>
  <Line>
    <P Name="Name">q1</P>
    <P Name="ZOrder">101</P>
    <P Name="Labels">[0, 1]</P>
    <P Name="Src">75797#out:1</P>
    <P Name="Points">[57, 0]</P>
    <Branch>
      <P Name="ZOrder">102</P>
      <P Name="Points">[0, 10]</P>
      <Branch>
        <P Name="ZOrder">103</P>
        <P Name="Dst">75830#in:1</P>
      </Branch>
      <Branch>
        <P Name="ZOrder">104</P>
        <P Name="Points">[0, 115]</P>
        <Branch>
          <P Name="ZOrder">105</P>
          <P Name="Dst">75816#in:1</P>
        </Branch>
        <Branch>
          <P Name="ZOrder">106</P>
          <P Name="Points">[0, 150]</P>
          <Branch>
            <P Name="ZOrder">107</P>
            <P Name="Points">[0, 85]</P>
            <Branch>
              <P Name="ZOrder">108</P>
              <P Name="Points">[0, 155]</P>
              <Branch>
                <P Name="ZOrder">109</P>
                <P Name="Points">[0, 70]</P>
                <P Name="Dst">75820#in:1</P>
              </Branch>
              <Branch>
                <P Name="ZOrder">110</P>
                <P Name="Dst">75825#in:1</P>
              </Branch>
            </Branch>
            <Branch>
              <P Name="ZOrder">111</P>
              <P Name="Dst">75828#in:1</P>
            </Branch>
          </Branch>
          <Branch>
            <P Name="ZOrder">112</P>
            <P Name="Dst">75827#in:1</P>
          </Branch>
        </Branch>
      </Branch>
    </Branch>
    <Branch>
      <P Name="ZOrder">113</P>
      <P Name="Points">[0, -120]</P>
      <Branch>
        <P Name="ZOrder">114</P>
        <P Name="Points">[0, -110]</P>
        <Branch>
          <P Name="ZOrder">115</P>
          <P Name="Points">[0, -105]</P>
          <P Name="Dst">75810#in:1</P>
        </Branch>
        <Branch>
          <P Name="ZOrder">116</P>
          <P Name="Dst">75822#in:1</P>
        </Branch>
      </Branch>
      <Branch>
        <P Name="ZOrder">117</P>
        <P Name="Dst">75832#in:1</P>
      </Branch>
    </Branch>
  </Line>
  <Line>
    <P Name="ZOrder">118</P>
    <P Name="Src">75787#out:1</P>
    <P Name="Dst">75797#in:1</P>
  </Line>
  <Annotation SID="75840">
    <P Name="Name">Inputs [size]:

quaternion q12 [4]</P>
    <P Name="Position">[-446, 34, -364, 72]</P>
    <P Name="InternalMargins">[0, 0, 0, 0]</P>
    <P Name="HorizontalAlignment">center</P>
    <P Name="VerticalAlignment">middle</P>
    <P Name="ZOrder">-1</P>
  </Annotation>
  <Annotation SID="75839">
    <P Name="Name">Outputs [size]:

direction cosine matrix T12 [3x3]</P>
    <P Name="Position">[637, 51, 782, 89]</P>
    <P Name="InternalMargins">[0, 0, 0, 0]</P>
    <P Name="HorizontalAlignment">center</P>
    <P Name="VerticalAlignment">middle</P>
    <P Name="ZOrder">-2</P>
  </Annotation>
</System>
