<?xml version="1.0" encoding="utf-8"?>
<System>
  <P Name="Location">[207, 53, 2019, 1216]</P>
  <P Name="SystemRect">[0.000000, 0.000000, 0.000000, 0.000000]</P>
  <P Name="SetExecutionDomain">off</P>
  <P Name="ExecutionDomainType">Deduce</P>
  <P Name="ZoomFactor">279</P>
  <P Name="SimulinkSubDomain">Simulink</P>
  <Block BlockType="Inport" Name="States" SID="77560">
    <P Name="Position">[110, 68, 140, 82]</P>
    <P Name="ZOrder">406</P>
  </Block>
  <Block BlockType="Logic" Name="AND" SID="77561">
    <P Name="Ports">[3, 1]</P>
    <P Name="Position">[423, 54, 458, 86]</P>
    <P Name="ZOrder">413</P>
    <P Name="Inputs">3</P>
    <P Name="IconShape">distinctive</P>
    <P Name="AllPortsSameDT">off</P>
    <P Name="OutDataTypeStr">boolean</P>
  </Block>
  <Block BlockType="BusSelector" Name="Bus&#xA;Selector1" SID="77562">
    <P Name="Ports">[1, 2]</P>
    <P Name="Position">[175, 36, 190, 149]</P>
    <P Name="ZOrder">401</P>
    <P Name="ShowName">off</P>
    <P Name="OutputSignals">POS_NED.POS_z_NED_m,POS_NED_dot.POS_z_NED_dot_m</P>
    <Port>
      <P Name="PortNumber">1</P>
      <P Name="Name">&lt;POS_z_NED_m&gt;</P>
    </Port>
    <Port>
      <P Name="PortNumber">2</P>
      <P Name="Name">&lt;POS_z_NED_dot_m&gt;</P>
    </Port>
  </Block>
  <Block BlockType="SubSystem" Name="Compare&#xA;To Constant" SID="77563">
    <P Name="Ports">[1, 1]</P>
    <P Name="Position">[290, 50, 375, 80]</P>
    <P Name="ZOrder">403</P>
    <P Name="RequestExecContextInheritance">off</P>
    <P Name="ContentPreviewEnabled">on</P>
    <Mask SelfModifiable="on">
      <Type>Compare To Constant</Type>
      <Display RunInitForIconRedraw="on" IconUnits="normalized">disp(str)</Display>
      <Description>Simulink:masks:CompareToConstant_MD</Description>
      <Initialization>blkName = gcb;

if strcmp(get_param(gcbh,&apos;OutDataTypeStr&apos;),&apos;boolean&apos;)
	setValue = &apos;boolean&apos;;
else
	setValue = &apos;fixdt(0, 8)&apos;;
end

set_param([blkName,&apos;/Compare&apos;],&apos;relop&apos;,relop, ...
	&apos;OutDataTypeStr&apos;, setValue, &apos;ZeroCross&apos;, ZeroCross);

str = [relop,&apos; C&apos;]; %default

const_str = get_param(blkName, &apos;const&apos;);
const_val = str2num(const_str);

if isempty(const_val) %#ok&lt;ST2NM&gt;
    %Expression/Variable
    str = [relop, &apos; &apos;, strtrim(const_str)];
else
    if length(const_val) == 1 
        if Simulink.data.isSupportedEnumClass(class(const_val))
            % Special Handling for Enumerations
            if Simulink.data.getEnumTypeInfo(class(const_val), &apos;AddClassNameToEnumNames&apos;)
                str = [relop, &apos; &apos;, strtrim(const_str)];
            else
                str = [relop, &apos; &apos;, char(const_val)];
            end
        elseif(isfloat(const_val) || isinteger(const_val) || islogical(const_val)) 
                str = [relop, &apos; &apos;, num2str(const_val)];
        end
    end
end</Initialization>
      <Capabilities>slmaskedcaps(gcbh)</Capabilities>
      <MaskParameter Name="relop" Type="popup" Evaluate="off" Tunable="off">
        <Prompt>Simulink:masks:Operator_MP</Prompt>
        <Value>&gt;</Value>
        <TypeOptions>
          <Option>==</Option>
          <Option>~=</Option>
          <Option>&lt;</Option>
          <Option>&lt;=</Option>
          <Option>&gt;=</Option>
          <Option>&gt;</Option>
        </TypeOptions>
      </MaskParameter>
      <MaskParameter Name="const" Type="edit">
        <Prompt>Simulink:masks:ConstantValue_MP</Prompt>
        <Value>-700</Value>
      </MaskParameter>
      <MaskParameter Name="OutDataTypeStr" Type="popup" Evaluate="off" Tunable="off">
        <Prompt>Simulink:masks:OutputDataType_MP</Prompt>
        <Value>boolean</Value>
        <Alias>LogicOutDataTypeMode</Alias>
        <TypeOptions>
          <Option>Simulink:masks:uint8</Option>
          <Option>Simulink:masks:boolean</Option>
        </TypeOptions>
      </MaskParameter>
      <MaskParameter Name="ZeroCross" Type="checkbox" Evaluate="off" Tunable="off" Enabled="off">
        <Prompt>Simulink:masks:EnableZerocrossingDetection_MP</Prompt>
        <Value>on</Value>
        <Callback>sl(&apos;zeroCrossEnable&apos;, gcbh);</Callback>
      </MaskParameter>
    </Mask>
    <System Ref="system_77563"/>
  </Block>
  <Block BlockType="SubSystem" Name="Compare&#xA;To Constant1" SID="77564">
    <P Name="Ports">[1, 1]</P>
    <P Name="Position">[290, 110, 375, 140]</P>
    <P Name="ZOrder">22065</P>
    <P Name="RequestExecContextInheritance">off</P>
    <P Name="ContentPreviewEnabled">on</P>
    <Mask SelfModifiable="on">
      <Type>Compare To Constant</Type>
      <Display RunInitForIconRedraw="on" IconUnits="normalized">disp(str)</Display>
      <Description>Simulink:masks:CompareToConstant_MD</Description>
      <Initialization>blkName = gcb;

if strcmp(get_param(gcbh,&apos;OutDataTypeStr&apos;),&apos;boolean&apos;)
	setValue = &apos;boolean&apos;;
else
	setValue = &apos;fixdt(0, 8)&apos;;
end

set_param([blkName,&apos;/Compare&apos;],&apos;relop&apos;,relop, ...
	&apos;OutDataTypeStr&apos;, setValue, &apos;ZeroCross&apos;, ZeroCross);

str = [relop,&apos; C&apos;]; %default

const_str = get_param(blkName, &apos;const&apos;);
const_val = str2num(const_str);

if isempty(const_val) %#ok&lt;ST2NM&gt;
    %Expression/Variable
    str = [relop, &apos; &apos;, strtrim(const_str)];
else
    if length(const_val) == 1 
        if Simulink.data.isSupportedEnumClass(class(const_val))
            % Special Handling for Enumerations
            if Simulink.data.getEnumTypeInfo(class(const_val), &apos;AddClassNameToEnumNames&apos;)
                str = [relop, &apos; &apos;, strtrim(const_str)];
            else
                str = [relop, &apos; &apos;, char(const_val)];
            end
        elseif(isfloat(const_val) || isinteger(const_val) || islogical(const_val)) 
                str = [relop, &apos; &apos;, num2str(const_val)];
        end
    end
end</Initialization>
      <Capabilities>slmaskedcaps(gcbh)</Capabilities>
      <MaskParameter Name="relop" Type="popup" Evaluate="off" Tunable="off">
        <Prompt>Simulink:masks:Operator_MP</Prompt>
        <Value>&gt;</Value>
        <TypeOptions>
          <Option>==</Option>
          <Option>~=</Option>
          <Option>&lt;</Option>
          <Option>&lt;=</Option>
          <Option>&gt;=</Option>
          <Option>&gt;</Option>
        </TypeOptions>
      </MaskParameter>
      <MaskParameter Name="const" Type="edit">
        <Prompt>Simulink:masks:ConstantValue_MP</Prompt>
        <Value>0</Value>
      </MaskParameter>
      <MaskParameter Name="OutDataTypeStr" Type="popup" Evaluate="off" Tunable="off">
        <Prompt>Simulink:masks:OutputDataType_MP</Prompt>
        <Value>boolean</Value>
        <Alias>LogicOutDataTypeMode</Alias>
        <TypeOptions>
          <Option>Simulink:masks:uint8</Option>
          <Option>Simulink:masks:boolean</Option>
        </TypeOptions>
      </MaskParameter>
      <MaskParameter Name="ZeroCross" Type="checkbox" Evaluate="off" Tunable="off" Enabled="off">
        <Prompt>Simulink:masks:EnableZerocrossingDetection_MP</Prompt>
        <Value>on</Value>
        <Callback>sl(&apos;zeroCrossEnable&apos;, gcbh);</Callback>
      </MaskParameter>
    </Mask>
    <System Ref="system_77564"/>
  </Block>
  <Block BlockType="From" Name="From4" SID="77565">
    <P Name="Position">[295, 15, 380, 35]</P>
    <P Name="ZOrder">22064</P>
    <P Name="Commented">on</P>
    <P Name="GotoTag">HIL_Ready</P>
    <P Name="TagVisibility">global</P>
  </Block>
  <Block BlockType="Stop" Name="Stop Simulation" SID="77566">
    <P Name="Position">[505, 52, 545, 88]</P>
    <P Name="ZOrder">404</P>
  </Block>
  <Line>
    <P Name="Name">&lt;POS_z_NED_m&gt;</P>
    <P Name="ZOrder">1</P>
    <P Name="Labels">[0, 0]</P>
    <P Name="Src">77562#out:1</P>
    <P Name="Dst">77563#in:1</P>
  </Line>
  <Line>
    <P Name="ZOrder">2</P>
    <P Name="Src">77560#out:1</P>
    <P Name="Points">[8, 0; 0, 20]</P>
    <P Name="Dst">77562#in:1</P>
  </Line>
  <Line>
    <P Name="ZOrder">3</P>
    <P Name="Src">77563#out:1</P>
    <P Name="Points">[11, 0; 0, 5]</P>
    <P Name="Dst">77561#in:2</P>
  </Line>
  <Line>
    <P Name="ZOrder">4</P>
    <P Name="Src">77561#out:1</P>
    <P Name="Dst">77566#in:1</P>
  </Line>
  <Line>
    <P Name="ZOrder">5</P>
    <P Name="Src">77565#out:1</P>
    <P Name="Points">[17, 0; 0, 35]</P>
    <P Name="Dst">77561#in:1</P>
  </Line>
  <Line>
    <P Name="Name">&lt;POS_z_NED_dot_m&gt;</P>
    <P Name="ZOrder">6</P>
    <P Name="Labels">[0, 0]</P>
    <P Name="Src">77562#out:2</P>
    <P Name="Points">[34, 0; 0, 5]</P>
    <P Name="Dst">77564#in:1</P>
  </Line>
  <Line>
    <P Name="ZOrder">7</P>
    <P Name="Src">77564#out:1</P>
    <P Name="Points">[19, 0; 0, -45]</P>
    <P Name="Dst">77561#in:3</P>
  </Line>
</System>
