<?xml version="1.0" encoding="utf-8"?>
<System>
  <P Name="Location">[-7, -7, 1481, 871]</P>
  <P Name="SystemRect">[0.000000, 0.000000, 0.000000, 0.000000]</P>
  <P Name="SetExecutionDomain">off</P>
  <P Name="ExecutionDomainType">Deduce</P>
  <P Name="ZoomFactor">125</P>
  <P Name="SimulinkSubDomain">Simulink</P>
  <Block BlockType="Inport" Name="lat" SID="78862">
    <P Name="Position">[100, 198, 130, 212]</P>
    <P Name="ZOrder">1669</P>
    <P Name="BackgroundColor">yellow</P>
    <Port>
      <P Name="PortNumber">1</P>
      <P Name="PropagatedSignals">lat</P>
      <P Name="ShowPropagatedSignals">on</P>
    </Port>
  </Block>
  <Block BlockType="Inport" Name="lon" SID="78863">
    <P Name="Position">[100, 233, 130, 247]</P>
    <P Name="ZOrder">1671</P>
    <P Name="BackgroundColor">yellow</P>
    <P Name="Port">2</P>
    <Port>
      <P Name="PortNumber">1</P>
      <P Name="PropagatedSignals">lon</P>
      <P Name="ShowPropagatedSignals">on</P>
    </Port>
  </Block>
  <Block BlockType="Gain" Name="Gain" SID="78864">
    <P Name="Position">[335, 125, 365, 155]</P>
    <P Name="ZOrder">1661</P>
    <P Name="ShowName">off</P>
    <Port>
      <P Name="PortNumber">1</P>
      <P Name="Name">wEIE</P>
    </Port>
  </Block>
  <Block BlockType="Gain" Name="Gain1" SID="78865">
    <P Name="Position">[335, 210, 365, 240]</P>
    <P Name="ZOrder">1685</P>
    <P Name="ShowName">off</P>
    <Port>
      <P Name="PortNumber">1</P>
      <P Name="Name">wGEG</P>
    </Port>
  </Block>
  <Block BlockType="SubSystem" Name="earth_rotation_rate" SID="78866">
    <P Name="Ports">[0, 1]</P>
    <P Name="Position">[185, 117, 275, 163]</P>
    <P Name="ZOrder">1622</P>
    <P Name="RequestExecContextInheritance">off</P>
    <P Name="ContentPreviewEnabled">on</P>
    <Port>
      <P Name="PortNumber">1</P>
      <P Name="PropagatedSignals">wIEE</P>
      <P Name="ShowPropagatedSignals">on</P>
    </Port>
    <System Ref="system_78866"/>
  </Block>
  <Block BlockType="SubSystem" Name="quaternion_integration" SID="78875">
    <P Name="Ports">[1, 2]</P>
    <P Name="Position">[440, 104, 535, 171]</P>
    <P Name="ZOrder">1668</P>
    <P Name="RequestExecContextInheritance">off</P>
    <P Name="ContentPreviewEnabled">on</P>
    <Port>
      <P Name="PortNumber">1</P>
      <P Name="PropagatedSignals">qIE</P>
      <P Name="ShowPropagatedSignals">on</P>
    </Port>
    <Port>
      <P Name="PortNumber">2</P>
      <P Name="PropagatedSignals">TIE</P>
      <P Name="ShowPropagatedSignals">on</P>
    </Port>
    <System Ref="system_78875"/>
  </Block>
  <Block BlockType="SubSystem" Name="quaternion_integration1" SID="78971">
    <P Name="Ports">[1, 2]</P>
    <P Name="Position">[440, 189, 535, 256]</P>
    <P Name="ZOrder">1684</P>
    <P Name="RequestExecContextInheritance">off</P>
    <P Name="ContentPreviewEnabled">on</P>
    <Port>
      <P Name="PortNumber">1</P>
      <P Name="PropagatedSignals">qEG</P>
      <P Name="ShowPropagatedSignals">on</P>
    </Port>
    <Port>
      <P Name="PortNumber">2</P>
      <P Name="PropagatedSignals">TEG</P>
      <P Name="ShowPropagatedSignals">on</P>
    </Port>
    <System Ref="system_78971"/>
  </Block>
  <Block BlockType="SubSystem" Name="transport_rate" SID="79067">
    <P Name="Ports">[2, 1]</P>
    <P Name="Position">[185, 188, 275, 257]</P>
    <P Name="ZOrder">1683</P>
    <P Name="RequestExecContextInheritance">off</P>
    <P Name="ContentPreviewEnabled">on</P>
    <Port>
      <P Name="PortNumber">1</P>
      <P Name="PropagatedSignals">wEGG</P>
      <P Name="ShowPropagatedSignals">on</P>
    </Port>
    <System Ref="system_79067"/>
  </Block>
  <Block BlockType="Outport" Name="wIEE" SID="79084">
    <P Name="Position">[590, 78, 620, 92]</P>
    <P Name="ZOrder">1667</P>
    <P Name="BackgroundColor">orange</P>
    <P Name="VectorParamsAs1DForOutWhenUnconnected">off</P>
  </Block>
  <Block BlockType="Outport" Name="TIE" SID="79085">
    <P Name="Position">[590, 148, 620, 162]</P>
    <P Name="ZOrder">1666</P>
    <P Name="BackgroundColor">orange</P>
    <P Name="Port">2</P>
    <P Name="VectorParamsAs1DForOutWhenUnconnected">off</P>
  </Block>
  <Block BlockType="Outport" Name="qIE" SID="79086">
    <P Name="Position">[590, 113, 620, 127]</P>
    <P Name="ZOrder">1664</P>
    <P Name="BackgroundColor">orange</P>
    <P Name="Port">3</P>
    <P Name="VectorParamsAs1DForOutWhenUnconnected">off</P>
  </Block>
  <Block BlockType="Outport" Name="qEG" SID="79087">
    <P Name="Position">[590, 198, 620, 212]</P>
    <P Name="ZOrder">1686</P>
    <P Name="BackgroundColor">orange</P>
    <P Name="Port">4</P>
    <P Name="VectorParamsAs1DForOutWhenUnconnected">off</P>
  </Block>
  <Block BlockType="Outport" Name="TEG" SID="79088">
    <P Name="Position">[590, 233, 620, 247]</P>
    <P Name="ZOrder">1687</P>
    <P Name="BackgroundColor">orange</P>
    <P Name="Port">5</P>
    <P Name="VectorParamsAs1DForOutWhenUnconnected">off</P>
  </Block>
  <Block BlockType="Outport" Name="wEGG" SID="79089">
    <P Name="Position">[590, 273, 620, 287]</P>
    <P Name="ZOrder">1688</P>
    <P Name="BackgroundColor">orange</P>
    <P Name="Port">6</P>
    <P Name="VectorParamsAs1DForOutWhenUnconnected">off</P>
  </Block>
  <Line>
    <P Name="ZOrder">1</P>
    <P Name="Labels">[0, 1]</P>
    <P Name="Src">78866#out:1</P>
    <P Name="Points">[40, 0]</P>
    <Branch>
      <P Name="ZOrder">2</P>
      <P Name="Points">[0, -55]</P>
      <P Name="Dst">79084#in:1</P>
    </Branch>
    <Branch>
      <P Name="ZOrder">3</P>
      <P Name="Dst">78864#in:1</P>
    </Branch>
  </Line>
  <Line>
    <P Name="Name">wEIE</P>
    <P Name="ZOrder">4</P>
    <P Name="Labels">[0, 1]</P>
    <P Name="Src">78864#out:1</P>
    <P Name="Dst">78875#in:1</P>
  </Line>
  <Line>
    <P Name="ZOrder">5</P>
    <P Name="Labels">[0, 1]</P>
    <P Name="Src">78875#out:1</P>
    <P Name="Dst">79086#in:1</P>
  </Line>
  <Line>
    <P Name="ZOrder">6</P>
    <P Name="Labels">[0, 1]</P>
    <P Name="Src">78875#out:2</P>
    <P Name="Dst">79085#in:1</P>
  </Line>
  <Line>
    <P Name="ZOrder">7</P>
    <P Name="Labels">[0, 1]</P>
    <P Name="Src">78862#out:1</P>
    <P Name="Dst">79067#in:1</P>
  </Line>
  <Line>
    <P Name="ZOrder">8</P>
    <P Name="Labels">[0, 1]</P>
    <P Name="Src">78863#out:1</P>
    <P Name="Dst">79067#in:2</P>
  </Line>
  <Line>
    <P Name="ZOrder">9</P>
    <P Name="Labels">[0, 1]</P>
    <P Name="Src">79067#out:1</P>
    <P Name="Points">[40, 0]</P>
    <Branch>
      <P Name="ZOrder">10</P>
      <P Name="Points">[0, 55]</P>
      <P Name="Dst">79089#in:1</P>
    </Branch>
    <Branch>
      <P Name="ZOrder">11</P>
      <P Name="Dst">78865#in:1</P>
    </Branch>
  </Line>
  <Line>
    <P Name="Name">wGEG</P>
    <P Name="ZOrder">12</P>
    <P Name="Labels">[0, 1]</P>
    <P Name="Src">78865#out:1</P>
    <P Name="Dst">78971#in:1</P>
  </Line>
  <Line>
    <P Name="ZOrder">13</P>
    <P Name="Labels">[0, 1]</P>
    <P Name="Src">78971#out:1</P>
    <P Name="Dst">79087#in:1</P>
  </Line>
  <Line>
    <P Name="ZOrder">14</P>
    <P Name="Labels">[0, 1]</P>
    <P Name="Src">78971#out:2</P>
    <P Name="Dst">79088#in:1</P>
  </Line>
</System>
