<?xml version="1.0" encoding="utf-8"?>
<System>
  <P Name="Location">[-7, -7, 1481, 871]</P>
  <P Name="SystemRect">[0.000000, 0.000000, 0.000000, 0.000000]</P>
  <P Name="SetExecutionDomain">off</P>
  <P Name="ExecutionDomainType">Deduce</P>
  <P Name="ZoomFactor">175</P>
  <P Name="SimulinkSubDomain">Simulink</P>
  <Block BlockType="Inport" Name="lat" SID="75779">
    <P Name="Position">[85, 143, 115, 157]</P>
    <P Name="ZOrder">1665</P>
    <P Name="BackgroundColor">yellow</P>
    <Port>
      <P Name="PortNumber">1</P>
      <P Name="PropagatedSignals">lat</P>
      <P Name="ShowPropagatedSignals">on</P>
    </Port>
  </Block>
  <Block BlockType="Inport" Name="lon" SID="75780">
    <P Name="Position">[85, 248, 115, 262]</P>
    <P Name="ZOrder">1666</P>
    <P Name="BackgroundColor">yellow</P>
    <P Name="Port">2</P>
    <Port>
      <P Name="PortNumber">1</P>
      <P Name="PropagatedSignals">lon</P>
      <P Name="ShowPropagatedSignals">on</P>
    </Port>
  </Block>
  <Block BlockType="Inport" Name="qIB" SID="75781">
    <P Name="Position">[430, 248, 460, 262]</P>
    <P Name="ZOrder">1667</P>
    <P Name="BackgroundColor">yellow</P>
    <P Name="Port">3</P>
    <Port>
      <P Name="PortNumber">1</P>
      <P Name="PropagatedSignals">qIB</P>
      <P Name="ShowPropagatedSignals">on</P>
    </Port>
  </Block>
  <Block BlockType="SubSystem" Name="calc_transformation_matrix" SID="75782">
    <P Name="Ports">[3, 3]</P>
    <P Name="Position">[520, 164, 645, 276]</P>
    <P Name="ZOrder">1675</P>
    <P Name="RequestExecContextInheritance">off</P>
    <P Name="ContentPreviewEnabled">on</P>
    <System Ref="system_75782"/>
  </Block>
  <Block BlockType="SubSystem" Name="earth_rotation" SID="76067">
    <P Name="Ports">[2, 6]</P>
    <P Name="Position">[175, 96, 275, 309]</P>
    <P Name="ZOrder">1664</P>
    <P Name="RequestExecContextInheritance">off</P>
    <P Name="ContentPreviewEnabled">on</P>
    <Port>
      <P Name="PortNumber">1</P>
      <P Name="PropagatedSignals">wIEE</P>
      <P Name="ShowPropagatedSignals">on</P>
    </Port>
    <Port>
      <P Name="PortNumber">2</P>
      <P Name="PropagatedSignals">TIE</P>
      <P Name="ShowPropagatedSignals">on</P>
    </Port>
    <Port>
      <P Name="PortNumber">3</P>
      <P Name="PropagatedSignals">qIE</P>
      <P Name="ShowPropagatedSignals">on</P>
    </Port>
    <Port>
      <P Name="PortNumber">4</P>
      <P Name="PropagatedSignals">qEG</P>
      <P Name="ShowPropagatedSignals">on</P>
    </Port>
    <Port>
      <P Name="PortNumber">5</P>
      <P Name="PropagatedSignals">TEG</P>
      <P Name="ShowPropagatedSignals">on</P>
    </Port>
    <Port>
      <P Name="PortNumber">6</P>
      <P Name="PropagatedSignals">wEGG</P>
      <P Name="ShowPropagatedSignals">on</P>
    </Port>
    <System Ref="system_76067"/>
  </Block>
  <Block BlockType="Outport" Name="wIEE" SID="76296">
    <P Name="Position">[340, 108, 370, 122]</P>
    <P Name="ZOrder">1668</P>
    <P Name="BackgroundColor">orange</P>
    <P Name="VectorParamsAs1DForOutWhenUnconnected">off</P>
  </Block>
  <Block BlockType="Outport" Name="TIE" SID="76297">
    <P Name="Position">[340, 143, 370, 157]</P>
    <P Name="ZOrder">1669</P>
    <P Name="BackgroundColor">orange</P>
    <P Name="Port">2</P>
    <P Name="VectorParamsAs1DForOutWhenUnconnected">off</P>
  </Block>
  <Block BlockType="Outport" Name="TEB" SID="76298">
    <P Name="Position">[695, 178, 725, 192]</P>
    <P Name="ZOrder">1670</P>
    <P Name="BackgroundColor">orange</P>
    <P Name="Port">3</P>
    <P Name="VectorParamsAs1DForOutWhenUnconnected">off</P>
  </Block>
  <Block BlockType="Outport" Name="TGB" SID="76299">
    <P Name="Position">[695, 213, 725, 227]</P>
    <P Name="ZOrder">1671</P>
    <P Name="BackgroundColor">orange</P>
    <P Name="Port">4</P>
    <P Name="VectorParamsAs1DForOutWhenUnconnected">off</P>
  </Block>
  <Block BlockType="Outport" Name="TEG" SID="76300">
    <P Name="Position">[340, 248, 370, 262]</P>
    <P Name="ZOrder">1672</P>
    <P Name="BackgroundColor">orange</P>
    <P Name="Port">5</P>
    <P Name="VectorParamsAs1DForOutWhenUnconnected">off</P>
  </Block>
  <Block BlockType="Outport" Name="wEGG" SID="76301">
    <P Name="Position">[340, 283, 370, 297]</P>
    <P Name="ZOrder">1673</P>
    <P Name="BackgroundColor">orange</P>
    <P Name="Port">6</P>
    <P Name="VectorParamsAs1DForOutWhenUnconnected">off</P>
  </Block>
  <Block BlockType="Outport" Name="TIB" SID="76302">
    <P Name="Position">[695, 248, 725, 262]</P>
    <P Name="ZOrder">1674</P>
    <P Name="BackgroundColor">orange</P>
    <P Name="Port">7</P>
    <P Name="VectorParamsAs1DForOutWhenUnconnected">off</P>
  </Block>
  <Line>
    <P Name="ZOrder">1</P>
    <P Name="Labels">[0, 1]</P>
    <P Name="Src">76067#out:1</P>
    <P Name="Dst">76296#in:1</P>
  </Line>
  <Line>
    <P Name="ZOrder">2</P>
    <P Name="Labels">[0, 1]</P>
    <P Name="Src">76067#out:2</P>
    <P Name="Dst">76297#in:1</P>
  </Line>
  <Line>
    <P Name="ZOrder">3</P>
    <P Name="Labels">[0, 1]</P>
    <P Name="Src">76067#out:5</P>
    <P Name="Dst">76300#in:1</P>
  </Line>
  <Line>
    <P Name="ZOrder">4</P>
    <P Name="Labels">[1, 0]</P>
    <P Name="Src">76067#out:6</P>
    <P Name="Dst">76301#in:1</P>
  </Line>
  <Line>
    <P Name="ZOrder">5</P>
    <P Name="Labels">[0, 1]</P>
    <P Name="Src">75780#out:1</P>
    <P Name="Dst">76067#in:2</P>
  </Line>
  <Line>
    <P Name="ZOrder">6</P>
    <P Name="Labels">[0, 1]</P>
    <P Name="Src">75779#out:1</P>
    <P Name="Dst">76067#in:1</P>
  </Line>
  <Line>
    <P Name="ZOrder">7</P>
    <P Name="Labels">[0, 1]</P>
    <P Name="Src">76067#out:3</P>
    <P Name="Dst">75782#in:1</P>
  </Line>
  <Line>
    <P Name="ZOrder">8</P>
    <P Name="Labels">[0, 1]</P>
    <P Name="Src">76067#out:4</P>
    <P Name="Dst">75782#in:2</P>
  </Line>
  <Line>
    <P Name="ZOrder">9</P>
    <P Name="Labels">[0, 1]</P>
    <P Name="Src">75781#out:1</P>
    <P Name="Dst">75782#in:3</P>
  </Line>
  <Line>
    <P Name="ZOrder">10</P>
    <P Name="Src">75782#out:1</P>
    <P Name="Dst">76298#in:1</P>
  </Line>
  <Line>
    <P Name="ZOrder">11</P>
    <P Name="Src">75782#out:2</P>
    <P Name="Dst">76299#in:1</P>
  </Line>
  <Line>
    <P Name="ZOrder">12</P>
    <P Name="Src">75782#out:3</P>
    <P Name="Dst">76302#in:1</P>
  </Line>
</System>
