<?xml version="1.0" encoding="utf-8"?>
<System>
  <P Name="Location">[-1927, -7, 7, 1167]</P>
  <P Name="SystemRect">[0.000000, 0.000000, 0.000000, 0.000000]</P>
  <P Name="SetExecutionDomain">off</P>
  <P Name="ExecutionDomainType">Deduce</P>
  <P Name="ZoomFactor">175</P>
  <P Name="SimulinkSubDomain">Simulink</P>
  <Block BlockType="Inport" Name="hBE" SID="75436">
    <P Name="Position">[160, 33, 190, 47]</P>
    <P Name="ZOrder">102</P>
    <P Name="BackgroundColor">yellow</P>
  </Block>
  <Block BlockType="Sum" Name="Add" SID="75437">
    <P Name="Ports">[2, 1]</P>
    <P Name="Position">[375, 57, 405, 88]</P>
    <P Name="ZOrder">100</P>
    <P Name="ShowName">off</P>
    <P Name="IconShape">rectangular</P>
  </Block>
  <Block BlockType="Product" Name="Divide" SID="75438">
    <P Name="Ports">[3, 1]</P>
    <P Name="Position">[440, 23, 475, 127]</P>
    <P Name="ZOrder">99</P>
    <P Name="ShowName">off</P>
    <P Name="Inputs">*/*</P>
    <Port>
      <P Name="PortNumber">1</P>
      <P Name="Name">h_geop</P>
    </Port>
  </Block>
  <Block BlockType="Constant" Name="mean_earth_radius" SID="75439">
    <P Name="Position">[170, 97, 275, 123]</P>
    <P Name="ZOrder">101</P>
    <P Name="Value">mean_earth_radius</P>
  </Block>
  <Block BlockType="Outport" Name="h_geop" SID="75440">
    <P Name="Position">[620, 68, 650, 82]</P>
    <P Name="ZOrder">103</P>
    <P Name="BackgroundColor">orange</P>
    <P Name="VectorParamsAs1DForOutWhenUnconnected">off</P>
  </Block>
  <Line>
    <P Name="ZOrder">1</P>
    <P Name="Src">75439#out:1</P>
    <P Name="Points">[30, 0]</P>
    <Branch>
      <P Name="ZOrder">2</P>
      <P Name="Dst">75438#in:3</P>
    </Branch>
    <Branch>
      <P Name="ZOrder">3</P>
      <P Name="Points">[0, -30]</P>
      <P Name="Dst">75437#in:2</P>
    </Branch>
  </Line>
  <Line>
    <P Name="Name">h_geop</P>
    <P Name="ZOrder">4</P>
    <P Name="Labels">[0, 1]</P>
    <P Name="Src">75438#out:1</P>
    <P Name="Dst">75440#in:1</P>
  </Line>
  <Line>
    <P Name="ZOrder">5</P>
    <P Name="Src">75436#out:1</P>
    <P Name="Points">[115, 0]</P>
    <Branch>
      <P Name="ZOrder">6</P>
      <P Name="Points">[0, 25]</P>
      <P Name="Dst">75437#in:1</P>
    </Branch>
    <Branch>
      <P Name="ZOrder">7</P>
      <P Name="Dst">75438#in:1</P>
    </Branch>
  </Line>
  <Line>
    <P Name="ZOrder">8</P>
    <P Name="Src">75437#out:1</P>
    <P Name="Dst">75438#in:2</P>
  </Line>
</System>
