<?xml version="1.0" encoding="utf-8"?>
<System>
  <P Name="Location">[-7, -7, 1927, 1177]</P>
  <P Name="SystemRect">[0.000000, 0.000000, 0.000000, 0.000000]</P>
  <P Name="SetExecutionDomain">off</P>
  <P Name="ExecutionDomainType">Deduce</P>
  <P Name="SimulinkSubDomain">Simulink</P>
  <Block BlockType="Inport" Name="alpha3" SID="77467">
    <P Name="Position">[820, 423, 850, 437]</P>
    <P Name="ZOrder">65</P>
  </Block>
  <Block BlockType="Constant" Name="Constant10" SID="77468">
    <P Name="Position">[1000, 720, 1030, 750]</P>
    <P Name="ZOrder">63</P>
    <P Name="ShowName">off</P>
    <P Name="Value">0</P>
  </Block>
  <Block BlockType="Constant" Name="Constant11" SID="77469">
    <P Name="Position">[1000, 765, 1030, 795]</P>
    <P Name="ZOrder">64</P>
    <P Name="ShowName">off</P>
  </Block>
  <Block BlockType="Constant" Name="Constant4" SID="77470">
    <P Name="Position">[1000, 675, 1030, 705]</P>
    <P Name="ZOrder">62</P>
    <P Name="ShowName">off</P>
    <P Name="Value">0</P>
  </Block>
  <Block BlockType="Constant" Name="Constant7" SID="77471">
    <P Name="Position">[1000, 585, 1030, 615]</P>
    <P Name="ZOrder">61</P>
    <P Name="ShowName">off</P>
    <P Name="Value">0</P>
  </Block>
  <Block BlockType="Constant" Name="Constant8" SID="77472">
    <P Name="Position">[1000, 395, 1030, 425]</P>
    <P Name="ZOrder">57</P>
    <P Name="ShowName">off</P>
    <P Name="Value">0</P>
  </Block>
  <Block BlockType="Gain" Name="Gain" SID="77473">
    <P Name="Position">[1215, 350, 1245, 380]</P>
    <P Name="ZOrder">66</P>
    <P Name="ShowName">off</P>
    <P Name="Gain">-1</P>
  </Block>
  <Block BlockType="Concatenate" Name="Matrix&#xA;Concatenate" SID="77474">
    <P Name="Ports">[3, 1]</P>
    <P Name="Position">[1515, 506, 1595, 604]</P>
    <P Name="ZOrder">48</P>
    <P Name="ShowName">off</P>
    <P Name="NumInputs">3</P>
    <P Name="Mode">Multidimensional array</P>
    <P Name="ConcatenateDimension">2</P>
  </Block>
  <Block BlockType="Mux" Name="Mux" SID="77475">
    <P Name="Ports">[3, 1]</P>
    <P Name="Position">[1335, 300, 1340, 430]</P>
    <P Name="ZOrder">44</P>
    <P Name="ShowName">off</P>
    <P Name="Inputs">3</P>
    <P Name="DisplayOption">bar</P>
  </Block>
  <Block BlockType="Mux" Name="Mux1" SID="77476">
    <P Name="Ports">[3, 1]</P>
    <P Name="Position">[1335, 490, 1340, 620]</P>
    <P Name="ZOrder">45</P>
    <P Name="ShowName">off</P>
    <P Name="Inputs">3</P>
    <P Name="DisplayOption">bar</P>
  </Block>
  <Block BlockType="Mux" Name="Mux2" SID="77477">
    <P Name="Ports">[3, 1]</P>
    <P Name="Position">[1335, 670, 1340, 800]</P>
    <P Name="ZOrder">47</P>
    <P Name="ShowName">off</P>
    <P Name="Inputs">3</P>
    <P Name="DisplayOption">bar</P>
  </Block>
  <Block BlockType="Trigonometry" Name="Trigonometric&#xA;Function" SID="77478">
    <P Name="Ports">[1, 1]</P>
    <P Name="Position">[1095, 540, 1125, 570]</P>
    <P Name="ZOrder">31</P>
    <P Name="ShowName">off</P>
    <P Name="Operator">cos</P>
  </Block>
  <Block BlockType="Trigonometry" Name="Trigonometric&#xA;Function1" SID="77479">
    <P Name="Ports">[1, 1]</P>
    <P Name="Position">[1095, 495, 1125, 525]</P>
    <P Name="ZOrder">58</P>
    <P Name="ShowName">off</P>
  </Block>
  <Block BlockType="Trigonometry" Name="Trigonometric&#xA;Function3" SID="77480">
    <P Name="Ports">[1, 1]</P>
    <P Name="Position">[1095, 305, 1125, 335]</P>
    <P Name="ZOrder">53</P>
    <P Name="ShowName">off</P>
    <P Name="Operator">cos</P>
  </Block>
  <Block BlockType="Trigonometry" Name="Trigonometric&#xA;Function4" SID="77481">
    <P Name="Ports">[1, 1]</P>
    <P Name="Position">[1095, 350, 1125, 380]</P>
    <P Name="ZOrder">55</P>
    <P Name="ShowName">off</P>
  </Block>
  <Block BlockType="Outport" Name="3Rot_Matrix_z" SID="77482">
    <P Name="Position">[1760, 548, 1790, 562]</P>
    <P Name="ZOrder">-2</P>
    <P Name="VectorParamsAs1DForOutWhenUnconnected">off</P>
  </Block>
  <Line>
    <P Name="ZOrder">1</P>
    <P Name="Src">77473#out:1</P>
    <P Name="Dst">77475#in:2</P>
  </Line>
  <Line>
    <P Name="ZOrder">2</P>
    <P Name="Src">77478#out:1</P>
    <P Name="Dst">77476#in:2</P>
  </Line>
  <Line>
    <P Name="ZOrder">3</P>
    <P Name="Src">77475#out:1</P>
    <P Name="Points">[83, 0; 0, 160]</P>
    <P Name="Dst">77474#in:1</P>
  </Line>
  <Line>
    <P Name="ZOrder">4</P>
    <P Name="Src">77476#out:1</P>
    <P Name="Dst">77474#in:2</P>
  </Line>
  <Line>
    <P Name="ZOrder">5</P>
    <P Name="Src">77477#out:1</P>
    <P Name="Points">[83, 0; 0, -150]</P>
    <P Name="Dst">77474#in:3</P>
  </Line>
  <Line>
    <P Name="ZOrder">6</P>
    <P Name="Src">77479#out:1</P>
    <P Name="Dst">77476#in:1</P>
  </Line>
  <Line>
    <P Name="ZOrder">7</P>
    <P Name="Src">77471#out:1</P>
    <P Name="Dst">77476#in:3</P>
  </Line>
  <Line>
    <P Name="ZOrder">8</P>
    <P Name="Src">77470#out:1</P>
    <P Name="Dst">77477#in:1</P>
  </Line>
  <Line>
    <P Name="ZOrder">9</P>
    <P Name="Src">77468#out:1</P>
    <P Name="Dst">77477#in:2</P>
  </Line>
  <Line>
    <P Name="ZOrder">10</P>
    <P Name="Src">77469#out:1</P>
    <P Name="Dst">77477#in:3</P>
  </Line>
  <Line>
    <P Name="ZOrder">11</P>
    <P Name="Src">77480#out:1</P>
    <P Name="Dst">77475#in:1</P>
  </Line>
  <Line>
    <P Name="ZOrder">12</P>
    <P Name="Src">77481#out:1</P>
    <P Name="Dst">77473#in:1</P>
  </Line>
  <Line>
    <P Name="ZOrder">13</P>
    <P Name="Src">77472#out:1</P>
    <P Name="Dst">77475#in:3</P>
  </Line>
  <Line>
    <P Name="ZOrder">14</P>
    <P Name="Src">77474#out:1</P>
    <P Name="Dst">77482#in:1</P>
  </Line>
  <Line>
    <P Name="ZOrder">15</P>
    <P Name="Src">77467#out:1</P>
    <P Name="Points">[95, 0]</P>
    <Branch>
      <P Name="ZOrder">16</P>
      <P Name="Points">[0, -87; 69, 0]</P>
      <Branch>
        <P Name="ZOrder">17</P>
        <P Name="Points">[0, -23]</P>
        <P Name="Dst">77480#in:1</P>
      </Branch>
      <Branch>
        <P Name="ZOrder">18</P>
        <P Name="Points">[0, 22]</P>
        <P Name="Dst">77481#in:1</P>
      </Branch>
    </Branch>
    <Branch>
      <P Name="ZOrder">19</P>
      <P Name="Points">[0, 102; 68, 0]</P>
      <Branch>
        <P Name="ZOrder">20</P>
        <P Name="Points">[0, 23]</P>
        <P Name="Dst">77478#in:1</P>
      </Branch>
      <Branch>
        <P Name="ZOrder">21</P>
        <P Name="Points">[0, -22]</P>
        <P Name="Dst">77479#in:1</P>
      </Branch>
    </Branch>
  </Line>
</System>
