<?xml version="1.0" encoding="utf-8"?>
<System>
  <P Name="Location">[207, 53, 1777, 1216]</P>
  <P Name="SystemRect">[0.000000, 0.000000, 0.000000, 0.000000]</P>
  <P Name="SetExecutionDomain">off</P>
  <P Name="ExecutionDomainType">Deduce</P>
  <P Name="SimulinkSubDomain">Simulink</P>
  <Block BlockType="Inport" Name="pBEE" SID="77972">
    <P Name="Position">[55, 233, 85, 247]</P>
    <P Name="ZOrder">-1</P>
    <P Name="BackgroundColor">yellow</P>
  </Block>
  <Block BlockType="Inport" Name="c_rsma" SID="77973">
    <P Name="Position">[55, 63, 85, 77]</P>
    <P Name="ZOrder">-2</P>
    <P Name="BackgroundColor">yellow</P>
    <P Name="Port">2</P>
  </Block>
  <Block BlockType="Inport" Name="c_flat" SID="77974">
    <P Name="Position">[55, 98, 85, 112]</P>
    <P Name="ZOrder">-3</P>
    <P Name="BackgroundColor">yellow</P>
    <P Name="Port">3</P>
  </Block>
  <Block BlockType="Sum" Name="Add" SID="77975">
    <P Name="Ports">[2, 1]</P>
    <P Name="Position">[375, 212, 405, 243]</P>
    <P Name="ZOrder">6</P>
    <P Name="ShowName">off</P>
    <P Name="IconShape">rectangular</P>
  </Block>
  <Block BlockType="Sum" Name="Add1" SID="77976">
    <P Name="Ports">[2, 1]</P>
    <P Name="Position">[795, 407, 825, 438]</P>
    <P Name="ZOrder">26</P>
    <P Name="ShowName">off</P>
    <P Name="IconShape">rectangular</P>
  </Block>
  <Block BlockType="Constant" Name="Constant" SID="77977">
    <P Name="Position">[365, 95, 395, 125]</P>
    <P Name="ZOrder">1</P>
  </Block>
  <Block BlockType="Demux" Name="Demux1" SID="77978">
    <P Name="Ports">[1, 3]</P>
    <P Name="Position">[120, 174, 125, 306]</P>
    <P Name="ZOrder">-4</P>
    <P Name="BackgroundColor">black</P>
    <P Name="ShowName">off</P>
    <P Name="Outputs">[1;1;1]</P>
    <P Name="DisplayOption">none</P>
  </Block>
  <Block BlockType="Product" Name="Divide" SID="77979">
    <P Name="Ports">[2, 1]</P>
    <P Name="Position">[575, 357, 605, 388]</P>
    <P Name="ZOrder">14</P>
    <P Name="ShowName">off</P>
    <P Name="Inputs">*/</P>
  </Block>
  <Block BlockType="Product" Name="Divide1" SID="77980">
    <P Name="Ports">[2, 1]</P>
    <P Name="Position">[250, 422, 280, 453]</P>
    <P Name="ZOrder">15</P>
    <P Name="ShowName">off</P>
    <P Name="Inputs">*/</P>
  </Block>
  <Block BlockType="Product" Name="Divide2" SID="77981">
    <P Name="Ports">[2, 1]</P>
    <P Name="Position">[890, 417, 920, 448]</P>
    <P Name="ZOrder">20</P>
    <P Name="ShowName">off</P>
    <P Name="Inputs">*/</P>
  </Block>
  <Block BlockType="From" Name="From" SID="77982">
    <P Name="Position">[300, 61, 335, 79]</P>
    <P Name="ZOrder">-5</P>
    <P Name="ShowName">off</P>
    <P Name="CloseFcn">tagdialog Close</P>
    <P Name="GotoTag">a</P>
  </Block>
  <Block BlockType="From" Name="From1" SID="77983">
    <P Name="Position">[300, 136, 335, 154]</P>
    <P Name="ZOrder">-6</P>
    <P Name="ShowName">off</P>
    <P Name="CloseFcn">tagdialog Close</P>
    <P Name="GotoTag">f</P>
  </Block>
  <Block BlockType="From" Name="From10" SID="77984">
    <P Name="Position">[95, 456, 130, 474]</P>
    <P Name="ZOrder">-7</P>
    <P Name="ShowName">off</P>
    <P Name="CloseFcn">tagdialog Close</P>
    <P Name="GotoTag">b</P>
  </Block>
  <Block BlockType="From" Name="From12" SID="77985">
    <P Name="Position">[715, 406, 750, 424]</P>
    <P Name="ZOrder">-8</P>
    <P Name="ShowName">off</P>
    <P Name="CloseFcn">tagdialog Close</P>
    <P Name="GotoTag">z</P>
  </Block>
  <Block BlockType="From" Name="From14" SID="77986">
    <P Name="Position">[570, 421, 605, 439]</P>
    <P Name="ZOrder">-10</P>
    <P Name="ShowName">off</P>
    <P Name="CloseFcn">tagdialog Close</P>
    <P Name="GotoTag">b</P>
  </Block>
  <Block BlockType="From" Name="From16" SID="77987">
    <P Name="Position">[715, 626, 750, 644]</P>
    <P Name="ZOrder">-11</P>
    <P Name="ShowName">off</P>
    <P Name="CloseFcn">tagdialog Close</P>
    <P Name="GotoTag">P</P>
  </Block>
  <Block BlockType="From" Name="From18" SID="77988">
    <P Name="Position">[570, 641, 605, 659]</P>
    <P Name="ZOrder">-13</P>
    <P Name="ShowName">off</P>
    <P Name="CloseFcn">tagdialog Close</P>
    <P Name="GotoTag">a</P>
  </Block>
  <Block BlockType="From" Name="From4" SID="77989">
    <P Name="Position">[315, 316, 350, 334]</P>
    <P Name="ZOrder">-16</P>
    <P Name="ShowName">off</P>
    <P Name="CloseFcn">tagdialog Close</P>
    <P Name="GotoTag">a</P>
  </Block>
  <Block BlockType="From" Name="From5" SID="77990">
    <P Name="Position">[315, 361, 350, 379]</P>
    <P Name="ZOrder">-17</P>
    <P Name="ShowName">off</P>
    <P Name="CloseFcn">tagdialog Close</P>
    <P Name="GotoTag">b</P>
  </Block>
  <Block BlockType="From" Name="From6" SID="77991">
    <P Name="Position">[35, 396, 70, 414]</P>
    <P Name="ZOrder">-18</P>
    <P Name="ShowName">off</P>
    <P Name="CloseFcn">tagdialog Close</P>
    <P Name="GotoTag">z</P>
  </Block>
  <Block BlockType="From" Name="From7" SID="77992">
    <P Name="Position">[410, 516, 445, 534]</P>
    <P Name="ZOrder">-19</P>
    <P Name="ShowName">off</P>
    <P Name="CloseFcn">tagdialog Close</P>
    <P Name="GotoTag">f</P>
  </Block>
  <Block BlockType="From" Name="From8" SID="77993">
    <P Name="Position">[105, 411, 140, 429]</P>
    <P Name="ZOrder">-20</P>
    <P Name="ShowName">off</P>
    <P Name="CloseFcn">tagdialog Close</P>
    <P Name="GotoTag">a</P>
  </Block>
  <Block BlockType="From" Name="From9" SID="77994">
    <P Name="Position">[35, 441, 70, 459]</P>
    <P Name="ZOrder">-21</P>
    <P Name="ShowName">off</P>
    <P Name="CloseFcn">tagdialog Close</P>
    <P Name="GotoTag">P</P>
  </Block>
  <Block BlockType="Gain" Name="Gain" SID="77995">
    <P Name="Position">[505, 510, 535, 540]</P>
    <P Name="ZOrder">10</P>
    <P Name="ShowName">off</P>
    <P Name="Gain">2</P>
  </Block>
  <Block BlockType="Goto" Name="Goto" SID="77996">
    <P Name="Position">[150, 61, 185, 79]</P>
    <P Name="ZOrder">-22</P>
    <P Name="ShowName">off</P>
    <P Name="GotoTag">a</P>
  </Block>
  <Block BlockType="Goto" Name="Goto1" SID="77997">
    <P Name="Position">[150, 96, 185, 114]</P>
    <P Name="ZOrder">-23</P>
    <P Name="ShowName">off</P>
    <P Name="GotoTag">f</P>
  </Block>
  <Block BlockType="Goto" Name="Goto4" SID="77998">
    <P Name="Position">[195, 276, 230, 294]</P>
    <P Name="ZOrder">-26</P>
    <P Name="ShowName">off</P>
    <P Name="GotoTag">z</P>
  </Block>
  <Block BlockType="Goto" Name="Goto5" SID="77999">
    <P Name="Position">[645, 126, 680, 144]</P>
    <P Name="ZOrder">-27</P>
    <P Name="ShowName">off</P>
    <P Name="GotoTag">b</P>
  </Block>
  <Block BlockType="Goto" Name="Goto6" SID="78000">
    <P Name="Position">[530, 221, 565, 239]</P>
    <P Name="ZOrder">-28</P>
    <P Name="ShowName">off</P>
    <P Name="GotoTag">P</P>
  </Block>
  <Block BlockType="Product" Name="Product" SID="78001">
    <P Name="Ports">[2, 1]</P>
    <P Name="Position">[510, 117, 540, 148]</P>
    <P Name="ZOrder">3</P>
    <P Name="ShowName">off</P>
  </Block>
  <Block BlockType="Product" Name="Product1" SID="78002">
    <P Name="Ports">[2, 1]</P>
    <P Name="Position">[305, 187, 335, 218]</P>
    <P Name="ZOrder">4</P>
    <P Name="ShowName">off</P>
  </Block>
  <Block BlockType="Product" Name="Product10" SID="78003">
    <P Name="Ports">[3, 1]</P>
    <P Name="Position">[650, 389, 680, 471]</P>
    <P Name="ZOrder">25</P>
    <P Name="ShowName">off</P>
    <P Name="Inputs">3</P>
  </Block>
  <Block BlockType="Product" Name="Product11" SID="78004">
    <P Name="Ports">[3, 1]</P>
    <P Name="Position">[650, 609, 680, 691]</P>
    <P Name="ZOrder">28</P>
    <P Name="ShowName">off</P>
    <P Name="Inputs">3</P>
  </Block>
  <Block BlockType="Product" Name="Product2" SID="78005">
    <P Name="Ports">[2, 1]</P>
    <P Name="Position">[305, 232, 335, 263]</P>
    <P Name="ZOrder">5</P>
    <P Name="ShowName">off</P>
  </Block>
  <Block BlockType="Product" Name="Product3" SID="78006">
    <P Name="Ports">[2, 1]</P>
    <P Name="Position">[505, 562, 535, 593]</P>
    <P Name="ZOrder">8</P>
    <P Name="ShowName">off</P>
  </Block>
  <Block BlockType="Product" Name="Product4" SID="78007">
    <P Name="Ports">[2, 1]</P>
    <P Name="Position">[420, 317, 450, 348]</P>
    <P Name="ZOrder">11</P>
    <P Name="ShowName">off</P>
  </Block>
  <Block BlockType="Product" Name="Product5" SID="78008">
    <P Name="Ports">[2, 1]</P>
    <P Name="Position">[420, 362, 450, 393]</P>
    <P Name="ZOrder">13</P>
    <P Name="ShowName">off</P>
  </Block>
  <Block BlockType="Product" Name="Product6" SID="78009">
    <P Name="Ports">[2, 1]</P>
    <P Name="Position">[175, 397, 205, 428]</P>
    <P Name="ZOrder">16</P>
    <P Name="ShowName">off</P>
  </Block>
  <Block BlockType="Product" Name="Product7" SID="78010">
    <P Name="Ports">[2, 1]</P>
    <P Name="Position">[175, 442, 205, 473]</P>
    <P Name="ZOrder">17</P>
    <P Name="ShowName">off</P>
  </Block>
  <Block BlockType="Product" Name="Product8" SID="78011">
    <P Name="Ports">[3, 1]</P>
    <P Name="Position">[510, 429, 540, 481]</P>
    <P Name="ZOrder">22</P>
    <P Name="ShowName">off</P>
    <P Name="Inputs">3</P>
  </Block>
  <Block BlockType="Product" Name="Product9" SID="78012">
    <P Name="Ports">[3, 1]</P>
    <P Name="Position">[510, 649, 540, 701]</P>
    <P Name="ZOrder">24</P>
    <P Name="ShowName">off</P>
    <P Name="Inputs">3</P>
  </Block>
  <Block BlockType="Sqrt" Name="Sqrt" SID="78013">
    <P Name="Position">[450, 215, 480, 245]</P>
    <P Name="ZOrder">7</P>
  </Block>
  <Block BlockType="Sum" Name="Subtract" SID="78014">
    <P Name="Ports">[2, 1]</P>
    <P Name="Position">[430, 122, 460, 153]</P>
    <P Name="ZOrder">2</P>
    <P Name="ShowName">off</P>
    <P Name="IconShape">rectangular</P>
    <P Name="Inputs">+-</P>
  </Block>
  <Block BlockType="Sum" Name="Subtract1" SID="78015">
    <P Name="Ports">[2, 1]</P>
    <P Name="Position">[590, 557, 620, 588]</P>
    <P Name="ZOrder">9</P>
    <P Name="ShowName">off</P>
    <P Name="IconShape">rectangular</P>
    <P Name="Inputs">+-</P>
  </Block>
  <Block BlockType="Sum" Name="Subtract2" SID="78016">
    <P Name="Ports">[2, 1]</P>
    <P Name="Position">[495, 342, 525, 373]</P>
    <P Name="ZOrder">12</P>
    <P Name="ShowName">off</P>
    <P Name="IconShape">rectangular</P>
    <P Name="Inputs">+-</P>
  </Block>
  <Block BlockType="Sum" Name="Subtract3" SID="78017">
    <P Name="Ports">[2, 1]</P>
    <P Name="Position">[795, 627, 825, 658]</P>
    <P Name="ZOrder">27</P>
    <P Name="ShowName">off</P>
    <P Name="IconShape">rectangular</P>
    <P Name="Inputs">+-</P>
  </Block>
  <Block BlockType="Trigonometry" Name="Trigonometric&#xA;Function" SID="78018">
    <P Name="Ports">[1, 1]</P>
    <P Name="Position">[330, 425, 360, 455]</P>
    <P Name="ZOrder">18</P>
    <P Name="ShowName">off</P>
    <P Name="Operator">atan</P>
  </Block>
  <Block BlockType="Trigonometry" Name="Trigonometric&#xA;Function1" SID="78019">
    <P Name="Ports">[1, 1]</P>
    <P Name="Position">[965, 420, 995, 450]</P>
    <P Name="ZOrder">19</P>
    <P Name="ShowName">off</P>
    <P Name="Operator">atan</P>
    <Port>
      <P Name="PortNumber">1</P>
      <P Name="Name">lat</P>
    </Port>
  </Block>
  <Block BlockType="Trigonometry" Name="Trigonometric&#xA;Function2" SID="78020">
    <P Name="Ports">[1, 1]</P>
    <P Name="Position">[435, 425, 465, 455]</P>
    <P Name="ZOrder">21</P>
    <P Name="ShowName">off</P>
  </Block>
  <Block BlockType="Trigonometry" Name="Trigonometric&#xA;Function3" SID="78021">
    <P Name="Ports">[1, 1]</P>
    <P Name="Position">[435, 645, 465, 675]</P>
    <P Name="ZOrder">23</P>
    <P Name="ShowName">off</P>
    <P Name="Operator">cos</P>
  </Block>
  <Block BlockType="Outport" Name="lat" SID="78022">
    <P Name="Position">[1045, 428, 1075, 442]</P>
    <P Name="ZOrder">-42</P>
    <P Name="BackgroundColor">orange</P>
    <P Name="VectorParamsAs1DForOutWhenUnconnected">off</P>
  </Block>
  <Line>
    <P Name="ZOrder">1</P>
    <P Name="Src">77979#out:1</P>
    <P Name="Points">[18, 0; 0, 30]</P>
    <P Name="Dst">78003#in:1</P>
  </Line>
  <Line>
    <P Name="ZOrder">2</P>
    <P Name="Src">78012#out:1</P>
    <P Name="Dst">78004#in:3</P>
  </Line>
  <Line>
    <P Name="ZOrder">3</P>
    <P Name="Src">78004#out:1</P>
    <P Name="Dst">78017#in:2</P>
  </Line>
  <Line>
    <P Name="ZOrder">4</P>
    <P Name="Src">78017#out:1</P>
    <P Name="Points">[28, 0; 0, -205]</P>
    <P Name="Dst">77981#in:2</P>
  </Line>
  <Line>
    <P Name="ZOrder">5</P>
    <P Name="Src">77976#out:1</P>
    <P Name="Dst">77981#in:1</P>
  </Line>
  <Line>
    <P Name="ZOrder">6</P>
    <P Name="Src">78003#out:1</P>
    <P Name="Dst">77976#in:2</P>
  </Line>
  <Line>
    <P Name="ZOrder">7</P>
    <P Name="Src">78011#out:1</P>
    <P Name="Dst">78003#in:3</P>
  </Line>
  <Line>
    <P Name="ZOrder">8</P>
    <P Name="Src">78021#out:1</P>
    <P Name="Points">[12, 0]</P>
    <Branch>
      <P Name="ZOrder">9</P>
      <P Name="Dst">78012#in:1</P>
    </Branch>
    <Branch>
      <P Name="ZOrder">10</P>
      <P Name="Points">[0, 15]</P>
      <Branch>
        <P Name="ZOrder">11</P>
        <P Name="Points">[0, 15]</P>
        <P Name="Dst">78012#in:3</P>
      </Branch>
      <Branch>
        <P Name="ZOrder">12</P>
        <P Name="Dst">78012#in:2</P>
      </Branch>
    </Branch>
  </Line>
  <Line>
    <P Name="ZOrder">13</P>
    <P Name="Src">78020#out:1</P>
    <P Name="Points">[12, 0]</P>
    <Branch>
      <P Name="ZOrder">14</P>
      <P Name="Dst">78011#in:1</P>
    </Branch>
    <Branch>
      <P Name="ZOrder">15</P>
      <P Name="Points">[0, 15]</P>
      <Branch>
        <P Name="ZOrder">16</P>
        <P Name="Points">[0, 15]</P>
        <P Name="Dst">78011#in:3</P>
      </Branch>
      <Branch>
        <P Name="ZOrder">17</P>
        <P Name="Dst">78011#in:2</P>
      </Branch>
    </Branch>
  </Line>
  <Line>
    <P Name="ZOrder">18</P>
    <P Name="Src">77981#out:1</P>
    <P Name="Dst">78019#in:1</P>
  </Line>
  <Line>
    <P Name="ZOrder">19</P>
    <P Name="Src">77980#out:1</P>
    <P Name="Dst">78018#in:1</P>
  </Line>
  <Line>
    <P Name="ZOrder">20</P>
    <P Name="Src">78010#out:1</P>
    <P Name="Points">[18, 0; 0, -15]</P>
    <P Name="Dst">77980#in:2</P>
  </Line>
  <Line>
    <P Name="ZOrder">21</P>
    <P Name="Src">78009#out:1</P>
    <P Name="Points">[18, 0; 0, 15]</P>
    <P Name="Dst">77980#in:1</P>
  </Line>
  <Line>
    <P Name="ZOrder">22</P>
    <P Name="Src">78016#out:1</P>
    <P Name="Points">[20, 0; 0, 5]</P>
    <P Name="Dst">77979#in:1</P>
  </Line>
  <Line>
    <P Name="ZOrder">23</P>
    <P Name="Src">78008#out:1</P>
    <P Name="Points">[18, 0]</P>
    <Branch>
      <P Name="ZOrder">24</P>
      <P Name="Dst">77979#in:2</P>
    </Branch>
    <Branch>
      <P Name="ZOrder">25</P>
      <P Name="Points">[0, -15]</P>
      <P Name="Dst">78016#in:2</P>
    </Branch>
  </Line>
  <Line>
    <P Name="ZOrder">26</P>
    <P Name="Src">78007#out:1</P>
    <P Name="Points">[18, 0; 0, 15]</P>
    <P Name="Dst">78016#in:1</P>
  </Line>
  <Line>
    <P Name="ZOrder">27</P>
    <P Name="Src">77995#out:1</P>
    <P Name="Points">[23, 0; 0, 40]</P>
    <P Name="Dst">78015#in:1</P>
  </Line>
  <Line>
    <P Name="ZOrder">28</P>
    <P Name="Src">78006#out:1</P>
    <P Name="Dst">78015#in:2</P>
  </Line>
  <Line>
    <P Name="ZOrder">29</P>
    <P Name="Src">78013#out:1</P>
    <P Name="Dst">78000#in:1</P>
  </Line>
  <Line>
    <P Name="ZOrder">30</P>
    <P Name="Src">77975#out:1</P>
    <P Name="Dst">78013#in:1</P>
  </Line>
  <Line>
    <P Name="ZOrder">31</P>
    <P Name="Src">78005#out:1</P>
    <P Name="Points">[20, 0]</P>
    <P Name="Dst">77975#in:2</P>
  </Line>
  <Line>
    <P Name="ZOrder">32</P>
    <P Name="Src">78002#out:1</P>
    <P Name="Points">[20, 0]</P>
    <P Name="Dst">77975#in:1</P>
  </Line>
  <Line>
    <P Name="ZOrder">33</P>
    <P Name="Src">78001#out:1</P>
    <P Name="Dst">77999#in:1</P>
  </Line>
  <Line>
    <P Name="ZOrder">34</P>
    <P Name="Src">78014#out:1</P>
    <P Name="Dst">78001#in:2</P>
  </Line>
  <Line>
    <P Name="ZOrder">35</P>
    <P Name="Src">77977#out:1</P>
    <P Name="Points">[13, 0; 0, 20]</P>
    <P Name="Dst">78014#in:1</P>
  </Line>
  <Line>
    <P Name="Name">lat</P>
    <P Name="ZOrder">36</P>
    <P Name="Labels">[-1, 1]</P>
    <P Name="Src">78019#out:1</P>
    <P Name="Dst">78022#in:1</P>
  </Line>
  <Line>
    <P Name="ZOrder">37</P>
    <P Name="Src">77988#out:1</P>
    <P Name="Dst">78004#in:2</P>
  </Line>
  <Line>
    <P Name="ZOrder">38</P>
    <P Name="Src">78015#out:1</P>
    <P Name="Points">[5, 0; 0, 50]</P>
    <P Name="Dst">78004#in:1</P>
  </Line>
  <Line>
    <P Name="ZOrder">39</P>
    <P Name="Src">77987#out:1</P>
    <P Name="Dst">78017#in:1</P>
  </Line>
  <Line>
    <P Name="ZOrder">40</P>
    <P Name="Src">77986#out:1</P>
    <P Name="Dst">78003#in:2</P>
  </Line>
  <Line>
    <P Name="ZOrder">41</P>
    <P Name="Src">77985#out:1</P>
    <P Name="Dst">77976#in:1</P>
  </Line>
  <Line>
    <P Name="ZOrder">42</P>
    <P Name="Src">77984#out:1</P>
    <P Name="Dst">78010#in:2</P>
  </Line>
  <Line>
    <P Name="ZOrder">43</P>
    <P Name="Src">77994#out:1</P>
    <P Name="Dst">78010#in:1</P>
  </Line>
  <Line>
    <P Name="ZOrder">44</P>
    <P Name="Src">78018#out:1</P>
    <P Name="Points">[24, 0]</P>
    <Branch>
      <P Name="ZOrder">45</P>
      <P Name="Dst">78020#in:1</P>
    </Branch>
    <Branch>
      <P Name="ZOrder">46</P>
      <P Name="Points">[0, 220]</P>
      <P Name="Dst">78021#in:1</P>
    </Branch>
  </Line>
  <Line>
    <P Name="ZOrder">47</P>
    <P Name="Src">77993#out:1</P>
    <P Name="Dst">78009#in:2</P>
  </Line>
  <Line>
    <P Name="ZOrder">48</P>
    <P Name="Src">77991#out:1</P>
    <P Name="Dst">78009#in:1</P>
  </Line>
  <Line>
    <P Name="ZOrder">49</P>
    <P Name="Src">77992#out:1</P>
    <P Name="Points">[22, 0]</P>
    <Branch>
      <P Name="ZOrder">50</P>
      <P Name="Dst">77995#in:1</P>
    </Branch>
    <Branch>
      <P Name="ZOrder">51</P>
      <P Name="Points">[0, 45; 1, 0]</P>
      <Branch>
        <P Name="ZOrder">52</P>
        <P Name="Dst">78006#in:1</P>
      </Branch>
      <Branch>
        <P Name="ZOrder">53</P>
        <P Name="Points">[0, 15]</P>
        <P Name="Dst">78006#in:2</P>
      </Branch>
    </Branch>
  </Line>
  <Line>
    <P Name="ZOrder">54</P>
    <P Name="Src">77990#out:1</P>
    <P Name="Points">[32, 0]</P>
    <Branch>
      <P Name="ZOrder">55</P>
      <P Name="Dst">78008#in:1</P>
    </Branch>
    <Branch>
      <P Name="ZOrder">56</P>
      <P Name="Points">[0, 15]</P>
      <P Name="Dst">78008#in:2</P>
    </Branch>
  </Line>
  <Line>
    <P Name="ZOrder">57</P>
    <P Name="Src">77989#out:1</P>
    <P Name="Points">[32, 0]</P>
    <Branch>
      <P Name="ZOrder">58</P>
      <P Name="Dst">78007#in:1</P>
    </Branch>
    <Branch>
      <P Name="ZOrder">59</P>
      <P Name="Points">[0, 15]</P>
      <P Name="Dst">78007#in:2</P>
    </Branch>
  </Line>
  <Line>
    <P Name="ZOrder">60</P>
    <P Name="Src">77978#out:2</P>
    <P Name="Points">[142, 0]</P>
    <Branch>
      <P Name="ZOrder">61</P>
      <P Name="Dst">78005#in:1</P>
    </Branch>
    <Branch>
      <P Name="ZOrder">62</P>
      <P Name="Points">[0, 15]</P>
      <P Name="Dst">78005#in:2</P>
    </Branch>
  </Line>
  <Line>
    <P Name="ZOrder">63</P>
    <P Name="Src">77978#out:1</P>
    <P Name="Points">[141, 0]</P>
    <Branch>
      <P Name="ZOrder">64</P>
      <P Name="Dst">78002#in:1</P>
    </Branch>
    <Branch>
      <P Name="ZOrder">65</P>
      <P Name="Points">[0, 15]</P>
      <P Name="Dst">78002#in:2</P>
    </Branch>
  </Line>
  <Line>
    <P Name="ZOrder">66</P>
    <P Name="Src">77983#out:1</P>
    <P Name="Dst">78014#in:2</P>
  </Line>
  <Line>
    <P Name="ZOrder">67</P>
    <P Name="Src">77982#out:1</P>
    <P Name="Points">[145, 0; 0, 55]</P>
    <P Name="Dst">78001#in:1</P>
  </Line>
  <Line>
    <P Name="ZOrder">68</P>
    <P Name="Src">77978#out:3</P>
    <P Name="Dst">77998#in:1</P>
  </Line>
  <Line>
    <P Name="ZOrder">69</P>
    <P Name="Src">77972#out:1</P>
    <P Name="Dst">77978#in:1</P>
  </Line>
  <Line>
    <P Name="ZOrder">70</P>
    <P Name="Src">77973#out:1</P>
    <P Name="Dst">77996#in:1</P>
  </Line>
  <Line>
    <P Name="ZOrder">71</P>
    <P Name="Src">77974#out:1</P>
    <P Name="Dst">77997#in:1</P>
  </Line>
</System>
