<?xml version="1.0" encoding="utf-8"?>
<System>
  <P Name="Location">[-7, -7, 1481, 871]</P>
  <P Name="SystemRect">[0.000000, 0.000000, 0.000000, 0.000000]</P>
  <P Name="SetExecutionDomain">off</P>
  <P Name="ExecutionDomainType">Deduce</P>
  <P Name="SimulinkSubDomain">Simulink</P>
  <Block BlockType="Inport" Name="pBXB" SID="80303">
    <P Name="Position">[85, 283, 115, 297]</P>
    <P Name="ZOrder">712</P>
    <P Name="BackgroundColor">yellow</P>
  </Block>
  <Block BlockType="Sum" Name="Add" SID="80304">
    <P Name="Ports">[2, 1]</P>
    <P Name="Position">[525, 24, 555, 91]</P>
    <P Name="ZOrder">692</P>
    <P Name="ShowName">off</P>
    <P Name="IconShape">rectangular</P>
  </Block>
  <Block BlockType="Sum" Name="Add4" SID="80305">
    <P Name="Ports">[2, 1]</P>
    <P Name="Position">[505, 494, 535, 561]</P>
    <P Name="ZOrder">707</P>
    <P Name="ShowName">off</P>
    <P Name="IconShape">rectangular</P>
  </Block>
  <Block BlockType="Sum" Name="Add5" SID="80306">
    <P Name="Ports">[2, 1]</P>
    <P Name="Position">[505, 259, 535, 326]</P>
    <P Name="ZOrder">708</P>
    <P Name="ShowName">off</P>
    <P Name="IconShape">rectangular</P>
  </Block>
  <Block BlockType="Demux" Name="Demux" SID="80307">
    <P Name="Ports">[1, 3]</P>
    <P Name="Position">[245, 119, 250, 461]</P>
    <P Name="ZOrder">683</P>
    <P Name="ShowName">off</P>
    <P Name="Outputs">3</P>
    <Port>
      <P Name="PortNumber">1</P>
      <P Name="Name">a</P>
    </Port>
    <Port>
      <P Name="PortNumber">2</P>
      <P Name="Name">b</P>
    </Port>
    <Port>
      <P Name="PortNumber">3</P>
      <P Name="Name">c</P>
    </Port>
  </Block>
  <Block BlockType="Gain" Name="Gain" SID="80308">
    <P Name="Position">[505, 100, 535, 130]</P>
    <P Name="ZOrder">695</P>
    <P Name="ShowName">off</P>
    <P Name="Gain">-1</P>
  </Block>
  <Block BlockType="Gain" Name="Gain1" SID="80309">
    <P Name="Position">[505, 155, 535, 185]</P>
    <P Name="ZOrder">696</P>
    <P Name="ShowName">off</P>
    <P Name="Gain">-1</P>
  </Block>
  <Block BlockType="Gain" Name="Gain3" SID="80310">
    <P Name="Position">[505, 335, 535, 365]</P>
    <P Name="ZOrder">698</P>
    <P Name="ShowName">off</P>
    <P Name="Gain">-1</P>
  </Block>
  <Block BlockType="Product" Name="Product1" SID="80311">
    <P Name="Ports">[2, 1]</P>
    <P Name="Position">[405, 22, 435, 53]</P>
    <P Name="ZOrder">705</P>
    <P Name="ShowName">off</P>
  </Block>
  <Block BlockType="Product" Name="Product2" SID="80312">
    <P Name="Ports">[2, 1]</P>
    <P Name="Position">[405, 57, 435, 88]</P>
    <P Name="ZOrder">706</P>
    <P Name="ShowName">off</P>
  </Block>
  <Block BlockType="Product" Name="Product3" SID="80313">
    <P Name="Ports">[2, 1]</P>
    <P Name="Position">[435, 97, 465, 128]</P>
    <P Name="ZOrder">701</P>
    <P Name="ShowName">off</P>
  </Block>
  <Block BlockType="Product" Name="Product4" SID="80314">
    <P Name="Ports">[2, 1]</P>
    <P Name="Position">[435, 152, 465, 183]</P>
    <P Name="ZOrder">704</P>
    <P Name="ShowName">off</P>
  </Block>
  <Block BlockType="Product" Name="Product5" SID="80315">
    <P Name="Ports">[2, 1]</P>
    <P Name="Position">[425, 292, 455, 323]</P>
    <P Name="ZOrder">710</P>
    <P Name="ShowName">off</P>
  </Block>
  <Block BlockType="Product" Name="Product6" SID="80316">
    <P Name="Ports">[2, 1]</P>
    <P Name="Position">[425, 332, 455, 363]</P>
    <P Name="ZOrder">711</P>
    <P Name="ShowName">off</P>
  </Block>
  <Block BlockType="Concatenate" Name="Vector&#xA;Concatenate1" SID="80317">
    <P Name="Ports">[3, 1]</P>
    <P Name="Position">[650, 25, 775, 565]</P>
    <P Name="ZOrder">684</P>
    <P Name="ShowName">off</P>
    <P Name="NumInputs">3</P>
    <P Name="Mode">Multidimensional array</P>
    <P Name="ConcatenateDimension">2</P>
  </Block>
  <Block BlockType="Concatenate" Name="Vector&#xA;Concatenate6" SID="80318">
    <P Name="Ports">[3, 1]</P>
    <P Name="Position">[580, 35, 590, 195]</P>
    <P Name="ZOrder">685</P>
    <P Name="ShowName">off</P>
    <P Name="NumInputs">3</P>
  </Block>
  <Block BlockType="Concatenate" Name="Vector&#xA;Concatenate7" SID="80319">
    <P Name="Ports">[3, 1]</P>
    <P Name="Position">[580, 215, 590, 375]</P>
    <P Name="ZOrder">702</P>
    <P Name="ShowName">off</P>
    <P Name="NumInputs">3</P>
  </Block>
  <Block BlockType="Concatenate" Name="Vector&#xA;Concatenate8" SID="80320">
    <P Name="Ports">[3, 1]</P>
    <P Name="Position">[580, 395, 590, 555]</P>
    <P Name="ZOrder">703</P>
    <P Name="ShowName">off</P>
    <P Name="NumInputs">3</P>
  </Block>
  <Block BlockType="Outport" Name="T_deviation" SID="80321">
    <P Name="Position">[865, 288, 895, 302]</P>
    <P Name="ZOrder">713</P>
    <P Name="BackgroundColor">orange</P>
    <P Name="VectorParamsAs1DForOutWhenUnconnected">off</P>
  </Block>
  <Line>
    <P Name="ZOrder">1</P>
    <P Name="Src">80305#out:1</P>
    <P Name="Dst">80320#in:3</P>
  </Line>
  <Line>
    <P Name="ZOrder">2</P>
    <P Name="Src">80318#out:1</P>
    <P Name="Dst">80317#in:1</P>
  </Line>
  <Line>
    <P Name="ZOrder">3</P>
    <P Name="Src">80319#out:1</P>
    <P Name="Dst">80317#in:2</P>
  </Line>
  <Line>
    <P Name="Name">a</P>
    <P Name="ZOrder">4</P>
    <P Name="Labels">[0, 1]</P>
    <P Name="Src">80307#out:1</P>
    <P Name="Points">[49, 0; 0, -70; 106, 0]</P>
    <Branch>
      <P Name="ZOrder">5</P>
      <P Name="Dst">80313#in:1</P>
    </Branch>
    <Branch>
      <P Name="ZOrder">6</P>
      <P Name="Points">[0, 55]</P>
      <Branch>
        <P Name="ZOrder">7</P>
        <P Name="Dst">80314#in:1</P>
      </Branch>
      <Branch>
        <P Name="ZOrder">8</P>
        <P Name="Points">[0, 140]</P>
        <Branch>
          <P Name="ZOrder">9</P>
          <P Name="Dst">80315#in:2</P>
        </Branch>
        <Branch>
          <P Name="ZOrder">10</P>
          <P Name="Dst">80315#in:1</P>
        </Branch>
      </Branch>
    </Branch>
  </Line>
  <Line>
    <P Name="Name">c</P>
    <P Name="ZOrder">11</P>
    <P Name="Labels">[0, 1]</P>
    <P Name="Src">80307#out:3</P>
    <P Name="Points">[122, 0; 0, -50]</P>
    <Branch>
      <P Name="ZOrder">12</P>
      <P Name="Dst">80316#in:2</P>
    </Branch>
    <Branch>
      <P Name="ZOrder">13</P>
      <P Name="Points">[0, -180]</P>
      <Branch>
        <P Name="ZOrder">14</P>
        <P Name="Dst">80314#in:2</P>
      </Branch>
      <Branch>
        <P Name="ZOrder">15</P>
        <P Name="Points">[0, -95; 13, 0]</P>
        <Branch>
          <P Name="ZOrder">16</P>
          <P Name="Dst">80312#in:1</P>
        </Branch>
        <Branch>
          <P Name="ZOrder">17</P>
          <P Name="Dst">80312#in:2</P>
        </Branch>
      </Branch>
    </Branch>
  </Line>
  <Line>
    <P Name="ZOrder">18</P>
    <P Name="Src">80308#out:1</P>
    <P Name="Points">[22, 0]</P>
    <Branch>
      <P Name="ZOrder">19</P>
      <P Name="Points">[0, 125]</P>
      <P Name="Dst">80319#in:1</P>
    </Branch>
    <Branch>
      <P Name="ZOrder">20</P>
      <P Name="Dst">80318#in:2</P>
    </Branch>
  </Line>
  <Line>
    <P Name="ZOrder">21</P>
    <P Name="Src">80310#out:1</P>
    <P Name="Points">[2, 0]</P>
    <Branch>
      <P Name="ZOrder">22</P>
      <P Name="Points">[0, 125]</P>
      <P Name="Dst">80320#in:2</P>
    </Branch>
    <Branch>
      <P Name="ZOrder">23</P>
      <P Name="Dst">80319#in:3</P>
    </Branch>
  </Line>
  <Line>
    <P Name="ZOrder">24</P>
    <P Name="Src">80317#out:1</P>
    <P Name="Dst">80321#in:1</P>
  </Line>
  <Line>
    <P Name="Name">b</P>
    <P Name="ZOrder">25</P>
    <P Name="Labels">[0, 1]</P>
    <P Name="Src">80307#out:2</P>
    <P Name="Points">[98, 0]</P>
    <Branch>
      <P Name="ZOrder">26</P>
      <P Name="Points">[0, -170]</P>
      <Branch>
        <P Name="ZOrder">27</P>
        <P Name="Dst">80313#in:2</P>
      </Branch>
      <Branch>
        <P Name="ZOrder">28</P>
        <P Name="Points">[0, -90; 37, 0]</P>
        <Branch>
          <P Name="ZOrder">29</P>
          <P Name="Dst">80311#in:2</P>
        </Branch>
        <Branch>
          <P Name="ZOrder">30</P>
          <P Name="Dst">80311#in:1</P>
        </Branch>
      </Branch>
    </Branch>
    <Branch>
      <P Name="ZOrder">31</P>
      <P Name="Points">[0, 50]</P>
      <P Name="Dst">80316#in:1</P>
    </Branch>
  </Line>
  <Line>
    <P Name="ZOrder">32</P>
    <P Name="Src">80306#out:1</P>
    <P Name="Dst">80319#in:2</P>
  </Line>
  <Line>
    <P Name="ZOrder">33</P>
    <P Name="Src">80316#out:1</P>
    <P Name="Dst">80310#in:1</P>
  </Line>
  <Line>
    <P Name="ZOrder">34</P>
    <P Name="Src">80304#out:1</P>
    <P Name="Dst">80318#in:1</P>
  </Line>
  <Line>
    <P Name="ZOrder">35</P>
    <P Name="Src">80311#out:1</P>
    <P Name="Points">[54, 0]</P>
    <Branch>
      <P Name="ZOrder">36</P>
      <P Name="Points">[0, 235]</P>
      <P Name="Dst">80306#in:1</P>
    </Branch>
    <Branch>
      <P Name="ZOrder">37</P>
      <P Name="Dst">80304#in:1</P>
    </Branch>
  </Line>
  <Line>
    <P Name="ZOrder">38</P>
    <P Name="Src">80315#out:1</P>
    <P Name="Points">[9, 0]</P>
    <Branch>
      <P Name="ZOrder">39</P>
      <P Name="Points">[0, 235]</P>
      <P Name="Dst">80305#in:2</P>
    </Branch>
    <Branch>
      <P Name="ZOrder">40</P>
      <P Name="Dst">80306#in:2</P>
    </Branch>
  </Line>
  <Line>
    <P Name="ZOrder">41</P>
    <P Name="Src">80312#out:1</P>
    <P Name="Points">[42, 0]</P>
    <Branch>
      <P Name="ZOrder">42</P>
      <P Name="Points">[0, 435]</P>
      <P Name="Dst">80305#in:1</P>
    </Branch>
    <Branch>
      <P Name="ZOrder">43</P>
      <P Name="Dst">80304#in:2</P>
    </Branch>
  </Line>
  <Line>
    <P Name="ZOrder">44</P>
    <P Name="Src">80309#out:1</P>
    <P Name="Points">[11, 0]</P>
    <Branch>
      <P Name="ZOrder">45</P>
      <P Name="Points">[0, 250]</P>
      <P Name="Dst">80320#in:1</P>
    </Branch>
    <Branch>
      <P Name="ZOrder">46</P>
      <P Name="Dst">80318#in:3</P>
    </Branch>
  </Line>
  <Line>
    <P Name="ZOrder">47</P>
    <P Name="Src">80314#out:1</P>
    <P Name="Dst">80309#in:1</P>
  </Line>
  <Line>
    <P Name="ZOrder">48</P>
    <P Name="Src">80313#out:1</P>
    <P Name="Dst">80308#in:1</P>
  </Line>
  <Line>
    <P Name="ZOrder">49</P>
    <P Name="Src">80320#out:1</P>
    <P Name="Dst">80317#in:3</P>
  </Line>
  <Line>
    <P Name="ZOrder">50</P>
    <P Name="Src">80303#out:1</P>
    <P Name="Dst">80307#in:1</P>
  </Line>
</System>
