<?xml version="1.0" encoding="utf-8"?>
<System>
  <P Name="Location">[-7, -7, 1927, 1177]</P>
  <P Name="SystemRect">[0.000000, 0.000000, 0.000000, 0.000000]</P>
  <P Name="SetExecutionDomain">off</P>
  <P Name="ExecutionDomainType">Deduce</P>
  <P Name="SimulinkSubDomain">Simulink</P>
  <Block BlockType="Inport" Name="wi1" SID="80120">
    <P Name="Position">[-325, 293, -295, 307]</P>
    <P Name="ZOrder">44</P>
  </Block>
  <Block BlockType="Inport" Name="wi2" SID="80121">
    <P Name="Position">[-325, 183, -295, 197]</P>
    <P Name="ZOrder">43</P>
    <P Name="Port">2</P>
  </Block>
  <Block BlockType="Inport" Name="wi3" SID="80122">
    <P Name="Position">[-325, -52, -295, -38]</P>
    <P Name="ZOrder">42</P>
    <P Name="Port">3</P>
  </Block>
  <Block BlockType="SubSystem" Name="1. Rotation x-Achse" SID="80123">
    <P Name="Ports">[1, 1]</P>
    <P Name="Position">[750, -66, 850, -24]</P>
    <P Name="ZOrder">1</P>
    <P Name="RequestExecContextInheritance">off</P>
    <System Ref="system_80123"/>
  </Block>
  <Block BlockType="SubSystem" Name="1. Rotation y-Achse" SID="80140">
    <P Name="Ports">[1, 1]</P>
    <P Name="Position">[750, 19, 850, 61]</P>
    <P Name="ZOrder">13</P>
    <P Name="RequestExecContextInheritance">off</P>
    <System Ref="system_80140"/>
  </Block>
  <Block BlockType="SubSystem" Name="1. Rotation z-Achse" SID="80157">
    <P Name="Ports">[1, 1]</P>
    <P Name="Position">[750, 104, 850, 146]</P>
    <P Name="ZOrder">14</P>
    <P Name="RequestExecContextInheritance">off</P>
    <System Ref="system_80157"/>
  </Block>
  <Block BlockType="SubSystem" Name="2. Rotation x-Achse" SID="80174">
    <P Name="Ports">[1, 1]</P>
    <P Name="Position">[295, -66, 395, -24]</P>
    <P Name="ZOrder">45</P>
    <P Name="RequestExecContextInheritance">off</P>
    <System Ref="system_80174"/>
  </Block>
  <Block BlockType="SubSystem" Name="2. Rotation y-Achse" SID="80191">
    <P Name="Ports">[1, 1]</P>
    <P Name="Position">[295, 19, 395, 61]</P>
    <P Name="ZOrder">46</P>
    <P Name="RequestExecContextInheritance">off</P>
    <System Ref="system_80191"/>
  </Block>
  <Block BlockType="SubSystem" Name="2. Rotation z-Achse" SID="80208">
    <P Name="Ports">[1, 1]</P>
    <P Name="Position">[295, 104, 395, 146]</P>
    <P Name="ZOrder">47</P>
    <P Name="RequestExecContextInheritance">off</P>
    <System Ref="system_80208"/>
  </Block>
  <Block BlockType="Product" Name="3. Rotation" SID="80225">
    <P Name="Ports">[3, 1]</P>
    <P Name="Position">[1265, -246, 1300, -174]</P>
    <P Name="ZOrder">34</P>
    <P Name="ShowName">off</P>
    <P Name="Inputs">***</P>
    <P Name="Multiplication">Matrix(*)</P>
    <Port>
      <P Name="PortNumber">1</P>
      <P Name="Name">T12</P>
    </Port>
  </Block>
  <Block BlockType="SubSystem" Name="3. Rotation x-Achse" SID="80226">
    <P Name="Ports">[1, 1]</P>
    <P Name="Position">[-160, -66, -60, -24]</P>
    <P Name="ZOrder">48</P>
    <P Name="RequestExecContextInheritance">off</P>
    <System Ref="system_80226"/>
  </Block>
  <Block BlockType="SubSystem" Name="3. Rotation y-Achse" SID="80243">
    <P Name="Ports">[1, 1]</P>
    <P Name="Position">[-160, 19, -60, 61]</P>
    <P Name="ZOrder">49</P>
    <P Name="RequestExecContextInheritance">off</P>
    <System Ref="system_80243"/>
  </Block>
  <Block BlockType="SubSystem" Name="3. Rotation z-Achse" SID="80260">
    <P Name="Ports">[1, 1]</P>
    <P Name="Position">[-160, 104, -60, 146]</P>
    <P Name="ZOrder">50</P>
    <P Name="RequestExecContextInheritance">off</P>
    <System Ref="system_80260"/>
  </Block>
  <Block BlockType="Constant" Name="Constant" SID="80277">
    <P Name="Position">[750, -130, 855, -110]</P>
    <P Name="ZOrder">8</P>
    <P Name="ShowName">off</P>
    <P Name="Value">rot_1</P>
  </Block>
  <Block BlockType="Constant" Name="Constant1" SID="80278">
    <P Name="Position">[295, -130, 400, -110]</P>
    <P Name="ZOrder">10</P>
    <P Name="ShowName">off</P>
    <P Name="Value">rot_2</P>
  </Block>
  <Block BlockType="Constant" Name="Constant2" SID="80279">
    <P Name="Position">[-165, -130, -60, -110]</P>
    <P Name="ZOrder">12</P>
    <P Name="ShowName">off</P>
    <P Name="Value">rot_3</P>
  </Block>
  <Block BlockType="MultiPortSwitch" Name="Multiport&#xA;Switch" SID="80280">
    <P Name="Ports">[4, 1]</P>
    <P Name="Position">[1030, -44, 1090, 89]</P>
    <P Name="ZOrder">7</P>
    <P Name="ShowName">off</P>
    <P Name="InputSameDT">off</P>
    <P Name="SaturateOnIntegerOverflow">off</P>
  </Block>
  <Block BlockType="MultiPortSwitch" Name="Multiport&#xA;Switch1" SID="80281">
    <P Name="Ports">[4, 1]</P>
    <P Name="Position">[580, -44, 640, 89]</P>
    <P Name="ZOrder">9</P>
    <P Name="ShowName">off</P>
    <P Name="InputSameDT">off</P>
    <P Name="SaturateOnIntegerOverflow">off</P>
  </Block>
  <Block BlockType="MultiPortSwitch" Name="Multiport&#xA;Switch2" SID="80282">
    <P Name="Ports">[4, 1]</P>
    <P Name="Position">[120, -44, 180, 89]</P>
    <P Name="ZOrder">11</P>
    <P Name="ShowName">off</P>
    <P Name="InputSameDT">off</P>
    <P Name="SaturateOnIntegerOverflow">off</P>
  </Block>
  <Block BlockType="Outport" Name="T12" SID="80283">
    <P Name="Position">[1430, -217, 1460, -203]</P>
    <P Name="ZOrder">-2</P>
    <P Name="VectorParamsAs1DForOutWhenUnconnected">off</P>
  </Block>
  <Line>
    <P Name="ZOrder">1</P>
    <P Name="Src">80282#out:1</P>
    <P Name="Points">[24, 0; 0, -260]</P>
    <P Name="Dst">80225#in:1</P>
  </Line>
  <Line>
    <P Name="ZOrder">2</P>
    <P Name="Src">80281#out:1</P>
    <P Name="Points">[23, 0; 0, -235]</P>
    <P Name="Dst">80225#in:2</P>
  </Line>
  <Line>
    <P Name="ZOrder">3</P>
    <P Name="Src">80280#out:1</P>
    <P Name="Points">[83, 0; 0, -210]</P>
    <P Name="Dst">80225#in:3</P>
  </Line>
  <Line>
    <P Name="ZOrder">4</P>
    <P Name="Src">80122#out:1</P>
    <P Name="Points">[57, 0]</P>
    <Branch>
      <P Name="ZOrder">5</P>
      <P Name="Dst">80226#in:1</P>
    </Branch>
    <Branch>
      <P Name="ZOrder">6</P>
      <P Name="Points">[0, 85]</P>
      <Branch>
        <P Name="ZOrder">7</P>
        <P Name="Points">[0, 85]</P>
        <P Name="Dst">80260#in:1</P>
      </Branch>
      <Branch>
        <P Name="ZOrder">8</P>
        <P Name="Dst">80243#in:1</P>
      </Branch>
    </Branch>
  </Line>
  <Line>
    <P Name="ZOrder">9</P>
    <P Name="Src">80120#out:1</P>
    <P Name="Points">[985, 0; 0, -175]</P>
    <Branch>
      <P Name="ZOrder">10</P>
      <P Name="Dst">80157#in:1</P>
    </Branch>
    <Branch>
      <P Name="ZOrder">11</P>
      <P Name="Points">[0, -85]</P>
      <Branch>
        <P Name="ZOrder">12</P>
        <P Name="Dst">80140#in:1</P>
      </Branch>
      <Branch>
        <P Name="ZOrder">13</P>
        <P Name="Points">[0, -85]</P>
        <P Name="Dst">80123#in:1</P>
      </Branch>
    </Branch>
  </Line>
  <Line>
    <P Name="ZOrder">14</P>
    <P Name="Src">80121#out:1</P>
    <P Name="Points">[528, 0; 0, -65]</P>
    <Branch>
      <P Name="ZOrder">15</P>
      <P Name="Dst">80208#in:1</P>
    </Branch>
    <Branch>
      <P Name="ZOrder">16</P>
      <P Name="Points">[0, -85]</P>
      <Branch>
        <P Name="ZOrder">17</P>
        <P Name="Dst">80191#in:1</P>
      </Branch>
      <Branch>
        <P Name="ZOrder">18</P>
        <P Name="Points">[0, -85]</P>
        <P Name="Dst">80174#in:1</P>
      </Branch>
    </Branch>
  </Line>
  <Line>
    <P Name="ZOrder">19</P>
    <P Name="Src">80260#out:1</P>
    <P Name="Points">[115, 0; 0, -50]</P>
    <P Name="Dst">80282#in:4</P>
  </Line>
  <Line>
    <P Name="ZOrder">20</P>
    <P Name="Src">80277#out:1</P>
    <P Name="Points">[151, 0; 0, 90]</P>
    <P Name="Dst">80280#in:1</P>
  </Line>
  <Line>
    <P Name="ZOrder">21</P>
    <P Name="Src">80123#out:1</P>
    <P Name="Points">[119, 0; 0, 50]</P>
    <P Name="Dst">80280#in:2</P>
  </Line>
  <Line>
    <P Name="ZOrder">22</P>
    <P Name="Src">80278#out:1</P>
    <P Name="Points">[144, 0; 0, 90]</P>
    <P Name="Dst">80281#in:1</P>
  </Line>
  <Line>
    <P Name="ZOrder">23</P>
    <P Name="Src">80140#out:1</P>
    <P Name="Dst">80280#in:3</P>
  </Line>
  <Line>
    <P Name="ZOrder">24</P>
    <P Name="Src">80157#out:1</P>
    <P Name="Points">[122, 0; 0, -50]</P>
    <P Name="Dst">80280#in:4</P>
  </Line>
  <Line>
    <P Name="ZOrder">25</P>
    <P Name="Src">80279#out:1</P>
    <P Name="Points">[140, 0; 0, 90]</P>
    <P Name="Dst">80282#in:1</P>
  </Line>
  <Line>
    <P Name="Name">T12</P>
    <P Name="ZOrder">26</P>
    <P Name="Labels">[0, 1]</P>
    <P Name="Src">80225#out:1</P>
    <P Name="Dst">80283#in:1</P>
  </Line>
  <Line>
    <P Name="ZOrder">27</P>
    <P Name="Src">80174#out:1</P>
    <P Name="Points">[119, 0; 0, 50]</P>
    <P Name="Dst">80281#in:2</P>
  </Line>
  <Line>
    <P Name="ZOrder">28</P>
    <P Name="Src">80191#out:1</P>
    <P Name="Dst">80281#in:3</P>
  </Line>
  <Line>
    <P Name="ZOrder">29</P>
    <P Name="Src">80208#out:1</P>
    <P Name="Points">[122, 0; 0, -50]</P>
    <P Name="Dst">80281#in:4</P>
  </Line>
  <Line>
    <P Name="ZOrder">30</P>
    <P Name="Src">80243#out:1</P>
    <P Name="Dst">80282#in:3</P>
  </Line>
  <Line>
    <P Name="ZOrder">31</P>
    <P Name="Src">80226#out:1</P>
    <P Name="Points">[112, 0; 0, 50]</P>
    <P Name="Dst">80282#in:2</P>
  </Line>
</System>
