<?xml version="1.0" encoding="utf-8"?>
<System>
  <P Name="Location">[470, 155, 897, 690]</P>
  <P Name="SystemRect">[0.000000, 0.000000, 0.000000, 0.000000]</P>
  <P Name="SetExecutionDomain">off</P>
  <P Name="ExecutionDomainType">Deduce</P>
  <P Name="SimulinkSubDomain">Simulink</P>
  <Block BlockType="Inport" Name="A" SID="74834:7:113">
    <P Name="Position">[25, 63, 55, 77]</P>
    <P Name="ZOrder">-1</P>
  </Block>
  <Block BlockType="Inport" Name="B" SID="74834:7:114">
    <P Name="Position">[25, 128, 55, 142]</P>
    <P Name="ZOrder">-2</P>
    <P Name="Port">2</P>
  </Block>
  <Block BlockType="Demux" Name="Demux" SID="74834:7:115">
    <P Name="Ports">[1, 3]</P>
    <P Name="Position">[90, 36, 95, 104]</P>
    <P Name="ZOrder">-3</P>
    <P Name="BackgroundColor">black</P>
    <P Name="ShowName">off</P>
    <P Name="Outputs">3</P>
  </Block>
  <Block BlockType="Demux" Name="Demux1" SID="74834:7:116">
    <P Name="Ports">[1, 3]</P>
    <P Name="Position">[90, 100, 95, 170]</P>
    <P Name="ZOrder">-4</P>
    <P Name="BackgroundColor">black</P>
    <P Name="ShowName">off</P>
    <P Name="Outputs">3</P>
  </Block>
  <Block BlockType="Mux" Name="Mux" SID="74834:7:117">
    <P Name="Ports">[3, 1]</P>
    <P Name="Position">[310, 75, 315, 235]</P>
    <P Name="ZOrder">-5</P>
    <P Name="ShowName">off</P>
    <P Name="Inputs">3</P>
    <P Name="DisplayOption">bar</P>
  </Block>
  <Block BlockType="Product" Name="i x k" SID="74834:7:118">
    <P Name="Ports">[2, 1]</P>
    <P Name="Position">[220, 137, 250, 168]</P>
    <P Name="ZOrder">-6</P>
    <P Name="InputSameDT">on</P>
    <P Name="OutDataTypeStr">Inherit: Same as first input</P>
    <P Name="SaturateOnIntegerOverflow">on</P>
  </Block>
  <Block BlockType="Product" Name="j x i" SID="74834:7:119">
    <P Name="Ports">[2, 1]</P>
    <P Name="Position">[220, 192, 250, 223]</P>
    <P Name="ZOrder">-7</P>
    <P Name="InputSameDT">on</P>
    <P Name="OutDataTypeStr">Inherit: Same as first input</P>
    <P Name="SaturateOnIntegerOverflow">on</P>
  </Block>
  <Block BlockType="Product" Name="k x j" SID="74834:7:120">
    <P Name="Ports">[2, 1]</P>
    <P Name="Position">[220, 82, 250, 113]</P>
    <P Name="ZOrder">-8</P>
    <P Name="InputSameDT">on</P>
    <P Name="OutDataTypeStr">Inherit: Same as first input</P>
    <P Name="SaturateOnIntegerOverflow">on</P>
  </Block>
  <Block BlockType="Outport" Name="Out1" SID="74834:7:121">
    <P Name="Position">[335, 148, 365, 162]</P>
    <P Name="ZOrder">-9</P>
    <P Name="VectorParamsAs1DForOutWhenUnconnected">off</P>
  </Block>
  <Line>
    <P Name="ZOrder">1</P>
    <P Name="Src">74834:7:113#out:1</P>
    <P Name="Dst">74834:7:115#in:1</P>
  </Line>
  <Line>
    <P Name="ZOrder">2</P>
    <P Name="Src">74834:7:114#out:1</P>
    <P Name="Dst">74834:7:116#in:1</P>
  </Line>
  <Line>
    <P Name="ZOrder">3</P>
    <P Name="Src">74834:7:115#out:3</P>
    <P Name="Dst">74834:7:120#in:1</P>
  </Line>
  <Line>
    <P Name="ZOrder">4</P>
    <P Name="Src">74834:7:116#out:2</P>
    <P Name="Points">[100, 0; 0, -30]</P>
    <P Name="Dst">74834:7:120#in:2</P>
  </Line>
  <Line>
    <P Name="ZOrder">5</P>
    <P Name="Src">74834:7:115#out:1</P>
    <P Name="Points">[30, 0; 0, 95]</P>
    <P Name="Dst">74834:7:118#in:1</P>
  </Line>
  <Line>
    <P Name="ZOrder">6</P>
    <P Name="Src">74834:7:116#out:3</P>
    <P Name="Dst">74834:7:118#in:2</P>
  </Line>
  <Line>
    <P Name="ZOrder">7</P>
    <P Name="Src">74834:7:115#out:2</P>
    <P Name="Points">[20, 0; 0, 130]</P>
    <P Name="Dst">74834:7:119#in:1</P>
  </Line>
  <Line>
    <P Name="ZOrder">8</P>
    <P Name="Src">74834:7:116#out:1</P>
    <P Name="Points">[5, 0; 0, 105]</P>
    <P Name="Dst">74834:7:119#in:2</P>
  </Line>
  <Line>
    <P Name="ZOrder">9</P>
    <P Name="Src">74834:7:117#out:1</P>
    <P Name="Dst">74834:7:121#in:1</P>
  </Line>
  <Line>
    <P Name="ZOrder">10</P>
    <P Name="Src">74834:7:120#out:1</P>
    <P Name="Dst">74834:7:117#in:1</P>
  </Line>
  <Line>
    <P Name="ZOrder">11</P>
    <P Name="Src">74834:7:118#out:1</P>
    <P Name="Dst">74834:7:117#in:2</P>
  </Line>
  <Line>
    <P Name="ZOrder">12</P>
    <P Name="Src">74834:7:119#out:1</P>
    <P Name="Dst">74834:7:117#in:3</P>
  </Line>
</System>
