<?xml version="1.0" encoding="utf-8"?>
<System>
  <P Name="Location">[207, 53, 1777, 1216]</P>
  <P Name="SystemRect">[0.000000, 0.000000, 0.000000, 0.000000]</P>
  <P Name="SetExecutionDomain">off</P>
  <P Name="ExecutionDomainType">Deduce</P>
  <P Name="ZoomFactor">75</P>
  <P Name="SimulinkSubDomain">Simulink</P>
  <Block BlockType="Inport" Name="str_flow" SID="74897">
    <P Name="Position">[590, 198, 620, 212]</P>
    <P Name="ZOrder">1683</P>
    <P Name="BackgroundColor">yellow</P>
    <Port>
      <P Name="PortNumber">1</P>
      <P Name="PropagatedSignals">str_flow_bus</P>
      <P Name="ShowPropagatedSignals">on</P>
    </Port>
  </Block>
  <Block BlockType="Inport" Name="fin" SID="74898">
    <P Name="Position">[605, 513, 635, 527]</P>
    <P Name="ZOrder">1695</P>
    <P Name="BackgroundColor">yellow</P>
    <P Name="Port">2</P>
    <Port>
      <P Name="PortNumber">1</P>
      <P Name="PropagatedSignals">fin_bus</P>
      <P Name="ShowPropagatedSignals">on</P>
    </Port>
  </Block>
  <Block BlockType="Inport" Name="wab" SID="74899">
    <P Name="Position">[590, -117, 620, -103]</P>
    <P Name="ZOrder">1682</P>
    <P Name="BackgroundColor">yellow</P>
    <P Name="Port">3</P>
    <Port>
      <P Name="PortNumber">1</P>
      <P Name="PropagatedSignals">wab_bus</P>
      <P Name="ShowPropagatedSignals">on</P>
    </Port>
  </Block>
  <Block BlockType="Inport" Name="env_glbl" SID="74900">
    <P Name="Position">[465, 603, 495, 617]</P>
    <P Name="ZOrder">1709</P>
    <P Name="BackgroundColor">yellow</P>
    <P Name="Port">4</P>
    <Port>
      <P Name="PortNumber">1</P>
      <P Name="PropagatedSignals">env_glbl_bus</P>
      <P Name="ShowPropagatedSignals">on</P>
    </Port>
  </Block>
  <Block BlockType="BusSelector" Name="Bus&#xA;Selector" SID="74901">
    <P Name="Ports">[1, 6]</P>
    <P Name="Position">[710, -73, 715, 483]</P>
    <P Name="ZOrder">1681</P>
    <P Name="ShowName">off</P>
    <P Name="OutputSignals">qdynB,MaB,alB,beB,hBE,wBIB_star</P>
    <Port>
      <P Name="PortNumber">1</P>
      <P Name="Name">&lt;qdynB&gt;</P>
    </Port>
    <Port>
      <P Name="PortNumber">2</P>
      <P Name="Name">&lt;MaB&gt;</P>
    </Port>
    <Port>
      <P Name="PortNumber">3</P>
      <P Name="Name">&lt;alB&gt;</P>
    </Port>
    <Port>
      <P Name="PortNumber">4</P>
      <P Name="Name">&lt;beB&gt;</P>
    </Port>
    <Port>
      <P Name="PortNumber">5</P>
      <P Name="Name">&lt;hBE&gt;</P>
    </Port>
    <Port>
      <P Name="PortNumber">6</P>
      <P Name="Name">&lt;wBIB_star&gt;</P>
    </Port>
  </Block>
  <Block BlockType="BusSelector" Name="Bus&#xA;Selector1" SID="74902">
    <P Name="Ports">[1, 1]</P>
    <P Name="Position">[710, 501, 715, 539]</P>
    <P Name="ZOrder">1696</P>
    <P Name="ShowName">off</P>
    <P Name="OutputSignals">afinB</P>
    <Port>
      <P Name="PortNumber">1</P>
      <P Name="Name">&lt;afinB&gt;</P>
    </Port>
  </Block>
  <Block BlockType="BusSelector" Name="Bus&#xA;Selector2" SID="74903">
    <P Name="Ports">[1, 1]</P>
    <P Name="Position">[710, -129, 715, -91]</P>
    <P Name="ZOrder">1705</P>
    <P Name="ShowName">off</P>
    <P Name="OutputSignals">pBPB</P>
    <Port>
      <P Name="PortNumber">1</P>
      <P Name="Name">&lt;pBPB&gt;</P>
    </Port>
  </Block>
  <Block BlockType="SubSystem" Name="aerodynamic_via_lookup" SID="74904">
    <P Name="Ports">[9, 1]</P>
    <P Name="Position">[780, -153, 1075, 653]</P>
    <P Name="ZOrder">1710</P>
    <P Name="RequestExecContextInheritance">off</P>
    <P Name="ContentPreviewEnabled">on</P>
    <Port>
      <P Name="PortNumber">1</P>
      <P Name="PropagatedSignals">aero_bus</P>
      <P Name="ShowPropagatedSignals">on</P>
    </Port>
    <System Ref="system_74904"/>
  </Block>
  <Block BlockType="SubSystem" Name="logic_base_drag" SID="75352">
    <P Name="Ports">[1, 1]</P>
    <P Name="Position">[590, 592, 725, 628]</P>
    <P Name="ZOrder">1708</P>
    <P Name="RequestExecContextInheritance">off</P>
    <System Ref="system_75352"/>
  </Block>
  <Block BlockType="Outport" Name="aero" SID="75359">
    <P Name="Position">[1140, 243, 1170, 257]</P>
    <P Name="ZOrder">1688</P>
    <P Name="BackgroundColor">orange</P>
    <P Name="VectorParamsAs1DForOutWhenUnconnected">off</P>
  </Block>
  <Line>
    <P Name="ZOrder">1</P>
    <P Name="Labels">[1, 0]</P>
    <P Name="Src">74897#out:1</P>
    <P Name="Dst">74901#in:1</P>
  </Line>
  <Line>
    <P Name="ZOrder">2</P>
    <P Name="Labels">[0, 1]</P>
    <P Name="Src">74899#out:1</P>
    <P Name="Dst">74903#in:1</P>
  </Line>
  <Line>
    <P Name="ZOrder">3</P>
    <P Name="Labels">[0, 1]</P>
    <P Name="Src">74898#out:1</P>
    <P Name="Dst">74902#in:1</P>
  </Line>
  <Line>
    <P Name="Name">&lt;pBPB&gt;</P>
    <P Name="ZOrder">4</P>
    <P Name="Labels">[0, 1]</P>
    <P Name="Src">74903#out:1</P>
    <P Name="Dst">74904#in:1</P>
  </Line>
  <Line>
    <P Name="Name">&lt;qdynB&gt;</P>
    <P Name="ZOrder">5</P>
    <P Name="Labels">[0, 0]</P>
    <P Name="Src">74901#out:1</P>
    <P Name="Dst">74904#in:2</P>
  </Line>
  <Line>
    <P Name="Name">&lt;MaB&gt;</P>
    <P Name="ZOrder">6</P>
    <P Name="Labels">[0, 1]</P>
    <P Name="Src">74901#out:2</P>
    <P Name="Dst">74904#in:3</P>
  </Line>
  <Line>
    <P Name="Name">&lt;alB&gt;</P>
    <P Name="ZOrder">7</P>
    <P Name="Labels">[0, 1]</P>
    <P Name="Src">74901#out:3</P>
    <P Name="Dst">74904#in:4</P>
  </Line>
  <Line>
    <P Name="Name">&lt;beB&gt;</P>
    <P Name="ZOrder">8</P>
    <P Name="Labels">[0, 1]</P>
    <P Name="Src">74901#out:4</P>
    <P Name="Dst">74904#in:5</P>
  </Line>
  <Line>
    <P Name="Name">&lt;hBE&gt;</P>
    <P Name="ZOrder">9</P>
    <P Name="Labels">[0, 1]</P>
    <P Name="Src">74901#out:5</P>
    <P Name="Dst">74904#in:6</P>
  </Line>
  <Line>
    <P Name="Name">&lt;afinB&gt;</P>
    <P Name="ZOrder">10</P>
    <P Name="Labels">[0, 1]</P>
    <P Name="Src">74902#out:1</P>
    <P Name="Dst">74904#in:8</P>
  </Line>
  <Line>
    <P Name="Name">&lt;wBIB_star&gt;</P>
    <P Name="ZOrder">11</P>
    <P Name="Labels">[0, 1]</P>
    <P Name="Src">74901#out:6</P>
    <P Name="Dst">74904#in:7</P>
  </Line>
  <Line>
    <P Name="ZOrder">12</P>
    <P Name="Labels">[1, 0]</P>
    <P Name="Src">74904#out:1</P>
    <P Name="Dst">75359#in:1</P>
  </Line>
  <Line>
    <P Name="ZOrder">13</P>
    <P Name="Labels">[1, 0]</P>
    <P Name="Src">74900#out:1</P>
    <P Name="Dst">75352#in:1</P>
  </Line>
  <Line>
    <P Name="ZOrder">14</P>
    <P Name="Src">75352#out:1</P>
    <P Name="Dst">74904#in:9</P>
  </Line>
</System>
