<?xml version="1.0" encoding="utf-8"?>
<System>
  <P Name="Location">[1, 0, 711, 869]</P>
  <P Name="SystemRect">[0.000000, 0.000000, 0.000000, 0.000000]</P>
  <P Name="SetExecutionDomain">off</P>
  <P Name="ExecutionDomainType">Deduce</P>
  <P Name="SimulinkSubDomain">Simulink</P>
  <Block BlockType="Inport" Name="mu" SID="74662:37">
    <P Name="Position">[15, 173, 45, 187]</P>
    <P Name="ZOrder">-1</P>
  </Block>
  <Block BlockType="SubSystem" Name="Angle Conversion2" SID="74662:119">
    <P Name="Ports">[1, 1]</P>
    <P Name="Position">[70, 171, 110, 189]</P>
    <P Name="ZOrder">25738</P>
    <P Name="ShowName">off</P>
    <P Name="RequestExecContextInheritance">off</P>
    <System Ref="system_74662_119"/>
  </Block>
  <Block BlockType="Constant" Name="Constant" SID="74662:39">
    <P Name="Position">[160, 57, 190, 73]</P>
    <P Name="ZOrder">-3</P>
    <P Name="ShowName">off</P>
  </Block>
  <Block BlockType="Constant" Name="Constant1" SID="74662:40">
    <P Name="Position">[260, 123, 290, 137]</P>
    <P Name="ZOrder">-4</P>
    <P Name="ShowName">off</P>
    <P Name="Value">R</P>
  </Block>
  <Block BlockType="Constant" Name="Constant2" SID="74662:41">
    <P Name="Position">[305, 37, 335, 53]</P>
    <P Name="ZOrder">-5</P>
    <P Name="ShowName">off</P>
  </Block>
  <Block BlockType="Constant" Name="Constant3" SID="74662:42">
    <P Name="Position">[470, 122, 500, 138]</P>
    <P Name="ZOrder">-6</P>
    <P Name="ShowName">off</P>
  </Block>
  <Block BlockType="Product" Name="Product1" SID="74662:44">
    <P Name="Ports">[2, 1]</P>
    <P Name="Position">[310, 108, 340, 192]</P>
    <P Name="ZOrder">-7</P>
    <P Name="ShowName">off</P>
    <P Name="Inputs">*/</P>
    <P Name="RndMeth">Zero</P>
    <Port>
      <P Name="PortNumber">1</P>
      <P Name="Name">Rn</P>
    </Port>
  </Block>
  <Block BlockType="Product" Name="Product2" SID="74662:45">
    <P Name="Ports">[2, 1]</P>
    <P Name="Position">[160, 82, 190, 118]</P>
    <P Name="ZOrder">-8</P>
    <P Name="ShowName">off</P>
    <P Name="RndMeth">Zero</P>
  </Block>
  <Block BlockType="Product" Name="Product3" SID="74662:46">
    <P Name="Ports">[3, 1]</P>
    <P Name="Position">[260, 41, 290, 89]</P>
    <P Name="ZOrder">-9</P>
    <P Name="ShowName">off</P>
    <P Name="Inputs">**/</P>
    <P Name="RndMeth">Zero</P>
    <Port>
      <P Name="PortNumber">1</P>
      <P Name="Name">Rm</P>
    </Port>
  </Block>
  <Block BlockType="Product" Name="Product4" SID="74662:47">
    <P Name="Ports">[2, 1]</P>
    <P Name="Position">[470, 144, 500, 171]</P>
    <P Name="ZOrder">-10</P>
    <P Name="ShowName">off</P>
    <P Name="RndMeth">Zero</P>
  </Block>
  <Block BlockType="Sum" Name="Sum1" SID="74662:48">
    <P Name="Ports">[2, 1]</P>
    <P Name="Position">[215, 55, 235, 75]</P>
    <P Name="ZOrder">-11</P>
    <P Name="ShowName">off</P>
    <P Name="Inputs">|+-</P>
  </Block>
  <Block BlockType="Trigonometry" Name="Trigonometric&#xA;Function" SID="74662:49">
    <P Name="Ports">[1, 1]</P>
    <P Name="Position">[400, 190, 430, 220]</P>
    <P Name="ZOrder">-12</P>
    <P Name="ShowName">off</P>
    <P Name="Operator">cos</P>
  </Block>
  <Block BlockType="Trigonometry" Name="Trigonometric&#xA;Function1" SID="74662:50">
    <P Name="Ports">[2, 1]</P>
    <P Name="Position">[360, 34, 390, 76]</P>
    <P Name="ZOrder">-13</P>
    <P Name="ShowName">off</P>
    <P Name="Operator">atan2</P>
  </Block>
  <Block BlockType="Trigonometry" Name="Trigonometric&#xA;Function2" SID="74662:51">
    <P Name="Ports">[2, 1]</P>
    <P Name="Position">[520, 115, 550, 175]</P>
    <P Name="ZOrder">-14</P>
    <P Name="ShowName">off</P>
    <P Name="Operator">atan2</P>
  </Block>
  <Block BlockType="SubSystem" Name="denom" SID="74662:52">
    <P Name="Ports">[2, 1]</P>
    <P Name="Position">[140, 152, 230, 188]</P>
    <P Name="ZOrder">-15</P>
    <P Name="RequestExecContextInheritance">off</P>
    <System Ref="system_74662_52"/>
  </Block>
  <Block BlockType="SubSystem" Name="e" SID="74662:60">
    <P Name="Ports">[0, 1]</P>
    <P Name="Position">[25, 148, 45, 172]</P>
    <P Name="ZOrder">-16</P>
    <P Name="ShowName">off</P>
    <P Name="RequestExecContextInheritance">off</P>
    <System Ref="system_74662_60"/>
  </Block>
  <Block BlockType="SubSystem" Name="e^4" SID="74662:65">
    <P Name="Ports">[1, 1]</P>
    <P Name="Position">[70, 151, 110, 169]</P>
    <P Name="ZOrder">-17</P>
    <P Name="ShowName">off</P>
    <P Name="RequestExecContextInheritance">off</P>
    <System Ref="system_74662_65"/>
  </Block>
  <Block BlockType="Sqrt" Name="sqrt" SID="74662:105">
    <P Name="Position">[260, 155, 290, 185]</P>
    <P Name="ZOrder">-18</P>
    <P Name="ShowName">off</P>
    <P Name="AlgorithmType">Newton-Raphson</P>
  </Block>
  <Block BlockType="Outport" Name="dNorth" SID="74662:66">
    <P Name="Position">[405, 48, 435, 62]</P>
    <P Name="ZOrder">-19</P>
    <P Name="VectorParamsAs1DForOutWhenUnconnected">off</P>
  </Block>
  <Block BlockType="Outport" Name="dEast" SID="74662:67">
    <P Name="Position">[575, 138, 605, 152]</P>
    <P Name="ZOrder">-20</P>
    <P Name="Port">2</P>
    <P Name="VectorParamsAs1DForOutWhenUnconnected">off</P>
  </Block>
  <Line>
    <P Name="ZOrder">1</P>
    <P Name="Src">74662:119#out:1</P>
    <P Name="Points">[5, 0]</P>
    <Branch>
      <P Name="ZOrder">2</P>
      <P Name="Points">[0, 25]</P>
      <P Name="Dst">74662:49#in:1</P>
    </Branch>
    <Branch>
      <P Name="ZOrder">3</P>
      <P Name="Dst">74662:52#in:2</P>
    </Branch>
  </Line>
  <Line>
    <P Name="ZOrder">4</P>
    <P Name="Src">74662:51#out:1</P>
    <P Name="Dst">74662:67#in:1</P>
  </Line>
  <Line>
    <P Name="ZOrder">5</P>
    <P Name="Src">74662:50#out:1</P>
    <P Name="Dst">74662:66#in:1</P>
  </Line>
  <Line>
    <P Name="ZOrder">6</P>
    <P Name="Src">74662:42#out:1</P>
    <P Name="Dst">74662:51#in:1</P>
  </Line>
  <Line>
    <P Name="ZOrder">7</P>
    <P Name="Src">74662:41#out:1</P>
    <P Name="Dst">74662:50#in:1</P>
  </Line>
  <Line>
    <P Name="ZOrder">8</P>
    <P Name="Src">74662:47#out:1</P>
    <P Name="Dst">74662:51#in:2</P>
  </Line>
  <Line>
    <P Name="ZOrder">9</P>
    <P Name="Src">74662:37#out:1</P>
    <P Name="Dst">74662:119#in:1</P>
  </Line>
  <Line>
    <P Name="ZOrder">10</P>
    <P Name="Src">74662:49#out:1</P>
    <P Name="Points">[15, 0; 0, -40]</P>
    <P Name="Dst">74662:47#in:2</P>
  </Line>
  <Line>
    <P Name="Name">Rm</P>
    <P Name="ZOrder">11</P>
    <P Name="Labels">[0, 0]</P>
    <P Name="Src">74662:46#out:1</P>
    <P Name="Dst">74662:50#in:2</P>
  </Line>
  <Line>
    <P Name="ZOrder">12</P>
    <P Name="Src">74662:48#out:1</P>
    <P Name="Dst">74662:46#in:2</P>
  </Line>
  <Line>
    <P Name="Name">Rn</P>
    <P Name="ZOrder">13</P>
    <P Name="Labels">[0, 0]</P>
    <P Name="Src">74662:44#out:1</P>
    <P Name="Points">[105, 0]</P>
    <Branch>
      <P Name="ZOrder">14</P>
      <P Name="Dst">74662:47#in:1</P>
    </Branch>
    <Branch>
      <P Name="ZOrder">15</P>
      <P Name="Points">[0, -125; -210, 0; 0, 25]</P>
      <P Name="Dst">74662:46#in:1</P>
    </Branch>
  </Line>
  <Line>
    <P Name="ZOrder">16</P>
    <P Name="Src">74662:39#out:1</P>
    <P Name="Dst">74662:48#in:1</P>
  </Line>
  <Line>
    <P Name="ZOrder">17</P>
    <P Name="Src">74662:45#out:1</P>
    <P Name="Points">[30, 0]</P>
    <P Name="Dst">74662:48#in:2</P>
  </Line>
  <Line>
    <P Name="ZOrder">18</P>
    <P Name="Src">74662:40#out:1</P>
    <P Name="Dst">74662:44#in:1</P>
  </Line>
  <Line>
    <P Name="ZOrder">19</P>
    <P Name="Src">74662:105#out:1</P>
    <P Name="Dst">74662:44#in:2</P>
  </Line>
  <Line>
    <P Name="ZOrder">20</P>
    <P Name="Src">74662:52#out:1</P>
    <P Name="Points">[5, 0]</P>
    <Branch>
      <P Name="ZOrder">21</P>
      <P Name="Dst">74662:105#in:1</P>
    </Branch>
    <Branch>
      <P Name="ZOrder">22</P>
      <P Name="Points">[0, -90]</P>
      <P Name="Dst">74662:46#in:3</P>
    </Branch>
  </Line>
  <Line>
    <P Name="ZOrder">23</P>
    <P Name="Src">74662:65#out:1</P>
    <P Name="Points">[0, 0]</P>
    <Branch>
      <P Name="ZOrder">24</P>
      <P Name="Points">[0, -60; 30, 0]</P>
      <Branch>
        <P Name="ZOrder">25</P>
        <P Name="Dst">74662:45#in:2</P>
      </Branch>
      <Branch>
        <P Name="ZOrder">26</P>
        <P Name="Dst">74662:45#in:1</P>
      </Branch>
    </Branch>
    <Branch>
      <P Name="ZOrder">27</P>
      <P Name="Dst">74662:52#in:1</P>
    </Branch>
  </Line>
  <Line>
    <P Name="ZOrder">28</P>
    <P Name="Src">74662:60#out:1</P>
    <P Name="Dst">74662:65#in:1</P>
  </Line>
</System>
