<?xml version="1.0" encoding="utf-8"?>
<System>
  <P Name="Location">[-1927, -543, 8, 632]</P>
  <P Name="SystemRect">[0.000000, 0.000000, 0.000000, 0.000000]</P>
  <P Name="SetExecutionDomain">off</P>
  <P Name="ExecutionDomainType">Deduce</P>
  <P Name="SimulinkSubDomain">Simulink</P>
  <Block BlockType="Inport" Name="q" SID="76860">
    <P Name="Position">[95, 538, 125, 552]</P>
    <P Name="ZOrder">94</P>
    <P Name="BackgroundColor">yellow</P>
    <P Name="PortDimensions">4</P>
  </Block>
  <Block BlockType="Sum" Name="Add" SID="76861">
    <P Name="Ports">[2, 1]</P>
    <P Name="Position">[615, 207, 645, 238]</P>
    <P Name="ZOrder">103</P>
    <P Name="ShowName">off</P>
    <P Name="IconShape">rectangular</P>
  </Block>
  <Block BlockType="Sum" Name="Add1" SID="76862">
    <P Name="Ports">[3, 1]</P>
    <P Name="Position">[615, 336, 645, 394]</P>
    <P Name="ZOrder">112</P>
    <P Name="ShowName">off</P>
    <P Name="IconShape">rectangular</P>
    <P Name="Inputs">+--</P>
  </Block>
  <Block BlockType="Sum" Name="Add2" SID="76863">
    <P Name="Ports">[2, 1]</P>
    <P Name="Position">[615, 497, 645, 528]</P>
    <P Name="ZOrder">115</P>
    <P Name="ShowName">off</P>
    <P Name="IconShape">rectangular</P>
    <P Name="Inputs">+-</P>
  </Block>
  <Block BlockType="Sum" Name="Add3" SID="76864">
    <P Name="Ports">[2, 1]</P>
    <P Name="Position">[615, 652, 645, 683]</P>
    <P Name="ZOrder">118</P>
    <P Name="ShowName">off</P>
    <P Name="IconShape">rectangular</P>
  </Block>
  <Block BlockType="Sum" Name="Add4" SID="76865">
    <P Name="Ports">[3, 1]</P>
    <P Name="Position">[615, 781, 645, 839]</P>
    <P Name="ZOrder">126</P>
    <P Name="ShowName">off</P>
    <P Name="IconShape">rectangular</P>
    <P Name="Inputs">+--</P>
  </Block>
  <Block BlockType="ComplexToRealImag" Name="Complex to&#xA;Real-Imag" SID="76866">
    <P Name="Ports">[1, 1]</P>
    <P Name="Position">[1125, 492, 1175, 538]</P>
    <P Name="ZOrder">100</P>
    <P Name="Output">Real</P>
  </Block>
  <Block BlockType="Constant" Name="Constant" SID="76867">
    <P Name="Position">[520, 300, 550, 330]</P>
    <P Name="ZOrder">125</P>
    <P Name="Value">0.5</P>
  </Block>
  <Block BlockType="Constant" Name="Constant1" SID="76868">
    <P Name="Position">[520, 745, 550, 775]</P>
    <P Name="ZOrder">129</P>
    <P Name="Value">0.5</P>
  </Block>
  <Block BlockType="Demux" Name="Demux" SID="76869">
    <P Name="Ports">[1, 4]</P>
    <P Name="Position">[210, 406, 215, 684]</P>
    <P Name="ZOrder">124</P>
    <P Name="ShowName">off</P>
    <Port>
      <P Name="PortNumber">1</P>
      <P Name="Name">1</P>
    </Port>
    <Port>
      <P Name="PortNumber">2</P>
      <P Name="Name">2</P>
    </Port>
    <Port>
      <P Name="PortNumber">3</P>
      <P Name="Name">3</P>
    </Port>
    <Port>
      <P Name="PortNumber">4</P>
      <P Name="Name">4</P>
    </Port>
  </Block>
  <Block BlockType="Gain" Name="Gain" SID="76870">
    <P Name="Position">[695, 500, 725, 530]</P>
    <P Name="ZOrder">130</P>
    <P Name="Gain">2</P>
  </Block>
  <Block BlockType="Product" Name="Product" SID="76871">
    <P Name="Ports">[2, 1]</P>
    <P Name="Position">[520, 172, 550, 203]</P>
    <P Name="ZOrder">108</P>
    <P Name="ShowName">off</P>
  </Block>
  <Block BlockType="Product" Name="Product1" SID="76872">
    <P Name="Ports">[2, 1]</P>
    <P Name="Position">[520, 237, 550, 268]</P>
    <P Name="ZOrder">109</P>
    <P Name="ShowName">off</P>
  </Block>
  <Block BlockType="Product" Name="Product2" SID="76873">
    <P Name="Ports">[2, 1]</P>
    <P Name="Position">[520, 347, 550, 378]</P>
    <P Name="ZOrder">113</P>
    <P Name="ShowName">off</P>
  </Block>
  <Block BlockType="Product" Name="Product3" SID="76874">
    <P Name="Ports">[2, 1]</P>
    <P Name="Position">[520, 397, 550, 428]</P>
    <P Name="ZOrder">114</P>
    <P Name="ShowName">off</P>
  </Block>
  <Block BlockType="Product" Name="Product4" SID="76875">
    <P Name="Ports">[2, 1]</P>
    <P Name="Position">[520, 462, 550, 493]</P>
    <P Name="ZOrder">116</P>
    <P Name="ShowName">off</P>
  </Block>
  <Block BlockType="Product" Name="Product5" SID="76876">
    <P Name="Ports">[2, 1]</P>
    <P Name="Position">[520, 527, 550, 558]</P>
    <P Name="ZOrder">117</P>
    <P Name="ShowName">off</P>
  </Block>
  <Block BlockType="Product" Name="Product6" SID="76877">
    <P Name="Ports">[2, 1]</P>
    <P Name="Position">[520, 617, 550, 648]</P>
    <P Name="ZOrder">119</P>
    <P Name="ShowName">off</P>
  </Block>
  <Block BlockType="Product" Name="Product7" SID="76878">
    <P Name="Ports">[2, 1]</P>
    <P Name="Position">[520, 682, 550, 713]</P>
    <P Name="ZOrder">120</P>
    <P Name="ShowName">off</P>
  </Block>
  <Block BlockType="Product" Name="Product8" SID="76879">
    <P Name="Ports">[2, 1]</P>
    <P Name="Position">[520, 792, 550, 823]</P>
    <P Name="ZOrder">127</P>
    <P Name="ShowName">off</P>
  </Block>
  <Block BlockType="Product" Name="Product9" SID="76880">
    <P Name="Ports">[2, 1]</P>
    <P Name="Position">[520, 842, 550, 873]</P>
    <P Name="ZOrder">128</P>
    <P Name="ShowName">off</P>
  </Block>
  <Block BlockType="Saturate" Name="Saturation" SID="76881">
    <P Name="Position">[780, 500, 810, 530]</P>
    <P Name="ZOrder">131</P>
    <P Name="AttributesFormatString">%&lt;UpperLimit&gt;
%&lt;LowerLimit&gt;</P>
    <P Name="UpperLimit">1</P>
    <P Name="LowerLimit">-1</P>
  </Block>
  <Block BlockType="Trigonometry" Name="Trigonometric&#xA;Function" SID="76882">
    <P Name="Ports">[2, 1]</P>
    <P Name="Position">[890, 264, 945, 311]</P>
    <P Name="ZOrder">98</P>
    <P Name="ShowName">off</P>
    <P Name="Operator">atan2</P>
  </Block>
  <Block BlockType="Trigonometry" Name="Trigonometric&#xA;Function1" SID="76883">
    <P Name="Ports">[1, 1]</P>
    <P Name="Position">[890, 491, 945, 539]</P>
    <P Name="ZOrder">101</P>
    <P Name="ShowName">off</P>
    <P Name="Operator">asin</P>
  </Block>
  <Block BlockType="Trigonometry" Name="Trigonometric&#xA;Function2" SID="76884">
    <P Name="Ports">[2, 1]</P>
    <P Name="Position">[890, 719, 945, 766]</P>
    <P Name="ZOrder">102</P>
    <P Name="ShowName">off</P>
    <P Name="Operator">atan2</P>
  </Block>
  <Block BlockType="Concatenate" Name="Vector&#xA;Concatenate" SID="76885">
    <P Name="Ports">[3, 1]</P>
    <P Name="Position">[1055, 408, 1060, 622]</P>
    <P Name="ZOrder">97</P>
    <P Name="NumInputs">3</P>
  </Block>
  <Block BlockType="Outport" Name="eulx" SID="76886">
    <P Name="Position">[1255, 508, 1285, 522]</P>
    <P Name="ZOrder">93</P>
    <P Name="BackgroundColor">orange</P>
    <P Name="VectorParamsAs1DForOutWhenUnconnected">off</P>
  </Block>
  <Line>
    <P Name="ZOrder">1</P>
    <P Name="Src">76885#out:1</P>
    <P Name="Dst">76866#in:1</P>
  </Line>
  <Line>
    <P Name="ZOrder">2</P>
    <P Name="Src">76866#out:1</P>
    <P Name="Dst">76886#in:1</P>
  </Line>
  <Line>
    <P Name="ZOrder">3</P>
    <P Name="Src">76884#out:1</P>
    <P Name="Points">[48, 0; 0, -160]</P>
    <P Name="Dst">76885#in:3</P>
  </Line>
  <Line>
    <P Name="ZOrder">4</P>
    <P Name="Src">76883#out:1</P>
    <P Name="Dst">76885#in:2</P>
  </Line>
  <Line>
    <P Name="ZOrder">5</P>
    <P Name="Src">76882#out:1</P>
    <P Name="Points">[47, 0; 0, 155]</P>
    <P Name="Dst">76885#in:1</P>
  </Line>
  <Line>
    <P Name="ZOrder">6</P>
    <P Name="Src">76861#out:1</P>
    <P Name="Points">[29, 0; 0, 50]</P>
    <P Name="Dst">76882#in:1</P>
  </Line>
  <Line>
    <P Name="ZOrder">7</P>
    <P Name="Src">76872#out:1</P>
    <P Name="Points">[33, 0; 0, -25]</P>
    <P Name="Dst">76861#in:2</P>
  </Line>
  <Line>
    <P Name="ZOrder">8</P>
    <P Name="Src">76871#out:1</P>
    <P Name="Points">[33, 0; 0, 25]</P>
    <P Name="Dst">76861#in:1</P>
  </Line>
  <Line>
    <P Name="ZOrder">9</P>
    <P Name="Src">76874#out:1</P>
    <P Name="Points">[28, 0; 0, -30]</P>
    <P Name="Dst">76862#in:3</P>
  </Line>
  <Line>
    <P Name="ZOrder">10</P>
    <P Name="Src">76873#out:1</P>
    <P Name="Dst">76862#in:2</P>
  </Line>
  <Line>
    <P Name="ZOrder">11</P>
    <P Name="Src">76876#out:1</P>
    <P Name="Points">[33, 0; 0, -25]</P>
    <P Name="Dst">76863#in:2</P>
  </Line>
  <Line>
    <P Name="ZOrder">12</P>
    <P Name="Src">76875#out:1</P>
    <P Name="Points">[33, 0; 0, 25]</P>
    <P Name="Dst">76863#in:1</P>
  </Line>
  <Line>
    <P Name="ZOrder">13</P>
    <P Name="Src">76878#out:1</P>
    <P Name="Points">[33, 0; 0, -25]</P>
    <P Name="Dst">76864#in:2</P>
  </Line>
  <Line>
    <P Name="ZOrder">14</P>
    <P Name="Src">76877#out:1</P>
    <P Name="Points">[33, 0; 0, 25]</P>
    <P Name="Dst">76864#in:1</P>
  </Line>
  <Line>
    <P Name="ZOrder">15</P>
    <P Name="Src">76864#out:1</P>
    <P Name="Points">[28, 0; 0, 60]</P>
    <P Name="Dst">76884#in:1</P>
  </Line>
  <Line>
    <P Name="ZOrder">16</P>
    <P Name="Src">76865#out:1</P>
    <P Name="Points">[28, 0; 0, -55]</P>
    <P Name="Dst">76884#in:2</P>
  </Line>
  <Line>
    <P Name="ZOrder">17</P>
    <P Name="Src">76863#out:1</P>
    <P Name="Dst">76870#in:1</P>
  </Line>
  <Line>
    <P Name="ZOrder">18</P>
    <P Name="Src">76862#out:1</P>
    <P Name="Points">[28, 0; 0, -65]</P>
    <P Name="Dst">76882#in:2</P>
  </Line>
  <Line>
    <P Name="ZOrder">19</P>
    <P Name="Src">76860#out:1</P>
    <P Name="Dst">76869#in:1</P>
  </Line>
  <Line>
    <P Name="Name">4</P>
    <P Name="ZOrder">20</P>
    <P Name="Labels">[0, 1]</P>
    <P Name="Src">76869#out:4</P>
    <P Name="Points">[136, 0]</P>
    <Branch>
      <P Name="ZOrder">21</P>
      <P Name="Labels">[-1, 0]</P>
      <P Name="Points">[0, 55]</P>
      <P Name="Dst">76878#in:2</P>
    </Branch>
    <Branch>
      <P Name="ZOrder">22</P>
      <P Name="Points">[1, 0; 0, -165]</P>
      <Branch>
        <P Name="ZOrder">23</P>
        <P Name="Labels">[-1, 0]</P>
        <P Name="Dst">76875#in:2</P>
      </Branch>
      <Branch>
        <P Name="ZOrder">24</P>
        <P Name="Labels">[-1, 0]</P>
        <P Name="Points">[0, -290]</P>
        <P Name="Dst">76871#in:2</P>
      </Branch>
    </Branch>
  </Line>
  <Line>
    <P Name="Name">1</P>
    <P Name="ZOrder">25</P>
    <P Name="Labels">[0, 1]</P>
    <P Name="Src">76869#out:1</P>
    <P Name="Points">[72, 0]</P>
    <Branch>
      <P Name="ZOrder">26</P>
      <P Name="Points">[0, -85]</P>
      <Branch>
        <P Name="ZOrder">27</P>
        <P Name="Points">[182, 0]</P>
        <Branch>
          <P Name="ZOrder">28</P>
          <P Name="Labels">[-1, 0]</P>
          <P Name="Points">[0, 15]</P>
          <P Name="Dst">76873#in:2</P>
        </Branch>
        <Branch>
          <P Name="ZOrder">29</P>
          <P Name="Labels">[-1, 1]</P>
          <P Name="Dst">76873#in:1</P>
        </Branch>
      </Branch>
      <Branch>
        <P Name="ZOrder">30</P>
        <P Name="Labels">[-1, 1]</P>
        <P Name="Points">[0, -175]</P>
        <P Name="Dst">76871#in:1</P>
      </Branch>
    </Branch>
    <Branch>
      <P Name="ZOrder">31</P>
      <P Name="Points">[0, 95; 1, 0]</P>
      <Branch>
        <P Name="ZOrder">32</P>
        <P Name="Labels">[-1, 1]</P>
        <P Name="Points">[0, 90]</P>
        <P Name="Dst">76877#in:1</P>
      </Branch>
      <Branch>
        <P Name="ZOrder">33</P>
        <P Name="Labels">[-1, 1]</P>
        <P Name="Dst">76876#in:1</P>
      </Branch>
    </Branch>
  </Line>
  <Line>
    <P Name="Name">2</P>
    <P Name="ZOrder">34</P>
    <P Name="Labels">[0, 1]</P>
    <P Name="Src">76869#out:2</P>
    <P Name="Points">[95, 0]</P>
    <Branch>
      <P Name="ZOrder">35</P>
      <P Name="Points">[0, -40]</P>
      <Branch>
        <P Name="ZOrder">36</P>
        <P Name="Labels">[-1, 1]</P>
        <P Name="Dst">76875#in:1</P>
      </Branch>
      <Branch>
        <P Name="ZOrder">37</P>
        <P Name="Points">[0, -65]</P>
        <Branch>
          <P Name="ZOrder">38</P>
          <P Name="Points">[160, 0]</P>
          <Branch>
            <P Name="ZOrder">39</P>
            <P Name="Labels">[-1, 0]</P>
            <P Name="Points">[0, 15]</P>
            <P Name="Dst">76874#in:2</P>
          </Branch>
          <Branch>
            <P Name="ZOrder">40</P>
            <P Name="Labels">[-1, 1]</P>
            <P Name="Dst">76874#in:1</P>
          </Branch>
        </Branch>
        <Branch>
          <P Name="ZOrder">41</P>
          <P Name="Labels">[-1, 1]</P>
          <P Name="Points">[0, -160]</P>
          <P Name="Dst">76872#in:1</P>
        </Branch>
      </Branch>
    </Branch>
    <Branch>
      <P Name="ZOrder">42</P>
      <P Name="Points">[0, 130]</P>
      <Branch>
        <P Name="ZOrder">43</P>
        <P Name="Points">[0, 160; 162, 0]</P>
        <Branch>
          <P Name="ZOrder">44</P>
          <P Name="Labels">[-1, 0]</P>
          <P Name="Points">[0, 15]</P>
          <P Name="Dst">76879#in:2</P>
        </Branch>
        <Branch>
          <P Name="ZOrder">45</P>
          <P Name="Labels">[-1, 1]</P>
          <P Name="Dst">76879#in:1</P>
        </Branch>
      </Branch>
      <Branch>
        <P Name="ZOrder">46</P>
        <P Name="Labels">[-1, 0]</P>
        <P Name="Dst">76877#in:2</P>
      </Branch>
    </Branch>
  </Line>
  <Line>
    <P Name="ZOrder">47</P>
    <P Name="Src">76867#out:1</P>
    <P Name="Points">[28, 0; 0, 30]</P>
    <P Name="Dst">76862#in:1</P>
  </Line>
  <Line>
    <P Name="ZOrder">48</P>
    <P Name="Src">76880#out:1</P>
    <P Name="Points">[28, 0; 0, -30]</P>
    <P Name="Dst">76865#in:3</P>
  </Line>
  <Line>
    <P Name="ZOrder">49</P>
    <P Name="Src">76879#out:1</P>
    <P Name="Dst">76865#in:2</P>
  </Line>
  <Line>
    <P Name="ZOrder">50</P>
    <P Name="Src">76868#out:1</P>
    <P Name="Points">[28, 0; 0, 30]</P>
    <P Name="Dst">76865#in:1</P>
  </Line>
  <Line>
    <P Name="Name">3</P>
    <P Name="ZOrder">51</P>
    <P Name="Labels">[0, 1]</P>
    <P Name="Src">76869#out:3</P>
    <P Name="Points">[118, 0]</P>
    <Branch>
      <P Name="ZOrder">52</P>
      <P Name="Points">[0, 110]</P>
      <Branch>
        <P Name="ZOrder">53</P>
        <P Name="Points">[0, 160; 138, 0]</P>
        <Branch>
          <P Name="ZOrder">54</P>
          <P Name="Labels">[-1, 0]</P>
          <P Name="Points">[0, 15]</P>
          <P Name="Dst">76880#in:2</P>
        </Branch>
        <Branch>
          <P Name="ZOrder">55</P>
          <P Name="Labels">[-1, 1]</P>
          <P Name="Dst">76880#in:1</P>
        </Branch>
      </Branch>
      <Branch>
        <P Name="ZOrder">56</P>
        <P Name="Labels">[-1, 1]</P>
        <P Name="Dst">76878#in:1</P>
      </Branch>
    </Branch>
    <Branch>
      <P Name="ZOrder">57</P>
      <P Name="Points">[0, -30]</P>
      <Branch>
        <P Name="ZOrder">58</P>
        <P Name="Labels">[-1, 0]</P>
        <P Name="Points">[0, -290]</P>
        <P Name="Dst">76872#in:2</P>
      </Branch>
      <Branch>
        <P Name="ZOrder">59</P>
        <P Name="Labels">[-1, 0]</P>
        <P Name="Dst">76876#in:2</P>
      </Branch>
    </Branch>
  </Line>
  <Line>
    <P Name="ZOrder">60</P>
    <P Name="Src">76870#out:1</P>
    <P Name="Dst">76881#in:1</P>
  </Line>
  <Line>
    <P Name="ZOrder">61</P>
    <P Name="Src">76881#out:1</P>
    <P Name="Dst">76883#in:1</P>
  </Line>
  <Annotation SID="76889">
    <P Name="Name">Um numerische Probleme zu
vermeiden, wird hier eine Saturiierung
benutzt.</P>
    <P Name="Position">[703, 428, 873, 466]</P>
    <P Name="InternalMargins">[0, 0, 0, 0]</P>
    <P Name="ZOrder">-1</P>
  </Annotation>
  <Annotation SID="76888">
    <P Name="Name">Outputs [size]:

roll angle [1]
pitch angle [1]
yaw angle [1]</P>
    <P Name="Position">[1235, 385, 1300, 447]</P>
    <P Name="InternalMargins">[0, 0, 0, 0]</P>
    <P Name="HorizontalAlignment">center</P>
    <P Name="VerticalAlignment">middle</P>
    <P Name="ZOrder">-2</P>
  </Annotation>
  <Annotation SID="76887">
    <P Name="Name">Inputs [size]:

quaternion [4]</P>
    <P Name="Position">[91, 259, 153, 297]</P>
    <P Name="InternalMargins">[0, 0, 0, 0]</P>
    <P Name="HorizontalAlignment">center</P>
    <P Name="VerticalAlignment">middle</P>
    <P Name="ZOrder">-3</P>
  </Annotation>
</System>
