<?xml version="1.0" encoding="utf-8"?>
<System>
  <P Name="Location">[-1927, -543, 8, 632]</P>
  <P Name="SystemRect">[0.000000, 0.000000, 0.000000, 0.000000]</P>
  <P Name="SetExecutionDomain">off</P>
  <P Name="ExecutionDomainType">Deduce</P>
  <P Name="SimulinkSubDomain">Simulink</P>
  <Block BlockType="Inport" Name="q" SID="78808">
    <P Name="Position">[100, 303, 130, 317]</P>
    <P Name="ZOrder">102</P>
    <P Name="BackgroundColor">yellow</P>
  </Block>
  <Block BlockType="Sum" Name="Add" SID="78809">
    <P Name="Ports">[4, 1]</P>
    <P Name="Position">[315, 395, 345, 565]</P>
    <P Name="ZOrder">101</P>
    <P Name="ShowName">off</P>
    <P Name="IconShape">rectangular</P>
    <P Name="Inputs">++++</P>
  </Block>
  <Block BlockType="Demux" Name="Demux" SID="78810">
    <P Name="Ports">[1, 4]</P>
    <P Name="Position">[185, 393, 190, 547]</P>
    <P Name="ZOrder">100</P>
    <P Name="BackgroundColor">black</P>
    <P Name="ShowName">off</P>
    <P Name="Outputs">[1;1;1;1]</P>
  </Block>
  <Block BlockType="Math" Name="Math&#xA;Function" SID="78811">
    <P Name="Ports">[1, 1]</P>
    <P Name="Position">[380, 465, 410, 495]</P>
    <P Name="ZOrder">99</P>
    <P Name="ShowName">off</P>
    <P Name="Operator">sqrt</P>
    <P Name="SignedPower">on</P>
  </Block>
  <Block BlockType="Product" Name="Product" SID="78812">
    <P Name="Ports">[2, 1]</P>
    <P Name="Position">[465, 298, 515, 347]</P>
    <P Name="ZOrder">98</P>
    <P Name="Inputs">*/</P>
    <P Name="InputSameDT">on</P>
    <P Name="OutDataTypeStr">Inherit: Same as first input</P>
    <P Name="RndMeth">Zero</P>
    <P Name="SaturateOnIntegerOverflow">on</P>
  </Block>
  <Block BlockType="Product" Name="Product1" SID="78813">
    <P Name="Ports">[2, 1]</P>
    <P Name="Position">[255, 402, 285, 433]</P>
    <P Name="ZOrder">97</P>
    <P Name="ShowName">off</P>
    <P Name="RndMeth">Zero</P>
  </Block>
  <Block BlockType="Product" Name="Product2" SID="78814">
    <P Name="Ports">[2, 1]</P>
    <P Name="Position">[255, 442, 285, 473]</P>
    <P Name="ZOrder">96</P>
    <P Name="ShowName">off</P>
    <P Name="RndMeth">Zero</P>
  </Block>
  <Block BlockType="Product" Name="Product3" SID="78815">
    <P Name="Ports">[2, 1]</P>
    <P Name="Position">[255, 482, 285, 513]</P>
    <P Name="ZOrder">95</P>
    <P Name="ShowName">off</P>
    <P Name="RndMeth">Zero</P>
  </Block>
  <Block BlockType="Product" Name="Product4" SID="78816">
    <P Name="Ports">[2, 1]</P>
    <P Name="Position">[255, 522, 285, 553]</P>
    <P Name="ZOrder">94</P>
    <P Name="ShowName">off</P>
    <P Name="RndMeth">Zero</P>
  </Block>
  <Block BlockType="Outport" Name="q_normalized" SID="78817">
    <P Name="Position">[540, 318, 570, 332]</P>
    <P Name="ZOrder">93</P>
    <P Name="BackgroundColor">orange</P>
    <P Name="VectorParamsAs1DForOutWhenUnconnected">off</P>
  </Block>
  <Line>
    <P Name="ZOrder">1</P>
    <P Name="Src">78811#out:1</P>
    <P Name="Points">[15, 0; 0, -145]</P>
    <P Name="Dst">78812#in:2</P>
  </Line>
  <Line>
    <P Name="ZOrder">2</P>
    <P Name="Src">78809#out:1</P>
    <P Name="Dst">78811#in:1</P>
  </Line>
  <Line>
    <P Name="ZOrder">3</P>
    <P Name="Src">78813#out:1</P>
    <P Name="Dst">78809#in:1</P>
  </Line>
  <Line>
    <P Name="ZOrder">4</P>
    <P Name="Src">78814#out:1</P>
    <P Name="Dst">78809#in:2</P>
  </Line>
  <Line>
    <P Name="ZOrder">5</P>
    <P Name="Src">78815#out:1</P>
    <P Name="Dst">78809#in:3</P>
  </Line>
  <Line>
    <P Name="ZOrder">6</P>
    <P Name="Src">78816#out:1</P>
    <P Name="Dst">78809#in:4</P>
  </Line>
  <Line>
    <P Name="ZOrder">7</P>
    <P Name="Src">78810#out:4</P>
    <P Name="Points">[30, 0]</P>
    <Branch>
      <P Name="ZOrder">8</P>
      <P Name="Points">[0, 15]</P>
      <P Name="Dst">78816#in:2</P>
    </Branch>
    <Branch>
      <P Name="ZOrder">9</P>
      <P Name="Dst">78816#in:1</P>
    </Branch>
  </Line>
  <Line>
    <P Name="ZOrder">10</P>
    <P Name="Src">78810#out:3</P>
    <P Name="Points">[30, 0]</P>
    <Branch>
      <P Name="ZOrder">11</P>
      <P Name="Points">[0, 15]</P>
      <P Name="Dst">78815#in:2</P>
    </Branch>
    <Branch>
      <P Name="ZOrder">12</P>
      <P Name="Dst">78815#in:1</P>
    </Branch>
  </Line>
  <Line>
    <P Name="ZOrder">13</P>
    <P Name="Src">78810#out:2</P>
    <P Name="Points">[30, 0]</P>
    <Branch>
      <P Name="ZOrder">14</P>
      <P Name="Points">[0, 15]</P>
      <P Name="Dst">78814#in:2</P>
    </Branch>
    <Branch>
      <P Name="ZOrder">15</P>
      <P Name="Dst">78814#in:1</P>
    </Branch>
  </Line>
  <Line>
    <P Name="ZOrder">16</P>
    <P Name="Src">78810#out:1</P>
    <P Name="Points">[30, 0]</P>
    <Branch>
      <P Name="ZOrder">17</P>
      <P Name="Points">[0, 15]</P>
      <P Name="Dst">78813#in:2</P>
    </Branch>
    <Branch>
      <P Name="ZOrder">18</P>
      <P Name="Dst">78813#in:1</P>
    </Branch>
  </Line>
  <Line>
    <P Name="ZOrder">19</P>
    <P Name="Src">78808#out:1</P>
    <P Name="Points">[15, 0]</P>
    <Branch>
      <P Name="ZOrder">20</P>
      <P Name="Points">[0, 160]</P>
      <P Name="Dst">78810#in:1</P>
    </Branch>
    <Branch>
      <P Name="ZOrder">21</P>
      <P Name="Dst">78812#in:1</P>
    </Branch>
  </Line>
  <Line>
    <P Name="ZOrder">22</P>
    <P Name="Src">78812#out:1</P>
    <P Name="Dst">78817#in:1</P>
  </Line>
  <Annotation SID="78819">
    <P Name="Name">Outputs [size]:

q_norm [4]</P>
    <P Name="Position">[465, 196, 530, 234]</P>
    <P Name="InternalMargins">[0, 0, 0, 0]</P>
    <P Name="HorizontalAlignment">center</P>
    <P Name="VerticalAlignment">middle</P>
    <P Name="ZOrder">-1</P>
  </Annotation>
  <Annotation SID="78818">
    <P Name="Name">Inputs [size]:

q [4]</P>
    <P Name="Position">[77, 206, 135, 244]</P>
    <P Name="InternalMargins">[0, 0, 0, 0]</P>
    <P Name="HorizontalAlignment">center</P>
    <P Name="VerticalAlignment">middle</P>
    <P Name="ZOrder">-2</P>
  </Annotation>
</System>
