<?xml version="1.0" encoding="utf-8"?>
<System>
  <P Name="Location">[-7, -7, 1543, 831]</P>
  <P Name="SystemRect">[0.000000, 0.000000, 0.000000, 0.000000]</P>
  <P Name="SetExecutionDomain">off</P>
  <P Name="ExecutionDomainType">Deduce</P>
  <P Name="SimulinkSubDomain">Simulink</P>
  <Block BlockType="Inport" Name="Signal Sent" SID="80603">
    <P Name="Position">[0, 103, 30, 117]</P>
    <P Name="ZOrder">22141</P>
  </Block>
  <Block BlockType="DiscretePulseGenerator" Name="Pulse&#xA;Generator1" SID="80604">
    <P Name="Ports">[0, 1]</P>
    <P Name="Position">[80, 19, 110, 51]</P>
    <P Name="ZOrder">21960</P>
    <P Name="PulseType">Time based</P>
    <P Name="Period">0.01</P>
    <P Name="PulseWidth">50</P>
  </Block>
  <Block BlockType="SubSystem" Name="Triggered&#xA;Subsystem" SID="80605">
    <P Name="Ports">[1, 1, 0, 1]</P>
    <P Name="Position">[80, 84, 195, 136]</P>
    <P Name="ZOrder">22139</P>
    <P Name="TreatAsAtomicUnit">on</P>
    <P Name="RequestExecContextInheritance">off</P>
    <P Name="ContentPreviewEnabled">on</P>
    <System Ref="system_80605"/>
  </Block>
  <Block BlockType="Outport" Name="Signal Recieved" SID="80609">
    <P Name="Position">[315, 103, 345, 117]</P>
    <P Name="ZOrder">22142</P>
  </Block>
  <Line>
    <P Name="ZOrder">1</P>
    <P Name="Src">80604#out:1</P>
    <P Name="Points">[20, 0]</P>
    <P Name="Dst">80605#trigger</P>
  </Line>
  <Line>
    <P Name="ZOrder">2</P>
    <P Name="Src">80603#out:1</P>
    <P Name="Dst">80605#in:1</P>
  </Line>
  <Line>
    <P Name="ZOrder">3</P>
    <P Name="Src">80605#out:1</P>
    <P Name="Dst">80609#in:1</P>
  </Line>
</System>
