<?xml version="1.0" encoding="utf-8"?>
<System>
  <P Name="Location">[-7, -7, 1481, 871]</P>
  <P Name="SystemRect">[0.000000, 0.000000, 0.000000, 0.000000]</P>
  <P Name="SetExecutionDomain">off</P>
  <P Name="ExecutionDomainType">Deduce</P>
  <P Name="ZoomFactor">123</P>
  <P Name="SimulinkSubDomain">Simulink</P>
  <Block BlockType="Inport" Name="TIE" SID="79335">
    <P Name="Position">[125, 13, 155, 27]</P>
    <P Name="ZOrder">1675</P>
    <P Name="BackgroundColor">yellow</P>
    <Port>
      <P Name="PortNumber">1</P>
      <P Name="PropagatedSignals">TIE</P>
      <P Name="ShowPropagatedSignals">on</P>
    </Port>
  </Block>
  <Block BlockType="Inport" Name="pBII" SID="79336">
    <P Name="Position">[40, 68, 70, 82]</P>
    <P Name="ZOrder">1676</P>
    <P Name="BackgroundColor">yellow</P>
    <P Name="Port">2</P>
    <Port>
      <P Name="PortNumber">1</P>
      <P Name="PropagatedSignals">pBII</P>
      <P Name="ShowPropagatedSignals">on</P>
    </Port>
  </Block>
  <Block BlockType="Constant" Name="Constant" SID="79337">
    <P Name="Position">[420, -110, 450, -80]</P>
    <P Name="ZOrder">3388</P>
    <P Name="ShowName">off</P>
    <P Name="Value">lon_0</P>
  </Block>
  <Block BlockType="Constant" Name="Constant1" SID="79338">
    <P Name="Position">[535, -20, 605, 10]</P>
    <P Name="ZOrder">1686</P>
    <P Name="ShowName">off</P>
    <P Name="Value">flag_I_flat</P>
  </Block>
  <Block BlockType="Constant" Name="Constant2" SID="79339">
    <P Name="Position">[420, -75, 450, -45]</P>
    <P Name="ZOrder">3389</P>
    <P Name="ShowName">off</P>
    <P Name="Value">lat_0</P>
  </Block>
  <Block BlockType="Demux" Name="Demux" SID="79340">
    <P Name="Ports">[1, 3]</P>
    <P Name="Position">[340, -122, 345, -8]</P>
    <P Name="ZOrder">3384</P>
    <P Name="ShowName">off</P>
    <P Name="Outputs">3</P>
  </Block>
  <Block BlockType="Demux" Name="Demux1" SID="79341">
    <P Name="Ports">[1, 3]</P>
    <P Name="Position">[730, -57, 735, 47]</P>
    <P Name="ZOrder">3390</P>
    <P Name="ShowName">off</P>
    <P Name="Outputs">3</P>
    <Port>
      <P Name="PortNumber">1</P>
      <P Name="Name">lon</P>
      <P Name="TestPoint">on</P>
      <P Name="DataLogging">on</P>
      <P Name="DataLoggingDecimateData">on</P>
      <P Name="DataLoggingDecimation">SL_decimation</P>
    </Port>
    <Port>
      <P Name="PortNumber">2</P>
      <P Name="Name">lat</P>
      <P Name="TestPoint">on</P>
      <P Name="DataLogging">on</P>
      <P Name="DataLoggingDecimateData">on</P>
      <P Name="DataLoggingDecimation">SL_decimation</P>
    </Port>
    <Port>
      <P Name="PortNumber">3</P>
      <P Name="Name">hBE</P>
      <P Name="TestPoint">on</P>
      <P Name="DataLogging">on</P>
      <P Name="DataLoggingDecimateData">on</P>
      <P Name="DataLoggingDecimation">SL_decimation</P>
    </Port>
  </Block>
  <Block BlockType="Gain" Name="Gain" SID="79342">
    <P Name="Position">[400, -40, 430, -10]</P>
    <P Name="ZOrder">3387</P>
    <P Name="ShowName">off</P>
    <P Name="Gain">-1</P>
  </Block>
  <Block BlockType="Math" Name="Math&#xA;Function" SID="79343">
    <P Name="Ports">[1, 1]</P>
    <P Name="Position">[205, 5, 235, 35]</P>
    <P Name="ZOrder">3371</P>
    <P Name="Operator">transpose</P>
    <P Name="SignedPower">on</P>
    <Port>
      <P Name="PortNumber">1</P>
      <P Name="Name">TEI</P>
    </Port>
  </Block>
  <Block BlockType="Product" Name="Product" SID="79344">
    <P Name="Ports">[2, 1]</P>
    <P Name="Position">[275, -6, 315, 101]</P>
    <P Name="ZOrder">1674</P>
    <P Name="ShowName">off</P>
    <P Name="Multiplication">Matrix(*)</P>
    <Port>
      <P Name="PortNumber">1</P>
      <P Name="Name">pBEE</P>
    </Port>
  </Block>
  <Block BlockType="Switch" Name="Switch" SID="79345">
    <P Name="Position">[645, -85, 710, 75]</P>
    <P Name="ZOrder">1681</P>
    <P Name="Criteria">u2 &gt; Threshold</P>
    <P Name="InputSameDT">off</P>
    <P Name="SaturateOnIntegerOverflow">off</P>
  </Block>
  <Block BlockType="Terminator" Name="Terminator" SID="79346">
    <P Name="Position">[380, -115, 400, -95]</P>
    <P Name="ZOrder">3385</P>
  </Block>
  <Block BlockType="Terminator" Name="Terminator1" SID="79347">
    <P Name="Position">[380, -75, 400, -55]</P>
    <P Name="ZOrder">3386</P>
  </Block>
  <Block BlockType="Concatenate" Name="Vector&#xA;Concatenate" SID="79348">
    <P Name="Ports">[3, 1]</P>
    <P Name="Position">[475, 3, 480, 97]</P>
    <P Name="ZOrder">1683</P>
    <P Name="ShowName">off</P>
    <P Name="NumInputs">3</P>
  </Block>
  <Block BlockType="Concatenate" Name="Vector&#xA;Concatenate1" SID="79349">
    <P Name="Ports">[3, 1]</P>
    <P Name="Position">[475, -114, 480, -6]</P>
    <P Name="ZOrder">3383</P>
    <P Name="ShowName">off</P>
    <P Name="NumInputs">3</P>
  </Block>
  <Block BlockType="SubSystem" Name="trafo_E_to_geodetic" SID="79350">
    <P Name="Ports">[1, 3]</P>
    <P Name="Position">[360, 2, 445, 98]</P>
    <P Name="ZOrder">1611</P>
    <P Name="RequestExecContextInheritance">off</P>
    <P Name="ContentPreviewEnabled">on</P>
    <Mask>
      <Type>Transformation der ECEF Position in geodätische Größen</Type>
      <Display/>
      <Description>Dieser Block transformiert die Position im ECEF KOS in die geodätische Länge, Breite und Höhe</Description>
      <Initialization>[c_mue, c_rsma, c_flat] = init_transformations_earth;</Initialization>
      <Help>Name:

    trafo_E_to_geodetic

Beschreibung:

    Dieser Block transformiert die Position im ECEF KOS in die geodätische 
    Länge, Breite und Höhe.

Inputs   [size]  [data type] [unit]:

    pBEE    [3] [double] [m]

Outputs  [size]  [data type] [unit]:

    long  [1] [double] [rad]
    lat   [1] [double] [rad]
    alt   [1] [double] [m]

Parameter

   c_rsma
   c_flat
</Help>
    </Mask>
    <Port>
      <P Name="PortNumber">1</P>
      <P Name="Name">lon</P>
    </Port>
    <Port>
      <P Name="PortNumber">2</P>
      <P Name="Name">lat</P>
    </Port>
    <Port>
      <P Name="PortNumber">3</P>
      <P Name="Name">alt</P>
    </Port>
    <System Ref="system_79350"/>
  </Block>
  <Block BlockType="Outport" Name="lon" SID="79438">
    <P Name="Position">[790, -47, 820, -33]</P>
    <P Name="ZOrder">1677</P>
    <P Name="BackgroundColor">orange</P>
    <P Name="VectorParamsAs1DForOutWhenUnconnected">off</P>
  </Block>
  <Block BlockType="Outport" Name="lat" SID="79439">
    <P Name="Position">[790, -12, 820, 2]</P>
    <P Name="ZOrder">1678</P>
    <P Name="BackgroundColor">orange</P>
    <P Name="Port">2</P>
    <P Name="VectorParamsAs1DForOutWhenUnconnected">off</P>
  </Block>
  <Block BlockType="Outport" Name="hBE" SID="79440">
    <P Name="Position">[790, 23, 820, 37]</P>
    <P Name="ZOrder">1679</P>
    <P Name="BackgroundColor">orange</P>
    <P Name="Port">3</P>
    <P Name="VectorParamsAs1DForOutWhenUnconnected">off</P>
  </Block>
  <Line>
    <P Name="Name">lat</P>
    <P Name="ZOrder">1</P>
    <P Name="Labels">[0, 1]</P>
    <P Name="Src">79341#out:2</P>
    <P Name="Dst">79439#in:1</P>
  </Line>
  <Line>
    <P Name="ZOrder">2</P>
    <P Name="Labels">[0, 1]</P>
    <P Name="Src">79336#out:1</P>
    <P Name="Points">[42, 0]</P>
    <Branch>
      <P Name="ZOrder">3</P>
      <P Name="Points">[0, -140]</P>
      <P Name="Dst">79340#in:1</P>
    </Branch>
    <Branch>
      <P Name="ZOrder">4</P>
      <P Name="Dst">79344#in:2</P>
    </Branch>
  </Line>
  <Line>
    <P Name="Name">pBEE</P>
    <P Name="ZOrder">5</P>
    <P Name="Labels">[0, 1]</P>
    <P Name="Src">79344#out:1</P>
    <P Name="Dst">79350#in:1</P>
  </Line>
  <Line>
    <P Name="Name">lon</P>
    <P Name="ZOrder">6</P>
    <P Name="Labels">[0, 1]</P>
    <P Name="Src">79341#out:1</P>
    <P Name="Dst">79438#in:1</P>
  </Line>
  <Line>
    <P Name="Name">hBE</P>
    <P Name="ZOrder">7</P>
    <P Name="Labels">[0, 1]</P>
    <P Name="Src">79341#out:3</P>
    <P Name="Dst">79440#in:1</P>
  </Line>
  <Line>
    <P Name="Name">lon</P>
    <P Name="ZOrder">8</P>
    <P Name="Labels">[0, 1]</P>
    <P Name="Src">79350#out:1</P>
    <P Name="Dst">79348#in:1</P>
  </Line>
  <Line>
    <P Name="Name">lat</P>
    <P Name="ZOrder">9</P>
    <P Name="Labels">[0, 1]</P>
    <P Name="Src">79350#out:2</P>
    <P Name="Dst">79348#in:2</P>
  </Line>
  <Line>
    <P Name="Name">alt</P>
    <P Name="ZOrder">10</P>
    <P Name="Labels">[0, 1]</P>
    <P Name="Src">79350#out:3</P>
    <P Name="Dst">79348#in:3</P>
  </Line>
  <Line>
    <P Name="ZOrder">11</P>
    <P Name="Src">79340#out:1</P>
    <P Name="Dst">79346#in:1</P>
  </Line>
  <Line>
    <P Name="ZOrder">12</P>
    <P Name="Src">79340#out:2</P>
    <P Name="Dst">79347#in:1</P>
  </Line>
  <Line>
    <P Name="ZOrder">13</P>
    <P Name="Src">79340#out:3</P>
    <P Name="Dst">79342#in:1</P>
  </Line>
  <Line>
    <P Name="ZOrder">14</P>
    <P Name="Src">79342#out:1</P>
    <P Name="Dst">79349#in:3</P>
  </Line>
  <Line>
    <P Name="ZOrder">15</P>
    <P Name="Src">79337#out:1</P>
    <P Name="Dst">79349#in:1</P>
  </Line>
  <Line>
    <P Name="ZOrder">16</P>
    <P Name="Src">79339#out:1</P>
    <P Name="Dst">79349#in:2</P>
  </Line>
  <Line>
    <P Name="ZOrder">17</P>
    <P Name="Src">79348#out:1</P>
    <P Name="Dst">79345#in:3</P>
  </Line>
  <Line>
    <P Name="ZOrder">18</P>
    <P Name="Src">79338#out:1</P>
    <P Name="Dst">79345#in:2</P>
  </Line>
  <Line>
    <P Name="ZOrder">19</P>
    <P Name="Src">79349#out:1</P>
    <P Name="Dst">79345#in:1</P>
  </Line>
  <Line>
    <P Name="ZOrder">20</P>
    <P Name="Src">79345#out:1</P>
    <P Name="Dst">79341#in:1</P>
  </Line>
  <Line>
    <P Name="ZOrder">21</P>
    <P Name="Labels">[0, 1]</P>
    <P Name="Src">79335#out:1</P>
    <P Name="Dst">79343#in:1</P>
  </Line>
  <Line>
    <P Name="Name">TEI</P>
    <P Name="ZOrder">22</P>
    <P Name="Labels">[1, 0]</P>
    <P Name="Src">79343#out:1</P>
    <P Name="Dst">79344#in:1</P>
  </Line>
</System>
