<?xml version="1.0" encoding="utf-8"?>
<System>
  <P Name="Location">[1913, -7, 3847, 1167]</P>
  <P Name="SystemRect">[0.000000, 0.000000, 0.000000, 0.000000]</P>
  <P Name="SetExecutionDomain">off</P>
  <P Name="ExecutionDomainType">Deduce</P>
  <P Name="ZoomFactor">175</P>
  <P Name="SimulinkSubDomain">Simulink</P>
  <Block BlockType="Inport" Name="FCC Data" SID="80385">
    <P Name="Position">[-215, 52, -185, 68]</P>
    <P Name="ZOrder">1</P>
    <P Name="BackgroundColor">cyan</P>
  </Block>
  <Block BlockType="BusCreator" Name="Bus&#xA;Creator" SID="80386">
    <P Name="Ports">[4, 1]</P>
    <P Name="Position">[170, -32, 185, 147]</P>
    <P Name="ZOrder">22044</P>
    <P Name="BackgroundColor">cyan</P>
    <P Name="ShowName">off</P>
    <P Name="Inputs">4</P>
    <P Name="DisplayOption">bar</P>
    <P Name="InheritFromInputs">on</P>
  </Block>
  <Block BlockType="BusSelector" Name="Bus&#xA;Selector" SID="80387">
    <P Name="Ports">[1, 4]</P>
    <P Name="Position">[-135, -30, -120, 145]</P>
    <P Name="ZOrder">22037</P>
    <P Name="BackgroundColor">cyan</P>
    <P Name="ShowName">off</P>
    <P Name="OutputSignals">Control Surface Cmd.Fin_1_Cmd_rad,Control Surface Cmd.Fin_2_Cmd_rad,Control Surface Cmd.Fin_3_Cmd_rad,Control Surface Cmd.Fin_4_Cmd_rad</P>
    <Port>
      <P Name="PortNumber">1</P>
      <P Name="Name">&lt;Fin_1_Cmd_rad&gt;</P>
    </Port>
    <Port>
      <P Name="PortNumber">2</P>
      <P Name="Name">&lt;Fin_2_Cmd_rad&gt;</P>
    </Port>
    <Port>
      <P Name="PortNumber">3</P>
      <P Name="Name">&lt;Fin_3_Cmd_rad&gt;</P>
    </Port>
    <Port>
      <P Name="PortNumber">4</P>
      <P Name="Name">&lt;Fin_4_Cmd_rad&gt;</P>
    </Port>
  </Block>
  <Block BlockType="TransferFcn" Name="Transfer Fcn1" SID="80388">
    <P Name="Position">[-25, -27, 100, 7]</P>
    <P Name="ZOrder">22039</P>
    <P Name="BackgroundColor">cyan</P>
    <P Name="Numerator">33770</P>
    <P Name="Denominator">[1 395.7 33770]</P>
    <Port>
      <P Name="PortNumber">1</P>
      <P Name="Name">Fin_1</P>
    </Port>
  </Block>
  <Block BlockType="TransferFcn" Name="Transfer Fcn2" SID="80389">
    <P Name="Position">[-25, 18, 100, 52]</P>
    <P Name="ZOrder">22040</P>
    <P Name="BackgroundColor">cyan</P>
    <P Name="Numerator">33770</P>
    <P Name="Denominator">[1 395.7 33770]</P>
    <Port>
      <P Name="PortNumber">1</P>
      <P Name="Name">Fin_2</P>
    </Port>
  </Block>
  <Block BlockType="TransferFcn" Name="Transfer Fcn3" SID="80390">
    <P Name="Position">[-25, 63, 100, 97]</P>
    <P Name="ZOrder">22041</P>
    <P Name="BackgroundColor">cyan</P>
    <P Name="Numerator">33770</P>
    <P Name="Denominator">[1 395.7 33770]</P>
    <Port>
      <P Name="PortNumber">1</P>
      <P Name="Name">Fin_3</P>
    </Port>
  </Block>
  <Block BlockType="TransferFcn" Name="Transfer Fcn4" SID="80391">
    <P Name="Position">[-25, 108, 100, 142]</P>
    <P Name="ZOrder">22042</P>
    <P Name="BackgroundColor">cyan</P>
    <P Name="Numerator">33770</P>
    <P Name="Denominator">[1 395.7 33770]</P>
    <Port>
      <P Name="PortNumber">1</P>
      <P Name="Name">Fin_4</P>
    </Port>
  </Block>
  <Block BlockType="Outport" Name="Fin Deflections" SID="80392">
    <P Name="Position">[225, 52, 255, 68]</P>
    <P Name="ZOrder">2</P>
    <P Name="BackgroundColor">cyan</P>
  </Block>
  <Line>
    <P Name="ZOrder">1</P>
    <P Name="Src">80385#out:1</P>
    <P Name="Dst">80387#in:1</P>
  </Line>
  <Line>
    <P Name="Name">&lt;Fin_1_Cmd_rad&gt;</P>
    <P Name="ZOrder">2</P>
    <P Name="Labels">[0, 0]</P>
    <P Name="Src">80387#out:1</P>
    <P Name="Dst">80388#in:1</P>
  </Line>
  <Line>
    <P Name="Name">&lt;Fin_2_Cmd_rad&gt;</P>
    <P Name="ZOrder">3</P>
    <P Name="Labels">[0, 0]</P>
    <P Name="Src">80387#out:2</P>
    <P Name="Dst">80389#in:1</P>
  </Line>
  <Line>
    <P Name="Name">&lt;Fin_3_Cmd_rad&gt;</P>
    <P Name="ZOrder">4</P>
    <P Name="Labels">[0, 0]</P>
    <P Name="Src">80387#out:3</P>
    <P Name="Dst">80390#in:1</P>
  </Line>
  <Line>
    <P Name="Name">&lt;Fin_4_Cmd_rad&gt;</P>
    <P Name="ZOrder">5</P>
    <P Name="Labels">[0, 0]</P>
    <P Name="Src">80387#out:4</P>
    <P Name="Dst">80391#in:1</P>
  </Line>
  <Line>
    <P Name="ZOrder">6</P>
    <P Name="Src">80386#out:1</P>
    <P Name="Dst">80392#in:1</P>
  </Line>
  <Line>
    <P Name="Name">Fin_1</P>
    <P Name="ZOrder">7</P>
    <P Name="Labels">[0, 0]</P>
    <P Name="Src">80388#out:1</P>
    <P Name="Dst">80386#in:1</P>
  </Line>
  <Line>
    <P Name="Name">Fin_2</P>
    <P Name="ZOrder">8</P>
    <P Name="Labels">[0, 0]</P>
    <P Name="Src">80389#out:1</P>
    <P Name="Dst">80386#in:2</P>
  </Line>
  <Line>
    <P Name="Name">Fin_3</P>
    <P Name="ZOrder">9</P>
    <P Name="Labels">[0, 0]</P>
    <P Name="Src">80390#out:1</P>
    <P Name="Dst">80386#in:3</P>
  </Line>
  <Line>
    <P Name="Name">Fin_4</P>
    <P Name="ZOrder">10</P>
    <P Name="Labels">[0, 0]</P>
    <P Name="Src">80391#out:1</P>
    <P Name="Dst">80386#in:4</P>
  </Line>
</System>
