<?xml version="1.0" encoding="utf-8"?>
<System>
  <P Name="Location">[-1927, 6, 7, 1180]</P>
  <P Name="SystemRect">[0.000000, 0.000000, 0.000000, 0.000000]</P>
  <P Name="SetExecutionDomain">off</P>
  <P Name="ExecutionDomainType">Deduce</P>
  <P Name="ZoomFactor">150</P>
  <P Name="SimulinkSubDomain">Simulink</P>
  <Block BlockType="Inport" Name="h_geop_ref" SID="75467">
    <P Name="Position">[250, 23, 280, 37]</P>
    <P Name="ZOrder">252</P>
    <P Name="BackgroundColor">yellow</P>
    <Port>
      <P Name="PortNumber">1</P>
      <P Name="PropagatedSignals">h_geop_ref</P>
      <P Name="ShowPropagatedSignals">on</P>
    </Port>
  </Block>
  <Block BlockType="Inport" Name="h_geop" SID="75468">
    <P Name="Position">[250, 73, 280, 87]</P>
    <P Name="ZOrder">253</P>
    <P Name="BackgroundColor">yellow</P>
    <P Name="Port">2</P>
    <Port>
      <P Name="PortNumber">1</P>
      <P Name="PropagatedSignals">h_geop</P>
      <P Name="ShowPropagatedSignals">on</P>
    </Port>
  </Block>
  <Block BlockType="Inport" Name="Tmp_ref" SID="75469">
    <P Name="Position">[250, 108, 280, 122]</P>
    <P Name="ZOrder">254</P>
    <P Name="BackgroundColor">yellow</P>
    <P Name="Port">3</P>
    <Port>
      <P Name="PortNumber">1</P>
      <P Name="PropagatedSignals">Tmp_ref</P>
      <P Name="ShowPropagatedSignals">on</P>
    </Port>
  </Block>
  <Block BlockType="Inport" Name="pa_ref" SID="75470">
    <P Name="Position">[250, 218, 280, 232]</P>
    <P Name="ZOrder">256</P>
    <P Name="BackgroundColor">yellow</P>
    <P Name="Port">4</P>
    <Port>
      <P Name="PortNumber">1</P>
      <P Name="PropagatedSignals">pa_ref</P>
      <P Name="ShowPropagatedSignals">on</P>
    </Port>
  </Block>
  <Block BlockType="Sum" Name="Add" SID="75471">
    <P Name="Ports">[2, 1]</P>
    <P Name="Position">[575, 72, 595, 128]</P>
    <P Name="ZOrder">247</P>
    <P Name="ShowName">off</P>
    <P Name="IconShape">rectangular</P>
  </Block>
  <Block BlockType="Constant" Name="Constant1" SID="75472">
    <P Name="Position">[470, 70, 500, 100]</P>
    <P Name="ZOrder">248</P>
    <P Name="ShowName">off</P>
  </Block>
  <Block BlockType="Product" Name="Divide" SID="75473">
    <P Name="Ports">[3, 1]</P>
    <P Name="Position">[420, 21, 445, 209]</P>
    <P Name="ZOrder">245</P>
    <P Name="ShowName">off</P>
    <P Name="Inputs">*/*</P>
  </Block>
  <Block BlockType="Math" Name="Math&#xA;Function" SID="75474">
    <P Name="Ports">[2, 1]</P>
    <P Name="Position">[705, 65, 730, 200]</P>
    <P Name="ZOrder">249</P>
    <P Name="ShowName">off</P>
    <P Name="Operator">pow</P>
    <P Name="SignedPower">on</P>
  </Block>
  <Block BlockType="Product" Name="Product" SID="75475">
    <P Name="Ports">[2, 1]</P>
    <P Name="Position">[825, 89, 850, 271]</P>
    <P Name="ZOrder">251</P>
    <P Name="ShowName">off</P>
    <Port>
      <P Name="PortNumber">1</P>
      <P Name="Name">pa</P>
    </Port>
  </Block>
  <Block BlockType="Sum" Name="Subtract" SID="75476">
    <P Name="Ports">[2, 1]</P>
    <P Name="Position">[360, 6, 385, 104]</P>
    <P Name="ZOrder">243</P>
    <P Name="ShowName">off</P>
    <P Name="IconShape">rectangular</P>
    <P Name="Inputs">-+</P>
  </Block>
  <Block BlockType="Constant" Name="Tmp_gradient_tropo" SID="75477">
    <P Name="Position">[290, 165, 370, 185]</P>
    <P Name="ZOrder">258</P>
    <P Name="Value">c_be</P>
  </Block>
  <Block BlockType="Constant" Name="pressure_exponent" SID="75478">
    <P Name="Position">[550, 155, 620, 175]</P>
    <P Name="ZOrder">250</P>
    <P Name="Value">c_pe</P>
  </Block>
  <Block BlockType="Outport" Name="pa" SID="75479">
    <P Name="Position">[955, 173, 985, 187]</P>
    <P Name="ZOrder">257</P>
    <P Name="BackgroundColor">orange</P>
    <P Name="VectorParamsAs1DForOutWhenUnconnected">off</P>
  </Block>
  <Line>
    <P Name="ZOrder">1</P>
    <P Name="Src">75478#out:1</P>
    <P Name="Dst">75474#in:2</P>
  </Line>
  <Line>
    <P Name="ZOrder">2</P>
    <P Name="Labels">[0, 1]</P>
    <P Name="Src">75468#out:1</P>
    <P Name="Dst">75476#in:2</P>
  </Line>
  <Line>
    <P Name="ZOrder">3</P>
    <P Name="Src">75473#out:1</P>
    <P Name="Dst">75471#in:2</P>
  </Line>
  <Line>
    <P Name="ZOrder">4</P>
    <P Name="Labels">[0, 1]</P>
    <P Name="Src">75467#out:1</P>
    <P Name="Dst">75476#in:1</P>
  </Line>
  <Line>
    <P Name="ZOrder">5</P>
    <P Name="Labels">[0, 1]</P>
    <P Name="Src">75469#out:1</P>
    <P Name="Dst">75473#in:2</P>
  </Line>
  <Line>
    <P Name="ZOrder">6</P>
    <P Name="Src">75471#out:1</P>
    <P Name="Dst">75474#in:1</P>
  </Line>
  <Line>
    <P Name="ZOrder">7</P>
    <P Name="Labels">[0, 1]</P>
    <P Name="Src">75470#out:1</P>
    <P Name="Dst">75475#in:2</P>
  </Line>
  <Line>
    <P Name="ZOrder">8</P>
    <P Name="Src">75474#out:1</P>
    <P Name="Dst">75475#in:1</P>
  </Line>
  <Line>
    <P Name="ZOrder">9</P>
    <P Name="Src">75476#out:1</P>
    <P Name="Dst">75473#in:1</P>
  </Line>
  <Line>
    <P Name="ZOrder">10</P>
    <P Name="Src">75472#out:1</P>
    <P Name="Dst">75471#in:1</P>
  </Line>
  <Line>
    <P Name="Name">pa</P>
    <P Name="ZOrder">11</P>
    <P Name="Labels">[0, 1]</P>
    <P Name="Src">75475#out:1</P>
    <P Name="Dst">75479#in:1</P>
  </Line>
  <Line>
    <P Name="ZOrder">12</P>
    <P Name="Src">75477#out:1</P>
    <P Name="Dst">75473#in:3</P>
  </Line>
</System>
