<?xml version="1.0" encoding="utf-8"?>
<System>
  <P Name="Location">[-7, -7, 1481, 871]</P>
  <P Name="SystemRect">[0.000000, 0.000000, 0.000000, 0.000000]</P>
  <P Name="SetExecutionDomain">off</P>
  <P Name="ExecutionDomainType">Deduce</P>
  <P Name="SimulinkSubDomain">Simulink</P>
  <Block BlockType="Inport" Name="FBTB" SID="79805">
    <P Name="Position">[110, 53, 140, 67]</P>
    <P Name="ZOrder">-1</P>
    <P Name="BackgroundColor">yellow</P>
  </Block>
  <Block BlockType="Inport" Name="mB" SID="79806">
    <P Name="Position">[110, 88, 140, 102]</P>
    <P Name="ZOrder">2</P>
    <P Name="BackgroundColor">yellow</P>
    <P Name="Port">2</P>
  </Block>
  <Block BlockType="Inport" Name="JBB" SID="79807">
    <P Name="Position">[110, 298, 140, 312]</P>
    <P Name="ZOrder">899</P>
    <P Name="BackgroundColor">yellow</P>
    <P Name="Port">3</P>
  </Block>
  <Block BlockType="Inport" Name="MBTB" SID="79808">
    <P Name="Position">[110, 338, 140, 352]</P>
    <P Name="ZOrder">898</P>
    <P Name="BackgroundColor">yellow</P>
    <P Name="Port">4</P>
  </Block>
  <Block BlockType="Inport" Name="d_JBB" SID="79809">
    <P Name="Position">[110, 383, 140, 397]</P>
    <P Name="ZOrder">900</P>
    <P Name="BackgroundColor">yellow</P>
    <P Name="Port">5</P>
  </Block>
  <Block BlockType="Inport" Name="qIB" SID="79810">
    <P Name="Position">[110, 193, 140, 207]</P>
    <P Name="ZOrder">6</P>
    <P Name="BackgroundColor">yellow</P>
    <P Name="Port">6</P>
  </Block>
  <Block BlockType="Inport" Name="vBII" SID="79811">
    <P Name="Position">[110, -22, 140, -8]</P>
    <P Name="ZOrder">7</P>
    <P Name="BackgroundColor">yellow</P>
    <P Name="Port">7</P>
  </Block>
  <Block BlockType="Inport" Name="wBIB" SID="79812">
    <P Name="Position">[110, 233, 140, 247]</P>
    <P Name="ZOrder">901</P>
    <P Name="BackgroundColor">yellow</P>
    <P Name="Port">8</P>
  </Block>
  <Block BlockType="Product" Name="Divide" SID="79813">
    <P Name="Ports">[2, 1]</P>
    <P Name="Position">[245, 44, 275, 111]</P>
    <P Name="ZOrder">11</P>
    <P Name="ShowName">off</P>
    <P Name="Inputs">*/</P>
    <Port>
      <P Name="PortNumber">1</P>
      <P Name="Name">aBIB</P>
    </Port>
  </Block>
  <Block BlockType="Product" Name="Divide1" SID="79814">
    <P Name="Ports">[2, 1]</P>
    <P Name="Position">[535, 376, 565, 409]</P>
    <P Name="ZOrder">908</P>
    <P Name="ShowName">off</P>
    <P Name="Inputs">/*</P>
    <P Name="Multiplication">Matrix(*)</P>
  </Block>
  <Block BlockType="Product" Name="Product" SID="79815">
    <P Name="Ports">[2, 1]</P>
    <P Name="Position">[335, 380, 385, 415]</P>
    <P Name="ZOrder">904</P>
    <P Name="ShowName">off</P>
    <P Name="Multiplication">Matrix(*)</P>
  </Block>
  <Block BlockType="Product" Name="Product1" SID="79816">
    <P Name="Ports">[2, 1]</P>
    <P Name="Position">[245, 455, 295, 490]</P>
    <P Name="ZOrder">906</P>
    <P Name="ShowName">off</P>
    <P Name="Multiplication">Matrix(*)</P>
  </Block>
  <Block BlockType="Saturate" Name="Saturation" SID="79817">
    <P Name="Position">[170, 80, 200, 110]</P>
    <P Name="ZOrder">913</P>
    <P Name="AttributesFormatString">%&lt;UpperLimit&gt;
%&lt;LowerLimit&gt;</P>
    <P Name="UpperLimit">Inf</P>
    <P Name="LowerLimit">1e-6</P>
  </Block>
  <Block BlockType="Sum" Name="Subtract" SID="79818">
    <P Name="Ports">[3, 1]</P>
    <P Name="Position">[420, 318, 445, 482]</P>
    <P Name="ZOrder">903</P>
    <P Name="ShowName">off</P>
    <P Name="IconShape">rectangular</P>
    <P Name="Inputs">+--</P>
  </Block>
  <Block BlockType="SubSystem" Name="calc_d_qIB" SID="79819">
    <P Name="Ports">[2, 1]</P>
    <P Name="Position">[360, 182, 490, 258]</P>
    <P Name="ZOrder">910</P>
    <P Name="RequestExecContextInheritance">off</P>
    <System Ref="system_79819"/>
  </Block>
  <Block BlockType="SubSystem" Name="cross_product" SID="79855">
    <P Name="Ports">[2, 1]</P>
    <P Name="Position">[335, 425, 390, 480]</P>
    <P Name="ZOrder">912</P>
    <P Name="RequestExecContextInheritance">off</P>
    <P Name="ContentPreviewEnabled">on</P>
    <Mask>
      <Display>disp(&apos; r3 = r1 x r2&apos;)</Display>
      <Description>cross product r3 = r1 x r2</Description>
      <Help>Name:

    cross_product

Description:

    This block implements the cross product r3 = r1 x r2.

Inputs  [size] [data type] [unit]:

    vector 1  [3] [double] [-]
    vector 2  [3] [double] [-]

Outputs  [size] [data type] [unit]:

    resulting vector  [3] [double] [-]
</Help>
    </Mask>
    <System Ref="system_79855"/>
  </Block>
  <Block BlockType="SubSystem" Name="r2_from_r1_trans_q21" SID="79873">
    <P Name="Ports">[2, 1]</P>
    <P Name="Position">[360, 65, 495, 125]</P>
    <P Name="ZOrder">911</P>
    <P Name="HideAutomaticName">off</P>
    <P Name="RequestExecContextInheritance">off</P>
    <P Name="ContentPreviewEnabled">on</P>
    <Mask>
      <Display RunInitForIconRedraw="off">port_label(&apos;input&apos;, 1, &apos;r1&apos;)
port_label(&apos;input&apos;, 2, &apos;q21&apos;)
port_label(&apos;output&apos;, 1, &apos;r2&apos;)
disp(&apos;r_2 = q_{21} {\bf\cdot} r_1 {\bf\cdot} q_{21}^{\bf\prime}&apos;,&apos;texmode&apos;,&apos;on&apos;)</Display>
      <Description>transforms a vector from frame 1 to frame 2 by a quaternion</Description>
      <Help>Name:

    r2_from_r1_trans_q21

Description:

    This block implements the transformation of a vector from the frame 1 
    to the frame 2 using the appropriate quaternion.

Inputs  [size] [data type] [unit]:

    vector in frame 1  [3] [double] [-]
    attitude quaternion q21  [4] [double] [-]

Outputs  [size] [data type] [unit]:

    vector in frame 2  [3] [double] [-]
</Help>
    </Mask>
    <Port>
      <P Name="PortNumber">1</P>
      <P Name="Name">aBII</P>
    </Port>
    <System Ref="system_79873"/>
  </Block>
  <Block BlockType="Outport" Name="d_pBII" SID="79905">
    <P Name="Position">[595, -22, 625, -8]</P>
    <P Name="ZOrder">-2</P>
    <P Name="BackgroundColor">orange</P>
    <P Name="VectorParamsAs1DForOutWhenUnconnected">off</P>
  </Block>
  <Block BlockType="Outport" Name="d_vBII" SID="79906">
    <P Name="Position">[595, 88, 625, 102]</P>
    <P Name="ZOrder">8</P>
    <P Name="BackgroundColor">orange</P>
    <P Name="Port">2</P>
    <P Name="VectorParamsAs1DForOutWhenUnconnected">off</P>
  </Block>
  <Block BlockType="Outport" Name="d_qIB" SID="79907">
    <P Name="Position">[595, 213, 625, 227]</P>
    <P Name="ZOrder">9</P>
    <P Name="BackgroundColor">orange</P>
    <P Name="Port">3</P>
    <P Name="VectorParamsAs1DForOutWhenUnconnected">off</P>
  </Block>
  <Block BlockType="Outport" Name="d_wBIB" SID="79908">
    <P Name="Position">[595, 388, 625, 402]</P>
    <P Name="ZOrder">902</P>
    <P Name="BackgroundColor">orange</P>
    <P Name="Port">4</P>
    <P Name="VectorParamsAs1DForOutWhenUnconnected">off</P>
  </Block>
  <Line>
    <P Name="ZOrder">1</P>
    <P Name="Src">79817#out:1</P>
    <P Name="Dst">79813#in:2</P>
  </Line>
  <Line>
    <P Name="ZOrder">2</P>
    <P Name="Src">79819#out:1</P>
    <P Name="Dst">79907#in:1</P>
  </Line>
  <Line>
    <P Name="ZOrder">3</P>
    <P Name="Src">79808#out:1</P>
    <P Name="Dst">79818#in:1</P>
  </Line>
  <Line>
    <P Name="ZOrder">4</P>
    <P Name="Src">79818#out:1</P>
    <P Name="Dst">79814#in:2</P>
  </Line>
  <Line>
    <P Name="ZOrder">5</P>
    <P Name="Src">79809#out:1</P>
    <P Name="Dst">79815#in:1</P>
  </Line>
  <Line>
    <P Name="ZOrder">6</P>
    <P Name="Src">79816#out:1</P>
    <P Name="Points">[13, 0; 0, -10]</P>
    <P Name="Dst">79855#in:2</P>
  </Line>
  <Line>
    <P Name="ZOrder">7</P>
    <P Name="Src">79855#out:1</P>
    <P Name="Dst">79818#in:3</P>
  </Line>
  <Line>
    <P Name="ZOrder">8</P>
    <P Name="Src">79815#out:1</P>
    <P Name="Dst">79818#in:2</P>
  </Line>
  <Line>
    <P Name="ZOrder">9</P>
    <P Name="Src">79814#out:1</P>
    <P Name="Dst">79908#in:1</P>
  </Line>
  <Line>
    <P Name="ZOrder">10</P>
    <P Name="Src">79812#out:1</P>
    <P Name="Points">[42, 0]</P>
    <Branch>
      <P Name="ZOrder">11</P>
      <P Name="Dst">79819#in:2</P>
    </Branch>
    <Branch>
      <P Name="ZOrder">12</P>
      <P Name="Points">[0, 200]</P>
      <Branch>
        <P Name="ZOrder">13</P>
        <P Name="Points">[108, 0]</P>
        <Branch>
          <P Name="ZOrder">14</P>
          <P Name="Points">[0, -35]</P>
          <P Name="Dst">79815#in:2</P>
        </Branch>
        <Branch>
          <P Name="ZOrder">15</P>
          <P Name="Dst">79855#in:1</P>
        </Branch>
      </Branch>
      <Branch>
        <P Name="ZOrder">16</P>
        <P Name="Points">[0, 40]</P>
        <P Name="Dst">79816#in:2</P>
      </Branch>
    </Branch>
  </Line>
  <Line>
    <P Name="ZOrder">17</P>
    <P Name="Src">79807#out:1</P>
    <P Name="Points">[72, 0]</P>
    <Branch>
      <P Name="ZOrder">18</P>
      <P Name="Points">[249, 0; 0, 80]</P>
      <P Name="Dst">79814#in:1</P>
    </Branch>
    <Branch>
      <P Name="ZOrder">19</P>
      <P Name="Points">[0, 160]</P>
      <P Name="Dst">79816#in:1</P>
    </Branch>
  </Line>
  <Line>
    <P Name="ZOrder">20</P>
    <P Name="Src">79811#out:1</P>
    <P Name="Dst">79905#in:1</P>
  </Line>
  <Line>
    <P Name="Name">aBII</P>
    <P Name="ZOrder">21</P>
    <P Name="Labels">[0, 1]</P>
    <P Name="Src">79873#out:1</P>
    <P Name="Dst">79906#in:1</P>
  </Line>
  <Line>
    <P Name="ZOrder">22</P>
    <P Name="Src">79810#out:1</P>
    <P Name="Points">[160, 0]</P>
    <Branch>
      <P Name="ZOrder">23</P>
      <P Name="Dst">79819#in:1</P>
    </Branch>
    <Branch>
      <P Name="ZOrder">24</P>
      <P Name="Points">[0, -90]</P>
      <P Name="Dst">79873#in:2</P>
    </Branch>
  </Line>
  <Line>
    <P Name="Name">aBIB</P>
    <P Name="ZOrder">25</P>
    <P Name="Labels">[0, 1]</P>
    <P Name="Src">79813#out:1</P>
    <P Name="Dst">79873#in:1</P>
  </Line>
  <Line>
    <P Name="ZOrder">26</P>
    <P Name="Src">79806#out:1</P>
    <P Name="Dst">79817#in:1</P>
  </Line>
  <Line>
    <P Name="ZOrder">27</P>
    <P Name="Src">79805#out:1</P>
    <P Name="Dst">79813#in:1</P>
  </Line>
  <Annotation SID="79909">
    <P Name="Name">d_wBIB = JBB \ (MBTB - d_JBB * wBIB - wBIB x (JBB*wBIB))</P>
    <P Name="Position">[222, 531, 496, 545]</P>
    <P Name="InternalMargins">[0, 0, 0, 0]</P>
    <P Name="ZOrder">-1</P>
  </Annotation>
</System>
