<?xml version="1.0" encoding="utf-8"?>
<System>
  <P Name="Location">[207, 53, 2019, 1216]</P>
  <P Name="SystemRect">[0.000000, 0.000000, 0.000000, 0.000000]</P>
  <P Name="SetExecutionDomain">off</P>
  <P Name="ExecutionDomainType">Deduce</P>
  <P Name="ZoomFactor">139</P>
  <P Name="SimulinkSubDomain">Simulink</P>
  <Block BlockType="Inport" Name="States" SID="74659">
    <P Name="Position">[40, 213, 70, 227]</P>
    <P Name="ZOrder">426</P>
    <P Name="BackgroundColor">[1.000000, 0.000000, 1.000000]</P>
  </Block>
  <Block BlockType="BusSelector" Name="Bus&#xA;Selector1" SID="74660">
    <P Name="Ports">[1, 6]</P>
    <P Name="Position">[115, 138, 125, 297]</P>
    <P Name="ZOrder">430</P>
    <P Name="BackgroundColor">[1.000000, 0.000000, 1.000000]</P>
    <P Name="ShowName">off</P>
    <P Name="OutputSignals">POS_NED.POS_x_NED_m,POS_NED.POS_y_NED_m,POS_NED.POS_z_NED_m,Attitude_States.ATT_Euler.Phi_rad,Attitude_States.ATT_Euler.Theta_rad,Attitude_States.ATT_Euler.Psi_rad</P>
    <Port>
      <P Name="PortNumber">1</P>
      <P Name="Name">&lt;POS_x_NED_m&gt;</P>
    </Port>
    <Port>
      <P Name="PortNumber">2</P>
      <P Name="Name">&lt;POS_y_NED_m&gt;</P>
    </Port>
    <Port>
      <P Name="PortNumber">3</P>
      <P Name="Name">&lt;POS_z_NED_m&gt;</P>
    </Port>
    <Port>
      <P Name="PortNumber">4</P>
      <P Name="Name">&lt;Phi_rad&gt;</P>
    </Port>
    <Port>
      <P Name="PortNumber">5</P>
      <P Name="Name">&lt;Theta_rad&gt;</P>
    </Port>
    <Port>
      <P Name="PortNumber">6</P>
      <P Name="Name">&lt;Psi_rad&gt;</P>
    </Port>
  </Block>
  <Block BlockType="Demux" Name="Demux" SID="74661">
    <P Name="Ports">[1, 2]</P>
    <P Name="Position">[455, 124, 465, 171]</P>
    <P Name="ZOrder">435</P>
    <P Name="BackgroundColor">[1.000000, 0.000000, 1.000000]</P>
    <P Name="ShowName">off</P>
    <P Name="Outputs">2</P>
  </Block>
  <Block BlockType="SubSystem" Name="Flat Earth to LLA" SID="74662">
    <P Name="Ports">[2, 2]</P>
    <P Name="Position">[355, 167, 405, 218]</P>
    <P Name="ZOrder">433</P>
    <P Name="BackgroundColor">[1.000000, 0.000000, 1.000000]</P>
    <P Name="NameLocation">top</P>
    <P Name="PermitHierarchicalResolution">ExplicitOnly</P>
    <P Name="RequestExecContextInheritance">off</P>
    <P Name="ContentPreviewEnabled">on</P>
    <Mask SelfModifiable="on">
      <Type>Flat Earth to LLA</Type>
      <Display RunInitForIconRedraw="on">port_label(&apos;input&apos;,1,&apos;X_{e}&apos;,&apos;texmode&apos;,&apos;on&apos;)
port_label(&apos;input&apos;,2,&apos;h_{ref}&apos;,&apos;texmode&apos;,&apos;on&apos;)
port_label(&apos;output&apos;,1,&apos;\mu l&apos;,&apos;texmode&apos;,&apos;on&apos;)
port_label(&apos;output&apos;,2,&apos;h&apos;,&apos;texmode&apos;,&apos;on&apos;)
</Display>
      <Description>aeroblks:aeroblktransform:blockFlatEarthtoLLADesc</Description>
      <Initialization>aeroicon(&apos;aeroblklla&apos;)</Initialization>
      <Help>eval(&apos;asbhelp&apos;);</Help>
      <MaskParameter Name="units" Type="popup" Evaluate="off" Tunable="off">
        <Prompt>aeroblks:aeroblktransform:blockFlatEarthtoLLAParamUnits</Prompt>
        <Value>Metric (MKS)</Value>
        <TypeOptions>
          <Option>aeroblks:aeroblktransform:blockFlatEarthtoLLAParamComboMetricMKS</Option>
          <Option>aeroblks:aeroblktransform:blockFlatEarthtoLLAParamComboEnglish</Option>
        </TypeOptions>
      </MaskParameter>
      <MaskParameter Name="ptype" Type="popup" Evaluate="off" Tunable="off">
        <Prompt>aeroblks:aeroblktransform:blockFlatEarthtoLLAParamPlanetmodel</Prompt>
        <Value>Earth (WGS84)</Value>
        <Callback>aeroicon(&apos;aeroblklla&apos;)</Callback>
        <TypeOptions>
          <Option>aeroblks:aeroblktransform:blockFlatEarthtoLLAParamComboCustom</Option>
          <Option>aeroblks:aeroblktransform:blockFlatEarthtoLLAParamComboEarthWGS84</Option>
        </TypeOptions>
      </MaskParameter>
      <MaskParameter Name="F" Type="edit" Visible="off">
        <Prompt>aeroblks:aeroblktransform:blockFlatEarthtoLLAParamFlattening</Prompt>
        <Value>1/298.257223563</Value>
      </MaskParameter>
      <MaskParameter Name="R" Type="edit" Visible="off">
        <Prompt>aeroblks:aeroblktransform:blockFlatEarthtoLLAParamEquatorialradiusofplanet</Prompt>
        <Value>6378137</Value>
      </MaskParameter>
      <MaskParameter Name="LL0" Type="edit">
        <Prompt>aeroblks:aeroblktransform:blockFlatEarthtoLLAParamInitialgeodeticlatitudeandlongitudedeg</Prompt>
        <Value>[32.086241 34.768375]</Value>
      </MaskParameter>
      <MaskParameter Name="psi" Type="edit">
        <Prompt>aeroblks:aeroblktransform:blockFlatEarthtoLLAParamDirectionofflatEarthxaxisdegreesclockwisefromnorth</Prompt>
        <Value>0</Value>
      </MaskParameter>
    </Mask>
    <System Ref="system_74662"/>
  </Block>
  <Block BlockType="SubSystem" Name="FlightGear&#xA;Preconfigured&#xA;6DoF Animation" SID="74663">
    <P Name="Ports">[1]</P>
    <P Name="Position">[575, 178, 660, 262]</P>
    <P Name="ZOrder">432</P>
    <P Name="BackgroundColor">[1.000000, 0.000000, 1.000000]</P>
    <P Name="AttributesFormatString">Version Selected: %&lt;xFlightGearVersion&gt;</P>
    <P Name="PermitHierarchicalResolution">ExplicitOnly</P>
    <P Name="TreatAsAtomicUnit">on</P>
    <P Name="SimViewingDevice">on</P>
    <P Name="RequestExecContextInheritance">off</P>
    <P Name="ContentPreviewEnabled">on</P>
    <Mask SelfModifiable="on">
      <Type>FlightGearQuick6DoFAnimation</Type>
      <Display RunInitForIconRedraw="on" IconRotate="port" IconUnits="normalized">port_label(&apos;input&apos;,1,&apos;l,\mu,h,\phi,\theta,\psi&apos;,&apos;texmode&apos;,&apos;on&apos;)</Display>
      <Description>aeroblks:aeroblkfltsims:blockFlightGearQuick6DoFAnimationDesc</Description>
      <Initialization>aeroicon(&apos;aeroblkfgsend&apos;);

</Initialization>
      <Help>eval(&apos;asbhelp(&apos;&apos;flightgear_preconfigured_6dof_animation&apos;&apos;)&apos;);</Help>
      <BlockDVGIcon>AeroBlockIcons.aeroblkanimfg6dof</BlockDVGIcon>
      <MaskParameter Name="xFlightGearVersion" Type="popup" Evaluate="off" Tunable="off">
        <Prompt>aeroblks:aeroblkfltsims:blockFlightGearQuick6DoFAnimationParamFlightGearversion</Prompt>
        <Value>v2018.3</Value>
        <TypeOptions>
          <Option>aeroblks:aeroblkfltsims:blockFlightGearVersionCombov20</Option>
          <Option>aeroblks:aeroblkfltsims:blockFlightGearVersionCombov24</Option>
          <Option>aeroblks:aeroblkfltsims:blockFlightGearVersionCombov26</Option>
          <Option>aeroblks:aeroblkfltsims:blockFlightGearVersionCombov28</Option>
          <Option>aeroblks:aeroblkfltsims:blockFlightGearVersionCombov210</Option>
          <Option>aeroblks:aeroblkfltsims:blockFlightGearVersionCombov212</Option>
          <Option>aeroblks:aeroblkfltsims:blockFlightGearVersionCombov30</Option>
          <Option>aeroblks:aeroblkfltsims:blockFlightGearVersionCombov32</Option>
          <Option>aeroblks:aeroblkfltsims:blockFlightGearVersionCombov34</Option>
          <Option>aeroblks:aeroblkfltsims:blockFlightGearVersionCombov20161</Option>
          <Option>aeroblks:aeroblkfltsims:blockFlightGearVersionCombov20163</Option>
          <Option>aeroblks:aeroblkfltsims:blockFlightGearVersionCombov20171</Option>
          <Option>aeroblks:aeroblkfltsims:blockFlightGearVersionCombov20173</Option>
          <Option>aeroblks:aeroblkfltsims:blockFlightGearVersionCombov20181</Option>
          <Option>aeroblks:aeroblkfltsims:blockFlightGearVersionCombov20182</Option>
          <Option>aeroblks:aeroblkfltsims:blockFlightGearVersionCombov20183</Option>
        </TypeOptions>
      </MaskParameter>
      <MaskParameter Name="DestinationIpAddress" Type="edit" Evaluate="off" Tunable="off">
        <Prompt>aeroblks:aeroblkfltsims:blockFlightGearQuick6DoFAnimationParamDestinationIPaddress</Prompt>
        <Value>127.0.0.1</Value>
      </MaskParameter>
      <MaskParameter Name="DestinationPort" Type="edit">
        <Prompt>aeroblks:aeroblkfltsims:blockFlightGearQuick6DoFAnimationParamDestinationport</Prompt>
        <Value>5502</Value>
      </MaskParameter>
      <MaskParameter Name="SampleTime" Type="edit" Tunable="off">
        <Prompt>aeroblks:aeroblkfltsims:blockFlightGearQuick6DoFAnimationParamSampletime1forinherited</Prompt>
        <Value>0.001</Value>
      </MaskParameter>
      <MaskParameter Name="packetVersion" Type="popup" Evaluate="off" Internal="on" Visible="off">
        <Prompt>aeroblks:aeroblkfltsims:blockFlightGearPackNetParamFlightGearPacketversion</Prompt>
        <Value>24</Value>
        <TypeOptions>
          <Option>aeroblks:aeroblkfltsims:blockFlightGearPacketVersionCombo24</Option>
        </TypeOptions>
      </MaskParameter>
      <DialogControl Type="Group" Name="DescGroupVar">
        <Prompt>%&lt;MaskType&gt;</Prompt>
        <DialogControl Type="Text" Name="DescTextVar">
          <Prompt>%&lt;MaskDescription&gt;</Prompt>
        </DialogControl>
      </DialogControl>
      <DialogControl Type="Group" Name="ParameterGroupVar">
        <Prompt>Simulink:studio:ToolBarParametersMenu</Prompt>
        <DialogControl Type="Popup" Name="xFlightGearVersion">
          <Prompt>FlightGear version:</Prompt>
          <ControlOptions PromptLocation="left"/>
        </DialogControl>
        <DialogControl Type="Edit" Name="DestinationIpAddress">
          <Prompt>Destination IP address:</Prompt>
        </DialogControl>
        <DialogControl Type="Edit" Name="DestinationPort">
          <Prompt>Destination port:</Prompt>
        </DialogControl>
        <DialogControl Type="Edit" Name="SampleTime">
          <Prompt>Sample time (-1 for inherited):</Prompt>
        </DialogControl>
        <DialogControl Type="Popup" Name="packetVersion">
          <Prompt>FlightGear packet version:</Prompt>
          <ControlOptions PromptLocation="left"/>
        </DialogControl>
      </DialogControl>
    </Mask>
    <System Ref="system_74663"/>
  </Block>
  <Block BlockType="SubSystem" Name="FlightGear1" SID="74664">
    <P Name="Ports">[]</P>
    <P Name="Position">[195, -21, 415, 81]</P>
    <P Name="ZOrder">22083</P>
    <P Name="BackgroundColor">[1.000000, 0.000000, 1.000000]</P>
    <P Name="DropShadow">on</P>
    <P Name="ShowName">off</P>
    <P Name="HideAutomaticName">off</P>
    <P Name="FontName">Arial</P>
    <P Name="FontWeight">bold</P>
    <P Name="RequestExecContextInheritance">off</P>
    <P Name="MaskHideContents">on</P>
    <Mask>
      <Type>FlightGear</Type>
      <Display RunInitForIconRedraw="off" IconUnits="pixels">disp(&quot;Launch\n FlightGear Simulator&quot;)</Display>
      <ImageFile>slx:/simulink/maskimages/Untitled1.png</ImageFile>
      <DialogControl Type="Group" Name="Container1">
        <DialogControl Type="Text" Name="Control2">
          <Prompt>Please ensure you have FlightGear installed before proceeding</Prompt>
        </DialogControl>
        <DialogControl Type="Text" Name="Control4">
          <Prompt>Once FlightGear has finished loading you may minimize the terminal window and run the simulation</Prompt>
        </DialogControl>
        <DialogControl Type="Text" Name="Control6">
          <Prompt>Please note this feature is only supported in &quot;normal mode&quot;</Prompt>
        </DialogControl>
        <DialogControl Type="Button" Name="Control5">
          <Prompt>Launch</Prompt>
          <Callback>simPath = which(bdroot);
idx = strfind(simPath,&apos;\&apos;);
dirPath = simPath(1:idx(end));
LaunchFGPath = append(dirPath,&apos;req\runfg.bat&amp;&apos;);
system(LaunchFGPath)</Callback>
        </DialogControl>
      </DialogControl>
    </Mask>
    <System Ref="system_74664"/>
  </Block>
  <Block BlockType="Mux" Name="Mux2" SID="74665">
    <P Name="Ports">[6, 1]</P>
    <P Name="Position">[515, 143, 535, 292]</P>
    <P Name="ZOrder">434</P>
    <P Name="BackgroundColor">[1.000000, 0.000000, 1.000000]</P>
    <P Name="ShowName">off</P>
    <P Name="Inputs">6</P>
    <P Name="DisplayOption">bar</P>
  </Block>
  <Block BlockType="Concatenate" Name="Vector&#xA;Concatenate" SID="74666">
    <P Name="Ports">[3, 1]</P>
    <P Name="Position">[235, 143, 250, 217]</P>
    <P Name="ZOrder">431</P>
    <P Name="BackgroundColor">[1.000000, 0.000000, 1.000000]</P>
    <P Name="NumInputs">3</P>
  </Block>
  <Block BlockType="Constant" Name="Zero2" SID="74667">
    <P Name="Position">[290, 192, 315, 218]</P>
    <P Name="ZOrder">436</P>
    <P Name="BackgroundColor">[1.000000, 0.000000, 1.000000]</P>
    <P Name="Value">-10</P>
    <P Name="OutDataTypeStr">Inherit: Inherit via back propagation</P>
  </Block>
  <Line>
    <P Name="ZOrder">1</P>
    <P Name="Src">74666#out:1</P>
    <P Name="Dst">74662#in:1</P>
  </Line>
  <Line>
    <P Name="ZOrder">2</P>
    <P Name="Src">74662#out:1</P>
    <P Name="Points">[20, 0; 0, -35]</P>
    <P Name="Dst">74661#in:1</P>
  </Line>
  <Line>
    <P Name="ZOrder">3</P>
    <P Name="Src">74661#out:1</P>
    <P Name="Points">[20, 0; 0, 45]</P>
    <P Name="Dst">74665#in:2</P>
  </Line>
  <Line>
    <P Name="ZOrder">4</P>
    <P Name="Src">74667#out:1</P>
    <P Name="Dst">74662#in:2</P>
  </Line>
  <Line>
    <P Name="ZOrder">5</P>
    <P Name="Src">74665#out:1</P>
    <P Name="Dst">74663#in:1</P>
  </Line>
  <Line>
    <P Name="Name">&lt;POS_x_NED_m&gt;</P>
    <P Name="ZOrder">6</P>
    <P Name="Labels">[0, 0]</P>
    <P Name="Src">74660#out:1</P>
    <P Name="Dst">74666#in:1</P>
  </Line>
  <Line>
    <P Name="ZOrder">7</P>
    <P Name="Src">74659#out:1</P>
    <P Name="Dst">74660#in:1</P>
  </Line>
  <Line>
    <P Name="Name">&lt;POS_y_NED_m&gt;</P>
    <P Name="ZOrder">8</P>
    <P Name="Labels">[0, 0]</P>
    <P Name="Src">74660#out:2</P>
    <P Name="Dst">74666#in:2</P>
  </Line>
  <Line>
    <P Name="ZOrder">9</P>
    <P Name="Src">74661#out:2</P>
    <P Name="Dst">74665#in:1</P>
  </Line>
  <Line>
    <P Name="ZOrder">10</P>
    <P Name="Src">74662#out:2</P>
    <P Name="Dst">74665#in:3</P>
  </Line>
  <Line>
    <P Name="Name">&lt;POS_z_NED_m&gt;</P>
    <P Name="ZOrder">11</P>
    <P Name="Labels">[0, 0]</P>
    <P Name="Src">74660#out:3</P>
    <P Name="Dst">74666#in:3</P>
  </Line>
  <Line>
    <P Name="Name">&lt;Phi_rad&gt;</P>
    <P Name="ZOrder">12</P>
    <P Name="Labels">[0, 0]</P>
    <P Name="Src">74660#out:4</P>
    <P Name="Dst">74665#in:4</P>
  </Line>
  <Line>
    <P Name="Name">&lt;Psi_rad&gt;</P>
    <P Name="ZOrder">13</P>
    <P Name="Labels">[0, 0]</P>
    <P Name="Src">74660#out:6</P>
    <P Name="Dst">74665#in:6</P>
  </Line>
  <Line>
    <P Name="Name">&lt;Theta_rad&gt;</P>
    <P Name="ZOrder">14</P>
    <P Name="Labels">[0, 0]</P>
    <P Name="Src">74660#out:5</P>
    <P Name="Dst">74665#in:5</P>
  </Line>
</System>
