<?xml version="1.0" encoding="utf-8"?>
<System>
  <P Name="Location">[-8, -8, 2568, 1408]</P>
  <P Name="SystemRect">[0.000000, 0.000000, 0.000000, 0.000000]</P>
  <P Name="SetExecutionDomain">off</P>
  <P Name="ExecutionDomainType">Deduce</P>
  <P Name="ZoomFactor">175</P>
  <P Name="SimulinkSubDomain">Simulink</P>
  <Block BlockType="Inport" Name="airfr_bus" SID="77572">
    <P Name="Position">[145, 278, 175, 292]</P>
    <P Name="ZOrder">5343</P>
  </Block>
  <Block BlockType="SubSystem" Name="Assemble_States_Bus1" SID="77573">
    <P Name="Ports">[7, 1]</P>
    <P Name="Position">[665, 35, 785, 495]</P>
    <P Name="ZOrder">5332</P>
    <P Name="RequestExecContextInheritance">off</P>
    <P Name="ContentPreviewEnabled">on</P>
    <Mask>
      <Display RunInitForIconRedraw="off"/>
    </Mask>
    <System Ref="system_77573"/>
  </Block>
  <Block BlockType="BusSelector" Name="Bus&#xA;Selector1" SID="77603">
    <P Name="Ports">[1, 7]</P>
    <P Name="Position">[245, 26, 265, 544]</P>
    <P Name="ZOrder">5340</P>
    <P Name="ShowName">off</P>
    <P Name="OutputSignals">flight_dyn_bus.vBIB,flight_dyn_bus.wBIB,flight_dyn_bus.aBIB,flight_dyn_bus.d_wBIB,flight_dyn_bus.qIB,flight_dyn_bus.pBII,flight_dyn_bus.vBII</P>
    <Port>
      <P Name="PortNumber">1</P>
      <P Name="Name">&lt;vBIB&gt;</P>
    </Port>
    <Port>
      <P Name="PortNumber">2</P>
      <P Name="Name">&lt;wBIB&gt;</P>
    </Port>
    <Port>
      <P Name="PortNumber">3</P>
      <P Name="Name">&lt;aBIB&gt;</P>
    </Port>
    <Port>
      <P Name="PortNumber">4</P>
      <P Name="Name">&lt;d_wBIB&gt;</P>
    </Port>
    <Port>
      <P Name="PortNumber">5</P>
      <P Name="Name">&lt;qIB&gt;</P>
    </Port>
    <Port>
      <P Name="PortNumber">6</P>
      <P Name="Name">&lt;pBII&gt;</P>
    </Port>
    <Port>
      <P Name="PortNumber">7</P>
      <P Name="Name">&lt;vBII&gt;</P>
    </Port>
  </Block>
  <Block BlockType="SubSystem" Name="MATLAB Function1" SID="77604">
    <P Name="Ports">[1, 1]</P>
    <P Name="Position">[370, 329, 455, 391]</P>
    <P Name="ZOrder">5341</P>
    <P Name="ErrorFcn">Stateflow.Translate.translate</P>
    <P Name="PermitHierarchicalResolution">ExplicitOnly</P>
    <P Name="TreatAsAtomicUnit">on</P>
    <P Name="RequestExecContextInheritance">off</P>
    <P Name="SFBlockType">MATLAB Function</P>
    <P Name="ContentPreviewEnabled">on</P>
    <System Ref="system_77604"/>
  </Block>
  <Block BlockType="SubSystem" Name="quaternion_to_euler_angles1" SID="77605">
    <P Name="Ports">[1, 1]</P>
    <P Name="Position">[485, 339, 585, 381]</P>
    <P Name="ZOrder">5342</P>
    <P Name="RequestExecContextInheritance">off</P>
    <P Name="ContentPreviewEnabled">on</P>
    <Mask>
      <Display>%disp (&apos; q --&gt; (Phi,Theta,Psi) [rad]&apos;)
disp(&apos;q \rightarrow eu(\Phi;\Theta;\Psi)&apos;,&apos;texmode&apos;,&apos;on&apos;)</Display>
      <Description>transforms quaternions to Euler angles (roll, pitch, yaw)</Description>
      <Help>Name:

    quaternion_to_euler_angles

Description:

    This block implements the transformation of a quaternion into the 
    corresponding Euler angles (zyx-sequence, roll, pitch, yaw).

Inputs  [size] [data type] [unit]:

    quaternion  [4] [double] [-]

Outputs  [size] [data type] [unit]:

    roll angle phi  [1] [double] [rad]
    pitch angle theta  [1] [double] [rad]
    yaw angle psi  [1] [double] [rad]
</Help>
      <DialogControl Type="Group" Name="DescGroupVar">
        <Prompt>%&lt;MaskType&gt;</Prompt>
        <DialogControl Type="Text" Name="DescTextVar">
          <Prompt>%&lt;MaskDescription&gt;</Prompt>
        </DialogControl>
      </DialogControl>
    </Mask>
    <Port>
      <P Name="PortNumber">1</P>
      <P Name="Name">from Quat</P>
    </Port>
    <System Ref="system_77605"/>
  </Block>
  <Block BlockType="Outport" Name="States" SID="77636">
    <P Name="Position">[885, 258, 915, 272]</P>
    <P Name="ZOrder">5344</P>
  </Block>
  <Line>
    <P Name="Name">&lt;pBII&gt;</P>
    <P Name="ZOrder">1</P>
    <P Name="Labels">[0, 0]</P>
    <P Name="Src">77603#out:6</P>
    <P Name="Points">[190, 0; 0, -40]</P>
    <P Name="Dst">77573#in:6</P>
  </Line>
  <Line>
    <P Name="Name">from Quat</P>
    <P Name="ZOrder">2</P>
    <P Name="Labels">[0, 0]</P>
    <P Name="Src">77605#out:1</P>
    <P Name="Points">[35, 0; 0, -30]</P>
    <P Name="Dst">77573#in:5</P>
  </Line>
  <Line>
    <P Name="ZOrder">3</P>
    <P Name="Src">77604#out:1</P>
    <P Name="Dst">77605#in:1</P>
  </Line>
  <Line>
    <P Name="Name">&lt;qIB&gt;</P>
    <P Name="ZOrder">4</P>
    <P Name="Labels">[0, 0]</P>
    <P Name="Src">77603#out:5</P>
    <P Name="Dst">77604#in:1</P>
  </Line>
  <Line>
    <P Name="ZOrder">5</P>
    <P Name="Src">77572#out:1</P>
    <P Name="Dst">77603#in:1</P>
  </Line>
  <Line>
    <P Name="Name">&lt;vBIB&gt;</P>
    <P Name="ZOrder">6</P>
    <P Name="Labels">[0, 0]</P>
    <P Name="Src">77603#out:1</P>
    <P Name="Points">[190, 0; 0, 10]</P>
    <P Name="Dst">77573#in:1</P>
  </Line>
  <Line>
    <P Name="Name">&lt;wBIB&gt;</P>
    <P Name="ZOrder">7</P>
    <P Name="Labels">[0, 0]</P>
    <P Name="Src">77603#out:2</P>
    <P Name="Dst">77573#in:2</P>
  </Line>
  <Line>
    <P Name="Name">&lt;d_wBIB&gt;</P>
    <P Name="ZOrder">8</P>
    <P Name="Labels">[0, 0]</P>
    <P Name="Src">77603#out:4</P>
    <P Name="Points">[195, 0; 0, -20]</P>
    <P Name="Dst">77573#in:4</P>
  </Line>
  <Line>
    <P Name="Name">&lt;aBIB&gt;</P>
    <P Name="ZOrder">9</P>
    <P Name="Labels">[0, 0]</P>
    <P Name="Src">77603#out:3</P>
    <P Name="Points">[190, 0; 0, -10]</P>
    <P Name="Dst">77573#in:3</P>
  </Line>
  <Line>
    <P Name="ZOrder">10</P>
    <P Name="Src">77573#out:1</P>
    <P Name="Dst">77636#in:1</P>
  </Line>
  <Line>
    <P Name="Name">&lt;vBII&gt;</P>
    <P Name="ZOrder">11</P>
    <P Name="Labels">[0, 0]</P>
    <P Name="Src">77603#out:7</P>
    <P Name="Points">[55, 0; 0, -50]</P>
    <P Name="Dst">77573#in:7</P>
  </Line>
</System>
