<?xml version="1.0" encoding="utf-8"?>
<System>
  <P Name="Location">[-1927, -543, 8, 632]</P>
  <P Name="SystemRect">[0.000000, 0.000000, 0.000000, 0.000000]</P>
  <P Name="SetExecutionDomain">off</P>
  <P Name="ExecutionDomainType">Deduce</P>
  <P Name="ZoomFactor">80</P>
  <P Name="SimulinkSubDomain">Simulink</P>
  <Block BlockType="Inport" Name="q12" SID="79010">
    <P Name="Position">[-420, 103, -390, 117]</P>
    <P Name="ZOrder">-1</P>
    <P Name="BackgroundColor">yellow</P>
    <P Name="PortDimensions">4</P>
  </Block>
  <Block BlockType="Sum" Name="Add" SID="79011">
    <P Name="Ports">[4, 1]</P>
    <P Name="Position">[295, -384, 315, -296]</P>
    <P Name="ZOrder">21</P>
    <P Name="ShowName">off</P>
    <P Name="IconShape">rectangular</P>
    <P Name="Inputs">+--+</P>
    <Port>
      <P Name="PortNumber">1</P>
      <P Name="Name">dcm11</P>
    </Port>
  </Block>
  <Block BlockType="Sum" Name="Add1" SID="79012">
    <P Name="Ports">[2, 1]</P>
    <P Name="Position">[295, -277, 315, -188]</P>
    <P Name="ZOrder">26</P>
    <P Name="ShowName">off</P>
    <P Name="IconShape">rectangular</P>
    <P Name="Inputs">+-</P>
    <Port>
      <P Name="PortNumber">1</P>
      <P Name="Name">dcm21</P>
    </Port>
  </Block>
  <Block BlockType="Sum" Name="Add2" SID="79013">
    <P Name="Ports">[2, 1]</P>
    <P Name="Position">[295, 183, 315, 272]</P>
    <P Name="ZOrder">31</P>
    <P Name="ShowName">off</P>
    <P Name="IconShape">rectangular</P>
    <P Name="Inputs">+-</P>
    <Port>
      <P Name="PortNumber">1</P>
      <P Name="Name">dcm32</P>
    </Port>
  </Block>
  <Block BlockType="Sum" Name="Add3" SID="79014">
    <P Name="Ports">[2, 1]</P>
    <P Name="Position">[295, 313, 315, 402]</P>
    <P Name="ZOrder">36</P>
    <P Name="ShowName">off</P>
    <P Name="IconShape">rectangular</P>
    <P Name="Inputs">+-</P>
    <Port>
      <P Name="PortNumber">1</P>
      <P Name="Name">dcm13</P>
    </Port>
  </Block>
  <Block BlockType="Sum" Name="Add4" SID="79015">
    <P Name="Ports">[2, 1]</P>
    <P Name="Position">[295, -37, 315, 52]</P>
    <P Name="ZOrder">41</P>
    <P Name="ShowName">off</P>
    <P Name="IconShape">rectangular</P>
    <Port>
      <P Name="PortNumber">1</P>
      <P Name="Name">dcm12</P>
    </Port>
  </Block>
  <Block BlockType="Sum" Name="Add5" SID="79016">
    <P Name="Ports">[2, 1]</P>
    <P Name="Position">[295, -167, 315, -78]</P>
    <P Name="ZOrder">46</P>
    <P Name="ShowName">off</P>
    <P Name="IconShape">rectangular</P>
    <Port>
      <P Name="PortNumber">1</P>
      <P Name="Name">dcm31</P>
    </Port>
  </Block>
  <Block BlockType="Sum" Name="Add6" SID="79017">
    <P Name="Ports">[4, 1]</P>
    <P Name="Position">[295, 76, 315, 164]</P>
    <P Name="ZOrder">51</P>
    <P Name="ShowName">off</P>
    <P Name="IconShape">rectangular</P>
    <P Name="Inputs">-+-+</P>
    <Port>
      <P Name="PortNumber">1</P>
      <P Name="Name">dcm22</P>
    </Port>
  </Block>
  <Block BlockType="Sum" Name="Add7" SID="79018">
    <P Name="Ports">[4, 1]</P>
    <P Name="Position">[295, 536, 315, 624]</P>
    <P Name="ZOrder">56</P>
    <P Name="ShowName">off</P>
    <P Name="IconShape">rectangular</P>
    <P Name="Inputs">--++</P>
    <Port>
      <P Name="PortNumber">1</P>
      <P Name="Name">dcm33</P>
    </Port>
  </Block>
  <Block BlockType="Sum" Name="Add8" SID="79019">
    <P Name="Ports">[2, 1]</P>
    <P Name="Position">[295, 423, 315, 512]</P>
    <P Name="ZOrder">61</P>
    <P Name="ShowName">off</P>
    <P Name="IconShape">rectangular</P>
    <Port>
      <P Name="PortNumber">1</P>
      <P Name="Name">dcm23</P>
    </Port>
  </Block>
  <Block BlockType="Demux" Name="Demux" SID="79020">
    <P Name="Ports">[1, 4]</P>
    <P Name="Position">[-320, -79, -315, 294]</P>
    <P Name="ZOrder">1</P>
    <P Name="ShowName">off</P>
    <Port>
      <P Name="PortNumber">1</P>
      <P Name="Name">q1</P>
    </Port>
    <Port>
      <P Name="PortNumber">2</P>
      <P Name="Name">q2</P>
    </Port>
    <Port>
      <P Name="PortNumber">3</P>
      <P Name="Name">q3</P>
    </Port>
    <Port>
      <P Name="PortNumber">4</P>
      <P Name="Name">q4 / q0</P>
    </Port>
  </Block>
  <Block BlockType="Gain" Name="Gain1" SID="79021">
    <P Name="Position">[260, -270, 280, -240]</P>
    <P Name="ZOrder">28</P>
    <P Name="ShowName">off</P>
    <P Name="Gain">2</P>
  </Block>
  <Block BlockType="Gain" Name="Gain10" SID="79022">
    <P Name="Position">[260, -115, 280, -85]</P>
    <P Name="ZOrder">49</P>
    <P Name="ShowName">off</P>
    <P Name="Gain">2</P>
  </Block>
  <Block BlockType="Gain" Name="Gain11" SID="79023">
    <P Name="Position">[260, 430, 280, 460]</P>
    <P Name="ZOrder">63</P>
    <P Name="ShowName">off</P>
    <P Name="Gain">2</P>
  </Block>
  <Block BlockType="Gain" Name="Gain12" SID="79024">
    <P Name="Position">[260, 475, 280, 505]</P>
    <P Name="ZOrder">64</P>
    <P Name="ShowName">off</P>
    <P Name="Gain">2</P>
  </Block>
  <Block BlockType="Gain" Name="Gain2" SID="79025">
    <P Name="Position">[260, -225, 280, -195]</P>
    <P Name="ZOrder">29</P>
    <P Name="ShowName">off</P>
    <P Name="Gain">2</P>
  </Block>
  <Block BlockType="Gain" Name="Gain3" SID="79026">
    <P Name="Position">[260, 190, 280, 220]</P>
    <P Name="ZOrder">33</P>
    <P Name="ShowName">off</P>
    <P Name="Gain">2</P>
  </Block>
  <Block BlockType="Gain" Name="Gain4" SID="79027">
    <P Name="Position">[260, 235, 280, 265]</P>
    <P Name="ZOrder">34</P>
    <P Name="ShowName">off</P>
    <P Name="Gain">2</P>
  </Block>
  <Block BlockType="Gain" Name="Gain5" SID="79028">
    <P Name="Position">[260, 320, 280, 350]</P>
    <P Name="ZOrder">38</P>
    <P Name="ShowName">off</P>
    <P Name="Gain">2</P>
  </Block>
  <Block BlockType="Gain" Name="Gain6" SID="79029">
    <P Name="Position">[260, 365, 280, 395]</P>
    <P Name="ZOrder">39</P>
    <P Name="ShowName">off</P>
    <P Name="Gain">2</P>
  </Block>
  <Block BlockType="Gain" Name="Gain7" SID="79030">
    <P Name="Position">[260, -30, 280, 0]</P>
    <P Name="ZOrder">43</P>
    <P Name="ShowName">off</P>
    <P Name="Gain">2</P>
  </Block>
  <Block BlockType="Gain" Name="Gain8" SID="79031">
    <P Name="Position">[260, 15, 280, 45]</P>
    <P Name="ZOrder">44</P>
    <P Name="ShowName">off</P>
    <P Name="Gain">2</P>
  </Block>
  <Block BlockType="Gain" Name="Gain9" SID="79032">
    <P Name="Position">[260, -160, 280, -130]</P>
    <P Name="ZOrder">48</P>
    <P Name="ShowName">off</P>
    <P Name="Gain">2</P>
  </Block>
  <Block BlockType="Math" Name="Math&#xA;Function" SID="79033">
    <P Name="Ports">[1, 1]</P>
    <P Name="Position">[250, -380, 270, -360]</P>
    <P Name="ZOrder">20</P>
    <P Name="Operator">square</P>
    <P Name="SignedPower">on</P>
  </Block>
  <Block BlockType="Math" Name="Math&#xA;Function1" SID="79034">
    <P Name="Ports">[1, 1]</P>
    <P Name="Position">[250, -360, 270, -340]</P>
    <P Name="ZOrder">22</P>
    <P Name="Operator">square</P>
    <P Name="SignedPower">on</P>
  </Block>
  <Block BlockType="Math" Name="Math&#xA;Function10" SID="79035">
    <P Name="Ports">[1, 1]</P>
    <P Name="Position">[250, 580, 270, 600]</P>
    <P Name="ZOrder">58</P>
    <P Name="Operator">square</P>
    <P Name="SignedPower">on</P>
  </Block>
  <Block BlockType="Math" Name="Math&#xA;Function11" SID="79036">
    <P Name="Ports">[1, 1]</P>
    <P Name="Position">[250, 600, 270, 620]</P>
    <P Name="ZOrder">59</P>
    <P Name="Operator">square</P>
    <P Name="SignedPower">on</P>
  </Block>
  <Block BlockType="Math" Name="Math&#xA;Function2" SID="79037">
    <P Name="Ports">[1, 1]</P>
    <P Name="Position">[250, -340, 270, -320]</P>
    <P Name="ZOrder">23</P>
    <P Name="Operator">square</P>
    <P Name="SignedPower">on</P>
  </Block>
  <Block BlockType="Math" Name="Math&#xA;Function3" SID="79038">
    <P Name="Ports">[1, 1]</P>
    <P Name="Position">[250, -320, 270, -300]</P>
    <P Name="ZOrder">24</P>
    <P Name="Operator">square</P>
    <P Name="SignedPower">on</P>
  </Block>
  <Block BlockType="Math" Name="Math&#xA;Function4" SID="79039">
    <P Name="Ports">[1, 1]</P>
    <P Name="Position">[250, 80, 270, 100]</P>
    <P Name="ZOrder">50</P>
    <P Name="Operator">square</P>
    <P Name="SignedPower">on</P>
  </Block>
  <Block BlockType="Math" Name="Math&#xA;Function5" SID="79040">
    <P Name="Ports">[1, 1]</P>
    <P Name="Position">[250, 100, 270, 120]</P>
    <P Name="ZOrder">52</P>
    <P Name="Operator">square</P>
    <P Name="SignedPower">on</P>
  </Block>
  <Block BlockType="Math" Name="Math&#xA;Function6" SID="79041">
    <P Name="Ports">[1, 1]</P>
    <P Name="Position">[250, 120, 270, 140]</P>
    <P Name="ZOrder">53</P>
    <P Name="Operator">square</P>
    <P Name="SignedPower">on</P>
  </Block>
  <Block BlockType="Math" Name="Math&#xA;Function7" SID="79042">
    <P Name="Ports">[1, 1]</P>
    <P Name="Position">[250, 140, 270, 160]</P>
    <P Name="ZOrder">54</P>
    <P Name="Operator">square</P>
    <P Name="SignedPower">on</P>
  </Block>
  <Block BlockType="Math" Name="Math&#xA;Function8" SID="79043">
    <P Name="Ports">[1, 1]</P>
    <P Name="Position">[250, 540, 270, 560]</P>
    <P Name="ZOrder">55</P>
    <P Name="Operator">square</P>
    <P Name="SignedPower">on</P>
  </Block>
  <Block BlockType="Math" Name="Math&#xA;Function9" SID="79044">
    <P Name="Ports">[1, 1]</P>
    <P Name="Position">[250, 560, 270, 580]</P>
    <P Name="ZOrder">57</P>
    <P Name="Operator">square</P>
    <P Name="SignedPower">on</P>
  </Block>
  <Block BlockType="Product" Name="Product" SID="79045">
    <P Name="Ports">[2, 1]</P>
    <P Name="Position">[225, -273, 245, -237]</P>
    <P Name="ZOrder">25</P>
    <P Name="ShowName">off</P>
  </Block>
  <Block BlockType="Product" Name="Product1" SID="79046">
    <P Name="Ports">[2, 1]</P>
    <P Name="Position">[225, -228, 245, -192]</P>
    <P Name="ZOrder">27</P>
    <P Name="ShowName">off</P>
  </Block>
  <Block BlockType="Product" Name="Product10" SID="79047">
    <P Name="Ports">[2, 1]</P>
    <P Name="Position">[225, 427, 245, 463]</P>
    <P Name="ZOrder">60</P>
    <P Name="ShowName">off</P>
  </Block>
  <Block BlockType="Product" Name="Product11" SID="79048">
    <P Name="Ports">[2, 1]</P>
    <P Name="Position">[225, 472, 245, 508]</P>
    <P Name="ZOrder">62</P>
    <P Name="ShowName">off</P>
  </Block>
  <Block BlockType="Product" Name="Product2" SID="79049">
    <P Name="Ports">[2, 1]</P>
    <P Name="Position">[225, 187, 245, 223]</P>
    <P Name="ZOrder">30</P>
    <P Name="ShowName">off</P>
  </Block>
  <Block BlockType="Product" Name="Product3" SID="79050">
    <P Name="Ports">[2, 1]</P>
    <P Name="Position">[225, 232, 245, 268]</P>
    <P Name="ZOrder">32</P>
    <P Name="ShowName">off</P>
  </Block>
  <Block BlockType="Product" Name="Product4" SID="79051">
    <P Name="Ports">[2, 1]</P>
    <P Name="Position">[225, 317, 245, 353]</P>
    <P Name="ZOrder">35</P>
    <P Name="ShowName">off</P>
  </Block>
  <Block BlockType="Product" Name="Product5" SID="79052">
    <P Name="Ports">[2, 1]</P>
    <P Name="Position">[225, 362, 245, 398]</P>
    <P Name="ZOrder">37</P>
    <P Name="ShowName">off</P>
  </Block>
  <Block BlockType="Product" Name="Product6" SID="79053">
    <P Name="Ports">[2, 1]</P>
    <P Name="Position">[225, -33, 245, 3]</P>
    <P Name="ZOrder">40</P>
    <P Name="ShowName">off</P>
  </Block>
  <Block BlockType="Product" Name="Product7" SID="79054">
    <P Name="Ports">[2, 1]</P>
    <P Name="Position">[225, 12, 245, 48]</P>
    <P Name="ZOrder">42</P>
    <P Name="ShowName">off</P>
  </Block>
  <Block BlockType="Product" Name="Product8" SID="79055">
    <P Name="Ports">[2, 1]</P>
    <P Name="Position">[225, -163, 245, -127]</P>
    <P Name="ZOrder">45</P>
    <P Name="ShowName">off</P>
  </Block>
  <Block BlockType="Product" Name="Product9" SID="79056">
    <P Name="Ports">[2, 1]</P>
    <P Name="Position">[225, -118, 245, -82]</P>
    <P Name="ZOrder">47</P>
    <P Name="ShowName">off</P>
  </Block>
  <Block BlockType="Concatenate" Name="Vector&#xA;Concatenate" SID="79057">
    <P Name="Ports">[3, 1]</P>
    <P Name="Position">[380, -397, 385, -63]</P>
    <P Name="ZOrder">14</P>
    <P Name="ShowName">off</P>
    <P Name="NumInputs">3</P>
  </Block>
  <Block BlockType="Concatenate" Name="Vector&#xA;Concatenate1" SID="79058">
    <P Name="Ports">[3, 1]</P>
    <P Name="Position">[380, -47, 385, 287]</P>
    <P Name="ZOrder">15</P>
    <P Name="ShowName">off</P>
    <P Name="NumInputs">3</P>
  </Block>
  <Block BlockType="Concatenate" Name="Vector&#xA;Concatenate2" SID="79059">
    <P Name="Ports">[3, 1]</P>
    <P Name="Position">[380, 303, 385, 637]</P>
    <P Name="ZOrder">16</P>
    <P Name="ShowName">off</P>
    <P Name="NumInputs">3</P>
  </Block>
  <Block BlockType="Concatenate" Name="Vector&#xA;Concatenate3" SID="79060">
    <P Name="Ports">[3, 1]</P>
    <P Name="Position">[530, 66, 615, 174]</P>
    <P Name="ZOrder">17</P>
    <P Name="ShowName">off</P>
    <P Name="NumInputs">3</P>
    <P Name="Mode">Multidimensional array</P>
    <P Name="ConcatenateDimension">2</P>
  </Block>
  <Block BlockType="Outport" Name="T12" SID="79061">
    <P Name="Position">[695, 113, 725, 127]</P>
    <P Name="ZOrder">-2</P>
    <P Name="BackgroundColor">orange</P>
    <P Name="PortDimensions">[3 3]</P>
    <P Name="VectorParamsAs1DForOutWhenUnconnected">off</P>
  </Block>
  <Line>
    <P Name="ZOrder">1</P>
    <P Name="Src">79047#out:1</P>
    <P Name="Dst">79023#in:1</P>
  </Line>
  <Line>
    <P Name="ZOrder">2</P>
    <P Name="Src">79048#out:1</P>
    <P Name="Dst">79024#in:1</P>
  </Line>
  <Line>
    <P Name="ZOrder">3</P>
    <P Name="Src">79023#out:1</P>
    <P Name="Dst">79019#in:1</P>
  </Line>
  <Line>
    <P Name="ZOrder">4</P>
    <P Name="Src">79024#out:1</P>
    <P Name="Dst">79019#in:2</P>
  </Line>
  <Line>
    <P Name="ZOrder">5</P>
    <P Name="Src">79043#out:1</P>
    <P Name="Dst">79018#in:1</P>
  </Line>
  <Line>
    <P Name="ZOrder">6</P>
    <P Name="Src">79044#out:1</P>
    <P Name="Dst">79018#in:2</P>
  </Line>
  <Line>
    <P Name="ZOrder">7</P>
    <P Name="Src">79036#out:1</P>
    <P Name="Dst">79018#in:4</P>
  </Line>
  <Line>
    <P Name="ZOrder">8</P>
    <P Name="Src">79035#out:1</P>
    <P Name="Dst">79018#in:3</P>
  </Line>
  <Line>
    <P Name="ZOrder">9</P>
    <P Name="Src">79039#out:1</P>
    <P Name="Dst">79017#in:1</P>
  </Line>
  <Line>
    <P Name="ZOrder">10</P>
    <P Name="Src">79040#out:1</P>
    <P Name="Dst">79017#in:2</P>
  </Line>
  <Line>
    <P Name="ZOrder">11</P>
    <P Name="Src">79042#out:1</P>
    <P Name="Dst">79017#in:4</P>
  </Line>
  <Line>
    <P Name="ZOrder">12</P>
    <P Name="Src">79041#out:1</P>
    <P Name="Dst">79017#in:3</P>
  </Line>
  <Line>
    <P Name="ZOrder">13</P>
    <P Name="Src">79055#out:1</P>
    <P Name="Dst">79032#in:1</P>
  </Line>
  <Line>
    <P Name="ZOrder">14</P>
    <P Name="Src">79056#out:1</P>
    <P Name="Dst">79022#in:1</P>
  </Line>
  <Line>
    <P Name="ZOrder">15</P>
    <P Name="Src">79032#out:1</P>
    <P Name="Dst">79016#in:1</P>
  </Line>
  <Line>
    <P Name="ZOrder">16</P>
    <P Name="Src">79022#out:1</P>
    <P Name="Dst">79016#in:2</P>
  </Line>
  <Line>
    <P Name="ZOrder">17</P>
    <P Name="Src">79053#out:1</P>
    <P Name="Dst">79030#in:1</P>
  </Line>
  <Line>
    <P Name="ZOrder">18</P>
    <P Name="Src">79054#out:1</P>
    <P Name="Dst">79031#in:1</P>
  </Line>
  <Line>
    <P Name="ZOrder">19</P>
    <P Name="Src">79030#out:1</P>
    <P Name="Dst">79015#in:1</P>
  </Line>
  <Line>
    <P Name="ZOrder">20</P>
    <P Name="Src">79031#out:1</P>
    <P Name="Dst">79015#in:2</P>
  </Line>
  <Line>
    <P Name="ZOrder">21</P>
    <P Name="Src">79051#out:1</P>
    <P Name="Dst">79028#in:1</P>
  </Line>
  <Line>
    <P Name="ZOrder">22</P>
    <P Name="Src">79052#out:1</P>
    <P Name="Dst">79029#in:1</P>
  </Line>
  <Line>
    <P Name="ZOrder">23</P>
    <P Name="Src">79028#out:1</P>
    <P Name="Dst">79014#in:1</P>
  </Line>
  <Line>
    <P Name="ZOrder">24</P>
    <P Name="Src">79029#out:1</P>
    <P Name="Dst">79014#in:2</P>
  </Line>
  <Line>
    <P Name="ZOrder">25</P>
    <P Name="Src">79049#out:1</P>
    <P Name="Dst">79026#in:1</P>
  </Line>
  <Line>
    <P Name="ZOrder">26</P>
    <P Name="Src">79050#out:1</P>
    <P Name="Dst">79027#in:1</P>
  </Line>
  <Line>
    <P Name="ZOrder">27</P>
    <P Name="Src">79026#out:1</P>
    <P Name="Dst">79013#in:1</P>
  </Line>
  <Line>
    <P Name="ZOrder">28</P>
    <P Name="Src">79027#out:1</P>
    <P Name="Dst">79013#in:2</P>
  </Line>
  <Line>
    <P Name="ZOrder">29</P>
    <P Name="Src">79025#out:1</P>
    <P Name="Dst">79012#in:2</P>
  </Line>
  <Line>
    <P Name="ZOrder">30</P>
    <P Name="Src">79021#out:1</P>
    <P Name="Dst">79012#in:1</P>
  </Line>
  <Line>
    <P Name="ZOrder">31</P>
    <P Name="Src">79046#out:1</P>
    <P Name="Dst">79025#in:1</P>
  </Line>
  <Line>
    <P Name="ZOrder">32</P>
    <P Name="Src">79045#out:1</P>
    <P Name="Dst">79021#in:1</P>
  </Line>
  <Line>
    <P Name="ZOrder">33</P>
    <P Name="Src">79038#out:1</P>
    <P Name="Dst">79011#in:4</P>
  </Line>
  <Line>
    <P Name="ZOrder">34</P>
    <P Name="Src">79037#out:1</P>
    <P Name="Dst">79011#in:3</P>
  </Line>
  <Line>
    <P Name="ZOrder">35</P>
    <P Name="Src">79034#out:1</P>
    <P Name="Dst">79011#in:2</P>
  </Line>
  <Line>
    <P Name="ZOrder">36</P>
    <P Name="Src">79033#out:1</P>
    <P Name="Dst">79011#in:1</P>
  </Line>
  <Line>
    <P Name="Name">dcm33</P>
    <P Name="ZOrder">37</P>
    <P Name="Labels">[1, 1]</P>
    <P Name="Src">79018#out:1</P>
    <P Name="Dst">79059#in:3</P>
  </Line>
  <Line>
    <P Name="Name">dcm23</P>
    <P Name="ZOrder">38</P>
    <P Name="Labels">[1, 1]</P>
    <P Name="Src">79019#out:1</P>
    <P Name="Dst">79059#in:2</P>
  </Line>
  <Line>
    <P Name="Name">dcm13</P>
    <P Name="ZOrder">39</P>
    <P Name="Labels">[1, 1]</P>
    <P Name="Src">79014#out:1</P>
    <P Name="Dst">79059#in:1</P>
  </Line>
  <Line>
    <P Name="Name">dcm32</P>
    <P Name="ZOrder">40</P>
    <P Name="Labels">[1, 1]</P>
    <P Name="Src">79013#out:1</P>
    <P Name="Dst">79058#in:3</P>
  </Line>
  <Line>
    <P Name="Name">dcm22</P>
    <P Name="ZOrder">41</P>
    <P Name="Labels">[1, 1]</P>
    <P Name="Src">79017#out:1</P>
    <P Name="Dst">79058#in:2</P>
  </Line>
  <Line>
    <P Name="Name">dcm12</P>
    <P Name="ZOrder">42</P>
    <P Name="Labels">[1, 1]</P>
    <P Name="Src">79015#out:1</P>
    <P Name="Dst">79058#in:1</P>
  </Line>
  <Line>
    <P Name="Name">dcm31</P>
    <P Name="ZOrder">43</P>
    <P Name="Labels">[1, 1]</P>
    <P Name="Src">79016#out:1</P>
    <P Name="Dst">79057#in:3</P>
  </Line>
  <Line>
    <P Name="Name">dcm21</P>
    <P Name="ZOrder">44</P>
    <P Name="Labels">[1, 1]</P>
    <P Name="Src">79012#out:1</P>
    <P Name="Dst">79057#in:2</P>
  </Line>
  <Line>
    <P Name="Name">dcm11</P>
    <P Name="ZOrder">45</P>
    <P Name="Labels">[1, 1]</P>
    <P Name="Src">79011#out:1</P>
    <P Name="Dst">79057#in:1</P>
  </Line>
  <Line>
    <P Name="ZOrder">46</P>
    <P Name="Src">79058#out:1</P>
    <P Name="Dst">79060#in:2</P>
  </Line>
  <Line>
    <P Name="ZOrder">47</P>
    <P Name="Src">79059#out:1</P>
    <P Name="Points">[68, 0; 0, -315]</P>
    <P Name="Dst">79060#in:3</P>
  </Line>
  <Line>
    <P Name="ZOrder">48</P>
    <P Name="Src">79057#out:1</P>
    <P Name="Points">[68, 0; 0, 315]</P>
    <P Name="Dst">79060#in:1</P>
  </Line>
  <Line>
    <P Name="ZOrder">49</P>
    <P Name="Src">79060#out:1</P>
    <P Name="Dst">79061#in:1</P>
  </Line>
  <Line>
    <P Name="Name">q4 / q0</P>
    <P Name="ZOrder">50</P>
    <P Name="Labels">[0, 1]</P>
    <P Name="Src">79020#out:4</P>
    <P Name="Points">[214, 0]</P>
    <Branch>
      <P Name="ZOrder">51</P>
      <P Name="Points">[0, 10]</P>
      <Branch>
        <P Name="ZOrder">52</P>
        <P Name="Dst">79050#in:2</P>
      </Branch>
      <Branch>
        <P Name="ZOrder">53</P>
        <P Name="Points">[0, 130]</P>
        <Branch>
          <P Name="ZOrder">54</P>
          <P Name="Points">[0, 110]</P>
          <Branch>
            <P Name="ZOrder">55</P>
            <P Name="Dst">79048#in:2</P>
          </Branch>
          <Branch>
            <P Name="ZOrder">56</P>
            <P Name="Points">[0, 110]</P>
            <P Name="Dst">79036#in:1</P>
          </Branch>
        </Branch>
        <Branch>
          <P Name="ZOrder">57</P>
          <P Name="Dst">79052#in:2</P>
        </Branch>
      </Branch>
    </Branch>
    <Branch>
      <P Name="ZOrder">58</P>
      <P Name="Points">[0, -100]</P>
      <Branch>
        <P Name="ZOrder">59</P>
        <P Name="Points">[0, -110]</P>
        <Branch>
          <P Name="ZOrder">60</P>
          <P Name="Points">[0, -130]</P>
          <Branch>
            <P Name="ZOrder">61</P>
            <P Name="Points">[0, -110]</P>
            <Branch>
              <P Name="ZOrder">62</P>
              <P Name="Points">[0, -110]</P>
              <P Name="Dst">79038#in:1</P>
            </Branch>
            <Branch>
              <P Name="ZOrder">63</P>
              <P Name="Dst">79046#in:2</P>
            </Branch>
          </Branch>
          <Branch>
            <P Name="ZOrder">64</P>
            <P Name="Dst">79056#in:2</P>
          </Branch>
        </Branch>
        <Branch>
          <P Name="ZOrder">65</P>
          <P Name="Dst">79054#in:2</P>
        </Branch>
      </Branch>
      <Branch>
        <P Name="ZOrder">66</P>
        <P Name="Dst">79042#in:1</P>
      </Branch>
    </Branch>
  </Line>
  <Line>
    <P Name="Name">q3</P>
    <P Name="ZOrder">67</P>
    <P Name="Labels">[0, 1]</P>
    <P Name="Src">79020#out:3</P>
    <P Name="Points">[154, 0]</P>
    <Branch>
      <P Name="ZOrder">68</P>
      <P Name="Points">[0, -25]</P>
      <Branch>
        <P Name="ZOrder">69</P>
        <P Name="Points">[0, -110]</P>
        <Branch>
          <P Name="ZOrder">70</P>
          <P Name="Points">[0, -155]</P>
          <Branch>
            <P Name="ZOrder">71</P>
            <P Name="Points">[0, -85]</P>
            <Branch>
              <P Name="ZOrder">72</P>
              <P Name="Points">[0, -110]</P>
              <P Name="Dst">79037#in:1</P>
            </Branch>
            <Branch>
              <P Name="ZOrder">73</P>
              <P Name="Dst">79046#in:1</P>
            </Branch>
          </Branch>
          <Branch>
            <P Name="ZOrder">74</P>
            <P Name="Dst">79055#in:2</P>
          </Branch>
        </Branch>
        <Branch>
          <P Name="ZOrder">75</P>
          <P Name="Dst">79054#in:1</P>
        </Branch>
      </Branch>
      <Branch>
        <P Name="ZOrder">76</P>
        <P Name="Dst">79041#in:1</P>
      </Branch>
    </Branch>
    <Branch>
      <P Name="ZOrder">77</P>
      <P Name="Points">[0, 60]</P>
      <Branch>
        <P Name="ZOrder">78</P>
        <P Name="Points">[0, 130]</P>
        <Branch>
          <P Name="ZOrder">79</P>
          <P Name="Points">[0, 110]</P>
          <Branch>
            <P Name="ZOrder">80</P>
            <P Name="Dst">79047#in:2</P>
          </Branch>
          <Branch>
            <P Name="ZOrder">81</P>
            <P Name="Points">[0, 135]</P>
            <P Name="Dst">79035#in:1</P>
          </Branch>
        </Branch>
        <Branch>
          <P Name="ZOrder">82</P>
          <P Name="Dst">79051#in:2</P>
        </Branch>
      </Branch>
      <Branch>
        <P Name="ZOrder">83</P>
        <P Name="Dst">79049#in:2</P>
      </Branch>
    </Branch>
  </Line>
  <Line>
    <P Name="Name">q2</P>
    <P Name="ZOrder">84</P>
    <P Name="Labels">[0, 1]</P>
    <P Name="Src">79020#out:2</P>
    <P Name="Points">[105, 0]</P>
    <Branch>
      <P Name="ZOrder">85</P>
      <P Name="Points">[0, -65]</P>
      <Branch>
        <P Name="ZOrder">86</P>
        <P Name="Points">[0, -105]</P>
        <Branch>
          <P Name="ZOrder">87</P>
          <P Name="Points">[0, -135]</P>
          <Branch>
            <P Name="ZOrder">88</P>
            <P Name="Points">[0, -105]</P>
            <P Name="Dst">79034#in:1</P>
          </Branch>
          <Branch>
            <P Name="ZOrder">89</P>
            <P Name="Dst">79045#in:2</P>
          </Branch>
        </Branch>
        <Branch>
          <P Name="ZOrder">90</P>
          <P Name="Dst">79056#in:1</P>
        </Branch>
      </Branch>
      <Branch>
        <P Name="ZOrder">91</P>
        <P Name="Dst">79053#in:2</P>
      </Branch>
    </Branch>
    <Branch>
      <P Name="ZOrder">92</P>
      <P Name="Points">[0, 50]</P>
      <Branch>
        <P Name="ZOrder">93</P>
        <P Name="Dst">79040#in:1</P>
      </Branch>
      <Branch>
        <P Name="ZOrder">94</P>
        <P Name="Points">[0, 85]</P>
        <Branch>
          <P Name="ZOrder">95</P>
          <P Name="Points">[0, 175]</P>
          <Branch>
            <P Name="ZOrder">96</P>
            <P Name="Points">[0, 65]</P>
            <Branch>
              <P Name="ZOrder">97</P>
              <P Name="Points">[0, 135]</P>
              <P Name="Dst">79044#in:1</P>
            </Branch>
            <Branch>
              <P Name="ZOrder">98</P>
              <P Name="Dst">79047#in:1</P>
            </Branch>
          </Branch>
          <Branch>
            <P Name="ZOrder">99</P>
            <P Name="Dst">79052#in:1</P>
          </Branch>
        </Branch>
        <Branch>
          <P Name="ZOrder">100</P>
          <P Name="Dst">79049#in:1</P>
        </Branch>
      </Branch>
    </Branch>
  </Line>
  <Line>
    <P Name="Name">q1</P>
    <P Name="ZOrder">101</P>
    <P Name="Labels">[0, 1]</P>
    <P Name="Src">79020#out:1</P>
    <P Name="Points">[57, 0]</P>
    <Branch>
      <P Name="ZOrder">102</P>
      <P Name="Points">[0, 10]</P>
      <Branch>
        <P Name="ZOrder">103</P>
        <P Name="Dst">79053#in:1</P>
      </Branch>
      <Branch>
        <P Name="ZOrder">104</P>
        <P Name="Points">[0, 115]</P>
        <Branch>
          <P Name="ZOrder">105</P>
          <P Name="Dst">79039#in:1</P>
        </Branch>
        <Branch>
          <P Name="ZOrder">106</P>
          <P Name="Points">[0, 150]</P>
          <Branch>
            <P Name="ZOrder">107</P>
            <P Name="Points">[0, 85]</P>
            <Branch>
              <P Name="ZOrder">108</P>
              <P Name="Points">[0, 155]</P>
              <Branch>
                <P Name="ZOrder">109</P>
                <P Name="Points">[0, 70]</P>
                <P Name="Dst">79043#in:1</P>
              </Branch>
              <Branch>
                <P Name="ZOrder">110</P>
                <P Name="Dst">79048#in:1</P>
              </Branch>
            </Branch>
            <Branch>
              <P Name="ZOrder">111</P>
              <P Name="Dst">79051#in:1</P>
            </Branch>
          </Branch>
          <Branch>
            <P Name="ZOrder">112</P>
            <P Name="Dst">79050#in:1</P>
          </Branch>
        </Branch>
      </Branch>
    </Branch>
    <Branch>
      <P Name="ZOrder">113</P>
      <P Name="Points">[0, -120]</P>
      <Branch>
        <P Name="ZOrder">114</P>
        <P Name="Points">[0, -110]</P>
        <Branch>
          <P Name="ZOrder">115</P>
          <P Name="Points">[0, -105]</P>
          <P Name="Dst">79033#in:1</P>
        </Branch>
        <Branch>
          <P Name="ZOrder">116</P>
          <P Name="Dst">79045#in:1</P>
        </Branch>
      </Branch>
      <Branch>
        <P Name="ZOrder">117</P>
        <P Name="Dst">79055#in:1</P>
      </Branch>
    </Branch>
  </Line>
  <Line>
    <P Name="ZOrder">118</P>
    <P Name="Src">79010#out:1</P>
    <P Name="Dst">79020#in:1</P>
  </Line>
  <Annotation SID="79063">
    <P Name="Name">Inputs [size]:

quaternion q12 [4]</P>
    <P Name="Position">[-446, 34, -364, 72]</P>
    <P Name="InternalMargins">[0, 0, 0, 0]</P>
    <P Name="HorizontalAlignment">center</P>
    <P Name="VerticalAlignment">middle</P>
    <P Name="ZOrder">-1</P>
  </Annotation>
  <Annotation SID="79062">
    <P Name="Name">Outputs [size]:

direction cosine matrix T12 [3x3]</P>
    <P Name="Position">[637, 51, 782, 89]</P>
    <P Name="InternalMargins">[0, 0, 0, 0]</P>
    <P Name="HorizontalAlignment">center</P>
    <P Name="VerticalAlignment">middle</P>
    <P Name="ZOrder">-2</P>
  </Annotation>
</System>
