<?xml version="1.0" encoding="UTF-8" standalone="yes" ?><cp:coreProperties xmlns:cp="http://schemas.openxmlformats.org/package/2006/metadata/core-properties" xmlns:dc="http://purl.org/dc/elements/1.1/" xmlns:dcmitype="http://purl.org/dc/dcmitype/" xmlns:dcterms="http://purl.org/dc/terms/" xmlns:xsi="http://www.w3.org/2001/XMLSchema-instance"><cp:category>model</cp:category><dcterms:created xsi:type="dcterms:W3CDTF">2019-04-21T22:02:28Z</dcterms:created><dc:creator>m.hiepp</dc:creator><cp:lastModifiedBy>guy-m</cp:lastModifiedBy><dcterms:modified xsi:type="dcterms:W3CDTF">2021-02-18T14:51:10Z</dcterms:modified><cp:revision>1.281</cp:revision><cp:version>R2019b</cp:version></cp:coreProperties>