<?xml version="1.0" encoding="UTF-8"?>
<MF0 version="1.1" defaultPackage="coderdictionary.data" packageUris="http://schema.mathworks.com/mf0/coderdictionary_data/R2021a http://schema.mathworks.com/mf0/coderdictionary_data/R2021a/coderdictionary.data">
  <Container type="Container" uuid="c7089e9c-4289-4f0c-813c-eabee6ed1c4c">
    <ReferencedContainers type="ReferenceContainerInfo" uuid="e8bda8ba-c9b8-4dbb-9980-10809cc2af14">
      <Name>SimulinkBuiltin</Name>
    </ReferencedContainers>
    <ReferencedContainers type="ReferenceContainerInfo" uuid="bd83960f-47ec-41b8-a2f8-80c77b455695">
      <Name>Simulink</Name>
    </ReferencedContainers>
    <CDefinitions type="C_Definitions" uuid="bb301038-c404-474f-a53a-594906707800">
      <SoftwareComponentTemplates type="SoftwareComponentTemplate" uuid="98edfb25-34e3-4d14-8454-fb294306e9c2">
        <Name>CODER_DICTIONARY</Name>
        <Constants type="DataConfiguration" uuid="3f5aacb8-f933-4c10-9208-1fc4fab5dbbd">
          <category>Constants</category>
        </Constants>
        <DataTransfers type="DataConfiguration" uuid="1370d552-cd68-4afe-9760-049fc00506e7">
          <category>DataTransfers</category>
        </DataTransfers>
        <Execution type="FunctionConfiguration" uuid="712545a9-1034-48d3-b25d-425d52d3bb13"/>
        <GlobalDataStores type="DataConfiguration" uuid="9b31a899-c8c1-4698-8f42-c18a50410fc5">
          <category>GlobalDataStores</category>
        </GlobalDataStores>
        <GlobalParameters type="DataConfiguration" uuid="74cd77f2-ee6c-401d-93f1-08578bd7ef47">
          <category>GlobalParameters</category>
        </GlobalParameters>
        <InitializeTerminate type="FunctionConfiguration" uuid="b7431d4e-e698-4614-9dcf-1ea1319d8162"/>
        <Inports type="DataConfiguration" uuid="0d4cd2ba-5bb5-474c-bf42-cda233c4eeb5">
          <category>Inports</category>
        </Inports>
        <InternalData type="DataConfiguration" uuid="78fbddc0-2852-4dd6-92fd-0111eb73a499">
          <category>InternalData</category>
        </InternalData>
        <LocalParameters type="DataConfiguration" uuid="38bdf54d-11ed-4e80-bbf8-e9d9ca94e2b6">
          <category>LocalParameters</category>
        </LocalParameters>
        <ModelData type="DataConfiguration" uuid="d93118bf-b508-430d-bc04-7638bdbee648">
          <category>ModelData</category>
        </ModelData>
        <Outports type="DataConfiguration" uuid="25751f45-0c22-45e6-8952-2d00258169cc">
          <category>Outports</category>
        </Outports>
        <ParameterArguments type="DataConfiguration" uuid="578cffdb-f26a-4fe0-aec1-36c45fbdf967">
          <category>ParameterArguments</category>
        </ParameterArguments>
        <SharedLocalDataStores type="DataConfiguration" uuid="7208064c-11c4-43a8-9b86-a1c216a8e7e2">
          <category>SharedLocalDataStores</category>
        </SharedLocalDataStores>
        <SharedUtility type="FunctionConfiguration" uuid="c58a0841-ecfd-4a29-bbe9-f50d73c34f78"/>
      </SoftwareComponentTemplates>
      <packageChecksums type="PackageChecksum" uuid="3a96bad0-70e9-4850-afd4-25296c2c35fb">
        <Checksum>N/NztYSleSTGnmPWdZgWosqbDWczGyycBLdkZtukxFg3x8ohm1vAYk+r/5K0xQzxHBqBkousln40dg8KV9FnGA==</Checksum>
        <PackageName>SimulinkBuiltin</PackageName>
      </packageChecksums>
    </CDefinitions>
  </Container>
</MF0>