<?xml version="1.0" encoding="utf-8"?>
<GraphicalInterface>
  <P Name="NumRootInports">0</P>
  <P Name="NumRootOutports">0</P>
  <P Name="ParameterArgumentNames"/>
  <P Name="NumModelReferences">0</P>
  <P Name="NumTestPointedSignals">121</P>
  <TestPointedSignal>
    <P Name="SignalName">phi_int</P>
    <P Name="FullBlockPath">$bdroot/Flight Control Computer1/Pixhawk Block/Emulated Pixhawk1/Autopilot/Phi_Control/Discrete-Time Integrator</P>
    <P Name="LogSignal">1</P>
    <P Name="MaxPoints">5000</P>
    <P Name="Decimation">2</P>
  </TestPointedSignal>
  <TestPointedSignal>
    <P Name="SignalName">Kp_r</P>
    <P Name="FullBlockPath">$bdroot/Flight Control Computer1/Pixhawk Block/Emulated Pixhawk1/Autopilot/Phi_Control/Gain_Lookup/1-D Lookup Table1</P>
    <P Name="LogSignal">1</P>
    <P Name="MaxPoints">5000</P>
    <P Name="Decimation">2</P>
  </TestPointedSignal>
  <TestPointedSignal>
    <P Name="SignalName">Kp_ay</P>
    <P Name="FullBlockPath">$bdroot/Flight Control Computer1/Pixhawk Block/Emulated Pixhawk1/Autopilot/Phi_Control/Gain_Lookup/1-D Lookup Table2</P>
    <P Name="LogSignal">1</P>
    <P Name="MaxPoints">5000</P>
    <P Name="Decimation">2</P>
  </TestPointedSignal>
  <TestPointedSignal>
    <P Name="SignalName">Kp_p</P>
    <P Name="FullBlockPath">$bdroot/Flight Control Computer1/Pixhawk Block/Emulated Pixhawk1/Autopilot/Phi_Control/Gain_Lookup/1-D Lookup Table3</P>
    <P Name="LogSignal">1</P>
    <P Name="MaxPoints">5000</P>
    <P Name="Decimation">2</P>
  </TestPointedSignal>
  <TestPointedSignal>
    <P Name="SignalName">Ki_phi</P>
    <P Name="FullBlockPath">$bdroot/Flight Control Computer1/Pixhawk Block/Emulated Pixhawk1/Autopilot/Phi_Control/Gain_Lookup/1-D Lookup Table4</P>
    <P Name="LogSignal">1</P>
    <P Name="MaxPoints">5000</P>
    <P Name="Decimation">2</P>
  </TestPointedSignal>
  <TestPointedSignal>
    <P Name="SignalName">Kp_phi</P>
    <P Name="FullBlockPath">$bdroot/Flight Control Computer1/Pixhawk Block/Emulated Pixhawk1/Autopilot/Phi_Control/Gain_Lookup/1-D Lookup Table5</P>
    <P Name="LogSignal">1</P>
    <P Name="MaxPoints">5000</P>
    <P Name="Decimation">2</P>
  </TestPointedSignal>
  <TestPointedSignal>
    <P Name="SignalName">Ki_ay</P>
    <P Name="FullBlockPath">$bdroot/Flight Control Computer1/Pixhawk Block/Emulated Pixhawk1/Autopilot/Phi_Control/Gain_Lookup/1-D Lookup Table6</P>
    <P Name="LogSignal">1</P>
    <P Name="MaxPoints">5000</P>
    <P Name="Decimation">2</P>
  </TestPointedSignal>
  <TestPointedSignal>
    <P Name="SignalName">Kp_p</P>
    <P Name="FullBlockPath">$bdroot/Flight Control Computer2/Pixhawk1/FCC Logic1/Control/Phi Controller/Gain_Lookup/1-D Lookup Table3</P>
    <P Name="LogSignal">1</P>
    <P Name="MaxPoints">5000</P>
    <P Name="Decimation">2</P>
  </TestPointedSignal>
  <TestPointedSignal>
    <P Name="SignalName">Ki_phi</P>
    <P Name="FullBlockPath">$bdroot/Flight Control Computer2/Pixhawk1/FCC Logic1/Control/Phi Controller/Gain_Lookup/1-D Lookup Table4</P>
    <P Name="LogSignal">1</P>
    <P Name="MaxPoints">5000</P>
    <P Name="Decimation">2</P>
  </TestPointedSignal>
  <TestPointedSignal>
    <P Name="SignalName">Kp_phi</P>
    <P Name="FullBlockPath">$bdroot/Flight Control Computer2/Pixhawk1/FCC Logic1/Control/Phi Controller/Gain_Lookup/1-D Lookup Table5</P>
    <P Name="LogSignal">1</P>
    <P Name="MaxPoints">5000</P>
    <P Name="Decimation">2</P>
  </TestPointedSignal>
  <TestPointedSignal>
    <P Name="SignalName">xi_cmd</P>
    <P Name="FullBlockPath">$bdroot/Flight Control Computer2/Pixhawk1/FCC Logic1/Fin Allocation/Sum1</P>
    <P Name="LogSignal">1</P>
    <P Name="MaxPoints">5000</P>
    <P Name="Decimation">2</P>
  </TestPointedSignal>
  <TestPointedSignal>
    <P Name="SignalName">et_cmd</P>
    <P Name="FullBlockPath">$bdroot/Flight Control Computer2/Pixhawk1/FCC Logic1/Fin Allocation/Sum2</P>
    <P Name="LogSignal">1</P>
    <P Name="MaxPoints">5000</P>
    <P Name="Decimation">2</P>
  </TestPointedSignal>
  <TestPointedSignal>
    <P Name="SignalName">ze_cmd</P>
    <P Name="FullBlockPath">$bdroot/Flight Control Computer2/Pixhawk1/FCC Logic1/Fin Allocation/Sum3</P>
    <P Name="LogSignal">1</P>
    <P Name="MaxPoints">5000</P>
    <P Name="Decimation">2</P>
  </TestPointedSignal>
  <TestPointedSignal>
    <P Name="SignalName">fin_cmd</P>
    <P Name="FullBlockPath">$bdroot/Flight Control Computer2/Pixhawk1/FCC Logic1/Fin Allocation/Vector Concatenate1</P>
    <P Name="LogSignal">1</P>
    <P Name="MaxPoints">5000</P>
    <P Name="Decimation">2</P>
  </TestPointedSignal>
  <TestPointedSignal>
    <P Name="SignalName">siB_cmd</P>
    <P Name="FullBlockPath">$bdroot/Flight Control Computer2/Pixhawk1/FCC Logic1/Fin Allocation/Subsystem/Vector Concatenate</P>
    <P Name="LogSignal">1</P>
    <P Name="MaxPoints">5000</P>
    <P Name="Decimation">2</P>
  </TestPointedSignal>
  <TestPointedSignal>
    <P Name="SignalName">CLL_B</P>
    <P Name="FullBlockPath">$bdroot/Non-linear Flight Dynamic Model1/GRM_Airframe/aerodynamics/aerodynamic_via_lookup/calc_aero_coefficients/CLL_TLU/Sum3</P>
    <P Name="LogSignal">1</P>
    <P Name="MaxPoints">5000</P>
    <P Name="Decimation">2</P>
  </TestPointedSignal>
  <TestPointedSignal>
    <P Name="SignalName">CLM_B</P>
    <P Name="FullBlockPath">$bdroot/Non-linear Flight Dynamic Model1/GRM_Airframe/aerodynamics/aerodynamic_via_lookup/calc_aero_coefficients/CLM_TLU/Sum3</P>
    <P Name="LogSignal">1</P>
    <P Name="MaxPoints">5000</P>
    <P Name="Decimate">1</P>
    <P Name="Decimation">1000</P>
  </TestPointedSignal>
  <TestPointedSignal>
    <P Name="SignalName">CLN_B</P>
    <P Name="FullBlockPath">$bdroot/Non-linear Flight Dynamic Model1/GRM_Airframe/aerodynamics/aerodynamic_via_lookup/calc_aero_coefficients/CLN_TLU/Sum3</P>
    <P Name="LogSignal">1</P>
    <P Name="MaxPoints">5000</P>
    <P Name="Decimate">1</P>
    <P Name="Decimation">1000</P>
  </TestPointedSignal>
  <TestPointedSignal>
    <P Name="SignalName">CX_B</P>
    <P Name="FullBlockPath">$bdroot/Non-linear Flight Dynamic Model1/GRM_Airframe/aerodynamics/aerodynamic_via_lookup/calc_aero_coefficients/CX_TLU/Sum1</P>
    <P Name="LogSignal">1</P>
    <P Name="MaxPoints">5000</P>
    <P Name="Decimate">1</P>
    <P Name="Decimation">1000</P>
  </TestPointedSignal>
  <TestPointedSignal>
    <P Name="SignalName">CY_B</P>
    <P Name="FullBlockPath">$bdroot/Non-linear Flight Dynamic Model1/GRM_Airframe/aerodynamics/aerodynamic_via_lookup/calc_aero_coefficients/CY_TLU/Sum2</P>
    <P Name="LogSignal">1</P>
    <P Name="MaxPoints">5000</P>
    <P Name="Decimate">1</P>
    <P Name="Decimation">1000</P>
  </TestPointedSignal>
  <TestPointedSignal>
    <P Name="SignalName">CZ_B</P>
    <P Name="FullBlockPath">$bdroot/Non-linear Flight Dynamic Model1/GRM_Airframe/aerodynamics/aerodynamic_via_lookup/calc_aero_coefficients/CZ_TLU/Sum2</P>
    <P Name="LogSignal">1</P>
    <P Name="MaxPoints">5000</P>
    <P Name="Decimate">1</P>
    <P Name="Decimation">1000</P>
  </TestPointedSignal>
  <TestPointedSignal>
    <P Name="SignalName">pBAB</P>
    <P Name="FullBlockPath">$bdroot/Non-linear Flight Dynamic Model1/GRM_Airframe/aerodynamics/aerodynamic_via_lookup/calc_aero_for_mom/Subtract</P>
    <P Name="LogSignal">1</P>
    <P Name="MaxPoints">5000</P>
    <P Name="Decimate">1</P>
    <P Name="Decimation">1000</P>
  </TestPointedSignal>
  <TestPointedSignal>
    <P Name="SignalName">FBAB</P>
    <P Name="FullBlockPath">$bdroot/Non-linear Flight Dynamic Model1/GRM_Airframe/aerodynamics/aerodynamic_via_lookup/calc_aero_for_mom/launch_rail/Switch</P>
    <P Name="LogSignal">1</P>
    <P Name="MaxPoints">5000</P>
    <P Name="Decimate">1</P>
    <P Name="Decimation">1000</P>
  </TestPointedSignal>
  <TestPointedSignal>
    <P Name="SignalName">MBAB</P>
    <P Name="FullBlockPath">$bdroot/Non-linear Flight Dynamic Model1/GRM_Airframe/aerodynamics/aerodynamic_via_lookup/calc_aero_for_mom/launch_rail1/Switch</P>
    <P Name="LogSignal">1</P>
    <P Name="MaxPoints">5000</P>
    <P Name="Decimate">1</P>
    <P Name="Decimation">1000</P>
  </TestPointedSignal>
  <TestPointedSignal>
    <P Name="SignalName">flag_base_drag</P>
    <P Name="FullBlockPath">$bdroot/Non-linear Flight Dynamic Model1/GRM_Airframe/aerodynamics/logic_base_drag/MATLAB Function</P>
    <P Name="LogSignal">1</P>
    <P Name="MaxPoints">5000</P>
    <P Name="Decimation">2</P>
  </TestPointedSignal>
  <TestPointedSignal>
    <P Name="SignalName">siB</P>
    <P Name="FullBlockPath">$bdroot/Non-linear Flight Dynamic Model1/GRM_Airframe/fin_actuators/Switch</P>
    <P Name="LogSignal">1</P>
    <P Name="MaxPoints">5000</P>
    <P Name="Decimate">1</P>
    <P Name="Decimation">1000</P>
  </TestPointedSignal>
  <TestPointedSignal>
    <P Name="SignalName">siB</P>
    <P Name="FullBlockPath">$bdroot/Non-linear Flight Dynamic Model1/GRM_Airframe/fin_actuators/Vector Concatenate1</P>
    <P Name="LogSignal">1</P>
    <P Name="MaxPoints">5000</P>
    <P Name="Decimation">2</P>
  </TestPointedSignal>
  <TestPointedSignal>
    <P Name="SignalName">d_siB</P>
    <P Name="FullBlockPath">$bdroot/Non-linear Flight Dynamic Model1/GRM_Airframe/fin_actuators/Vector Concatenate2</P>
    <P Name="LogSignal">1</P>
    <P Name="MaxPoints">5000</P>
    <P Name="Decimate">1</P>
    <P Name="Decimation">1000</P>
  </TestPointedSignal>
  <TestPointedSignal>
    <P Name="SignalName">dd_siB</P>
    <P Name="FullBlockPath">$bdroot/Non-linear Flight Dynamic Model1/GRM_Airframe/fin_actuators/Vector Concatenate3</P>
    <P Name="LogSignal">1</P>
    <P Name="MaxPoints">5000</P>
    <P Name="Decimate">1</P>
    <P Name="Decimation">1000</P>
  </TestPointedSignal>
  <TestPointedSignal>
    <P Name="SignalName">FBTB</P>
    <P Name="FullBlockPath">$bdroot/Non-linear Flight Dynamic Model1/GRM_Airframe/forces_moments/Add</P>
    <P Name="LogSignal">1</P>
    <P Name="MaxPoints">5000</P>
    <P Name="Decimate">1</P>
    <P Name="Decimation">1000</P>
  </TestPointedSignal>
  <TestPointedSignal>
    <P Name="SignalName">MBTB</P>
    <P Name="FullBlockPath">$bdroot/Non-linear Flight Dynamic Model1/GRM_Airframe/forces_moments/Add1</P>
    <P Name="LogSignal">1</P>
    <P Name="MaxPoints">5000</P>
    <P Name="Decimate">1</P>
    <P Name="Decimation">1000</P>
  </TestPointedSignal>
  <TestPointedSignal>
    <P Name="SignalName">FBGB</P>
    <P Name="FullBlockPath">$bdroot/Non-linear Flight Dynamic Model1/GRM_Airframe/forces_moments/Product</P>
    <P Name="LogSignal">1</P>
    <P Name="MaxPoints">5000</P>
    <P Name="Decimate">1</P>
    <P Name="Decimation">1000</P>
  </TestPointedSignal>
  <TestPointedSignal>
    <P Name="SignalName">FBGG</P>
    <P Name="FullBlockPath">$bdroot/Non-linear Flight Dynamic Model1/GRM_Airframe/gravity/Product</P>
    <P Name="LogSignal">1</P>
    <P Name="MaxPoints">5000</P>
    <P Name="Decimation">2</P>
  </TestPointedSignal>
  <TestPointedSignal>
    <P Name="SignalName">a_FBPM</P>
    <P Name="FullBlockPath">$bdroot/Non-linear Flight Dynamic Model1/GRM_Airframe/propulsion/prp_look_up/Switch1</P>
    <P Name="LogSignal">1</P>
    <P Name="MaxPoints">5000</P>
    <P Name="Decimation">2</P>
  </TestPointedSignal>
  <TestPointedSignal>
    <P Name="SignalName">FBPB</P>
    <P Name="FullBlockPath">$bdroot/Non-linear Flight Dynamic Model1/GRM_Airframe/propulsion/prp_uncertainty/Product</P>
    <P Name="LogSignal">1</P>
    <P Name="MaxPoints">5000</P>
    <P Name="Decimate">1</P>
    <P Name="Decimation">1000</P>
  </TestPointedSignal>
  <TestPointedSignal>
    <P Name="SignalName">MBPB</P>
    <P Name="FullBlockPath">$bdroot/Non-linear Flight Dynamic Model1/GRM_Airframe/propulsion/prp_uncertainty/cross_product</P>
    <P Name="LogSignal">1</P>
    <P Name="MaxPoints">5000</P>
    <P Name="Decimate">1</P>
    <P Name="Decimation">1000</P>
  </TestPointedSignal>
  <TestPointedSignal>
    <P Name="SignalName">euBG</P>
    <P Name="FullBlockPath">$bdroot/Non-linear Flight Dynamic Model1/GRM_Airframe/rb_eom/calc_bus_flight_dyn_bus_entries/Gain</P>
    <P Name="LogSignal">1</P>
    <P Name="MaxPoints">5000</P>
    <P Name="Decimate">1</P>
    <P Name="Decimation">1000</P>
  </TestPointedSignal>
  <TestPointedSignal>
    <P Name="SignalName">aBIB</P>
    <P Name="FullBlockPath">$bdroot/Non-linear Flight Dynamic Model1/GRM_Airframe/rb_eom/calc_bus_flight_dyn_bus_entries/Product</P>
    <P Name="LogSignal">1</P>
    <P Name="MaxPoints">5000</P>
    <P Name="Decimate">1</P>
    <P Name="Decimation">1000</P>
  </TestPointedSignal>
  <TestPointedSignal>
    <P Name="SignalName">vBIB</P>
    <P Name="FullBlockPath">$bdroot/Non-linear Flight Dynamic Model1/GRM_Airframe/rb_eom/calc_bus_flight_dyn_bus_entries/Product1</P>
    <P Name="LogSignal">1</P>
    <P Name="MaxPoints">5000</P>
    <P Name="Decimate">1</P>
    <P Name="Decimation">1000</P>
  </TestPointedSignal>
  <TestPointedSignal>
    <P Name="SignalName">TGI</P>
    <P Name="FullBlockPath">$bdroot/Non-linear Flight Dynamic Model1/GRM_Airframe/rb_eom/calc_bus_flight_dyn_bus_entries/Product2</P>
    <P Name="LogSignal">1</P>
    <P Name="MaxPoints">5000</P>
    <P Name="Decimate">1</P>
    <P Name="Decimation">1000</P>
  </TestPointedSignal>
  <TestPointedSignal>
    <P Name="SignalName">pBLG</P>
    <P Name="FullBlockPath">$bdroot/Non-linear Flight Dynamic Model1/GRM_Airframe/rb_eom/calc_bus_flight_dyn_bus_entries/Product3</P>
    <P Name="LogSignal">1</P>
    <P Name="MaxPoints">5000</P>
    <P Name="Decimate">1</P>
    <P Name="Decimation">1000</P>
  </TestPointedSignal>
  <TestPointedSignal>
    <P Name="SignalName">pBLI</P>
    <P Name="FullBlockPath">$bdroot/Non-linear Flight Dynamic Model1/GRM_Airframe/rb_eom/calc_bus_flight_dyn_bus_entries/Sum</P>
    <P Name="LogSignal">1</P>
    <P Name="MaxPoints">5000</P>
    <P Name="Decimation">2</P>
  </TestPointedSignal>
  <TestPointedSignal>
    <P Name="SignalName">qGB</P>
    <P Name="FullBlockPath">$bdroot/Non-linear Flight Dynamic Model1/GRM_Airframe/rb_eom/calc_bus_flight_dyn_bus_entries/q12_from_T12</P>
    <P Name="LogSignal">1</P>
    <P Name="MaxPoints">5000</P>
    <P Name="Decimation">2</P>
  </TestPointedSignal>
  <TestPointedSignal>
    <P Name="SignalName">euIB</P>
    <P Name="FullBlockPath">$bdroot/Non-linear Flight Dynamic Model1/GRM_Airframe/rb_eom/calc_bus_flight_dyn_bus_entries/quaternion_to_euler_angles</P>
    <P Name="LogSignal">1</P>
    <P Name="MaxPoints">5000</P>
    <P Name="Decimation">2</P>
  </TestPointedSignal>
  <TestPointedSignal>
    <P Name="SignalName">euGB</P>
    <P Name="FullBlockPath">$bdroot/Non-linear Flight Dynamic Model1/GRM_Airframe/rb_eom/calc_bus_flight_dyn_bus_entries/quaternion_to_euler_angles1</P>
    <P Name="LogSignal">1</P>
    <P Name="MaxPoints">5000</P>
    <P Name="Decimation">2</P>
  </TestPointedSignal>
  <TestPointedSignal>
    <P Name="SignalName">lon</P>
    <P Name="FullBlockPath">$bdroot/Non-linear Flight Dynamic Model1/GRM_Airframe/rb_eom/calc_bus_flight_dyn_bus_entries/Subsystem2/Demux1</P>
    <P Name="LogSignal">1</P>
    <P Name="MaxPoints">5000</P>
    <P Name="Decimate">1</P>
    <P Name="Decimation">1000</P>
  </TestPointedSignal>
  <TestPointedSignal>
    <P Name="SignalName">lat</P>
    <P Name="FullBlockPath">$bdroot/Non-linear Flight Dynamic Model1/GRM_Airframe/rb_eom/calc_bus_flight_dyn_bus_entries/Subsystem2/Demux1</P>
    <P Name="PortIndex">2</P>
    <P Name="LogSignal">1</P>
    <P Name="MaxPoints">5000</P>
    <P Name="Decimate">1</P>
    <P Name="Decimation">1000</P>
  </TestPointedSignal>
  <TestPointedSignal>
    <P Name="SignalName">hBE</P>
    <P Name="FullBlockPath">$bdroot/Non-linear Flight Dynamic Model1/GRM_Airframe/rb_eom/calc_bus_flight_dyn_bus_entries/Subsystem2/Demux1</P>
    <P Name="PortIndex">3</P>
    <P Name="LogSignal">1</P>
    <P Name="MaxPoints">5000</P>
    <P Name="Decimate">1</P>
    <P Name="Decimation">1000</P>
  </TestPointedSignal>
  <TestPointedSignal>
    <P Name="SignalName">d_wBIB</P>
    <P Name="FullBlockPath">$bdroot/Non-linear Flight Dynamic Model1/GRM_Airframe/rb_eom/eom_6dof/Rigid_Body_EOM_6_DOF/Integration/Reshape1</P>
    <P Name="LogSignal">1</P>
    <P Name="MaxPoints">5000</P>
    <P Name="Decimation">2</P>
  </TestPointedSignal>
  <TestPointedSignal>
    <P Name="SignalName">d_vBII</P>
    <P Name="FullBlockPath">$bdroot/Non-linear Flight Dynamic Model1/GRM_Airframe/rb_eom/eom_6dof/Rigid_Body_EOM_6_DOF/Integration/Reshape2</P>
    <P Name="LogSignal">1</P>
    <P Name="MaxPoints">5000</P>
    <P Name="Decimation">2</P>
  </TestPointedSignal>
  <TestPointedSignal>
    <P Name="SignalName">pBII</P>
    <P Name="FullBlockPath">$bdroot/Non-linear Flight Dynamic Model1/GRM_Airframe/rb_eom/eom_6dof/Rigid_Body_EOM_6_DOF/Integration/Selector</P>
    <P Name="LogSignal">1</P>
    <P Name="MaxPoints">5000</P>
    <P Name="Decimation">2</P>
  </TestPointedSignal>
  <TestPointedSignal>
    <P Name="SignalName">vBII</P>
    <P Name="FullBlockPath">$bdroot/Non-linear Flight Dynamic Model1/GRM_Airframe/rb_eom/eom_6dof/Rigid_Body_EOM_6_DOF/Integration/Selector1</P>
    <P Name="LogSignal">1</P>
    <P Name="MaxPoints">5000</P>
    <P Name="Decimation">2</P>
  </TestPointedSignal>
  <TestPointedSignal>
    <P Name="SignalName">wBIB</P>
    <P Name="FullBlockPath">$bdroot/Non-linear Flight Dynamic Model1/GRM_Airframe/rb_eom/eom_6dof/Rigid_Body_EOM_6_DOF/Integration/Selector3</P>
    <P Name="LogSignal">1</P>
    <P Name="MaxPoints">5000</P>
    <P Name="Decimate">1</P>
    <P Name="Decimation">1000</P>
  </TestPointedSignal>
  <TestPointedSignal>
    <P Name="SignalName">vBEB</P>
    <P Name="FullBlockPath">$bdroot/Non-linear Flight Dynamic Model1/GRM_Airframe/stream_flow/calc_stream_flow/Product</P>
    <P Name="LogSignal">1</P>
    <P Name="MaxPoints">5000</P>
    <P Name="Decimate">1</P>
    <P Name="Decimation">1000</P>
  </TestPointedSignal>
  <TestPointedSignal>
    <P Name="SignalName">alB</P>
    <P Name="FullBlockPath">$bdroot/Non-linear Flight Dynamic Model1/GRM_Airframe/stream_flow/calc_stream_flow/Subsystem1</P>
    <P Name="LogSignal">1</P>
    <P Name="MaxPoints">5000</P>
    <P Name="Decimate">1</P>
    <P Name="Decimation">1000</P>
  </TestPointedSignal>
  <TestPointedSignal>
    <P Name="SignalName">beB</P>
    <P Name="FullBlockPath">$bdroot/Non-linear Flight Dynamic Model1/GRM_Airframe/stream_flow/calc_stream_flow/Subsystem1</P>
    <P Name="PortIndex">2</P>
    <P Name="LogSignal">1</P>
    <P Name="MaxPoints">5000</P>
    <P Name="Decimate">1</P>
    <P Name="Decimation">1000</P>
  </TestPointedSignal>
  <TestPointedSignal>
    <P Name="SignalName">MaB</P>
    <P Name="FullBlockPath">$bdroot/Non-linear Flight Dynamic Model1/GRM_Airframe/stream_flow/calc_stream_flow/Subsystem1/Divide</P>
    <P Name="LogSignal">1</P>
    <P Name="MaxPoints">5000</P>
    <P Name="Decimate">1</P>
    <P Name="Decimation">1000</P>
  </TestPointedSignal>
  <TestPointedSignal>
    <P Name="SignalName">qdynB</P>
    <P Name="FullBlockPath">$bdroot/Non-linear Flight Dynamic Model1/GRM_Airframe/stream_flow/calc_stream_flow/Subsystem1/Product1</P>
    <P Name="LogSignal">1</P>
    <P Name="MaxPoints">5000</P>
    <P Name="Decimate">1</P>
    <P Name="Decimation">1000</P>
  </TestPointedSignal>
  <TestPointedSignal>
    <P Name="SignalName">a_vB</P>
    <P Name="FullBlockPath">$bdroot/Non-linear Flight Dynamic Model1/GRM_Airframe/stream_flow/calc_stream_flow/Subsystem1/norm_of_vector</P>
    <P Name="LogSignal">1</P>
    <P Name="MaxPoints">5000</P>
    <P Name="Decimate">1</P>
    <P Name="Decimation">1000</P>
  </TestPointedSignal>
  <TestPointedSignal>
    <P Name="SignalName">vBEI</P>
    <P Name="FullBlockPath">$bdroot/Non-linear Flight Dynamic Model1/GRM_Airframe/stream_flow/calc_stream_flow/velocity_vector_transformation/Add</P>
    <P Name="LogSignal">1</P>
    <P Name="MaxPoints">5000</P>
    <P Name="Decimation">2</P>
  </TestPointedSignal>
  <TestPointedSignal>
    <P Name="SignalName">wIEI</P>
    <P Name="FullBlockPath">$bdroot/Non-linear Flight Dynamic Model1/GRM_Airframe/stream_flow/calc_stream_flow/velocity_vector_transformation/Product</P>
    <P Name="LogSignal">1</P>
    <P Name="MaxPoints">5000</P>
    <P Name="Decimation">2</P>
  </TestPointedSignal>
  <TestPointedSignal>
    <P Name="SignalName">de_vBEI</P>
    <P Name="FullBlockPath">$bdroot/Non-linear Flight Dynamic Model1/GRM_Airframe/stream_flow/calc_stream_flow/velocity_vector_transformation/cross_product</P>
    <P Name="LogSignal">1</P>
    <P Name="MaxPoints">5000</P>
    <P Name="Decimation">2</P>
  </TestPointedSignal>
  <TestPointedSignal>
    <P Name="SignalName">pBPB</P>
    <P Name="FullBlockPath">$bdroot/Non-linear Flight Dynamic Model1/GRM_Airframe/weight_and_balance/center_of_gravity/Vector Concatenate1</P>
    <P Name="LogSignal">1</P>
    <P Name="MaxPoints">5000</P>
    <P Name="Decimate">1</P>
    <P Name="Decimation">1000</P>
  </TestPointedSignal>
  <TestPointedSignal>
    <P Name="SignalName">propellant_remaining_kg</P>
    <P Name="FullBlockPath">$bdroot/Non-linear Flight Dynamic Model1/GRM_Airframe/weight_and_balance/mass/Integrator1</P>
    <P Name="LogSignal">1</P>
    <P Name="MaxPoints">5000</P>
    <P Name="Decimation">2</P>
  </TestPointedSignal>
  <TestPointedSignal>
    <P Name="SignalName">mM</P>
    <P Name="FullBlockPath">$bdroot/Non-linear Flight Dynamic Model1/GRM_Airframe/weight_and_balance/mass/Switch1</P>
    <P Name="LogSignal">1</P>
    <P Name="MaxPoints">5000</P>
    <P Name="Decimation">2</P>
  </TestPointedSignal>
  <TestPointedSignal>
    <P Name="SignalName">mB</P>
    <P Name="FullBlockPath">$bdroot/Non-linear Flight Dynamic Model1/GRM_Airframe/weight_and_balance/mass_uncertainty/Add</P>
    <P Name="LogSignal">1</P>
    <P Name="MaxPoints">5000</P>
    <P Name="Decimate">1</P>
    <P Name="Decimation">1000</P>
  </TestPointedSignal>
  <TestPointedSignal>
    <P Name="SignalName">JBBB_c</P>
    <P Name="FullBlockPath">$bdroot/Non-linear Flight Dynamic Model1/GRM_Airframe/weight_and_balance/moi/Matrix Concatenate</P>
    <P Name="LogSignal">1</P>
    <P Name="MaxPoints">5000</P>
    <P Name="Decimation">2</P>
  </TestPointedSignal>
  <TestPointedSignal>
    <P Name="SignalName">JBBB</P>
    <P Name="FullBlockPath">$bdroot/Non-linear Flight Dynamic Model1/GRM_Airframe/weight_and_balance/moi/moi_uncertainty/Add7</P>
    <P Name="LogSignal">1</P>
    <P Name="MaxPoints">5000</P>
    <P Name="Decimation">2</P>
  </TestPointedSignal>
  <TestPointedSignal>
    <P Name="SignalName">CLL_B</P>
    <P Name="FullBlockPath">$bdroot/Non-linear Flight Dynamic Model1/Subsystem1/GRM_Airframe/aerodynamics/aerodynamic_via_lookup/calc_aero_coefficients/CLL_TLU/Sum3</P>
    <P Name="LogSignal">1</P>
    <P Name="MaxPoints">5000</P>
    <P Name="Decimation">2</P>
  </TestPointedSignal>
  <TestPointedSignal>
    <P Name="SignalName">CLM_B</P>
    <P Name="FullBlockPath">$bdroot/Non-linear Flight Dynamic Model1/Subsystem1/GRM_Airframe/aerodynamics/aerodynamic_via_lookup/calc_aero_coefficients/CLM_TLU/Sum3</P>
    <P Name="LogSignal">1</P>
    <P Name="MaxPoints">5000</P>
    <P Name="Decimate">1</P>
    <P Name="Decimation">1000</P>
  </TestPointedSignal>
  <TestPointedSignal>
    <P Name="SignalName">CLN_B</P>
    <P Name="FullBlockPath">$bdroot/Non-linear Flight Dynamic Model1/Subsystem1/GRM_Airframe/aerodynamics/aerodynamic_via_lookup/calc_aero_coefficients/CLN_TLU/Sum3</P>
    <P Name="LogSignal">1</P>
    <P Name="MaxPoints">5000</P>
    <P Name="Decimate">1</P>
    <P Name="Decimation">1000</P>
  </TestPointedSignal>
  <TestPointedSignal>
    <P Name="SignalName">CX_B</P>
    <P Name="FullBlockPath">$bdroot/Non-linear Flight Dynamic Model1/Subsystem1/GRM_Airframe/aerodynamics/aerodynamic_via_lookup/calc_aero_coefficients/CX_TLU/Sum1</P>
    <P Name="LogSignal">1</P>
    <P Name="MaxPoints">5000</P>
    <P Name="Decimate">1</P>
    <P Name="Decimation">1000</P>
  </TestPointedSignal>
  <TestPointedSignal>
    <P Name="SignalName">CY_B</P>
    <P Name="FullBlockPath">$bdroot/Non-linear Flight Dynamic Model1/Subsystem1/GRM_Airframe/aerodynamics/aerodynamic_via_lookup/calc_aero_coefficients/CY_TLU/Sum2</P>
    <P Name="LogSignal">1</P>
    <P Name="MaxPoints">5000</P>
    <P Name="Decimate">1</P>
    <P Name="Decimation">1000</P>
  </TestPointedSignal>
  <TestPointedSignal>
    <P Name="SignalName">CZ_B</P>
    <P Name="FullBlockPath">$bdroot/Non-linear Flight Dynamic Model1/Subsystem1/GRM_Airframe/aerodynamics/aerodynamic_via_lookup/calc_aero_coefficients/CZ_TLU/Sum2</P>
    <P Name="LogSignal">1</P>
    <P Name="MaxPoints">5000</P>
    <P Name="Decimate">1</P>
    <P Name="Decimation">1000</P>
  </TestPointedSignal>
  <TestPointedSignal>
    <P Name="SignalName">pBAB</P>
    <P Name="FullBlockPath">$bdroot/Non-linear Flight Dynamic Model1/Subsystem1/GRM_Airframe/aerodynamics/aerodynamic_via_lookup/calc_aero_for_mom/Subtract</P>
    <P Name="LogSignal">1</P>
    <P Name="MaxPoints">5000</P>
    <P Name="Decimate">1</P>
    <P Name="Decimation">1000</P>
  </TestPointedSignal>
  <TestPointedSignal>
    <P Name="SignalName">FBAB</P>
    <P Name="FullBlockPath">$bdroot/Non-linear Flight Dynamic Model1/Subsystem1/GRM_Airframe/aerodynamics/aerodynamic_via_lookup/calc_aero_for_mom/launch_rail/Switch</P>
    <P Name="LogSignal">1</P>
    <P Name="MaxPoints">5000</P>
    <P Name="Decimate">1</P>
    <P Name="Decimation">1000</P>
  </TestPointedSignal>
  <TestPointedSignal>
    <P Name="SignalName">MBAB</P>
    <P Name="FullBlockPath">$bdroot/Non-linear Flight Dynamic Model1/Subsystem1/GRM_Airframe/aerodynamics/aerodynamic_via_lookup/calc_aero_for_mom/launch_rail1/Switch</P>
    <P Name="LogSignal">1</P>
    <P Name="MaxPoints">5000</P>
    <P Name="Decimate">1</P>
    <P Name="Decimation">1000</P>
  </TestPointedSignal>
  <TestPointedSignal>
    <P Name="SignalName">flag_base_drag</P>
    <P Name="FullBlockPath">$bdroot/Non-linear Flight Dynamic Model1/Subsystem1/GRM_Airframe/aerodynamics/logic_base_drag/MATLAB Function</P>
    <P Name="LogSignal">1</P>
    <P Name="MaxPoints">5000</P>
    <P Name="Decimation">2</P>
  </TestPointedSignal>
  <TestPointedSignal>
    <P Name="SignalName">siB</P>
    <P Name="FullBlockPath">$bdroot/Non-linear Flight Dynamic Model1/Subsystem1/GRM_Airframe/fin_actuators/Switch</P>
    <P Name="LogSignal">1</P>
    <P Name="MaxPoints">5000</P>
    <P Name="Decimate">1</P>
    <P Name="Decimation">1000</P>
  </TestPointedSignal>
  <TestPointedSignal>
    <P Name="SignalName">siB</P>
    <P Name="FullBlockPath">$bdroot/Non-linear Flight Dynamic Model1/Subsystem1/GRM_Airframe/fin_actuators/Vector Concatenate1</P>
    <P Name="LogSignal">1</P>
    <P Name="MaxPoints">5000</P>
    <P Name="Decimation">2</P>
  </TestPointedSignal>
  <TestPointedSignal>
    <P Name="SignalName">d_siB</P>
    <P Name="FullBlockPath">$bdroot/Non-linear Flight Dynamic Model1/Subsystem1/GRM_Airframe/fin_actuators/Vector Concatenate2</P>
    <P Name="LogSignal">1</P>
    <P Name="MaxPoints">5000</P>
    <P Name="Decimate">1</P>
    <P Name="Decimation">1000</P>
  </TestPointedSignal>
  <TestPointedSignal>
    <P Name="SignalName">dd_siB</P>
    <P Name="FullBlockPath">$bdroot/Non-linear Flight Dynamic Model1/Subsystem1/GRM_Airframe/fin_actuators/Vector Concatenate3</P>
    <P Name="LogSignal">1</P>
    <P Name="MaxPoints">5000</P>
    <P Name="Decimate">1</P>
    <P Name="Decimation">1000</P>
  </TestPointedSignal>
  <TestPointedSignal>
    <P Name="SignalName">FBTB</P>
    <P Name="FullBlockPath">$bdroot/Non-linear Flight Dynamic Model1/Subsystem1/GRM_Airframe/forces_moments/Add</P>
    <P Name="LogSignal">1</P>
    <P Name="MaxPoints">5000</P>
    <P Name="Decimate">1</P>
    <P Name="Decimation">1000</P>
  </TestPointedSignal>
  <TestPointedSignal>
    <P Name="SignalName">MBTB</P>
    <P Name="FullBlockPath">$bdroot/Non-linear Flight Dynamic Model1/Subsystem1/GRM_Airframe/forces_moments/Add1</P>
    <P Name="LogSignal">1</P>
    <P Name="MaxPoints">5000</P>
    <P Name="Decimate">1</P>
    <P Name="Decimation">1000</P>
  </TestPointedSignal>
  <TestPointedSignal>
    <P Name="SignalName">FBGB</P>
    <P Name="FullBlockPath">$bdroot/Non-linear Flight Dynamic Model1/Subsystem1/GRM_Airframe/forces_moments/Product</P>
    <P Name="LogSignal">1</P>
    <P Name="MaxPoints">5000</P>
    <P Name="Decimate">1</P>
    <P Name="Decimation">1000</P>
  </TestPointedSignal>
  <TestPointedSignal>
    <P Name="SignalName">FBGG</P>
    <P Name="FullBlockPath">$bdroot/Non-linear Flight Dynamic Model1/Subsystem1/GRM_Airframe/gravity/Product</P>
    <P Name="LogSignal">1</P>
    <P Name="MaxPoints">5000</P>
    <P Name="Decimation">2</P>
  </TestPointedSignal>
  <TestPointedSignal>
    <P Name="SignalName">a_FBPM</P>
    <P Name="FullBlockPath">$bdroot/Non-linear Flight Dynamic Model1/Subsystem1/GRM_Airframe/propulsion/prp_look_up/Switch1</P>
    <P Name="LogSignal">1</P>
    <P Name="MaxPoints">5000</P>
    <P Name="Decimation">2</P>
  </TestPointedSignal>
  <TestPointedSignal>
    <P Name="SignalName">FBPB</P>
    <P Name="FullBlockPath">$bdroot/Non-linear Flight Dynamic Model1/Subsystem1/GRM_Airframe/propulsion/prp_uncertainty/Product</P>
    <P Name="LogSignal">1</P>
    <P Name="MaxPoints">5000</P>
    <P Name="Decimate">1</P>
    <P Name="Decimation">1000</P>
  </TestPointedSignal>
  <TestPointedSignal>
    <P Name="SignalName">MBPB</P>
    <P Name="FullBlockPath">$bdroot/Non-linear Flight Dynamic Model1/Subsystem1/GRM_Airframe/propulsion/prp_uncertainty/cross_product</P>
    <P Name="LogSignal">1</P>
    <P Name="MaxPoints">5000</P>
    <P Name="Decimate">1</P>
    <P Name="Decimation">1000</P>
  </TestPointedSignal>
  <TestPointedSignal>
    <P Name="SignalName">euBG</P>
    <P Name="FullBlockPath">$bdroot/Non-linear Flight Dynamic Model1/Subsystem1/GRM_Airframe/rb_eom/calc_bus_flight_dyn_bus_entries/Gain</P>
    <P Name="LogSignal">1</P>
    <P Name="MaxPoints">5000</P>
    <P Name="Decimate">1</P>
    <P Name="Decimation">1000</P>
  </TestPointedSignal>
  <TestPointedSignal>
    <P Name="SignalName">aBIB</P>
    <P Name="FullBlockPath">$bdroot/Non-linear Flight Dynamic Model1/Subsystem1/GRM_Airframe/rb_eom/calc_bus_flight_dyn_bus_entries/Product</P>
    <P Name="LogSignal">1</P>
    <P Name="MaxPoints">5000</P>
    <P Name="Decimate">1</P>
    <P Name="Decimation">1000</P>
  </TestPointedSignal>
  <TestPointedSignal>
    <P Name="SignalName">vBIB</P>
    <P Name="FullBlockPath">$bdroot/Non-linear Flight Dynamic Model1/Subsystem1/GRM_Airframe/rb_eom/calc_bus_flight_dyn_bus_entries/Product1</P>
    <P Name="LogSignal">1</P>
    <P Name="MaxPoints">5000</P>
    <P Name="Decimate">1</P>
    <P Name="Decimation">1000</P>
  </TestPointedSignal>
  <TestPointedSignal>
    <P Name="SignalName">TGI</P>
    <P Name="FullBlockPath">$bdroot/Non-linear Flight Dynamic Model1/Subsystem1/GRM_Airframe/rb_eom/calc_bus_flight_dyn_bus_entries/Product2</P>
    <P Name="LogSignal">1</P>
    <P Name="MaxPoints">5000</P>
    <P Name="Decimate">1</P>
    <P Name="Decimation">1000</P>
  </TestPointedSignal>
  <TestPointedSignal>
    <P Name="SignalName">pBLG</P>
    <P Name="FullBlockPath">$bdroot/Non-linear Flight Dynamic Model1/Subsystem1/GRM_Airframe/rb_eom/calc_bus_flight_dyn_bus_entries/Product3</P>
    <P Name="LogSignal">1</P>
    <P Name="MaxPoints">5000</P>
    <P Name="Decimate">1</P>
    <P Name="Decimation">1000</P>
  </TestPointedSignal>
  <TestPointedSignal>
    <P Name="SignalName">pBLI</P>
    <P Name="FullBlockPath">$bdroot/Non-linear Flight Dynamic Model1/Subsystem1/GRM_Airframe/rb_eom/calc_bus_flight_dyn_bus_entries/Sum</P>
    <P Name="LogSignal">1</P>
    <P Name="MaxPoints">5000</P>
    <P Name="Decimation">2</P>
  </TestPointedSignal>
  <TestPointedSignal>
    <P Name="SignalName">qGB</P>
    <P Name="FullBlockPath">$bdroot/Non-linear Flight Dynamic Model1/Subsystem1/GRM_Airframe/rb_eom/calc_bus_flight_dyn_bus_entries/q12_from_T12</P>
    <P Name="LogSignal">1</P>
    <P Name="MaxPoints">5000</P>
    <P Name="Decimation">2</P>
  </TestPointedSignal>
  <TestPointedSignal>
    <P Name="SignalName">euIB</P>
    <P Name="FullBlockPath">$bdroot/Non-linear Flight Dynamic Model1/Subsystem1/GRM_Airframe/rb_eom/calc_bus_flight_dyn_bus_entries/quaternion_to_euler_angles</P>
    <P Name="LogSignal">1</P>
    <P Name="MaxPoints">5000</P>
    <P Name="Decimation">2</P>
  </TestPointedSignal>
  <TestPointedSignal>
    <P Name="SignalName">euGB</P>
    <P Name="FullBlockPath">$bdroot/Non-linear Flight Dynamic Model1/Subsystem1/GRM_Airframe/rb_eom/calc_bus_flight_dyn_bus_entries/quaternion_to_euler_angles1</P>
    <P Name="LogSignal">1</P>
    <P Name="MaxPoints">5000</P>
    <P Name="Decimation">2</P>
  </TestPointedSignal>
  <TestPointedSignal>
    <P Name="SignalName">lon</P>
    <P Name="FullBlockPath">$bdroot/Non-linear Flight Dynamic Model1/Subsystem1/GRM_Airframe/rb_eom/calc_bus_flight_dyn_bus_entries/Subsystem2/Demux1</P>
    <P Name="LogSignal">1</P>
    <P Name="MaxPoints">5000</P>
    <P Name="Decimate">1</P>
    <P Name="Decimation">1000</P>
  </TestPointedSignal>
  <TestPointedSignal>
    <P Name="SignalName">lat</P>
    <P Name="FullBlockPath">$bdroot/Non-linear Flight Dynamic Model1/Subsystem1/GRM_Airframe/rb_eom/calc_bus_flight_dyn_bus_entries/Subsystem2/Demux1</P>
    <P Name="PortIndex">2</P>
    <P Name="LogSignal">1</P>
    <P Name="MaxPoints">5000</P>
    <P Name="Decimate">1</P>
    <P Name="Decimation">1000</P>
  </TestPointedSignal>
  <TestPointedSignal>
    <P Name="SignalName">hBE</P>
    <P Name="FullBlockPath">$bdroot/Non-linear Flight Dynamic Model1/Subsystem1/GRM_Airframe/rb_eom/calc_bus_flight_dyn_bus_entries/Subsystem2/Demux1</P>
    <P Name="PortIndex">3</P>
    <P Name="LogSignal">1</P>
    <P Name="MaxPoints">5000</P>
    <P Name="Decimate">1</P>
    <P Name="Decimation">1000</P>
  </TestPointedSignal>
  <TestPointedSignal>
    <P Name="SignalName">d_wBIB</P>
    <P Name="FullBlockPath">$bdroot/Non-linear Flight Dynamic Model1/Subsystem1/GRM_Airframe/rb_eom/eom_6dof/Rigid_Body_EOM_6_DOF/Integration/Reshape1</P>
    <P Name="LogSignal">1</P>
    <P Name="MaxPoints">5000</P>
    <P Name="Decimation">2</P>
  </TestPointedSignal>
  <TestPointedSignal>
    <P Name="SignalName">d_vBII</P>
    <P Name="FullBlockPath">$bdroot/Non-linear Flight Dynamic Model1/Subsystem1/GRM_Airframe/rb_eom/eom_6dof/Rigid_Body_EOM_6_DOF/Integration/Reshape2</P>
    <P Name="LogSignal">1</P>
    <P Name="MaxPoints">5000</P>
    <P Name="Decimation">2</P>
  </TestPointedSignal>
  <TestPointedSignal>
    <P Name="SignalName">pBII</P>
    <P Name="FullBlockPath">$bdroot/Non-linear Flight Dynamic Model1/Subsystem1/GRM_Airframe/rb_eom/eom_6dof/Rigid_Body_EOM_6_DOF/Integration/Selector</P>
    <P Name="LogSignal">1</P>
    <P Name="MaxPoints">5000</P>
    <P Name="Decimation">2</P>
  </TestPointedSignal>
  <TestPointedSignal>
    <P Name="SignalName">vBII</P>
    <P Name="FullBlockPath">$bdroot/Non-linear Flight Dynamic Model1/Subsystem1/GRM_Airframe/rb_eom/eom_6dof/Rigid_Body_EOM_6_DOF/Integration/Selector1</P>
    <P Name="LogSignal">1</P>
    <P Name="MaxPoints">5000</P>
    <P Name="Decimation">2</P>
  </TestPointedSignal>
  <TestPointedSignal>
    <P Name="SignalName">wBIB</P>
    <P Name="FullBlockPath">$bdroot/Non-linear Flight Dynamic Model1/Subsystem1/GRM_Airframe/rb_eom/eom_6dof/Rigid_Body_EOM_6_DOF/Integration/Selector3</P>
    <P Name="LogSignal">1</P>
    <P Name="MaxPoints">5000</P>
    <P Name="Decimate">1</P>
    <P Name="Decimation">2</P>
  </TestPointedSignal>
  <TestPointedSignal>
    <P Name="SignalName">vBEB</P>
    <P Name="FullBlockPath">$bdroot/Non-linear Flight Dynamic Model1/Subsystem1/GRM_Airframe/stream_flow/calc_stream_flow/Product</P>
    <P Name="LogSignal">1</P>
    <P Name="MaxPoints">5000</P>
    <P Name="Decimate">1</P>
    <P Name="Decimation">1000</P>
  </TestPointedSignal>
  <TestPointedSignal>
    <P Name="SignalName">alB</P>
    <P Name="FullBlockPath">$bdroot/Non-linear Flight Dynamic Model1/Subsystem1/GRM_Airframe/stream_flow/calc_stream_flow/Subsystem1</P>
    <P Name="LogSignal">1</P>
    <P Name="MaxPoints">5000</P>
    <P Name="Decimate">1</P>
    <P Name="Decimation">1000</P>
  </TestPointedSignal>
  <TestPointedSignal>
    <P Name="SignalName">beB</P>
    <P Name="FullBlockPath">$bdroot/Non-linear Flight Dynamic Model1/Subsystem1/GRM_Airframe/stream_flow/calc_stream_flow/Subsystem1</P>
    <P Name="PortIndex">2</P>
    <P Name="LogSignal">1</P>
    <P Name="MaxPoints">5000</P>
    <P Name="Decimate">1</P>
    <P Name="Decimation">1000</P>
  </TestPointedSignal>
  <TestPointedSignal>
    <P Name="SignalName">MaB</P>
    <P Name="FullBlockPath">$bdroot/Non-linear Flight Dynamic Model1/Subsystem1/GRM_Airframe/stream_flow/calc_stream_flow/Subsystem1/Divide</P>
    <P Name="LogSignal">1</P>
    <P Name="MaxPoints">5000</P>
    <P Name="Decimate">1</P>
    <P Name="Decimation">1000</P>
  </TestPointedSignal>
  <TestPointedSignal>
    <P Name="SignalName">qdynB</P>
    <P Name="FullBlockPath">$bdroot/Non-linear Flight Dynamic Model1/Subsystem1/GRM_Airframe/stream_flow/calc_stream_flow/Subsystem1/Product1</P>
    <P Name="LogSignal">1</P>
    <P Name="MaxPoints">5000</P>
    <P Name="Decimate">1</P>
    <P Name="Decimation">1000</P>
  </TestPointedSignal>
  <TestPointedSignal>
    <P Name="SignalName">a_vB</P>
    <P Name="FullBlockPath">$bdroot/Non-linear Flight Dynamic Model1/Subsystem1/GRM_Airframe/stream_flow/calc_stream_flow/Subsystem1/norm_of_vector</P>
    <P Name="LogSignal">1</P>
    <P Name="MaxPoints">5000</P>
    <P Name="Decimate">1</P>
    <P Name="Decimation">1000</P>
  </TestPointedSignal>
  <TestPointedSignal>
    <P Name="SignalName">vBEI</P>
    <P Name="FullBlockPath">$bdroot/Non-linear Flight Dynamic Model1/Subsystem1/GRM_Airframe/stream_flow/calc_stream_flow/velocity_vector_transformation/Add</P>
    <P Name="LogSignal">1</P>
    <P Name="MaxPoints">5000</P>
    <P Name="Decimation">2</P>
  </TestPointedSignal>
  <TestPointedSignal>
    <P Name="SignalName">wIEI</P>
    <P Name="FullBlockPath">$bdroot/Non-linear Flight Dynamic Model1/Subsystem1/GRM_Airframe/stream_flow/calc_stream_flow/velocity_vector_transformation/Product</P>
    <P Name="LogSignal">1</P>
    <P Name="MaxPoints">5000</P>
    <P Name="Decimation">2</P>
  </TestPointedSignal>
  <TestPointedSignal>
    <P Name="SignalName">de_vBEI</P>
    <P Name="FullBlockPath">$bdroot/Non-linear Flight Dynamic Model1/Subsystem1/GRM_Airframe/stream_flow/calc_stream_flow/velocity_vector_transformation/cross_product</P>
    <P Name="LogSignal">1</P>
    <P Name="MaxPoints">5000</P>
    <P Name="Decimation">2</P>
  </TestPointedSignal>
  <TestPointedSignal>
    <P Name="SignalName">pBPB</P>
    <P Name="FullBlockPath">$bdroot/Non-linear Flight Dynamic Model1/Subsystem1/GRM_Airframe/weight_and_balance/center_of_gravity/Vector Concatenate1</P>
    <P Name="LogSignal">1</P>
    <P Name="MaxPoints">5000</P>
    <P Name="Decimate">1</P>
    <P Name="Decimation">1000</P>
  </TestPointedSignal>
  <TestPointedSignal>
    <P Name="SignalName">propellant_remaining_kg</P>
    <P Name="FullBlockPath">$bdroot/Non-linear Flight Dynamic Model1/Subsystem1/GRM_Airframe/weight_and_balance/mass/Integrator1</P>
    <P Name="LogSignal">1</P>
    <P Name="MaxPoints">5000</P>
    <P Name="Decimation">2</P>
  </TestPointedSignal>
  <TestPointedSignal>
    <P Name="SignalName">mM</P>
    <P Name="FullBlockPath">$bdroot/Non-linear Flight Dynamic Model1/Subsystem1/GRM_Airframe/weight_and_balance/mass/Switch1</P>
    <P Name="LogSignal">1</P>
    <P Name="MaxPoints">5000</P>
    <P Name="Decimation">2</P>
  </TestPointedSignal>
  <TestPointedSignal>
    <P Name="SignalName">mB</P>
    <P Name="FullBlockPath">$bdroot/Non-linear Flight Dynamic Model1/Subsystem1/GRM_Airframe/weight_and_balance/mass_uncertainty/Add</P>
    <P Name="LogSignal">1</P>
    <P Name="MaxPoints">5000</P>
    <P Name="Decimate">1</P>
    <P Name="Decimation">1000</P>
  </TestPointedSignal>
  <TestPointedSignal>
    <P Name="SignalName">JBBB_c</P>
    <P Name="FullBlockPath">$bdroot/Non-linear Flight Dynamic Model1/Subsystem1/GRM_Airframe/weight_and_balance/moi/Matrix Concatenate</P>
    <P Name="LogSignal">1</P>
    <P Name="MaxPoints">5000</P>
    <P Name="Decimation">2</P>
  </TestPointedSignal>
  <TestPointedSignal>
    <P Name="SignalName">JBBB</P>
    <P Name="FullBlockPath">$bdroot/Non-linear Flight Dynamic Model1/Subsystem1/GRM_Airframe/weight_and_balance/moi/moi_uncertainty/Add7</P>
    <P Name="LogSignal">1</P>
    <P Name="MaxPoints">5000</P>
    <P Name="Decimation">2</P>
  </TestPointedSignal>
  <P Name="NumProvidedFunctions">0</P>
  <P Name="NumRequiredFunctions">0</P>
  <P Name="NumResetEvents">0</P>
  <P Name="HasInitializeEvent">0</P>
  <P Name="HasTerminateEvent">0</P>
  <P Name="PreCompExecutionDomainType">Unset</P>
  <P Name="IsExportFunctionModel">0</P>
  <P Name="SimulinkSubDomainType">Simulink</P>
  <P Name="NumParameterArguments">0</P>
  <P Name="NumExternalFileReferences">38</P>
  <ExternalFileReference>
    <P Name="Reference">px4lib/PX4 PWM Output</P>
    <P Name="Path">$bdroot/Flight Control Computer1/Pixhawk Block/Emulated Pixhawk1/Servo Commands/PX4 PWM Output1</P>
    <P Name="SID">81463</P>
    <P Name="Type">LIBRARY_BLOCK</P>
  </ExternalFileReference>
  <ExternalFileReference>
    <P Name="Reference">simulink_extras/Transformations/Radians
to Degrees</P>
    <P Name="Path">$bdroot/Flight Control Computer1/Pixhawk Block/Emulated Pixhawk1/Servo Commands/Radians to Degrees</P>
    <P Name="SID">81464</P>
    <P Name="Type">LIBRARY_BLOCK</P>
  </ExternalFileReference>
  <ExternalFileReference>
    <P Name="Reference">simulink_extras/Transformations/Radians
to Degrees</P>
    <P Name="Path">$bdroot/Flight Control Computer1/Pixhawk Block/Emulated Pixhawk1/Servo Commands/Radians to Degrees1</P>
    <P Name="SID">81465</P>
    <P Name="Type">LIBRARY_BLOCK</P>
  </ExternalFileReference>
  <ExternalFileReference>
    <P Name="Reference">simulink_extras/Transformations/Radians
to Degrees</P>
    <P Name="Path">$bdroot/Flight Control Computer1/Pixhawk Block/Emulated Pixhawk1/Servo Commands/Radians to Degrees2</P>
    <P Name="SID">81466</P>
    <P Name="Type">LIBRARY_BLOCK</P>
  </ExternalFileReference>
  <ExternalFileReference>
    <P Name="Reference">simulink_extras/Transformations/Radians
to Degrees</P>
    <P Name="Path">$bdroot/Flight Control Computer1/Pixhawk Block/Emulated Pixhawk1/Servo Commands/Radians to Degrees3</P>
    <P Name="SID">81467</P>
    <P Name="Type">LIBRARY_BLOCK</P>
  </ExternalFileReference>
  <ExternalFileReference>
    <P Name="Reference">simulink/Sources/Counter
Free-Running</P>
    <P Name="Path">$bdroot/Flight Control Computer1/Send to FCC/Heartbeat Counter/Heartbeat</P>
    <P Name="SID">74644</P>
    <P Name="Type">LIBRARY_BLOCK</P>
  </ExternalFileReference>
  <ExternalFileReference>
    <P Name="Reference">simulink/Logic and Bit
Operations/Compare
To Constant</P>
    <P Name="Path">$bdroot/Non-linear Flight Dynamic Model1/GRM_Airframe/environment/WGS84_Gravitation/Compare To Constant</P>
    <P Name="SID">75375</P>
    <P Name="Type">LIBRARY_BLOCK</P>
  </ExternalFileReference>
  <ExternalFileReference>
    <P Name="Reference">simulink/Logic and Bit
Operations/Interval Test</P>
    <P Name="Path">$bdroot/Non-linear Flight Dynamic Model1/GRM_Airframe/environment/WGS84_Gravitation/Interval Test</P>
    <P Name="SID">75376</P>
    <P Name="Type">LIBRARY_BLOCK</P>
  </ExternalFileReference>
  <ExternalFileReference>
    <P Name="Reference">simulink/Logic and Bit
Operations/Interval Test</P>
    <P Name="Path">$bdroot/Non-linear Flight Dynamic Model1/GRM_Airframe/environment/WGS84_Gravitation/Interval Test1</P>
    <P Name="SID">75377</P>
    <P Name="Type">LIBRARY_BLOCK</P>
  </ExternalFileReference>
  <ExternalFileReference>
    <P Name="Reference">simulink/Logic and Bit
Operations/Compare
To Zero</P>
    <P Name="Path">$bdroot/Non-linear Flight Dynamic Model1/GRM_Airframe/rb_eom/calc_bus_flight_dyn_bus_entries/q12_from_T12/Case 0/dcm11 &gt;= -dcm22</P>
    <P Name="SID">76659</P>
    <P Name="Type">LIBRARY_BLOCK</P>
  </ExternalFileReference>
  <ExternalFileReference>
    <P Name="Reference">simulink/Logic and Bit
Operations/Compare
To Zero</P>
    <P Name="Path">$bdroot/Non-linear Flight Dynamic Model1/GRM_Airframe/rb_eom/calc_bus_flight_dyn_bus_entries/q12_from_T12/Case 0/dcm11 &gt;= -dcm33</P>
    <P Name="SID">76660</P>
    <P Name="Type">LIBRARY_BLOCK</P>
  </ExternalFileReference>
  <ExternalFileReference>
    <P Name="Reference">simulink/Logic and Bit
Operations/Compare
To Zero</P>
    <P Name="Path">$bdroot/Non-linear Flight Dynamic Model1/GRM_Airframe/rb_eom/calc_bus_flight_dyn_bus_entries/q12_from_T12/Case 0/dcm22 &gt;= -dcm33</P>
    <P Name="SID">76661</P>
    <P Name="Type">LIBRARY_BLOCK</P>
  </ExternalFileReference>
  <ExternalFileReference>
    <P Name="Reference">simulink/Logic and Bit
Operations/Compare
To Zero</P>
    <P Name="Path">$bdroot/Non-linear Flight Dynamic Model1/GRM_Airframe/rb_eom/calc_bus_flight_dyn_bus_entries/q12_from_T12/Case 1/dcm11 &gt;= dcm22</P>
    <P Name="SID">76671</P>
    <P Name="Type">LIBRARY_BLOCK</P>
  </ExternalFileReference>
  <ExternalFileReference>
    <P Name="Reference">simulink/Logic and Bit
Operations/Compare
To Zero</P>
    <P Name="Path">$bdroot/Non-linear Flight Dynamic Model1/GRM_Airframe/rb_eom/calc_bus_flight_dyn_bus_entries/q12_from_T12/Case 1/dcm11 &gt;= dcm33</P>
    <P Name="SID">76672</P>
    <P Name="Type">LIBRARY_BLOCK</P>
  </ExternalFileReference>
  <ExternalFileReference>
    <P Name="Reference">simulink/Logic and Bit
Operations/Compare
To Zero</P>
    <P Name="Path">$bdroot/Non-linear Flight Dynamic Model1/GRM_Airframe/rb_eom/calc_bus_flight_dyn_bus_entries/q12_from_T12/Case 1/dcm22 &lt; -dcm33</P>
    <P Name="SID">76673</P>
    <P Name="Type">LIBRARY_BLOCK</P>
  </ExternalFileReference>
  <ExternalFileReference>
    <P Name="Reference">simulink/Logic and Bit
Operations/Compare
To Zero</P>
    <P Name="Path">$bdroot/Non-linear Flight Dynamic Model1/GRM_Airframe/rb_eom/calc_bus_flight_dyn_bus_entries/q12_from_T12/Case 2/dcm11 &lt; -dcm33</P>
    <P Name="SID">76683</P>
    <P Name="Type">LIBRARY_BLOCK</P>
  </ExternalFileReference>
  <ExternalFileReference>
    <P Name="Reference">simulink/Logic and Bit
Operations/Compare
To Zero</P>
    <P Name="Path">$bdroot/Non-linear Flight Dynamic Model1/GRM_Airframe/rb_eom/calc_bus_flight_dyn_bus_entries/q12_from_T12/Case 2/dcm11 &lt; dcm22</P>
    <P Name="SID">76684</P>
    <P Name="Type">LIBRARY_BLOCK</P>
  </ExternalFileReference>
  <ExternalFileReference>
    <P Name="Reference">simulink/Logic and Bit
Operations/Compare
To Zero</P>
    <P Name="Path">$bdroot/Non-linear Flight Dynamic Model1/GRM_Airframe/rb_eom/calc_bus_flight_dyn_bus_entries/q12_from_T12/Case 2/dcm22 &gt;= dcm33</P>
    <P Name="SID">76685</P>
    <P Name="Type">LIBRARY_BLOCK</P>
  </ExternalFileReference>
  <ExternalFileReference>
    <P Name="Reference">simulink/Logic and Bit
Operations/Compare
To Zero</P>
    <P Name="Path">$bdroot/Non-linear Flight Dynamic Model1/GRM_Airframe/rb_eom/calc_bus_flight_dyn_bus_entries/q12_from_T12/Case 3/dcm11 &lt; -dcm22</P>
    <P Name="SID">76695</P>
    <P Name="Type">LIBRARY_BLOCK</P>
  </ExternalFileReference>
  <ExternalFileReference>
    <P Name="Reference">simulink/Logic and Bit
Operations/Compare
To Zero</P>
    <P Name="Path">$bdroot/Non-linear Flight Dynamic Model1/GRM_Airframe/rb_eom/calc_bus_flight_dyn_bus_entries/q12_from_T12/Case 3/dcm11 &lt; dcm33</P>
    <P Name="SID">76696</P>
    <P Name="Type">LIBRARY_BLOCK</P>
  </ExternalFileReference>
  <ExternalFileReference>
    <P Name="Reference">simulink/Logic and Bit
Operations/Compare
To Zero</P>
    <P Name="Path">$bdroot/Non-linear Flight Dynamic Model1/GRM_Airframe/rb_eom/calc_bus_flight_dyn_bus_entries/q12_from_T12/Case 3/dcm22 &lt; dcm33</P>
    <P Name="SID">76697</P>
    <P Name="Type">LIBRARY_BLOCK</P>
  </ExternalFileReference>
  <ExternalFileReference>
    <P Name="Reference">simulink_extras/Transformations/Radians
to Degrees</P>
    <P Name="Path">$bdroot/Radians to Degrees10</P>
    <P Name="SID">80508</P>
    <P Name="Type">LIBRARY_BLOCK</P>
  </ExternalFileReference>
  <ExternalFileReference>
    <P Name="Reference">simulink_extras/Transformations/Radians
to Degrees</P>
    <P Name="Path">$bdroot/Radians to Degrees11</P>
    <P Name="SID">80509</P>
    <P Name="Type">LIBRARY_BLOCK</P>
  </ExternalFileReference>
  <ExternalFileReference>
    <P Name="Reference">simulink_extras/Transformations/Radians
to Degrees</P>
    <P Name="Path">$bdroot/Radians to Degrees12</P>
    <P Name="SID">80510</P>
    <P Name="Type">LIBRARY_BLOCK</P>
  </ExternalFileReference>
  <ExternalFileReference>
    <P Name="Reference">simulink_extras/Transformations/Radians
to Degrees</P>
    <P Name="Path">$bdroot/Radians to Degrees13</P>
    <P Name="SID">80511</P>
    <P Name="Type">LIBRARY_BLOCK</P>
  </ExternalFileReference>
  <ExternalFileReference>
    <P Name="Reference">simulink_extras/Transformations/Radians
to Degrees</P>
    <P Name="Path">$bdroot/Radians to Degrees16</P>
    <P Name="SID">80514</P>
    <P Name="Type">LIBRARY_BLOCK</P>
  </ExternalFileReference>
  <ExternalFileReference>
    <P Name="Reference">simulink_extras/Transformations/Radians
to Degrees</P>
    <P Name="Path">$bdroot/Radians to Degrees17</P>
    <P Name="SID">80515</P>
    <P Name="Type">LIBRARY_BLOCK</P>
  </ExternalFileReference>
  <ExternalFileReference>
    <P Name="Reference">simulink_extras/Transformations/Radians
to Degrees</P>
    <P Name="Path">$bdroot/Radians to Degrees18</P>
    <P Name="SID">80516</P>
    <P Name="Type">LIBRARY_BLOCK</P>
  </ExternalFileReference>
  <ExternalFileReference>
    <P Name="Reference">simulink_extras/Transformations/Radians
to Degrees</P>
    <P Name="Path">$bdroot/Radians to Degrees2</P>
    <P Name="SID">80517</P>
    <P Name="Type">LIBRARY_BLOCK</P>
  </ExternalFileReference>
  <ExternalFileReference>
    <P Name="Reference">simulink_extras/Transformations/Radians
to Degrees</P>
    <P Name="Path">$bdroot/Radians to Degrees3</P>
    <P Name="SID">80518</P>
    <P Name="Type">LIBRARY_BLOCK</P>
  </ExternalFileReference>
  <ExternalFileReference>
    <P Name="Reference">simulink_extras/Transformations/Radians
to Degrees</P>
    <P Name="Path">$bdroot/Radians to Degrees4</P>
    <P Name="SID">80519</P>
    <P Name="Type">LIBRARY_BLOCK</P>
  </ExternalFileReference>
  <ExternalFileReference>
    <P Name="Reference">simulink_extras/Transformations/Radians
to Degrees</P>
    <P Name="Path">$bdroot/Radians to Degrees5</P>
    <P Name="SID">80520</P>
    <P Name="Type">LIBRARY_BLOCK</P>
  </ExternalFileReference>
  <ExternalFileReference>
    <P Name="Reference">simulink_extras/Transformations/Radians
to Degrees</P>
    <P Name="Path">$bdroot/Radians to Degrees6</P>
    <P Name="SID">80521</P>
    <P Name="Type">LIBRARY_BLOCK</P>
  </ExternalFileReference>
  <ExternalFileReference>
    <P Name="Reference">simulink_extras/Transformations/Radians
to Degrees</P>
    <P Name="Path">$bdroot/Radians to Degrees7</P>
    <P Name="SID">80522</P>
    <P Name="Type">LIBRARY_BLOCK</P>
  </ExternalFileReference>
  <ExternalFileReference>
    <P Name="Reference">simulink_extras/Transformations/Radians
to Degrees</P>
    <P Name="Path">$bdroot/Radians to Degrees8</P>
    <P Name="SID">80523</P>
    <P Name="Type">LIBRARY_BLOCK</P>
  </ExternalFileReference>
  <ExternalFileReference>
    <P Name="Reference">simulink_extras/Transformations/Radians
to Degrees</P>
    <P Name="Path">$bdroot/Radians to Degrees9</P>
    <P Name="SID">80524</P>
    <P Name="Type">LIBRARY_BLOCK</P>
  </ExternalFileReference>
  <ExternalFileReference>
    <P Name="Reference">sldrtlib/Encoder Input</P>
    <P Name="Path">$bdroot/Servos1/Real Servos/Encoder Input</P>
    <P Name="SID">80397</P>
    <P Name="Type">LIBRARY_BLOCK</P>
  </ExternalFileReference>
  <ExternalFileReference>
    <P Name="Reference">aerolibnav/Three-axis Inertial
Measurement Unit</P>
    <P Name="Path">$bdroot/Virtual IMU/Three-axis Inertial Measurement Unit</P>
    <P Name="SID">80439</P>
    <P Name="Type">LIBRARY_BLOCK</P>
  </ExternalFileReference>
  <P Name="OrderedModelArguments">1</P>
</GraphicalInterface>
