<?xml version="1.0" encoding="UTF-8"?>
<sltp_editor version="1.1" packageUris="http://schema.mathworks.com/mf0/DiagramEditor/R2019a_20181107 http://schema.mathworks.com/mf0/SltpSyntax/R2020b_202007092240">
  <diagram.editor.model.Diagram type="diagram.editor.model.Diagram" uuid="2d7fdd6a-b308-4c01-bc5c-3daad4f83cac">
    <connections type="diagram.editor.model.Connection" uuid="840860b8-5813-4961-89c6-9c856ef01682">
      <dstElement type="diagram.editor.model.Entity" uuid="542ad57f-fb0e-4aad-9302-2f9aa001c0dd"/>
      <srcElement type="diagram.editor.model.Entity" uuid="f18695bb-2063-4d97-bb30-00cc4bfaeebf"/>
      <position>0,0</position>
      <size>0,0,0,0</size>
      <syntaxElement type="sltp.mm.syntax.Edge" uuid="ba80c42b-6018-48c4-b699-b82255b1f549"/>
      <type>graph.Edge</type>
    </connections>
    <connections type="diagram.editor.model.Connection" uuid="5086c345-01ce-4e26-ba0d-785c42b63094">
      <dstElement type="diagram.editor.model.Entity" uuid="f18695bb-2063-4d97-bb30-00cc4bfaeebf"/>
      <srcElement type="diagram.editor.model.Entity" uuid="542ad57f-fb0e-4aad-9302-2f9aa001c0dd"/>
      <position>0,0</position>
      <size>0,0,0,0</size>
      <syntaxElement type="sltp.mm.syntax.Edge" uuid="6c2b6e9b-5031-41ad-aa3b-da1485d95195"/>
      <type>graph.Edge</type>
    </connections>
    <entities type="diagram.editor.model.Entity" uuid="542ad57f-fb0e-4aad-9302-2f9aa001c0dd">
      <inConnections type="diagram.editor.model.Connection" uuid="840860b8-5813-4961-89c6-9c856ef01682"/>
      <outConnections type="diagram.editor.model.Connection" uuid="5086c345-01ce-4e26-ba0d-785c42b63094"/>
      <position>10,-148</position>
      <size>0,0,72,60</size>
      <syntaxElement type="sltp.mm.syntax.Node" uuid="93102ad6-f8cc-40da-bd9c-9209ae26b001"/>
      <title>Cont</title>
      <type>base</type>
      <subDiagram type="diagram.editor.model.Diagram" uuid="7e8cd629-be17-4acb-9478-498ccc8a257e">
        <position>0,0</position>
        <syntaxElement type="sltp.mm.syntax.Graph" uuid="9479ada5-f0fc-4940-900d-e1c28ef79165"/>
        <title>Cont</title>
        <type>graph.Graph</type>
      </subDiagram>
    </entities>
    <entities type="diagram.editor.model.Entity" uuid="f18695bb-2063-4d97-bb30-00cc4bfaeebf">
      <inConnections type="diagram.editor.model.Connection" uuid="5086c345-01ce-4e26-ba0d-785c42b63094"/>
      <outConnections type="diagram.editor.model.Connection" uuid="840860b8-5813-4961-89c6-9c856ef01682"/>
      <position>0,0</position>
      <size>0,0,0,0</size>
      <syntaxElement type="sltp.mm.syntax.Node" uuid="8b995848-c981-449d-aeca-6784abbde8af"/>
      <title>D2</title>
      <type>implicit-periodic</type>
      <subDiagram type="diagram.editor.model.Diagram" uuid="9aa9ac82-ae82-496a-9cdb-ff48592e36a9">
        <position>0,0</position>
        <syntaxElement type="sltp.mm.syntax.Graph" uuid="cbf1021b-b32c-414d-8103-f98e4729b0d5"/>
        <title>D2</title>
        <type>graph.Graph</type>
      </subDiagram>
    </entities>
    <position>0,0</position>
    <size>0,0,0,0</size>
    <syntaxElement type="sltp.mm.syntax.Graph" uuid="e6e4f12a-c8dc-4131-ad7c-fbf5ad3ccd88"/>
    <title>Default</title>
    <type>graph.Graph</type>
  </diagram.editor.model.Diagram>
  <sltp.mm.syntax.Context type="sltp.mm.syntax.Context" uuid="958661ec-e852-46c1-baa1-87b4b3e16528">
    <rootGraph type="sltp.mm.syntax.Graph" uuid="e6e4f12a-c8dc-4131-ad7c-fbf5ad3ccd88">
      <children type="sltp.mm.syntax.Node" uuid="8b995848-c981-449d-aeca-6784abbde8af">
        <inEdges type="sltp.mm.syntax.Edge" uuid="6c2b6e9b-5031-41ad-aa3b-da1485d95195"/>
        <orderIndex>1</orderIndex>
        <outEdges type="sltp.mm.syntax.Edge" uuid="ba80c42b-6018-48c4-b699-b82255b1f549"/>
        <priority>39</priority>
        <rates type="sltp.mm.syntax.RateData">
          <color>#00d100</color>
          <hasBlocks>true</hasBlocks>
          <rate>0.01</rate>
          <title>D2</title>
        </rates>
        <title>D2</title>
        <type>implicit-periodic</type>
        <diagramElement type="diagram.editor.model.Entity" uuid="f18695bb-2063-4d97-bb30-00cc4bfaeebf"/>
        <subgraph type="sltp.mm.syntax.Graph" uuid="cbf1021b-b32c-414d-8103-f98e4729b0d5">
          <priorityDirection>HighNumberFirst</priorityDirection>
          <title>D2</title>
          <diagramElement type="diagram.editor.model.Diagram" uuid="9aa9ac82-ae82-496a-9cdb-ff48592e36a9"/>
        </subgraph>
      </children>
      <children type="sltp.mm.syntax.Node" uuid="93102ad6-f8cc-40da-bd9c-9209ae26b001">
        <hasBeenLaidout>true</hasBeenLaidout>
        <inEdges type="sltp.mm.syntax.Edge" uuid="ba80c42b-6018-48c4-b699-b82255b1f549"/>
        <outEdges type="sltp.mm.syntax.Edge" uuid="6c2b6e9b-5031-41ad-aa3b-da1485d95195"/>
        <priority>40</priority>
        <rates type="sltp.mm.syntax.RateData">
          <color>#000000</color>
          <hasBlocks>true</hasBlocks>
          <rate>0</rate>
          <title>Cont</title>
        </rates>
        <rates type="sltp.mm.syntax.RateData">
          <color>#e60000</color>
          <hasBlocks>true</hasBlocks>
          <rate>0.001</rate>
          <title>D1</title>
        </rates>
        <title>Cont</title>
        <type>base</type>
        <diagramElement type="diagram.editor.model.Entity" uuid="542ad57f-fb0e-4aad-9302-2f9aa001c0dd"/>
        <subgraph type="sltp.mm.syntax.Graph" uuid="9479ada5-f0fc-4940-900d-e1c28ef79165">
          <priorityDirection>HighNumberFirst</priorityDirection>
          <title>Cont</title>
          <diagramElement type="diagram.editor.model.Diagram" uuid="7e8cd629-be17-4acb-9478-498ccc8a257e"/>
        </subgraph>
      </children>
      <edges type="sltp.mm.syntax.Edge" uuid="ba80c42b-6018-48c4-b699-b82255b1f549">
        <dst type="sltp.mm.syntax.Node" uuid="93102ad6-f8cc-40da-bd9c-9209ae26b001"/>
        <src type="sltp.mm.syntax.Node" uuid="8b995848-c981-449d-aeca-6784abbde8af"/>
        <type>Delay</type>
        <diagramElement type="diagram.editor.model.Connection" uuid="840860b8-5813-4961-89c6-9c856ef01682"/>
      </edges>
      <edges type="sltp.mm.syntax.Edge" uuid="6c2b6e9b-5031-41ad-aa3b-da1485d95195">
        <dst type="sltp.mm.syntax.Node" uuid="8b995848-c981-449d-aeca-6784abbde8af"/>
        <src type="sltp.mm.syntax.Node" uuid="93102ad6-f8cc-40da-bd9c-9209ae26b001"/>
        <type>Dependency</type>
        <diagramElement type="diagram.editor.model.Connection" uuid="5086c345-01ce-4e26-ba0d-785c42b63094"/>
      </edges>
      <priorityDirection>HighNumberFirst</priorityDirection>
      <title>Default</title>
      <diagramElement type="diagram.editor.model.Diagram" uuid="2d7fdd6a-b308-4c01-bc5c-3daad4f83cac"/>
    </rootGraph>
  </sltp.mm.syntax.Context>
</sltp_editor>