<?xml version="1.0" encoding="utf-8"?>
<GraphicalInterface>
  <P Name="NumRootInports">0</P>
  <P Name="NumRootOutports">0</P>
  <P Name="ParameterArgumentNames"/>
  <P Name="NumModelReferences">0</P>
  <P Name="NumTestPointedSignals">6</P>
  <TestPointedSignal>
    <P Name="SignalName">Virtual IMU</P>
    <P Name="FullBlockPath">$bdroot/Emulate Estimator</P>
    <P Name="LogSignal">1</P>
    <P Name="MaxPoints">5000</P>
    <P Name="Decimation">2</P>
  </TestPointedSignal>
  <TestPointedSignal>
    <P Name="SignalName">calibration time</P>
    <P Name="FullBlockPath">$bdroot/Enabled Subsystem1</P>
    <P Name="LogSignal">1</P>
    <P Name="MaxPoints">5000</P>
    <P Name="Decimation">2</P>
  </TestPointedSignal>
  <TestPointedSignal>
    <P Name="SignalName">Fin Deflections</P>
    <P Name="FullBlockPath">$bdroot/From5</P>
    <P Name="LogSignal">1</P>
    <P Name="MaxPoints">5000</P>
    <P Name="Decimation">2</P>
  </TestPointedSignal>
  <TestPointedSignal>
    <P Name="SignalName">FDM States</P>
    <P Name="FullBlockPath">$bdroot/From6</P>
    <P Name="LogSignal">1</P>
    <P Name="MaxPoints">5000</P>
    <P Name="Decimation">2</P>
  </TestPointedSignal>
  <TestPointedSignal>
    <P Name="SignalName">FCC Data</P>
    <P Name="FullBlockPath">$bdroot/From7</P>
    <P Name="LogSignal">1</P>
    <P Name="MaxPoints">5000</P>
    <P Name="Decimation">2</P>
  </TestPointedSignal>
  <TestPointedSignal>
    <P Name="SignalName">Gimbal Angles</P>
    <P Name="FullBlockPath">$bdroot/From8</P>
    <P Name="LogSignal">1</P>
    <P Name="MaxPoints">5000</P>
    <P Name="Decimation">2</P>
  </TestPointedSignal>
  <P Name="NumProvidedFunctions">0</P>
  <P Name="NumRequiredFunctions">0</P>
  <P Name="NumResetEvents">0</P>
  <P Name="HasInitializeEvent">0</P>
  <P Name="HasTerminateEvent">0</P>
  <P Name="PreCompExecutionDomainType">Unset</P>
  <P Name="IsExportFunctionModel">0</P>
  <P Name="IsArchitectureModel">0</P>
  <P Name="IsAUTOSARArchitectureModel">0</P>
  <P Name="NumParameterArguments">0</P>
  <P Name="NumExternalFileReferences">65</P>
  <ExternalFileReference>
    <P Name="Reference">custom_blocks/Delayed Sine</P>
    <P Name="Path">$bdroot/Attitude Commands/Delayed Sine</P>
    <P Name="SID">67286</P>
    <P Name="Type">LIBRARY_BLOCK</P>
  </ExternalFileReference>
  <ExternalFileReference>
    <P Name="Reference">custom_blocks/Delayed Step</P>
    <P Name="Path">$bdroot/Attitude Commands/Delayed Step1</P>
    <P Name="SID">52733</P>
    <P Name="Type">LIBRARY_BLOCK</P>
  </ExternalFileReference>
  <ExternalFileReference>
    <P Name="Reference">custom_blocks/Delayed Step</P>
    <P Name="Path">$bdroot/Attitude Commands/Delayed Step2</P>
    <P Name="SID">52734</P>
    <P Name="Type">LIBRARY_BLOCK</P>
  </ExternalFileReference>
  <ExternalFileReference>
    <P Name="Reference">aerolibcommonsys/Tunable White Noise</P>
    <P Name="Path">$bdroot/Emulate Estimator/EMULATED IMU/Three-axis Inertial Measurement Unit/Three-axis Accelerometer/Random bias</P>
    <P Name="SID">67878:7:176</P>
    <P Name="Type">LIBRARY_BLOCK</P>
  </ExternalFileReference>
  <ExternalFileReference>
    <P Name="Reference">aerolibcommonsys/Tunable White Noise</P>
    <P Name="Path">$bdroot/Emulate Estimator/EMULATED IMU/Three-axis Inertial Measurement Unit/Three-axis Gyroscope/Random bias</P>
    <P Name="SID">67878:8:66</P>
    <P Name="Type">LIBRARY_BLOCK</P>
  </ExternalFileReference>
  <ExternalFileReference>
    <P Name="Reference">sldrtlib/Packet Input</P>
    <P Name="Path">$bdroot/Flight Control Computer/FCC/Real FCC/Packet Input</P>
    <P Name="SID">64340</P>
    <P Name="Type">LIBRARY_BLOCK</P>
  </ExternalFileReference>
  <ExternalFileReference>
    <P Name="Reference">sldrtlib/Packet Output</P>
    <P Name="Path">$bdroot/Flight Control Computer/FCC/Real FCC/Packet Output</P>
    <P Name="SID">67894</P>
    <P Name="Type">LIBRARY_BLOCK</P>
  </ExternalFileReference>
  <ExternalFileReference>
    <P Name="Reference">simulink/Sources/Counter
Free-Running</P>
    <P Name="Path">$bdroot/Flight Control Computer/Send to Pixhawk/Heartbeat/Heartbeat</P>
    <P Name="SID">64408</P>
    <P Name="Type">LIBRARY_BLOCK</P>
  </ExternalFileReference>
  <ExternalFileReference>
    <P Name="Reference">custom_blocks/Gimbal Motors</P>
    <P Name="Path">$bdroot/Flight Table/Flight Table On/Command gimbal motors/Gimbal Motors</P>
    <P Name="SID">35635</P>
    <P Name="Type">LIBRARY_BLOCK</P>
  </ExternalFileReference>
  <ExternalFileReference>
    <P Name="Reference">sldrtlib/Analog Output</P>
    <P Name="Path">$bdroot/Flight Table/Flight Table On/Configure Gimbals/Analog Output</P>
    <P Name="SID">35645</P>
    <P Name="Type">LIBRARY_BLOCK</P>
  </ExternalFileReference>
  <ExternalFileReference>
    <P Name="Reference">sldrtlib/Digital Input</P>
    <P Name="Path">$bdroot/Flight Table/Flight Table On/Configure Gimbals/Digital Input</P>
    <P Name="SID">35646</P>
    <P Name="Type">LIBRARY_BLOCK</P>
  </ExternalFileReference>
  <ExternalFileReference>
    <P Name="Reference">sldrtlib/Digital Output</P>
    <P Name="Path">$bdroot/Flight Table/Flight Table On/Configure Gimbals/Digital Output</P>
    <P Name="SID">35647</P>
    <P Name="Type">LIBRARY_BLOCK</P>
  </ExternalFileReference>
  <ExternalFileReference>
    <P Name="Reference">custom_blocks/Enable gimbal</P>
    <P Name="Path">$bdroot/Flight Table/Flight Table On/Configure Gimbals/Enable gimbal</P>
    <P Name="SID">35648</P>
    <P Name="Type">LIBRARY_BLOCK</P>
  </ExternalFileReference>
  <ExternalFileReference>
    <P Name="Reference">sldrtlib/Encoder Input</P>
    <P Name="Path">$bdroot/Flight Table/Flight Table On/Configure Gimbals/Encoder Input</P>
    <P Name="SID">35649</P>
    <P Name="Type">LIBRARY_BLOCK</P>
  </ExternalFileReference>
  <ExternalFileReference>
    <P Name="Reference">custom_blocks/Convert To Inertial</P>
    <P Name="Path">$bdroot/Flight Table/Flight Table On/Current Attitude/Convert To Inertial</P>
    <P Name="SID">67592</P>
    <P Name="Type">LIBRARY_BLOCK</P>
  </ExternalFileReference>
  <ExternalFileReference>
    <P Name="Reference">simulink_extras/Transformations/Degrees to
Radians</P>
    <P Name="Path">$bdroot/Flight Table/Flight Table On/Current Attitude/Degrees to Radians</P>
    <P Name="SID">35657</P>
    <P Name="Type">LIBRARY_BLOCK</P>
  </ExternalFileReference>
  <ExternalFileReference>
    <P Name="Reference">simulink_extras/Transformations/Degrees to
Radians</P>
    <P Name="Path">$bdroot/Flight Table/Flight Table On/Current Attitude/Degrees to Radians1</P>
    <P Name="SID">35658</P>
    <P Name="Type">LIBRARY_BLOCK</P>
  </ExternalFileReference>
  <ExternalFileReference>
    <P Name="Reference">simulink_extras/Transformations/Degrees to
Radians</P>
    <P Name="Path">$bdroot/Flight Table/Flight Table On/Current Attitude/Degrees to Radians2</P>
    <P Name="SID">35659</P>
    <P Name="Type">LIBRARY_BLOCK</P>
  </ExternalFileReference>
  <ExternalFileReference>
    <P Name="Reference">custom_blocks/Gimbal Input</P>
    <P Name="Path">$bdroot/Flight Table/Flight Table On/Stage 1 - Spin 360deg to find indexes/Gimbal Control</P>
    <P Name="SID">35681</P>
    <P Name="Type">LIBRARY_BLOCK</P>
  </ExternalFileReference>
  <ExternalFileReference>
    <P Name="Reference">custom_blocks/Index Locations</P>
    <P Name="Path">$bdroot/Flight Table/Flight Table On/Stage 1 - Spin 360deg to find indexes/Index Locations</P>
    <P Name="SID">35680</P>
    <P Name="Type">LIBRARY_BLOCK</P>
  </ExternalFileReference>
  <ExternalFileReference>
    <P Name="Reference">custom_blocks/Convert To Inertial</P>
    <P Name="Path">$bdroot/Flight Table/Flight Table On/Stage 2 - Set gimbals to initial attitude /Convert To Inertial</P>
    <P Name="SID">67586</P>
    <P Name="Type">LIBRARY_BLOCK</P>
  </ExternalFileReference>
  <ExternalFileReference>
    <P Name="Reference">custom_blocks/Gimbal Input</P>
    <P Name="Path">$bdroot/Flight Table/Flight Table On/Stage 2 - Set gimbals to initial attitude /Gimbal Input</P>
    <P Name="SID">35689</P>
    <P Name="Type">LIBRARY_BLOCK</P>
  </ExternalFileReference>
  <ExternalFileReference>
    <P Name="Reference">custom_blocks/Toggle Attitude Reached</P>
    <P Name="Path">$bdroot/Flight Table/Flight Table On/Stage 2 - Set gimbals to initial attitude /Toggle Attitude Reached</P>
    <P Name="SID">35694</P>
    <P Name="Type">LIBRARY_BLOCK</P>
  </ExternalFileReference>
  <ExternalFileReference>
    <P Name="Reference">custom_blocks/Convert To Inertial</P>
    <P Name="Path">$bdroot/Flight Table/Flight Table On/Stage 3 - Track Attitude Commands/Convert To Inertial</P>
    <P Name="SID">67590</P>
    <P Name="Type">LIBRARY_BLOCK</P>
  </ExternalFileReference>
  <ExternalFileReference>
    <P Name="Reference">custom_blocks/Gimbal Input</P>
    <P Name="Path">$bdroot/Flight Table/Flight Table On/Stage 3 - Track Attitude Commands/Gimbal Input1</P>
    <P Name="SID">35707</P>
    <P Name="Type">LIBRARY_BLOCK</P>
  </ExternalFileReference>
  <ExternalFileReference>
    <P Name="Reference">simulink_extras/Transformations/Radians
to Degrees</P>
    <P Name="Path">$bdroot/Flight Table/Flight Table On/Stage 3 - Track Attitude Commands/Radians to Degrees</P>
    <P Name="SID">35709</P>
    <P Name="Type">LIBRARY_BLOCK</P>
  </ExternalFileReference>
  <ExternalFileReference>
    <P Name="Reference">simulink_extras/Transformations/Radians
to Degrees</P>
    <P Name="Path">$bdroot/Flight Table/Flight Table On/Stage 3 - Track Attitude Commands/Radians to Degrees1</P>
    <P Name="SID">35710</P>
    <P Name="Type">LIBRARY_BLOCK</P>
  </ExternalFileReference>
  <ExternalFileReference>
    <P Name="Reference">simulink_extras/Transformations/Radians
to Degrees</P>
    <P Name="Path">$bdroot/Flight Table/Flight Table On/Stage 3 - Track Attitude Commands/Radians to Degrees2</P>
    <P Name="SID">35711</P>
    <P Name="Type">LIBRARY_BLOCK</P>
  </ExternalFileReference>
  <ExternalFileReference>
    <P Name="Reference">aerolibcommonsys/Tunable White Noise</P>
    <P Name="Path">$bdroot/Non-linear Flight Dynamic Model/Subsystem/Extract Relevant States/Assemble_States_Bus1/Three-axis Inertial Measurement Unit/Three-axis Accelerometer/Random bias</P>
    <P Name="SID">67991:7:176</P>
    <P Name="Type">LIBRARY_BLOCK</P>
  </ExternalFileReference>
  <ExternalFileReference>
    <P Name="Reference">aerolibcommonsys/Tunable White Noise</P>
    <P Name="Path">$bdroot/Non-linear Flight Dynamic Model/Subsystem/Extract Relevant States/Assemble_States_Bus1/Three-axis Inertial Measurement Unit/Three-axis Gyroscope/Random bias</P>
    <P Name="SID">67991:8:66</P>
    <P Name="Type">LIBRARY_BLOCK</P>
  </ExternalFileReference>
  <ExternalFileReference>
    <P Name="Reference">simulink/Logic and Bit
Operations/Compare
To Constant</P>
    <P Name="Path">$bdroot/Non-linear Flight Dynamic Model/Subsystem/GRM_Airframe/environment/WGS84_Gravitation/Compare To Constant</P>
    <P Name="SID">61680</P>
    <P Name="Type">LIBRARY_BLOCK</P>
  </ExternalFileReference>
  <ExternalFileReference>
    <P Name="Reference">simulink/Logic and Bit
Operations/Interval Test</P>
    <P Name="Path">$bdroot/Non-linear Flight Dynamic Model/Subsystem/GRM_Airframe/environment/WGS84_Gravitation/Interval Test</P>
    <P Name="SID">61681</P>
    <P Name="Type">LIBRARY_BLOCK</P>
  </ExternalFileReference>
  <ExternalFileReference>
    <P Name="Reference">simulink/Logic and Bit
Operations/Interval Test</P>
    <P Name="Path">$bdroot/Non-linear Flight Dynamic Model/Subsystem/GRM_Airframe/environment/WGS84_Gravitation/Interval Test1</P>
    <P Name="SID">61682</P>
    <P Name="Type">LIBRARY_BLOCK</P>
  </ExternalFileReference>
  <ExternalFileReference>
    <P Name="Reference">simulink/Logic and Bit
Operations/Compare
To Zero</P>
    <P Name="Path">$bdroot/Non-linear Flight Dynamic Model/Subsystem/GRM_Airframe/rb_eom/calc_bus_flight_dyn_bus_entries/q12_from_T12/Case 0/dcm11 &gt;= -dcm22</P>
    <P Name="SID">62952</P>
    <P Name="Type">LIBRARY_BLOCK</P>
  </ExternalFileReference>
  <ExternalFileReference>
    <P Name="Reference">simulink/Logic and Bit
Operations/Compare
To Zero</P>
    <P Name="Path">$bdroot/Non-linear Flight Dynamic Model/Subsystem/GRM_Airframe/rb_eom/calc_bus_flight_dyn_bus_entries/q12_from_T12/Case 0/dcm11 &gt;= -dcm33</P>
    <P Name="SID">62953</P>
    <P Name="Type">LIBRARY_BLOCK</P>
  </ExternalFileReference>
  <ExternalFileReference>
    <P Name="Reference">simulink/Logic and Bit
Operations/Compare
To Zero</P>
    <P Name="Path">$bdroot/Non-linear Flight Dynamic Model/Subsystem/GRM_Airframe/rb_eom/calc_bus_flight_dyn_bus_entries/q12_from_T12/Case 0/dcm22 &gt;= -dcm33</P>
    <P Name="SID">62954</P>
    <P Name="Type">LIBRARY_BLOCK</P>
  </ExternalFileReference>
  <ExternalFileReference>
    <P Name="Reference">simulink/Logic and Bit
Operations/Compare
To Zero</P>
    <P Name="Path">$bdroot/Non-linear Flight Dynamic Model/Subsystem/GRM_Airframe/rb_eom/calc_bus_flight_dyn_bus_entries/q12_from_T12/Case 1/dcm11 &gt;= dcm22</P>
    <P Name="SID">62964</P>
    <P Name="Type">LIBRARY_BLOCK</P>
  </ExternalFileReference>
  <ExternalFileReference>
    <P Name="Reference">simulink/Logic and Bit
Operations/Compare
To Zero</P>
    <P Name="Path">$bdroot/Non-linear Flight Dynamic Model/Subsystem/GRM_Airframe/rb_eom/calc_bus_flight_dyn_bus_entries/q12_from_T12/Case 1/dcm11 &gt;= dcm33</P>
    <P Name="SID">62965</P>
    <P Name="Type">LIBRARY_BLOCK</P>
  </ExternalFileReference>
  <ExternalFileReference>
    <P Name="Reference">simulink/Logic and Bit
Operations/Compare
To Zero</P>
    <P Name="Path">$bdroot/Non-linear Flight Dynamic Model/Subsystem/GRM_Airframe/rb_eom/calc_bus_flight_dyn_bus_entries/q12_from_T12/Case 1/dcm22 &lt; -dcm33</P>
    <P Name="SID">62966</P>
    <P Name="Type">LIBRARY_BLOCK</P>
  </ExternalFileReference>
  <ExternalFileReference>
    <P Name="Reference">simulink/Logic and Bit
Operations/Compare
To Zero</P>
    <P Name="Path">$bdroot/Non-linear Flight Dynamic Model/Subsystem/GRM_Airframe/rb_eom/calc_bus_flight_dyn_bus_entries/q12_from_T12/Case 2/dcm11 &lt; -dcm33</P>
    <P Name="SID">62976</P>
    <P Name="Type">LIBRARY_BLOCK</P>
  </ExternalFileReference>
  <ExternalFileReference>
    <P Name="Reference">simulink/Logic and Bit
Operations/Compare
To Zero</P>
    <P Name="Path">$bdroot/Non-linear Flight Dynamic Model/Subsystem/GRM_Airframe/rb_eom/calc_bus_flight_dyn_bus_entries/q12_from_T12/Case 2/dcm11 &lt; dcm22</P>
    <P Name="SID">62977</P>
    <P Name="Type">LIBRARY_BLOCK</P>
  </ExternalFileReference>
  <ExternalFileReference>
    <P Name="Reference">simulink/Logic and Bit
Operations/Compare
To Zero</P>
    <P Name="Path">$bdroot/Non-linear Flight Dynamic Model/Subsystem/GRM_Airframe/rb_eom/calc_bus_flight_dyn_bus_entries/q12_from_T12/Case 2/dcm22 &gt;= dcm33</P>
    <P Name="SID">62978</P>
    <P Name="Type">LIBRARY_BLOCK</P>
  </ExternalFileReference>
  <ExternalFileReference>
    <P Name="Reference">simulink/Logic and Bit
Operations/Compare
To Zero</P>
    <P Name="Path">$bdroot/Non-linear Flight Dynamic Model/Subsystem/GRM_Airframe/rb_eom/calc_bus_flight_dyn_bus_entries/q12_from_T12/Case 3/dcm11 &lt; -dcm22</P>
    <P Name="SID">62988</P>
    <P Name="Type">LIBRARY_BLOCK</P>
  </ExternalFileReference>
  <ExternalFileReference>
    <P Name="Reference">simulink/Logic and Bit
Operations/Compare
To Zero</P>
    <P Name="Path">$bdroot/Non-linear Flight Dynamic Model/Subsystem/GRM_Airframe/rb_eom/calc_bus_flight_dyn_bus_entries/q12_from_T12/Case 3/dcm11 &lt; dcm33</P>
    <P Name="SID">62989</P>
    <P Name="Type">LIBRARY_BLOCK</P>
  </ExternalFileReference>
  <ExternalFileReference>
    <P Name="Reference">simulink/Logic and Bit
Operations/Compare
To Zero</P>
    <P Name="Path">$bdroot/Non-linear Flight Dynamic Model/Subsystem/GRM_Airframe/rb_eom/calc_bus_flight_dyn_bus_entries/q12_from_T12/Case 3/dcm22 &lt; dcm33</P>
    <P Name="SID">62990</P>
    <P Name="Type">LIBRARY_BLOCK</P>
  </ExternalFileReference>
  <ExternalFileReference>
    <P Name="Reference">simulink_extras/Transformations/Radians
to Degrees</P>
    <P Name="Path">$bdroot/Radians to Degrees1</P>
    <P Name="SID">61175</P>
    <P Name="Type">LIBRARY_BLOCK</P>
  </ExternalFileReference>
  <ExternalFileReference>
    <P Name="Reference">simulink_extras/Transformations/Radians
to Degrees</P>
    <P Name="Path">$bdroot/Radians to Degrees10</P>
    <P Name="SID">60972</P>
    <P Name="Type">LIBRARY_BLOCK</P>
  </ExternalFileReference>
  <ExternalFileReference>
    <P Name="Reference">simulink_extras/Transformations/Radians
to Degrees</P>
    <P Name="Path">$bdroot/Radians to Degrees11</P>
    <P Name="SID">60973</P>
    <P Name="Type">LIBRARY_BLOCK</P>
  </ExternalFileReference>
  <ExternalFileReference>
    <P Name="Reference">simulink_extras/Transformations/Radians
to Degrees</P>
    <P Name="Path">$bdroot/Radians to Degrees12</P>
    <P Name="SID">60974</P>
    <P Name="Type">LIBRARY_BLOCK</P>
  </ExternalFileReference>
  <ExternalFileReference>
    <P Name="Reference">simulink_extras/Transformations/Radians
to Degrees</P>
    <P Name="Path">$bdroot/Radians to Degrees13</P>
    <P Name="SID">60975</P>
    <P Name="Type">LIBRARY_BLOCK</P>
  </ExternalFileReference>
  <ExternalFileReference>
    <P Name="Reference">simulink_extras/Transformations/Radians
to Degrees</P>
    <P Name="Path">$bdroot/Radians to Degrees14</P>
    <P Name="SID">61176</P>
    <P Name="Type">LIBRARY_BLOCK</P>
  </ExternalFileReference>
  <ExternalFileReference>
    <P Name="Reference">simulink_extras/Transformations/Radians
to Degrees</P>
    <P Name="Path">$bdroot/Radians to Degrees15</P>
    <P Name="SID">61177</P>
    <P Name="Type">LIBRARY_BLOCK</P>
  </ExternalFileReference>
  <ExternalFileReference>
    <P Name="Reference">simulink_extras/Transformations/Radians
to Degrees</P>
    <P Name="Path">$bdroot/Radians to Degrees16</P>
    <P Name="SID">67601</P>
    <P Name="Type">LIBRARY_BLOCK</P>
  </ExternalFileReference>
  <ExternalFileReference>
    <P Name="Reference">simulink_extras/Transformations/Radians
to Degrees</P>
    <P Name="Path">$bdroot/Radians to Degrees17</P>
    <P Name="SID">67602</P>
    <P Name="Type">LIBRARY_BLOCK</P>
  </ExternalFileReference>
  <ExternalFileReference>
    <P Name="Reference">simulink_extras/Transformations/Radians
to Degrees</P>
    <P Name="Path">$bdroot/Radians to Degrees18</P>
    <P Name="SID">68469</P>
    <P Name="Type">LIBRARY_BLOCK</P>
  </ExternalFileReference>
  <ExternalFileReference>
    <P Name="Reference">simulink_extras/Transformations/Radians
to Degrees</P>
    <P Name="Path">$bdroot/Radians to Degrees19</P>
    <P Name="SID">68470</P>
    <P Name="Type">LIBRARY_BLOCK</P>
  </ExternalFileReference>
  <ExternalFileReference>
    <P Name="Reference">simulink_extras/Transformations/Radians
to Degrees</P>
    <P Name="Path">$bdroot/Radians to Degrees2</P>
    <P Name="SID">67599</P>
    <P Name="Type">LIBRARY_BLOCK</P>
  </ExternalFileReference>
  <ExternalFileReference>
    <P Name="Reference">simulink_extras/Transformations/Radians
to Degrees</P>
    <P Name="Path">$bdroot/Radians to Degrees3</P>
    <P Name="SID">67600</P>
    <P Name="Type">LIBRARY_BLOCK</P>
  </ExternalFileReference>
  <ExternalFileReference>
    <P Name="Reference">simulink_extras/Transformations/Radians
to Degrees</P>
    <P Name="Path">$bdroot/Radians to Degrees4</P>
    <P Name="SID">60966</P>
    <P Name="Type">LIBRARY_BLOCK</P>
  </ExternalFileReference>
  <ExternalFileReference>
    <P Name="Reference">simulink_extras/Transformations/Radians
to Degrees</P>
    <P Name="Path">$bdroot/Radians to Degrees5</P>
    <P Name="SID">60967</P>
    <P Name="Type">LIBRARY_BLOCK</P>
  </ExternalFileReference>
  <ExternalFileReference>
    <P Name="Reference">simulink_extras/Transformations/Radians
to Degrees</P>
    <P Name="Path">$bdroot/Radians to Degrees6</P>
    <P Name="SID">60968</P>
    <P Name="Type">LIBRARY_BLOCK</P>
  </ExternalFileReference>
  <ExternalFileReference>
    <P Name="Reference">simulink_extras/Transformations/Radians
to Degrees</P>
    <P Name="Path">$bdroot/Radians to Degrees7</P>
    <P Name="SID">60969</P>
    <P Name="Type">LIBRARY_BLOCK</P>
  </ExternalFileReference>
  <ExternalFileReference>
    <P Name="Reference">simulink_extras/Transformations/Radians
to Degrees</P>
    <P Name="Path">$bdroot/Radians to Degrees8</P>
    <P Name="SID">60970</P>
    <P Name="Type">LIBRARY_BLOCK</P>
  </ExternalFileReference>
  <ExternalFileReference>
    <P Name="Reference">simulink_extras/Transformations/Radians
to Degrees</P>
    <P Name="Path">$bdroot/Radians to Degrees9</P>
    <P Name="SID">60971</P>
    <P Name="Type">LIBRARY_BLOCK</P>
  </ExternalFileReference>
  <ExternalFileReference>
    <P Name="Reference">sldrtlib/Encoder Input</P>
    <P Name="Path">$bdroot/Servos/Real Servos/Encoder Input</P>
    <P Name="SID">61138</P>
    <P Name="Type">LIBRARY_BLOCK</P>
  </ExternalFileReference>
  <P Name="OrderedModelArguments">1</P>
</GraphicalInterface>
