<?xml version="1.0" encoding="UTF-8"?>
<sltp_editor version="1.1" packageUris="http://schema.mathworks.com/mf0/DiagramEditor/R2019a_20181107 http://schema.mathworks.com/mf0/SltpSyntax/R2019b_201903011129">
  <diagram.editor.model.Diagram type="diagram.editor.model.Diagram" uuid="2d7fdd6a-b308-4c01-bc5c-3daad4f83cac">
    <entities type="diagram.editor.model.Entity" uuid="542ad57f-fb0e-4aad-9302-2f9aa001c0dd">
      <position>10,-148</position>
      <size>0,0,72,60</size>
      <syntaxElement type="sltp.mm.syntax.Node" uuid="93102ad6-f8cc-40da-bd9c-9209ae26b001"/>
      <title>Cont</title>
      <type>base</type>
      <subDiagram type="diagram.editor.model.Diagram" uuid="7e8cd629-be17-4acb-9478-498ccc8a257e">
        <position>0,0</position>
        <syntaxElement type="sltp.mm.syntax.Graph" uuid="9479ada5-f0fc-4940-900d-e1c28ef79165"/>
        <title>Cont</title>
        <type>graph.Graph</type>
      </subDiagram>
    </entities>
    <position>0,0</position>
    <size>0,0,0,0</size>
    <syntaxElement type="sltp.mm.syntax.Graph" uuid="e6e4f12a-c8dc-4131-ad7c-fbf5ad3ccd88"/>
    <title>Default</title>
    <type>graph.Graph</type>
  </diagram.editor.model.Diagram>
  <sltp.mm.syntax.Context type="sltp.mm.syntax.Context" uuid="958661ec-e852-46c1-baa1-87b4b3e16528">
    <rootGraph type="sltp.mm.syntax.Graph" uuid="e6e4f12a-c8dc-4131-ad7c-fbf5ad3ccd88">
      <children type="sltp.mm.syntax.Node" uuid="93102ad6-f8cc-40da-bd9c-9209ae26b001">
        <hasBeenLaidout>true</hasBeenLaidout>
        <priority>40</priority>
        <rates type="sltp.mm.syntax.RateData">
          <color>#000000</color>
          <hasBlocks>true</hasBlocks>
          <rate>0</rate>
          <title>Cont</title>
        </rates>
        <rates type="sltp.mm.syntax.RateData">
          <color>#e60000</color>
          <hasBlocks>true</hasBlocks>
          <rate>0.001</rate>
          <title>D1</title>
        </rates>
        <rates type="sltp.mm.syntax.RateData">
          <color>#00d100</color>
          <hasBlocks>true</hasBlocks>
          <rate>0.01</rate>
          <title>D2</title>
        </rates>
        <rates type="sltp.mm.syntax.RateData">
          <color>#0000cc</color>
          <hasBlocks>true</hasBlocks>
          <rate>0.1</rate>
          <title>D3</title>
        </rates>
        <title>Cont</title>
        <type>base</type>
        <diagramElement type="diagram.editor.model.Entity" uuid="542ad57f-fb0e-4aad-9302-2f9aa001c0dd"/>
        <subgraph type="sltp.mm.syntax.Graph" uuid="9479ada5-f0fc-4940-900d-e1c28ef79165">
          <title>Cont</title>
          <diagramElement type="diagram.editor.model.Diagram" uuid="7e8cd629-be17-4acb-9478-498ccc8a257e"/>
        </subgraph>
      </children>
      <title>Default</title>
      <diagramElement type="diagram.editor.model.Diagram" uuid="2d7fdd6a-b308-4c01-bc5c-3daad4f83cac"/>
    </rootGraph>
  </sltp.mm.syntax.Context>
</sltp_editor>