<?xml version="1.0" encoding="UTF-8"?>
<sltp_graph version="1.1" packageUris="http://schema.mathworks.com/mf0/sltp_mm/R2019b_201903251320">
  <sltp.mm.core.Context type="sltp.mm.core.Context" uuid="75173593-d324-4f6a-847b-22f55c2b2403">
    <priorityDirection>HighNumberLast</priorityDirection>
    <unusedIds>2</unusedIds>
    <editorState type="sltp.mm.core.EditorState" uuid="e71ed833-ba35-41c7-85d5-e2377c8207b3">
      <isSynchronized>true</isSynchronized>
    </editorState>
    <rootTask type="sltp.mm.core.Task" uuid="53e854ae-906c-4a71-8d5a-a4d60a79132c">
      <context type="sltp.mm.core.Context" uuid="75173593-d324-4f6a-847b-22f55c2b2403"/>
      <explicit>false</explicit>
      <name>Default</name>
      <priority>-2147483648</priority>
      <subgraph type="sltp.mm.core.Graph" uuid="0262aa8e-7faa-4413-bb21-3231ee98b79e">
        <tasks type="sltp.mm.core.Task" uuid="039867dc-cd30-4fa6-80a6-27000615bcf5">
          <baseTask>true</baseTask>
          <context type="sltp.mm.core.Context" uuid="75173593-d324-4f6a-847b-22f55c2b2403"/>
          <explicit>false</explicit>
          <id>1</id>
          <name>Cont</name>
          <priority>40</priority>
          <rates type="sltp.mm.core.Rate" uuid="24c28dc7-8b21-47e3-a66a-0ce1e33c7a60">
            <annotation>Cont</annotation>
            <color>255</color>
            <hasBlocks>true</hasBlocks>
            <rateSpec type="sltp.mm.core.RateSpec">
              <period>0</period>
            </rateSpec>
            <sti>0</sti>
          </rates>
          <rates type="sltp.mm.core.Rate" uuid="ffe45507-76a3-4f8b-8985-5e6d3ba7ccf9">
            <annotation>D1</annotation>
            <color>-436207361</color>
            <hasBlocks>true</hasBlocks>
            <rateSpec type="sltp.mm.core.RateSpec">
              <period>0.001</period>
            </rateSpec>
            <sti>1</sti>
          </rates>
          <rates type="sltp.mm.core.Rate" uuid="86d42e28-bced-45a6-954e-43df578a2f78">
            <annotation>D2</annotation>
            <color>13697279</color>
            <hasBlocks>true</hasBlocks>
            <rateSpec type="sltp.mm.core.RateSpec">
              <period>0.01</period>
            </rateSpec>
            <sti>2</sti>
          </rates>
          <rates type="sltp.mm.core.Rate" uuid="d7430981-ad0a-4140-a9ee-78fb331bffb1">
            <annotation>D3</annotation>
            <color>52479</color>
            <hasBlocks>true</hasBlocks>
            <rateSpec type="sltp.mm.core.RateSpec">
              <period>0.10000000000000001</period>
            </rateSpec>
            <sti>3</sti>
          </rates>
        </tasks>
      </subgraph>
    </rootTask>
  </sltp.mm.core.Context>
</sltp_graph>