<?xml version="1.0" encoding="utf-8"?>
<Stateflow>
  <machine id="21">
    <P Name="sfVersion">80000019</P>
    <Children>
      <target id="167" name="sfun">
        <P Name="description">Default Simulink S-Function Target.</P>
      </target>
      <target id="168" name="rtw"/>
      <chart id="22">
        <P Name="name">Flight Control Computer/FCC/Real FCC/Extract Message</P>
        <P Name="windowPosition">[422 539.941 189 413]</P>
        <P Name="viewLimits">[0 156.75 0 153.75]</P>
        <P Name="screen">[1 1 3600 1200 1.180555555555556]</P>
        <P Name="viewObj">22</P>
        <P Name="ssIdHighWaterMark">7</P>
        <P Name="decomposition">CLUSTER_CHART</P>
        <P Name="type">EML_CHART</P>
        <P Name="chartFileNumber">2</P>
        <P Name="disableImplicitCasting">1</P>
        <eml>
          <P Name="name">fcn</P>
        </eml>
        <Children>
          <state SSID="1">
            <P Name="labelString">eML_blk_kernel()</P>
            <P Name="position">[18 64.5 118 66]</P>
            <P Name="fontSize">12</P>
            <P Name="superState">SUBCHART</P>
            <P Name="subviewer">22</P>
            <P Name="type">FUNC_STATE</P>
            <P Name="decomposition">CLUSTER_STATE</P>
            <eml>
              <P Name="isEML">1</P>
              <P Name="script">function [message,myItems]  = fcn(packet)
header = [5 5 5];
typeSize = 4;    %4 for single, 8 for double

packetSize = length(packet); 
headerSize = length(header);
messageSize = packetSize-headerSize; 
errorMessage = uint8(zeros(1,messageSize));

numItems = messageSize/typeSize;
myItems = zeros(1,numItems);

headerPos = find(packet == header(1));
headerPos(headerPos&gt;packetSize-headerSize+1) = [];
for pattval = 2:headerSize
    keep =  packet(headerPos+pattval-1) == header(pattval);
    headerPos(~keep) = [];
end

if isempty(headerPos)
    packet = [packet(headerSize+1:end), packet(1:headerSize)];
    headerPos = find(packet == header(1));
    headerPos(headerPos&gt;packetSize-headerSize+1) = [];
    for pattval = 2:headerSize
        keep =  packet(headerPos+pattval-1) == header(pattval);
        headerPos(~keep) = [];
    end
end

if isempty(headerPos)
    message = errorMessage
    return
end

headerPos = headerPos(1);
messagePos = headerPos + headerSize;
messageTmp = [packet(messagePos:packetSize), packet(1:headerPos-1)]
message = messageTmp(1:messageSize)

for i = 1:numItems
    myItems(i) = typecast(message(typeSize*(i-1)+1 : typeSize*i),&apos;single&apos;);
end</P>
              <P Name="editorLayout" Class="double">Matrix(4,1)
[10.0, 5.0, 700.0, 500.0]</P>
            </eml>
          </state>
          <data SSID="4" name="packet">
            <P Name="scope">INPUT_DATA</P>
            <props>
              <array>
                <P Name="size">[1,FCC_items*4+3]</P>
              </array>
              <type>
                <P Name="primitive">SF_UINT8_TYPE</P>
              </type>
              <P Name="complexity">SF_COMPLEX_INHERITED</P>
              <unit>
                <P Name="name">inherit</P>
              </unit>
            </props>
            <P Name="dataType">uint8</P>
          </data>
          <data SSID="5" name="message">
            <P Name="scope">OUTPUT_DATA</P>
            <props>
              <array>
                <P Name="size">[1,FCC_items*4]</P>
              </array>
              <type>
                <P Name="primitive">SF_UINT8_TYPE</P>
              </type>
              <P Name="complexity">SF_COMPLEX_INHERITED</P>
              <P Name="frame">SF_FRAME_NO</P>
              <unit>
                <P Name="name">inherit</P>
              </unit>
            </props>
            <P Name="dataType">uint8</P>
          </data>
          <data SSID="7" name="myItems">
            <P Name="scope">OUTPUT_DATA</P>
            <props>
              <array>
                <P Name="size">[1,FCC_items]</P>
              </array>
              <type>
                <P Name="method">SF_INHERITED_TYPE</P>
                <P Name="primitive">SF_DOUBLE_TYPE</P>
                <P Name="isSigned">1</P>
                <P Name="wordLength">16</P>
              </type>
              <P Name="complexity">SF_COMPLEX_INHERITED</P>
              <P Name="frame">SF_FRAME_NO</P>
              <unit>
                <P Name="name">inherit</P>
              </unit>
            </props>
            <P Name="dataType">Inherit: Same as Simulink</P>
          </data>
          <transition SSID="2">
            <P Name="labelString">{eML_blk_kernel();}</P>
            <P Name="labelPosition">[28.125 13.875 102.544 14.964]</P>
            <P Name="fontSize">12</P>
            <src>
              <P Name="intersection">[0 0 1 0 23.5747 14.625 0 0]</P>
            </src>
            <dst>
              <P Name="SSID">3</P>
              <P Name="intersection">[1 0 -1 0 23.5747 42.5747 0 0]</P>
            </dst>
            <P Name="midPoint">[23.5747 24.9468]</P>
            <P Name="dataLimits">[21.175 25.975 14.625 42.575]</P>
            <P Name="subviewer">22</P>
            <P Name="drawStyle">SMART</P>
            <slide>
              <P Name="sticky">BOTH_STICK</P>
            </slide>
            <P Name="executionOrder">1</P>
          </transition>
          <junction SSID="3">
            <P Name="position">[23.5747 49.5747 7]</P>
            <P Name="subviewer">22</P>
            <P Name="type">CONNECTIVE_JUNCTION</P>
          </junction>
        </Children>
      </chart>
      <chart id="30">
        <P Name="name">Non-linear Flight Dynamic Model/Subsystem/Extract Relevant States/MATLAB Function1</P>
        <P Name="windowPosition">[422 539.941 189 413]</P>
        <P Name="viewLimits">[0 156.75 0 153.75]</P>
        <P Name="screen">[1 1 3600 1200 1.180555555555556]</P>
        <P Name="viewObj">30</P>
        <P Name="ssIdHighWaterMark">5</P>
        <P Name="decomposition">CLUSTER_CHART</P>
        <P Name="type">EML_CHART</P>
        <P Name="chartFileNumber">20</P>
        <P Name="disableImplicitCasting">1</P>
        <eml>
          <P Name="name">conjq</P>
        </eml>
        <Children>
          <state SSID="1">
            <P Name="labelString">eML_blk_kernel()</P>
            <P Name="position">[18 64.5 118 66]</P>
            <P Name="fontSize">12</P>
            <P Name="superState">SUBCHART</P>
            <P Name="subviewer">30</P>
            <P Name="type">FUNC_STATE</P>
            <P Name="decomposition">CLUSTER_STATE</P>
            <eml>
              <P Name="isEML">1</P>
              <P Name="script">%% Computes the conjugate complex quaternion
%
% INPUTS:    
%   MANDATORY:
%    4x1    double   q           ....... quaternion
%    
% OUTPUTS:   
%    4x1    double   q_conj      ....... conjugated quaternion
%
% ABSTRACT: 
% This function computes teh conjugate complex quaternion
%
% DESCRIPTION: 
% This function computes teh conjugate complex quaternion
%
% PROJECT:
%        ***  ISim - Generic Interceptor Simulation ***
%
% CHANGE LOG
% Date          Name                Description         Version
% 2015/06/10    T. Z�belein         initial version     V 1.0 

%% 
function q_conj = conjq(q)
%#codegen

  q_conj    = -q;
  q_conj(4) =  q(4);

end</P>
              <P Name="editorLayout" Class="double">Matrix(4,1)
[10.0, 5.0, 700.0, 500.0]</P>
            </eml>
          </state>
          <data SSID="4" name="q">
            <P Name="scope">INPUT_DATA</P>
            <props>
              <array>
                <P Name="size">-1</P>
              </array>
              <type>
                <P Name="method">SF_INHERITED_TYPE</P>
                <P Name="primitive">SF_DOUBLE_TYPE</P>
              </type>
              <P Name="complexity">SF_COMPLEX_INHERITED</P>
              <unit>
                <P Name="name">inherit</P>
              </unit>
            </props>
            <P Name="dataType">Inherit: Same as Simulink</P>
          </data>
          <data SSID="5" name="q_conj">
            <P Name="scope">OUTPUT_DATA</P>
            <props>
              <array>
                <P Name="size">-1</P>
              </array>
              <type>
                <P Name="method">SF_INHERITED_TYPE</P>
                <P Name="primitive">SF_DOUBLE_TYPE</P>
              </type>
              <P Name="complexity">SF_COMPLEX_INHERITED</P>
              <P Name="frame">SF_FRAME_NO</P>
              <unit>
                <P Name="name">inherit</P>
              </unit>
            </props>
            <P Name="dataType">Inherit: Same as Simulink</P>
          </data>
          <transition SSID="2">
            <P Name="labelString">{eML_blk_kernel();}</P>
            <P Name="labelPosition">[28.125 13.875 102.544 14.964]</P>
            <P Name="fontSize">12</P>
            <src>
              <P Name="intersection">[0 0 1 0 23.5747 14.625 0 0]</P>
            </src>
            <dst>
              <P Name="SSID">3</P>
              <P Name="intersection">[1 0 -1 0 23.5747 42.5747 0 0]</P>
            </dst>
            <P Name="midPoint">[23.5747 24.9468]</P>
            <P Name="dataLimits">[21.175 25.975 14.625 42.575]</P>
            <P Name="subviewer">30</P>
            <P Name="drawStyle">SMART</P>
            <slide>
              <P Name="sticky">BOTH_STICK</P>
            </slide>
            <P Name="executionOrder">1</P>
          </transition>
          <junction SSID="3">
            <P Name="position">[23.5747 49.5747 7]</P>
            <P Name="subviewer">30</P>
            <P Name="type">CONNECTIVE_JUNCTION</P>
          </junction>
        </Children>
      </chart>
      <chart id="37">
        <P Name="name">Non-linear Flight Dynamic Model/Subsystem/GRM_Airframe/aerodynamics/logic_base_drag/MATLAB Function</P>
        <P Name="windowPosition">[422 539.941 189 413]</P>
        <P Name="viewLimits">[0 156.75 0 153.75]</P>
        <P Name="screen">[1 1 3600 1200 1.180555555555556]</P>
        <P Name="viewObj">37</P>
        <P Name="ssIdHighWaterMark">6</P>
        <P Name="decomposition">CLUSTER_CHART</P>
        <P Name="type">EML_CHART</P>
        <P Name="chartFileNumber">21</P>
        <P Name="disableImplicitCasting">1</P>
        <eml>
          <P Name="name">fcn</P>
        </eml>
        <Children>
          <state SSID="1">
            <P Name="labelString">eML_blk_kernel()</P>
            <P Name="position">[18 64.5 118 66]</P>
            <P Name="fontSize">12</P>
            <P Name="superState">SUBCHART</P>
            <P Name="subviewer">37</P>
            <P Name="type">FUNC_STATE</P>
            <P Name="decomposition">CLUSTER_STATE</P>
            <eml>
              <P Name="isEML">1</P>
              <P Name="script">function flag_base_drag = fcn(u, t_prp2)
%#codegen
if u &gt;= 0 &amp;&amp; u &lt;= t_prp2 
    y = 0;
else
    y = 1;
    
end
flag_base_drag = y;</P>
              <P Name="editorLayout" Class="double">Matrix(4,1)
[10.0, 5.0, 700.0, 500.0]</P>
            </eml>
          </state>
          <data SSID="4" name="u">
            <P Name="scope">INPUT_DATA</P>
            <props>
              <array>
                <P Name="size">-1</P>
              </array>
              <type>
                <P Name="method">SF_INHERITED_TYPE</P>
                <P Name="primitive">SF_DOUBLE_TYPE</P>
              </type>
              <P Name="complexity">SF_COMPLEX_INHERITED</P>
              <unit>
                <P Name="name">inherit</P>
              </unit>
            </props>
            <P Name="dataType">Inherit: Same as Simulink</P>
          </data>
          <data SSID="5" name="flag_base_drag">
            <P Name="scope">OUTPUT_DATA</P>
            <props>
              <array>
                <P Name="size">-1</P>
              </array>
              <type>
                <P Name="method">SF_INHERITED_TYPE</P>
                <P Name="primitive">SF_DOUBLE_TYPE</P>
              </type>
              <P Name="complexity">SF_COMPLEX_INHERITED</P>
              <P Name="frame">SF_FRAME_NO</P>
              <unit>
                <P Name="name">inherit</P>
              </unit>
            </props>
            <P Name="dataType">Inherit: Same as Simulink</P>
          </data>
          <data SSID="6" name="t_prp2">
            <P Name="scope">INPUT_DATA</P>
            <props>
              <array>
                <P Name="size">-1</P>
              </array>
              <type>
                <P Name="method">SF_INHERITED_TYPE</P>
                <P Name="primitive">SF_DOUBLE_TYPE</P>
                <P Name="isSigned">1</P>
                <P Name="wordLength">16</P>
              </type>
              <P Name="complexity">SF_COMPLEX_INHERITED</P>
              <P Name="frame">SF_FRAME_INHERITED</P>
              <unit>
                <P Name="name">inherit</P>
              </unit>
            </props>
            <P Name="dataType">Inherit: Same as Simulink</P>
          </data>
          <transition SSID="2">
            <P Name="labelString">{eML_blk_kernel();}</P>
            <P Name="labelPosition">[28.125 13.875 102.544 14.964]</P>
            <P Name="fontSize">12</P>
            <src>
              <P Name="intersection">[0 0 1 0 23.5747 14.625 0 0]</P>
            </src>
            <dst>
              <P Name="SSID">3</P>
              <P Name="intersection">[1 0 -1 0 23.5747 42.5747 0 0]</P>
            </dst>
            <P Name="midPoint">[23.5747 24.9468]</P>
            <P Name="dataLimits">[21.175 25.975 14.625 42.575]</P>
            <P Name="subviewer">37</P>
            <P Name="drawStyle">SMART</P>
            <slide>
              <P Name="sticky">BOTH_STICK</P>
            </slide>
            <P Name="executionOrder">1</P>
          </transition>
          <junction SSID="3">
            <P Name="position">[23.5747 49.5747 7]</P>
            <P Name="subviewer">37</P>
            <P Name="type">CONNECTIVE_JUNCTION</P>
          </junction>
        </Children>
      </chart>
      <chart id="45">
        <P Name="name">Non-linear Flight Dynamic Model/Subsystem/GRM_Airframe/environment/WGS84_Gravitation/WGS84_Gravity_Implementation</P>
        <P Name="windowPosition">[422 539.941 189 413]</P>
        <P Name="viewLimits">[0 156.75 0 153.75]</P>
        <P Name="screen">[1 1 3600 1200 1.180555555555556]</P>
        <P Name="viewObj">45</P>
        <P Name="ssIdHighWaterMark">14</P>
        <P Name="decomposition">CLUSTER_CHART</P>
        <P Name="type">EML_CHART</P>
        <P Name="chartFileNumber">22</P>
        <P Name="disableImplicitCasting">1</P>
        <eml>
          <P Name="name">wgs84_normalgravity</P>
        </eml>
        <Children>
          <state SSID="1">
            <P Name="labelString">eML_blk_kernel()</P>
            <P Name="position">[18 64.5 118 66]</P>
            <P Name="fontSize">12</P>
            <P Name="superState">SUBCHART</P>
            <P Name="subviewer">45</P>
            <P Name="type">FUNC_STATE</P>
            <P Name="decomposition">CLUSTER_STATE</P>
            <eml>
              <P Name="isEML">1</P>
              <P Name="script">% Nach dem WGS84 Standard implementierte Gravitationsbeschleunigung 
%
% INPUTS:    
%   MANDATORY:
%       pE          ....... Positionsvektor im ECEF System
%       c_rsma      ....... Große Halbachse des WGS84 Ellipsoids
%       c_b_WGS     ....... Kleine Halbachse des WGS84 Ellipsoids
%       c_grav      ....... Gravitationskonstante der Erde nach WGS84
%       c_rot       ....... Rotationsgeschwindigkeit der Erde nach WGS84
%       flg_omega_enabled . Flag, die bestimmt ob die Rotation der Erde
%                           mitberechnet wird.
% 
% OUTPUTS:   
%       gamma_h     ....... Betrag des Gravitationsvektors
% 
% ABSTRACT: 
% Berechnet den absoluten Gravitationsbeschleunigungsbetrag nach Formel 4-4
% bis 4-13 des WGS84 Standards ( Technical Report
% &quot;Department of Defense World Geodetic System 1984&quot;, NIMA TR8350.2,
% Third Edition, Amendment 1 vom 3 Januar 2000)
% 
%
% PROJECT:
%              *** GENERIC INTERCEPTOR SIMULATION ***
%
% REFERENCES:
% Technical Report
% &quot;Department of Defense World Geodetic System 1984&quot;, NIMA TR8350.2,
% Third Edition, Amendment 1 vom 3 Januar 2000
%
% CHANGE LOG
% Date          Name                Description                     Version
% 2016.08.24    Philippe Petit      Inital Version                  V1.0
% 2016.11.16    Philippe Petit      Ausgabe der Gravitation als     V1.1
%                                   Vektor
% 2017.03.08    Christian Heise     Korrektur der Ausgabe, so dass  V1.2
%                                   wirklich ein Vektor im ECEF-
%                                   Frame zurückgegeben wird.

function gamma_R = wgs84_normalgravity(pE, lat_rad, long_rad, c_rsma, c_b_WGS, c_grav, c_rot, flg_omega_enabled)
%WGS84 Gravity Implementation
% a = 6378137.0;                  %[m], WGS84 Semi-major Axis 
% b = 6356752.3142;               %[m], WGS84 Semi-minor Axis
% omega = 7292115.8553e-11;       %[rad/s], WGS84 Angular Velocity of the Earth
% GM = 3986004.418e8;             %[m^3/s^2], Earths, Gravitational Constant
a       = c_rsma;
b       = c_b_WGS;
omega   = c_rot;
GM      = c_grav;
phi     = lat_rad;
lambda  = long_rad;

if norm(pE) &lt; b
    error(&apos;Radius kleiner als die kleine halbachse...&apos;)
end

%Parse den Positionsvektor
x = pE(1);
y = pE(2);
z = pE(3);

%Formel 4-7 bis 4-13
E       = sqrt(a^2 - b^2);
u       = sqrt(1/2*(x^2+y^2+z^2-E^2)*(1+sqrt( 1 + (4*E^2*z^2)/(x^2+y^2+z^2-E^2)^2) ) );
beta    = atan2( z*sqrt(u^2+E^2) , u*sqrt(x^2+y^2) );
w       = sqrt((u^2 + E^2*sin(beta)^2)/(u^2 + E^2));
q       = 1/2*((1+3*u^2/E^2)*atan2(E,u)-3*u/E);
q_0     = 1/2*((1+3*b^2/E^2)*atan2(E,b)-3*b/E);
q_dash  = 3*(1+u^2/E^2)*(1-u/E*atan2(E,u))-1;

%Formel 4-5 und 4-6
gamma_u     = -1/w*( GM/(u^2+E^2) + omega^2*a^2*E/(u^2 + E^2)*q_dash/q_0*(1/2*sin(beta)^2 - 1/6) ) + flg_omega_enabled*1/w*omega^2*u*cos(beta)^2;
gamma_beta  = 1/w*omega^2*a^2/(u^2 + E^2)*q/q_0*sin(beta)*cos(beta) - flg_omega_enabled*1/w*omega^2*sqrt(u^2 + E^2) *sin(beta)*cos(beta);
gamma_lambda = 0;

%Formel 4-18 &amp; 4-19
R1  = [u/(w*sqrt(u^2 + E^2))*cos(beta)*cos(lambda), -1/w*sin(beta)*cos(lambda), -sin(lambda);...                                      %Element(1,3)
       u/(w*sqrt(u^2 + E^2))*cos(beta)*sin(lambda), -1/w*sin(beta)*sin(lambda),  cos(lambda);...
       1/w*sin(beta)                              , u/(w*sqrt(u^2 + E^2))*cos(beta), 0];
% R2  = [cos(phi)*cos(lambda), cos(phi)*sin(lambda), sin(phi);...
%       -sin(phi)*cos(lambda), -sin(phi)*sin(lambda), cos(phi);...
%       -sin(lambda), cos(lambda), 0];
  
%Formel 4-16
gamma_E = [gamma_u; gamma_beta; gamma_lambda];
gamma_R = R1*gamma_E;

</P>
              <P Name="editorLayout" Class="double">Matrix(4,1)
[10.0, 5.0, 700.0, 500.0]</P>
            </eml>
          </state>
          <data SSID="4" name="pE">
            <P Name="scope">INPUT_DATA</P>
            <props>
              <array>
                <P Name="size">-1</P>
              </array>
              <type>
                <P Name="method">SF_INHERITED_TYPE</P>
                <P Name="primitive">SF_DOUBLE_TYPE</P>
              </type>
              <P Name="complexity">SF_COMPLEX_INHERITED</P>
              <unit>
                <P Name="name">inherit</P>
              </unit>
            </props>
            <P Name="dataType">Inherit: Same as Simulink</P>
          </data>
          <data SSID="13" name="lat_rad">
            <P Name="scope">INPUT_DATA</P>
            <props>
              <array>
                <P Name="size">-1</P>
              </array>
              <type>
                <P Name="method">SF_INHERITED_TYPE</P>
                <P Name="primitive">SF_DOUBLE_TYPE</P>
                <P Name="isSigned">1</P>
                <P Name="wordLength">16</P>
              </type>
              <P Name="complexity">SF_COMPLEX_INHERITED</P>
              <P Name="frame">SF_FRAME_INHERITED</P>
              <unit>
                <P Name="name">inherit</P>
              </unit>
            </props>
            <P Name="dataType">Inherit: Same as Simulink</P>
          </data>
          <data SSID="14" name="long_rad">
            <P Name="scope">INPUT_DATA</P>
            <props>
              <array>
                <P Name="size">-1</P>
              </array>
              <type>
                <P Name="method">SF_INHERITED_TYPE</P>
                <P Name="primitive">SF_DOUBLE_TYPE</P>
                <P Name="isSigned">1</P>
                <P Name="wordLength">16</P>
              </type>
              <P Name="complexity">SF_COMPLEX_INHERITED</P>
              <P Name="frame">SF_FRAME_INHERITED</P>
              <unit>
                <P Name="name">inherit</P>
              </unit>
            </props>
            <P Name="dataType">Inherit: Same as Simulink</P>
          </data>
          <data SSID="5" name="gamma_R">
            <P Name="scope">OUTPUT_DATA</P>
            <props>
              <array>
                <P Name="size">-1</P>
              </array>
              <type>
                <P Name="method">SF_INHERITED_TYPE</P>
                <P Name="primitive">SF_DOUBLE_TYPE</P>
              </type>
              <P Name="complexity">SF_COMPLEX_INHERITED</P>
              <P Name="frame">SF_FRAME_NO</P>
              <unit>
                <P Name="name">inherit</P>
              </unit>
            </props>
            <P Name="dataType">Inherit: Same as Simulink</P>
          </data>
          <data SSID="6" name="c_rsma">
            <P Name="scope">PARAMETER_DATA</P>
            <P Name="paramIndexForInitFromWorkspace">3</P>
            <props>
              <array>
                <P Name="size">-1</P>
              </array>
              <type>
                <P Name="method">SF_INHERITED_TYPE</P>
                <P Name="primitive">SF_DOUBLE_TYPE</P>
                <P Name="isSigned">1</P>
                <P Name="wordLength">16</P>
              </type>
              <P Name="complexity">SF_COMPLEX_INHERITED</P>
              <P Name="frame">SF_FRAME_INHERITED</P>
              <unit>
                <P Name="name">inherit</P>
              </unit>
            </props>
            <P Name="dataType">Inherit: Same as Simulink</P>
          </data>
          <data SSID="7" name="c_b_WGS">
            <P Name="scope">PARAMETER_DATA</P>
            <props>
              <array>
                <P Name="size">-1</P>
              </array>
              <type>
                <P Name="method">SF_INHERITED_TYPE</P>
                <P Name="primitive">SF_DOUBLE_TYPE</P>
                <P Name="isSigned">1</P>
                <P Name="wordLength">16</P>
              </type>
              <P Name="complexity">SF_COMPLEX_INHERITED</P>
              <P Name="frame">SF_FRAME_INHERITED</P>
              <unit>
                <P Name="name">inherit</P>
              </unit>
            </props>
            <P Name="dataType">Inherit: Same as Simulink</P>
          </data>
          <data SSID="11" name="c_grav">
            <P Name="scope">PARAMETER_DATA</P>
            <P Name="paramIndexForInitFromWorkspace">1</P>
            <props>
              <array>
                <P Name="size">-1</P>
              </array>
              <type>
                <P Name="method">SF_INHERITED_TYPE</P>
                <P Name="primitive">SF_DOUBLE_TYPE</P>
                <P Name="isSigned">1</P>
                <P Name="wordLength">16</P>
              </type>
              <P Name="complexity">SF_COMPLEX_INHERITED</P>
              <P Name="frame">SF_FRAME_INHERITED</P>
              <unit>
                <P Name="name">inherit</P>
              </unit>
            </props>
            <P Name="dataType">Inherit: Same as Simulink</P>
          </data>
          <data SSID="10" name="c_rot">
            <P Name="scope">PARAMETER_DATA</P>
            <P Name="paramIndexForInitFromWorkspace">2</P>
            <props>
              <array>
                <P Name="size">-1</P>
              </array>
              <type>
                <P Name="method">SF_INHERITED_TYPE</P>
                <P Name="primitive">SF_DOUBLE_TYPE</P>
                <P Name="isSigned">1</P>
                <P Name="wordLength">16</P>
              </type>
              <P Name="complexity">SF_COMPLEX_INHERITED</P>
              <P Name="frame">SF_FRAME_INHERITED</P>
              <unit>
                <P Name="name">inherit</P>
              </unit>
            </props>
            <P Name="dataType">Inherit: Same as Simulink</P>
          </data>
          <data SSID="12" name="flg_omega_enabled">
            <P Name="scope">PARAMETER_DATA</P>
            <P Name="paramIndexForInitFromWorkspace">4</P>
            <props>
              <array>
                <P Name="size">-1</P>
              </array>
              <type>
                <P Name="method">SF_INHERITED_TYPE</P>
                <P Name="primitive">SF_DOUBLE_TYPE</P>
                <P Name="isSigned">1</P>
                <P Name="wordLength">16</P>
              </type>
              <P Name="complexity">SF_COMPLEX_INHERITED</P>
              <P Name="frame">SF_FRAME_INHERITED</P>
              <unit>
                <P Name="name">inherit</P>
              </unit>
            </props>
            <P Name="dataType">Inherit: Same as Simulink</P>
          </data>
          <transition SSID="2">
            <P Name="labelString">{eML_blk_kernel();}</P>
            <P Name="labelPosition">[28.125 13.875 102.544 14.964]</P>
            <P Name="fontSize">12</P>
            <src>
              <P Name="intersection">[0 0 1 0 23.5747 14.625 0 0]</P>
            </src>
            <dst>
              <P Name="SSID">3</P>
              <P Name="intersection">[1 0 -1 0 23.5747 42.5747 0 0]</P>
            </dst>
            <P Name="midPoint">[23.5747 24.9468]</P>
            <P Name="dataLimits">[21.175 25.975 14.625 42.575]</P>
            <P Name="subviewer">45</P>
            <P Name="drawStyle">SMART</P>
            <slide>
              <P Name="sticky">BOTH_STICK</P>
            </slide>
            <P Name="executionOrder">1</P>
          </transition>
          <junction SSID="3">
            <P Name="position">[23.5747 49.5747 7]</P>
            <P Name="subviewer">45</P>
            <P Name="type">CONNECTIVE_JUNCTION</P>
          </junction>
        </Children>
      </chart>
      <chart id="59">
        <P Name="name">Non-linear Flight Dynamic Model/Subsystem/GRM_Airframe/fin_actuators/Rudder/Limiting_Acceleration</P>
        <P Name="windowPosition">[422 539.941 189 413]</P>
        <P Name="viewLimits">[0 156.75 0 153.75]</P>
        <P Name="screen">[1 1 3600 1200 1.180555555555556]</P>
        <P Name="viewObj">59</P>
        <P Name="ssIdHighWaterMark">20</P>
        <P Name="decomposition">CLUSTER_CHART</P>
        <P Name="type">EML_CHART</P>
        <P Name="chartFileNumber">23</P>
        <P Name="disableImplicitCasting">1</P>
        <eml>
          <P Name="name">fcn</P>
        </eml>
        <Children>
          <state SSID="1">
            <P Name="labelString">eML_blk_kernel()</P>
            <P Name="position">[18 64.5 118 66]</P>
            <P Name="fontSize">12</P>
            <P Name="superState">SUBCHART</P>
            <P Name="subviewer">59</P>
            <P Name="type">FUNC_STATE</P>
            <P Name="decomposition">CLUSTER_STATE</P>
            <eml>
              <P Name="isEML">1</P>
              <P Name="script">function dd_siB_l   = fcn(siB, d_siB, dd_siB, siB_min, siB_max, d_siB_min, d_siB_max, dd_siB_min, dd_siB_max)
%#codegen

%%   
dd_siB_l = dd_siB;

if dd_siB &lt; dd_siB_min
    dd_siB_l = dd_siB_min;

elseif dd_siB_max &lt; dd_siB
    dd_siB_l = dd_siB_max;
end;

if (siB &lt;= siB_min &amp;&amp; d_siB &lt; 0) || (siB_max &lt;= siB &amp;&amp; 0 &lt; d_siB)
    dd_siB_l = 0;
end;

if (d_siB &lt;= d_siB_min &amp;&amp; dd_siB &lt; 0) || (d_siB_max &lt;= d_siB &amp;&amp; 0 &lt; dd_siB)
    dd_siB_l = 0;
end</P>
              <P Name="editorLayout" Class="double">Matrix(4,1)
[10.0, 5.0, 700.0, 500.0]</P>
            </eml>
          </state>
          <data SSID="4" name="siB">
            <P Name="scope">INPUT_DATA</P>
            <props>
              <array>
                <P Name="size">-1</P>
              </array>
              <type>
                <P Name="method">SF_INHERITED_TYPE</P>
                <P Name="primitive">SF_DOUBLE_TYPE</P>
              </type>
              <P Name="complexity">SF_COMPLEX_INHERITED</P>
              <unit>
                <P Name="name">inherit</P>
              </unit>
            </props>
            <P Name="dataType">Inherit: Same as Simulink</P>
          </data>
          <data SSID="5" name="dd_siB_l">
            <P Name="scope">OUTPUT_DATA</P>
            <props>
              <array>
                <P Name="size">-1</P>
              </array>
              <type>
                <P Name="method">SF_INHERITED_TYPE</P>
                <P Name="primitive">SF_DOUBLE_TYPE</P>
              </type>
              <P Name="complexity">SF_COMPLEX_INHERITED</P>
              <P Name="frame">SF_FRAME_NO</P>
              <unit>
                <P Name="name">inherit</P>
              </unit>
            </props>
            <P Name="dataType">Inherit: Same as Simulink</P>
          </data>
          <data SSID="6" name="d_siB">
            <P Name="scope">INPUT_DATA</P>
            <props>
              <array>
                <P Name="size">-1</P>
              </array>
              <type>
                <P Name="method">SF_INHERITED_TYPE</P>
                <P Name="primitive">SF_DOUBLE_TYPE</P>
                <P Name="isSigned">1</P>
                <P Name="wordLength">16</P>
              </type>
              <P Name="complexity">SF_COMPLEX_INHERITED</P>
              <P Name="frame">SF_FRAME_INHERITED</P>
              <unit>
                <P Name="name">inherit</P>
              </unit>
            </props>
            <P Name="dataType">Inherit: Same as Simulink</P>
          </data>
          <data SSID="7" name="dd_siB">
            <P Name="scope">INPUT_DATA</P>
            <props>
              <array>
                <P Name="size">-1</P>
              </array>
              <type>
                <P Name="method">SF_INHERITED_TYPE</P>
                <P Name="primitive">SF_DOUBLE_TYPE</P>
                <P Name="isSigned">1</P>
                <P Name="wordLength">16</P>
              </type>
              <P Name="complexity">SF_COMPLEX_INHERITED</P>
              <P Name="frame">SF_FRAME_INHERITED</P>
              <unit>
                <P Name="name">inherit</P>
              </unit>
            </props>
            <P Name="dataType">Inherit: Same as Simulink</P>
          </data>
          <data SSID="8" name="siB_min">
            <P Name="scope">PARAMETER_DATA</P>
            <P Name="paramIndexForInitFromWorkspace">5</P>
            <props>
              <array>
                <P Name="size">-1</P>
              </array>
              <type>
                <P Name="method">SF_INHERITED_TYPE</P>
                <P Name="primitive">SF_DOUBLE_TYPE</P>
                <P Name="isSigned">1</P>
                <P Name="wordLength">16</P>
              </type>
              <P Name="complexity">SF_COMPLEX_INHERITED</P>
              <P Name="frame">SF_FRAME_INHERITED</P>
              <unit>
                <P Name="name">inherit</P>
              </unit>
            </props>
            <P Name="dataType">Inherit: Same as Simulink</P>
          </data>
          <data SSID="9" name="siB_max">
            <P Name="scope">PARAMETER_DATA</P>
            <P Name="paramIndexForInitFromWorkspace">4</P>
            <props>
              <array>
                <P Name="size">-1</P>
              </array>
              <type>
                <P Name="method">SF_INHERITED_TYPE</P>
                <P Name="primitive">SF_DOUBLE_TYPE</P>
                <P Name="isSigned">1</P>
                <P Name="wordLength">16</P>
              </type>
              <P Name="complexity">SF_COMPLEX_INHERITED</P>
              <P Name="frame">SF_FRAME_INHERITED</P>
              <unit>
                <P Name="name">inherit</P>
              </unit>
            </props>
            <P Name="dataType">Inherit: Same as Simulink</P>
          </data>
          <data SSID="10" name="d_siB_min">
            <P Name="scope">PARAMETER_DATA</P>
            <P Name="paramIndexForInitFromWorkspace">1</P>
            <props>
              <array>
                <P Name="size">-1</P>
              </array>
              <type>
                <P Name="method">SF_INHERITED_TYPE</P>
                <P Name="primitive">SF_DOUBLE_TYPE</P>
                <P Name="isSigned">1</P>
                <P Name="wordLength">16</P>
              </type>
              <P Name="complexity">SF_COMPLEX_INHERITED</P>
              <P Name="frame">SF_FRAME_INHERITED</P>
              <unit>
                <P Name="name">inherit</P>
              </unit>
            </props>
            <P Name="dataType">Inherit: Same as Simulink</P>
          </data>
          <data SSID="11" name="d_siB_max">
            <P Name="scope">PARAMETER_DATA</P>
            <props>
              <array>
                <P Name="size">-1</P>
              </array>
              <type>
                <P Name="method">SF_INHERITED_TYPE</P>
                <P Name="primitive">SF_DOUBLE_TYPE</P>
                <P Name="isSigned">1</P>
                <P Name="wordLength">16</P>
              </type>
              <P Name="complexity">SF_COMPLEX_INHERITED</P>
              <P Name="frame">SF_FRAME_INHERITED</P>
              <unit>
                <P Name="name">inherit</P>
              </unit>
            </props>
            <P Name="dataType">Inherit: Same as Simulink</P>
          </data>
          <data SSID="12" name="dd_siB_min">
            <P Name="scope">PARAMETER_DATA</P>
            <P Name="paramIndexForInitFromWorkspace">3</P>
            <props>
              <array>
                <P Name="size">-1</P>
              </array>
              <type>
                <P Name="method">SF_INHERITED_TYPE</P>
                <P Name="primitive">SF_DOUBLE_TYPE</P>
                <P Name="isSigned">1</P>
                <P Name="wordLength">16</P>
              </type>
              <P Name="complexity">SF_COMPLEX_INHERITED</P>
              <P Name="frame">SF_FRAME_INHERITED</P>
              <unit>
                <P Name="name">inherit</P>
              </unit>
            </props>
            <P Name="dataType">Inherit: Same as Simulink</P>
          </data>
          <data SSID="13" name="dd_siB_max">
            <P Name="scope">PARAMETER_DATA</P>
            <P Name="paramIndexForInitFromWorkspace">2</P>
            <props>
              <array>
                <P Name="size">-1</P>
              </array>
              <type>
                <P Name="method">SF_INHERITED_TYPE</P>
                <P Name="primitive">SF_DOUBLE_TYPE</P>
                <P Name="isSigned">1</P>
                <P Name="wordLength">16</P>
              </type>
              <P Name="complexity">SF_COMPLEX_INHERITED</P>
              <P Name="frame">SF_FRAME_INHERITED</P>
              <unit>
                <P Name="name">inherit</P>
              </unit>
            </props>
            <P Name="dataType">Inherit: Same as Simulink</P>
          </data>
          <transition SSID="2">
            <P Name="labelString">{eML_blk_kernel();}</P>
            <P Name="labelPosition">[28.125 13.875 102.544 14.964]</P>
            <P Name="fontSize">12</P>
            <src>
              <P Name="intersection">[0 0 1 0 23.5747 14.625 0 0]</P>
            </src>
            <dst>
              <P Name="SSID">3</P>
              <P Name="intersection">[1 0 -1 0 23.5747 42.5747 0 0]</P>
            </dst>
            <P Name="midPoint">[23.5747 24.9468]</P>
            <P Name="dataLimits">[21.175 25.975 14.625 42.575]</P>
            <P Name="subviewer">59</P>
            <P Name="drawStyle">SMART</P>
            <slide>
              <P Name="sticky">BOTH_STICK</P>
            </slide>
            <P Name="executionOrder">1</P>
          </transition>
          <junction SSID="3">
            <P Name="position">[23.5747 49.5747 7]</P>
            <P Name="subviewer">59</P>
            <P Name="type">CONNECTIVE_JUNCTION</P>
          </junction>
        </Children>
      </chart>
      <chart id="74">
        <P Name="name">Non-linear Flight Dynamic Model/Subsystem/GRM_Airframe/fin_actuators/Rudder/Limiting_Rate</P>
        <P Name="windowPosition">[422 539.941 189 413]</P>
        <P Name="viewLimits">[0 156.75 0 153.75]</P>
        <P Name="screen">[1 1 3600 1200 1.180555555555556]</P>
        <P Name="viewObj">74</P>
        <P Name="ssIdHighWaterMark">18</P>
        <P Name="decomposition">CLUSTER_CHART</P>
        <P Name="type">EML_CHART</P>
        <P Name="chartFileNumber">24</P>
        <P Name="disableImplicitCasting">1</P>
        <eml>
          <P Name="name">fcn</P>
        </eml>
        <Children>
          <state SSID="1">
            <P Name="labelString">eML_blk_kernel()</P>
            <P Name="position">[18 64.5 118 66]</P>
            <P Name="fontSize">12</P>
            <P Name="superState">SUBCHART</P>
            <P Name="subviewer">74</P>
            <P Name="type">FUNC_STATE</P>
            <P Name="decomposition">CLUSTER_STATE</P>
            <eml>
              <P Name="isEML">1</P>
              <P Name="script">function d_siB_l  = fcn(siB, d_siB, siB_min, siB_max, d_siB_min, d_siB_max)
%#codegen

%%  
d_siB_l = d_siB;

if d_siB &lt; d_siB_min
    d_siB_l = d_siB_min;
    
elseif d_siB_max &lt; d_siB
    d_siB_l = d_siB_max;
    
end

 if (siB &lt;= siB_min &amp;&amp; d_siB &lt; 0) || (siB_max &lt;= siB &amp;&amp; 0 &lt; d_siB)
    d_siB_l = 0;
 end</P>
              <P Name="editorLayout" Class="double">Matrix(4,1)
[10.0, 5.0, 700.0, 500.0]</P>
            </eml>
          </state>
          <data SSID="4" name="siB">
            <P Name="scope">INPUT_DATA</P>
            <props>
              <array>
                <P Name="size">-1</P>
              </array>
              <type>
                <P Name="method">SF_INHERITED_TYPE</P>
                <P Name="primitive">SF_DOUBLE_TYPE</P>
              </type>
              <P Name="complexity">SF_COMPLEX_INHERITED</P>
              <unit>
                <P Name="name">inherit</P>
              </unit>
            </props>
            <P Name="dataType">Inherit: Same as Simulink</P>
          </data>
          <data SSID="5" name="d_siB_l">
            <P Name="scope">OUTPUT_DATA</P>
            <props>
              <array>
                <P Name="size">-1</P>
              </array>
              <type>
                <P Name="method">SF_INHERITED_TYPE</P>
                <P Name="primitive">SF_DOUBLE_TYPE</P>
              </type>
              <P Name="complexity">SF_COMPLEX_INHERITED</P>
              <P Name="frame">SF_FRAME_NO</P>
              <unit>
                <P Name="name">inherit</P>
              </unit>
            </props>
            <P Name="dataType">Inherit: Same as Simulink</P>
          </data>
          <data SSID="6" name="d_siB">
            <P Name="scope">INPUT_DATA</P>
            <props>
              <array>
                <P Name="size">-1</P>
              </array>
              <type>
                <P Name="method">SF_INHERITED_TYPE</P>
                <P Name="primitive">SF_DOUBLE_TYPE</P>
                <P Name="isSigned">1</P>
                <P Name="wordLength">16</P>
              </type>
              <P Name="complexity">SF_COMPLEX_INHERITED</P>
              <P Name="frame">SF_FRAME_INHERITED</P>
              <unit>
                <P Name="name">inherit</P>
              </unit>
            </props>
            <P Name="dataType">Inherit: Same as Simulink</P>
          </data>
          <data SSID="8" name="siB_min">
            <P Name="scope">PARAMETER_DATA</P>
            <P Name="paramIndexForInitFromWorkspace">3</P>
            <props>
              <array>
                <P Name="size">-1</P>
              </array>
              <type>
                <P Name="method">SF_INHERITED_TYPE</P>
                <P Name="primitive">SF_DOUBLE_TYPE</P>
                <P Name="isSigned">1</P>
                <P Name="wordLength">16</P>
              </type>
              <P Name="complexity">SF_COMPLEX_INHERITED</P>
              <P Name="frame">SF_FRAME_INHERITED</P>
              <unit>
                <P Name="name">inherit</P>
              </unit>
            </props>
            <P Name="dataType">Inherit: Same as Simulink</P>
          </data>
          <data SSID="9" name="siB_max">
            <P Name="scope">PARAMETER_DATA</P>
            <P Name="paramIndexForInitFromWorkspace">2</P>
            <props>
              <array>
                <P Name="size">-1</P>
              </array>
              <type>
                <P Name="method">SF_INHERITED_TYPE</P>
                <P Name="primitive">SF_DOUBLE_TYPE</P>
                <P Name="isSigned">1</P>
                <P Name="wordLength">16</P>
              </type>
              <P Name="complexity">SF_COMPLEX_INHERITED</P>
              <P Name="frame">SF_FRAME_INHERITED</P>
              <unit>
                <P Name="name">inherit</P>
              </unit>
            </props>
            <P Name="dataType">Inherit: Same as Simulink</P>
          </data>
          <data SSID="10" name="d_siB_min">
            <P Name="scope">PARAMETER_DATA</P>
            <P Name="paramIndexForInitFromWorkspace">1</P>
            <props>
              <array>
                <P Name="size">-1</P>
              </array>
              <type>
                <P Name="method">SF_INHERITED_TYPE</P>
                <P Name="primitive">SF_DOUBLE_TYPE</P>
                <P Name="isSigned">1</P>
                <P Name="wordLength">16</P>
              </type>
              <P Name="complexity">SF_COMPLEX_INHERITED</P>
              <P Name="frame">SF_FRAME_INHERITED</P>
              <unit>
                <P Name="name">inherit</P>
              </unit>
            </props>
            <P Name="dataType">Inherit: Same as Simulink</P>
          </data>
          <data SSID="11" name="d_siB_max">
            <P Name="scope">PARAMETER_DATA</P>
            <props>
              <array>
                <P Name="size">-1</P>
              </array>
              <type>
                <P Name="method">SF_INHERITED_TYPE</P>
                <P Name="primitive">SF_DOUBLE_TYPE</P>
                <P Name="isSigned">1</P>
                <P Name="wordLength">16</P>
              </type>
              <P Name="complexity">SF_COMPLEX_INHERITED</P>
              <P Name="frame">SF_FRAME_INHERITED</P>
              <unit>
                <P Name="name">inherit</P>
              </unit>
            </props>
            <P Name="dataType">Inherit: Same as Simulink</P>
          </data>
          <transition SSID="2">
            <P Name="labelString">{eML_blk_kernel();}</P>
            <P Name="labelPosition">[28.125 13.875 102.544 14.964]</P>
            <P Name="fontSize">12</P>
            <src>
              <P Name="intersection">[0 0 1 0 23.5747 14.625 0 0]</P>
            </src>
            <dst>
              <P Name="SSID">3</P>
              <P Name="intersection">[1 0 -1 0 23.5747 42.5747 0 0]</P>
            </dst>
            <P Name="midPoint">[23.5747 24.9468]</P>
            <P Name="dataLimits">[21.175 25.975 14.625 42.575]</P>
            <P Name="subviewer">74</P>
            <P Name="drawStyle">SMART</P>
            <slide>
              <P Name="sticky">BOTH_STICK</P>
            </slide>
            <P Name="executionOrder">1</P>
          </transition>
          <junction SSID="3">
            <P Name="position">[23.5747 49.5747 7]</P>
            <P Name="subviewer">74</P>
            <P Name="type">CONNECTIVE_JUNCTION</P>
          </junction>
        </Children>
      </chart>
      <chart id="86">
        <P Name="name">Non-linear Flight Dynamic Model/Subsystem/GRM_Airframe/fin_actuators/Rudder1/Limiting_Acceleration</P>
        <P Name="windowPosition">[422 539.941 189 413]</P>
        <P Name="viewLimits">[0 156.75 0 153.75]</P>
        <P Name="screen">[1 1 3600 1200 1.180555555555556]</P>
        <P Name="viewObj">86</P>
        <P Name="ssIdHighWaterMark">20</P>
        <P Name="decomposition">CLUSTER_CHART</P>
        <P Name="type">EML_CHART</P>
        <P Name="chartFileNumber">26</P>
        <P Name="disableImplicitCasting">1</P>
        <eml>
          <P Name="name">fcn</P>
        </eml>
        <Children>
          <state SSID="1">
            <P Name="labelString">eML_blk_kernel()</P>
            <P Name="position">[18 64.5 118 66]</P>
            <P Name="fontSize">12</P>
            <P Name="superState">SUBCHART</P>
            <P Name="subviewer">86</P>
            <P Name="type">FUNC_STATE</P>
            <P Name="decomposition">CLUSTER_STATE</P>
            <eml>
              <P Name="isEML">1</P>
              <P Name="script">function dd_siB_l   = fcn(siB, d_siB, dd_siB, siB_min, siB_max, d_siB_min, d_siB_max, dd_siB_min, dd_siB_max)
%#codegen

%%   
dd_siB_l = dd_siB;

if dd_siB &lt; dd_siB_min
    dd_siB_l = dd_siB_min;

elseif dd_siB_max &lt; dd_siB
    dd_siB_l = dd_siB_max;
end;

if (siB &lt;= siB_min &amp;&amp; d_siB &lt; 0) || (siB_max &lt;= siB &amp;&amp; 0 &lt; d_siB)
    dd_siB_l = 0;
end;

if (d_siB &lt;= d_siB_min &amp;&amp; dd_siB &lt; 0) || (d_siB_max &lt;= d_siB &amp;&amp; 0 &lt; dd_siB)
    dd_siB_l = 0;
end</P>
              <P Name="editorLayout" Class="double">Matrix(4,1)
[10.0, 5.0, 700.0, 500.0]</P>
            </eml>
          </state>
          <data SSID="4" name="siB">
            <P Name="scope">INPUT_DATA</P>
            <props>
              <array>
                <P Name="size">-1</P>
              </array>
              <type>
                <P Name="method">SF_INHERITED_TYPE</P>
                <P Name="primitive">SF_DOUBLE_TYPE</P>
              </type>
              <P Name="complexity">SF_COMPLEX_INHERITED</P>
              <unit>
                <P Name="name">inherit</P>
              </unit>
            </props>
            <P Name="dataType">Inherit: Same as Simulink</P>
          </data>
          <data SSID="5" name="dd_siB_l">
            <P Name="scope">OUTPUT_DATA</P>
            <props>
              <array>
                <P Name="size">-1</P>
              </array>
              <type>
                <P Name="method">SF_INHERITED_TYPE</P>
                <P Name="primitive">SF_DOUBLE_TYPE</P>
              </type>
              <P Name="complexity">SF_COMPLEX_INHERITED</P>
              <P Name="frame">SF_FRAME_NO</P>
              <unit>
                <P Name="name">inherit</P>
              </unit>
            </props>
            <P Name="dataType">Inherit: Same as Simulink</P>
          </data>
          <data SSID="6" name="d_siB">
            <P Name="scope">INPUT_DATA</P>
            <props>
              <array>
                <P Name="size">-1</P>
              </array>
              <type>
                <P Name="method">SF_INHERITED_TYPE</P>
                <P Name="primitive">SF_DOUBLE_TYPE</P>
                <P Name="isSigned">1</P>
                <P Name="wordLength">16</P>
              </type>
              <P Name="complexity">SF_COMPLEX_INHERITED</P>
              <P Name="frame">SF_FRAME_INHERITED</P>
              <unit>
                <P Name="name">inherit</P>
              </unit>
            </props>
            <P Name="dataType">Inherit: Same as Simulink</P>
          </data>
          <data SSID="7" name="dd_siB">
            <P Name="scope">INPUT_DATA</P>
            <props>
              <array>
                <P Name="size">-1</P>
              </array>
              <type>
                <P Name="method">SF_INHERITED_TYPE</P>
                <P Name="primitive">SF_DOUBLE_TYPE</P>
                <P Name="isSigned">1</P>
                <P Name="wordLength">16</P>
              </type>
              <P Name="complexity">SF_COMPLEX_INHERITED</P>
              <P Name="frame">SF_FRAME_INHERITED</P>
              <unit>
                <P Name="name">inherit</P>
              </unit>
            </props>
            <P Name="dataType">Inherit: Same as Simulink</P>
          </data>
          <data SSID="8" name="siB_min">
            <P Name="scope">PARAMETER_DATA</P>
            <P Name="paramIndexForInitFromWorkspace">5</P>
            <props>
              <array>
                <P Name="size">-1</P>
              </array>
              <type>
                <P Name="method">SF_INHERITED_TYPE</P>
                <P Name="primitive">SF_DOUBLE_TYPE</P>
                <P Name="isSigned">1</P>
                <P Name="wordLength">16</P>
              </type>
              <P Name="complexity">SF_COMPLEX_INHERITED</P>
              <P Name="frame">SF_FRAME_INHERITED</P>
              <unit>
                <P Name="name">inherit</P>
              </unit>
            </props>
            <P Name="dataType">Inherit: Same as Simulink</P>
          </data>
          <data SSID="9" name="siB_max">
            <P Name="scope">PARAMETER_DATA</P>
            <P Name="paramIndexForInitFromWorkspace">4</P>
            <props>
              <array>
                <P Name="size">-1</P>
              </array>
              <type>
                <P Name="method">SF_INHERITED_TYPE</P>
                <P Name="primitive">SF_DOUBLE_TYPE</P>
                <P Name="isSigned">1</P>
                <P Name="wordLength">16</P>
              </type>
              <P Name="complexity">SF_COMPLEX_INHERITED</P>
              <P Name="frame">SF_FRAME_INHERITED</P>
              <unit>
                <P Name="name">inherit</P>
              </unit>
            </props>
            <P Name="dataType">Inherit: Same as Simulink</P>
          </data>
          <data SSID="10" name="d_siB_min">
            <P Name="scope">PARAMETER_DATA</P>
            <P Name="paramIndexForInitFromWorkspace">1</P>
            <props>
              <array>
                <P Name="size">-1</P>
              </array>
              <type>
                <P Name="method">SF_INHERITED_TYPE</P>
                <P Name="primitive">SF_DOUBLE_TYPE</P>
                <P Name="isSigned">1</P>
                <P Name="wordLength">16</P>
              </type>
              <P Name="complexity">SF_COMPLEX_INHERITED</P>
              <P Name="frame">SF_FRAME_INHERITED</P>
              <unit>
                <P Name="name">inherit</P>
              </unit>
            </props>
            <P Name="dataType">Inherit: Same as Simulink</P>
          </data>
          <data SSID="11" name="d_siB_max">
            <P Name="scope">PARAMETER_DATA</P>
            <props>
              <array>
                <P Name="size">-1</P>
              </array>
              <type>
                <P Name="method">SF_INHERITED_TYPE</P>
                <P Name="primitive">SF_DOUBLE_TYPE</P>
                <P Name="isSigned">1</P>
                <P Name="wordLength">16</P>
              </type>
              <P Name="complexity">SF_COMPLEX_INHERITED</P>
              <P Name="frame">SF_FRAME_INHERITED</P>
              <unit>
                <P Name="name">inherit</P>
              </unit>
            </props>
            <P Name="dataType">Inherit: Same as Simulink</P>
          </data>
          <data SSID="12" name="dd_siB_min">
            <P Name="scope">PARAMETER_DATA</P>
            <P Name="paramIndexForInitFromWorkspace">3</P>
            <props>
              <array>
                <P Name="size">-1</P>
              </array>
              <type>
                <P Name="method">SF_INHERITED_TYPE</P>
                <P Name="primitive">SF_DOUBLE_TYPE</P>
                <P Name="isSigned">1</P>
                <P Name="wordLength">16</P>
              </type>
              <P Name="complexity">SF_COMPLEX_INHERITED</P>
              <P Name="frame">SF_FRAME_INHERITED</P>
              <unit>
                <P Name="name">inherit</P>
              </unit>
            </props>
            <P Name="dataType">Inherit: Same as Simulink</P>
          </data>
          <data SSID="13" name="dd_siB_max">
            <P Name="scope">PARAMETER_DATA</P>
            <P Name="paramIndexForInitFromWorkspace">2</P>
            <props>
              <array>
                <P Name="size">-1</P>
              </array>
              <type>
                <P Name="method">SF_INHERITED_TYPE</P>
                <P Name="primitive">SF_DOUBLE_TYPE</P>
                <P Name="isSigned">1</P>
                <P Name="wordLength">16</P>
              </type>
              <P Name="complexity">SF_COMPLEX_INHERITED</P>
              <P Name="frame">SF_FRAME_INHERITED</P>
              <unit>
                <P Name="name">inherit</P>
              </unit>
            </props>
            <P Name="dataType">Inherit: Same as Simulink</P>
          </data>
          <transition SSID="2">
            <P Name="labelString">{eML_blk_kernel();}</P>
            <P Name="labelPosition">[28.125 13.875 102.544 14.964]</P>
            <P Name="fontSize">12</P>
            <src>
              <P Name="intersection">[0 0 1 0 23.5747 14.625 0 0]</P>
            </src>
            <dst>
              <P Name="SSID">3</P>
              <P Name="intersection">[1 0 -1 0 23.5747 42.5747 0 0]</P>
            </dst>
            <P Name="midPoint">[23.5747 24.9468]</P>
            <P Name="dataLimits">[21.175 25.975 14.625 42.575]</P>
            <P Name="subviewer">86</P>
            <P Name="drawStyle">SMART</P>
            <slide>
              <P Name="sticky">BOTH_STICK</P>
            </slide>
            <P Name="executionOrder">1</P>
          </transition>
          <junction SSID="3">
            <P Name="position">[23.5747 49.5747 7]</P>
            <P Name="subviewer">86</P>
            <P Name="type">CONNECTIVE_JUNCTION</P>
          </junction>
        </Children>
      </chart>
      <chart id="101">
        <P Name="name">Non-linear Flight Dynamic Model/Subsystem/GRM_Airframe/fin_actuators/Rudder1/Limiting_Rate</P>
        <P Name="windowPosition">[422 539.941 189 413]</P>
        <P Name="viewLimits">[0 156.75 0 153.75]</P>
        <P Name="screen">[1 1 3600 1200 1.180555555555556]</P>
        <P Name="viewObj">101</P>
        <P Name="ssIdHighWaterMark">18</P>
        <P Name="decomposition">CLUSTER_CHART</P>
        <P Name="type">EML_CHART</P>
        <P Name="chartFileNumber">27</P>
        <P Name="disableImplicitCasting">1</P>
        <eml>
          <P Name="name">fcn</P>
        </eml>
        <Children>
          <state SSID="1">
            <P Name="labelString">eML_blk_kernel()</P>
            <P Name="position">[18 64.5 118 66]</P>
            <P Name="fontSize">12</P>
            <P Name="superState">SUBCHART</P>
            <P Name="subviewer">101</P>
            <P Name="type">FUNC_STATE</P>
            <P Name="decomposition">CLUSTER_STATE</P>
            <eml>
              <P Name="isEML">1</P>
              <P Name="script">function d_siB_l  = fcn(siB, d_siB, siB_min, siB_max, d_siB_min, d_siB_max)
%#codegen

%%  
d_siB_l = d_siB;

if d_siB &lt; d_siB_min
    d_siB_l = d_siB_min;
    
elseif d_siB_max &lt; d_siB
    d_siB_l = d_siB_max;
    
end

 if (siB &lt;= siB_min &amp;&amp; d_siB &lt; 0) || (siB_max &lt;= siB &amp;&amp; 0 &lt; d_siB)
    d_siB_l = 0;
 end</P>
              <P Name="editorLayout" Class="double">Matrix(4,1)
[10.0, 5.0, 700.0, 500.0]</P>
            </eml>
          </state>
          <data SSID="4" name="siB">
            <P Name="scope">INPUT_DATA</P>
            <props>
              <array>
                <P Name="size">-1</P>
              </array>
              <type>
                <P Name="method">SF_INHERITED_TYPE</P>
                <P Name="primitive">SF_DOUBLE_TYPE</P>
              </type>
              <P Name="complexity">SF_COMPLEX_INHERITED</P>
              <unit>
                <P Name="name">inherit</P>
              </unit>
            </props>
            <P Name="dataType">Inherit: Same as Simulink</P>
          </data>
          <data SSID="5" name="d_siB_l">
            <P Name="scope">OUTPUT_DATA</P>
            <props>
              <array>
                <P Name="size">-1</P>
              </array>
              <type>
                <P Name="method">SF_INHERITED_TYPE</P>
                <P Name="primitive">SF_DOUBLE_TYPE</P>
              </type>
              <P Name="complexity">SF_COMPLEX_INHERITED</P>
              <P Name="frame">SF_FRAME_NO</P>
              <unit>
                <P Name="name">inherit</P>
              </unit>
            </props>
            <P Name="dataType">Inherit: Same as Simulink</P>
          </data>
          <data SSID="6" name="d_siB">
            <P Name="scope">INPUT_DATA</P>
            <props>
              <array>
                <P Name="size">-1</P>
              </array>
              <type>
                <P Name="method">SF_INHERITED_TYPE</P>
                <P Name="primitive">SF_DOUBLE_TYPE</P>
                <P Name="isSigned">1</P>
                <P Name="wordLength">16</P>
              </type>
              <P Name="complexity">SF_COMPLEX_INHERITED</P>
              <P Name="frame">SF_FRAME_INHERITED</P>
              <unit>
                <P Name="name">inherit</P>
              </unit>
            </props>
            <P Name="dataType">Inherit: Same as Simulink</P>
          </data>
          <data SSID="8" name="siB_min">
            <P Name="scope">PARAMETER_DATA</P>
            <P Name="paramIndexForInitFromWorkspace">3</P>
            <props>
              <array>
                <P Name="size">-1</P>
              </array>
              <type>
                <P Name="method">SF_INHERITED_TYPE</P>
                <P Name="primitive">SF_DOUBLE_TYPE</P>
                <P Name="isSigned">1</P>
                <P Name="wordLength">16</P>
              </type>
              <P Name="complexity">SF_COMPLEX_INHERITED</P>
              <P Name="frame">SF_FRAME_INHERITED</P>
              <unit>
                <P Name="name">inherit</P>
              </unit>
            </props>
            <P Name="dataType">Inherit: Same as Simulink</P>
          </data>
          <data SSID="9" name="siB_max">
            <P Name="scope">PARAMETER_DATA</P>
            <P Name="paramIndexForInitFromWorkspace">2</P>
            <props>
              <array>
                <P Name="size">-1</P>
              </array>
              <type>
                <P Name="method">SF_INHERITED_TYPE</P>
                <P Name="primitive">SF_DOUBLE_TYPE</P>
                <P Name="isSigned">1</P>
                <P Name="wordLength">16</P>
              </type>
              <P Name="complexity">SF_COMPLEX_INHERITED</P>
              <P Name="frame">SF_FRAME_INHERITED</P>
              <unit>
                <P Name="name">inherit</P>
              </unit>
            </props>
            <P Name="dataType">Inherit: Same as Simulink</P>
          </data>
          <data SSID="10" name="d_siB_min">
            <P Name="scope">PARAMETER_DATA</P>
            <P Name="paramIndexForInitFromWorkspace">1</P>
            <props>
              <array>
                <P Name="size">-1</P>
              </array>
              <type>
                <P Name="method">SF_INHERITED_TYPE</P>
                <P Name="primitive">SF_DOUBLE_TYPE</P>
                <P Name="isSigned">1</P>
                <P Name="wordLength">16</P>
              </type>
              <P Name="complexity">SF_COMPLEX_INHERITED</P>
              <P Name="frame">SF_FRAME_INHERITED</P>
              <unit>
                <P Name="name">inherit</P>
              </unit>
            </props>
            <P Name="dataType">Inherit: Same as Simulink</P>
          </data>
          <data SSID="11" name="d_siB_max">
            <P Name="scope">PARAMETER_DATA</P>
            <props>
              <array>
                <P Name="size">-1</P>
              </array>
              <type>
                <P Name="method">SF_INHERITED_TYPE</P>
                <P Name="primitive">SF_DOUBLE_TYPE</P>
                <P Name="isSigned">1</P>
                <P Name="wordLength">16</P>
              </type>
              <P Name="complexity">SF_COMPLEX_INHERITED</P>
              <P Name="frame">SF_FRAME_INHERITED</P>
              <unit>
                <P Name="name">inherit</P>
              </unit>
            </props>
            <P Name="dataType">Inherit: Same as Simulink</P>
          </data>
          <transition SSID="2">
            <P Name="labelString">{eML_blk_kernel();}</P>
            <P Name="labelPosition">[28.125 13.875 102.544 14.964]</P>
            <P Name="fontSize">12</P>
            <src>
              <P Name="intersection">[0 0 1 0 23.5747 14.625 0 0]</P>
            </src>
            <dst>
              <P Name="SSID">3</P>
              <P Name="intersection">[1 0 -1 0 23.5747 42.5747 0 0]</P>
            </dst>
            <P Name="midPoint">[23.5747 24.9468]</P>
            <P Name="dataLimits">[21.175 25.975 14.625 42.575]</P>
            <P Name="subviewer">101</P>
            <P Name="drawStyle">SMART</P>
            <slide>
              <P Name="sticky">BOTH_STICK</P>
            </slide>
            <P Name="executionOrder">1</P>
          </transition>
          <junction SSID="3">
            <P Name="position">[23.5747 49.5747 7]</P>
            <P Name="subviewer">101</P>
            <P Name="type">CONNECTIVE_JUNCTION</P>
          </junction>
        </Children>
      </chart>
      <chart id="113">
        <P Name="name">Non-linear Flight Dynamic Model/Subsystem/GRM_Airframe/fin_actuators/Rudder2/Limiting_Acceleration</P>
        <P Name="windowPosition">[422 539.941 189 413]</P>
        <P Name="viewLimits">[0 156.75 0 153.75]</P>
        <P Name="screen">[1 1 3600 1200 1.180555555555556]</P>
        <P Name="viewObj">113</P>
        <P Name="ssIdHighWaterMark">20</P>
        <P Name="decomposition">CLUSTER_CHART</P>
        <P Name="type">EML_CHART</P>
        <P Name="chartFileNumber">38</P>
        <P Name="disableImplicitCasting">1</P>
        <eml>
          <P Name="name">fcn</P>
        </eml>
        <Children>
          <state SSID="1">
            <P Name="labelString">eML_blk_kernel()</P>
            <P Name="position">[18 64.5 118 66]</P>
            <P Name="fontSize">12</P>
            <P Name="superState">SUBCHART</P>
            <P Name="subviewer">113</P>
            <P Name="type">FUNC_STATE</P>
            <P Name="decomposition">CLUSTER_STATE</P>
            <eml>
              <P Name="isEML">1</P>
              <P Name="script">function dd_siB_l   = fcn(siB, d_siB, dd_siB, siB_min, siB_max, d_siB_min, d_siB_max, dd_siB_min, dd_siB_max)
%#codegen

%%   
dd_siB_l = dd_siB;

if dd_siB &lt; dd_siB_min
    dd_siB_l = dd_siB_min;

elseif dd_siB_max &lt; dd_siB
    dd_siB_l = dd_siB_max;
end;

if (siB &lt;= siB_min &amp;&amp; d_siB &lt; 0) || (siB_max &lt;= siB &amp;&amp; 0 &lt; d_siB)
    dd_siB_l = 0;
end;

if (d_siB &lt;= d_siB_min &amp;&amp; dd_siB &lt; 0) || (d_siB_max &lt;= d_siB &amp;&amp; 0 &lt; dd_siB)
    dd_siB_l = 0;
end</P>
              <P Name="editorLayout" Class="double">Matrix(4,1)
[10.0, 5.0, 700.0, 500.0]</P>
            </eml>
          </state>
          <data SSID="4" name="siB">
            <P Name="scope">INPUT_DATA</P>
            <props>
              <array>
                <P Name="size">-1</P>
              </array>
              <type>
                <P Name="method">SF_INHERITED_TYPE</P>
                <P Name="primitive">SF_DOUBLE_TYPE</P>
              </type>
              <P Name="complexity">SF_COMPLEX_INHERITED</P>
              <unit>
                <P Name="name">inherit</P>
              </unit>
            </props>
            <P Name="dataType">Inherit: Same as Simulink</P>
          </data>
          <data SSID="5" name="dd_siB_l">
            <P Name="scope">OUTPUT_DATA</P>
            <props>
              <array>
                <P Name="size">-1</P>
              </array>
              <type>
                <P Name="method">SF_INHERITED_TYPE</P>
                <P Name="primitive">SF_DOUBLE_TYPE</P>
              </type>
              <P Name="complexity">SF_COMPLEX_INHERITED</P>
              <P Name="frame">SF_FRAME_NO</P>
              <unit>
                <P Name="name">inherit</P>
              </unit>
            </props>
            <P Name="dataType">Inherit: Same as Simulink</P>
          </data>
          <data SSID="6" name="d_siB">
            <P Name="scope">INPUT_DATA</P>
            <props>
              <array>
                <P Name="size">-1</P>
              </array>
              <type>
                <P Name="method">SF_INHERITED_TYPE</P>
                <P Name="primitive">SF_DOUBLE_TYPE</P>
                <P Name="isSigned">1</P>
                <P Name="wordLength">16</P>
              </type>
              <P Name="complexity">SF_COMPLEX_INHERITED</P>
              <P Name="frame">SF_FRAME_INHERITED</P>
              <unit>
                <P Name="name">inherit</P>
              </unit>
            </props>
            <P Name="dataType">Inherit: Same as Simulink</P>
          </data>
          <data SSID="7" name="dd_siB">
            <P Name="scope">INPUT_DATA</P>
            <props>
              <array>
                <P Name="size">-1</P>
              </array>
              <type>
                <P Name="method">SF_INHERITED_TYPE</P>
                <P Name="primitive">SF_DOUBLE_TYPE</P>
                <P Name="isSigned">1</P>
                <P Name="wordLength">16</P>
              </type>
              <P Name="complexity">SF_COMPLEX_INHERITED</P>
              <P Name="frame">SF_FRAME_INHERITED</P>
              <unit>
                <P Name="name">inherit</P>
              </unit>
            </props>
            <P Name="dataType">Inherit: Same as Simulink</P>
          </data>
          <data SSID="8" name="siB_min">
            <P Name="scope">PARAMETER_DATA</P>
            <P Name="paramIndexForInitFromWorkspace">5</P>
            <props>
              <array>
                <P Name="size">-1</P>
              </array>
              <type>
                <P Name="method">SF_INHERITED_TYPE</P>
                <P Name="primitive">SF_DOUBLE_TYPE</P>
                <P Name="isSigned">1</P>
                <P Name="wordLength">16</P>
              </type>
              <P Name="complexity">SF_COMPLEX_INHERITED</P>
              <P Name="frame">SF_FRAME_INHERITED</P>
              <unit>
                <P Name="name">inherit</P>
              </unit>
            </props>
            <P Name="dataType">Inherit: Same as Simulink</P>
          </data>
          <data SSID="9" name="siB_max">
            <P Name="scope">PARAMETER_DATA</P>
            <P Name="paramIndexForInitFromWorkspace">4</P>
            <props>
              <array>
                <P Name="size">-1</P>
              </array>
              <type>
                <P Name="method">SF_INHERITED_TYPE</P>
                <P Name="primitive">SF_DOUBLE_TYPE</P>
                <P Name="isSigned">1</P>
                <P Name="wordLength">16</P>
              </type>
              <P Name="complexity">SF_COMPLEX_INHERITED</P>
              <P Name="frame">SF_FRAME_INHERITED</P>
              <unit>
                <P Name="name">inherit</P>
              </unit>
            </props>
            <P Name="dataType">Inherit: Same as Simulink</P>
          </data>
          <data SSID="10" name="d_siB_min">
            <P Name="scope">PARAMETER_DATA</P>
            <P Name="paramIndexForInitFromWorkspace">1</P>
            <props>
              <array>
                <P Name="size">-1</P>
              </array>
              <type>
                <P Name="method">SF_INHERITED_TYPE</P>
                <P Name="primitive">SF_DOUBLE_TYPE</P>
                <P Name="isSigned">1</P>
                <P Name="wordLength">16</P>
              </type>
              <P Name="complexity">SF_COMPLEX_INHERITED</P>
              <P Name="frame">SF_FRAME_INHERITED</P>
              <unit>
                <P Name="name">inherit</P>
              </unit>
            </props>
            <P Name="dataType">Inherit: Same as Simulink</P>
          </data>
          <data SSID="11" name="d_siB_max">
            <P Name="scope">PARAMETER_DATA</P>
            <props>
              <array>
                <P Name="size">-1</P>
              </array>
              <type>
                <P Name="method">SF_INHERITED_TYPE</P>
                <P Name="primitive">SF_DOUBLE_TYPE</P>
                <P Name="isSigned">1</P>
                <P Name="wordLength">16</P>
              </type>
              <P Name="complexity">SF_COMPLEX_INHERITED</P>
              <P Name="frame">SF_FRAME_INHERITED</P>
              <unit>
                <P Name="name">inherit</P>
              </unit>
            </props>
            <P Name="dataType">Inherit: Same as Simulink</P>
          </data>
          <data SSID="12" name="dd_siB_min">
            <P Name="scope">PARAMETER_DATA</P>
            <P Name="paramIndexForInitFromWorkspace">3</P>
            <props>
              <array>
                <P Name="size">-1</P>
              </array>
              <type>
                <P Name="method">SF_INHERITED_TYPE</P>
                <P Name="primitive">SF_DOUBLE_TYPE</P>
                <P Name="isSigned">1</P>
                <P Name="wordLength">16</P>
              </type>
              <P Name="complexity">SF_COMPLEX_INHERITED</P>
              <P Name="frame">SF_FRAME_INHERITED</P>
              <unit>
                <P Name="name">inherit</P>
              </unit>
            </props>
            <P Name="dataType">Inherit: Same as Simulink</P>
          </data>
          <data SSID="13" name="dd_siB_max">
            <P Name="scope">PARAMETER_DATA</P>
            <P Name="paramIndexForInitFromWorkspace">2</P>
            <props>
              <array>
                <P Name="size">-1</P>
              </array>
              <type>
                <P Name="method">SF_INHERITED_TYPE</P>
                <P Name="primitive">SF_DOUBLE_TYPE</P>
                <P Name="isSigned">1</P>
                <P Name="wordLength">16</P>
              </type>
              <P Name="complexity">SF_COMPLEX_INHERITED</P>
              <P Name="frame">SF_FRAME_INHERITED</P>
              <unit>
                <P Name="name">inherit</P>
              </unit>
            </props>
            <P Name="dataType">Inherit: Same as Simulink</P>
          </data>
          <transition SSID="2">
            <P Name="labelString">{eML_blk_kernel();}</P>
            <P Name="labelPosition">[28.125 13.875 102.544 14.964]</P>
            <P Name="fontSize">12</P>
            <src>
              <P Name="intersection">[0 0 1 0 23.5747 14.625 0 0]</P>
            </src>
            <dst>
              <P Name="SSID">3</P>
              <P Name="intersection">[1 0 -1 0 23.5747 42.5747 0 0]</P>
            </dst>
            <P Name="midPoint">[23.5747 24.9468]</P>
            <P Name="dataLimits">[21.175 25.975 14.625 42.575]</P>
            <P Name="subviewer">113</P>
            <P Name="drawStyle">SMART</P>
            <slide>
              <P Name="sticky">BOTH_STICK</P>
            </slide>
            <P Name="executionOrder">1</P>
          </transition>
          <junction SSID="3">
            <P Name="position">[23.5747 49.5747 7]</P>
            <P Name="subviewer">113</P>
            <P Name="type">CONNECTIVE_JUNCTION</P>
          </junction>
        </Children>
      </chart>
      <chart id="128">
        <P Name="name">Non-linear Flight Dynamic Model/Subsystem/GRM_Airframe/fin_actuators/Rudder2/Limiting_Rate</P>
        <P Name="windowPosition">[422 539.941 189 413]</P>
        <P Name="viewLimits">[0 156.75 0 153.75]</P>
        <P Name="screen">[1 1 3600 1200 1.180555555555556]</P>
        <P Name="viewObj">128</P>
        <P Name="ssIdHighWaterMark">18</P>
        <P Name="decomposition">CLUSTER_CHART</P>
        <P Name="type">EML_CHART</P>
        <P Name="chartFileNumber">39</P>
        <P Name="disableImplicitCasting">1</P>
        <eml>
          <P Name="name">fcn</P>
        </eml>
        <Children>
          <state SSID="1">
            <P Name="labelString">eML_blk_kernel()</P>
            <P Name="position">[18 64.5 118 66]</P>
            <P Name="fontSize">12</P>
            <P Name="superState">SUBCHART</P>
            <P Name="subviewer">128</P>
            <P Name="type">FUNC_STATE</P>
            <P Name="decomposition">CLUSTER_STATE</P>
            <eml>
              <P Name="isEML">1</P>
              <P Name="script">function d_siB_l  = fcn(siB, d_siB, siB_min, siB_max, d_siB_min, d_siB_max)
%#codegen

%%  
d_siB_l = d_siB;

if d_siB &lt; d_siB_min
    d_siB_l = d_siB_min;
    
elseif d_siB_max &lt; d_siB
    d_siB_l = d_siB_max;
    
end

 if (siB &lt;= siB_min &amp;&amp; d_siB &lt; 0) || (siB_max &lt;= siB &amp;&amp; 0 &lt; d_siB)
    d_siB_l = 0;
 end</P>
              <P Name="editorLayout" Class="double">Matrix(4,1)
[10.0, 5.0, 700.0, 500.0]</P>
            </eml>
          </state>
          <data SSID="4" name="siB">
            <P Name="scope">INPUT_DATA</P>
            <props>
              <array>
                <P Name="size">-1</P>
              </array>
              <type>
                <P Name="method">SF_INHERITED_TYPE</P>
                <P Name="primitive">SF_DOUBLE_TYPE</P>
              </type>
              <P Name="complexity">SF_COMPLEX_INHERITED</P>
              <unit>
                <P Name="name">inherit</P>
              </unit>
            </props>
            <P Name="dataType">Inherit: Same as Simulink</P>
          </data>
          <data SSID="5" name="d_siB_l">
            <P Name="scope">OUTPUT_DATA</P>
            <props>
              <array>
                <P Name="size">-1</P>
              </array>
              <type>
                <P Name="method">SF_INHERITED_TYPE</P>
                <P Name="primitive">SF_DOUBLE_TYPE</P>
              </type>
              <P Name="complexity">SF_COMPLEX_INHERITED</P>
              <P Name="frame">SF_FRAME_NO</P>
              <unit>
                <P Name="name">inherit</P>
              </unit>
            </props>
            <P Name="dataType">Inherit: Same as Simulink</P>
          </data>
          <data SSID="6" name="d_siB">
            <P Name="scope">INPUT_DATA</P>
            <props>
              <array>
                <P Name="size">-1</P>
              </array>
              <type>
                <P Name="method">SF_INHERITED_TYPE</P>
                <P Name="primitive">SF_DOUBLE_TYPE</P>
                <P Name="isSigned">1</P>
                <P Name="wordLength">16</P>
              </type>
              <P Name="complexity">SF_COMPLEX_INHERITED</P>
              <P Name="frame">SF_FRAME_INHERITED</P>
              <unit>
                <P Name="name">inherit</P>
              </unit>
            </props>
            <P Name="dataType">Inherit: Same as Simulink</P>
          </data>
          <data SSID="8" name="siB_min">
            <P Name="scope">PARAMETER_DATA</P>
            <P Name="paramIndexForInitFromWorkspace">3</P>
            <props>
              <array>
                <P Name="size">-1</P>
              </array>
              <type>
                <P Name="method">SF_INHERITED_TYPE</P>
                <P Name="primitive">SF_DOUBLE_TYPE</P>
                <P Name="isSigned">1</P>
                <P Name="wordLength">16</P>
              </type>
              <P Name="complexity">SF_COMPLEX_INHERITED</P>
              <P Name="frame">SF_FRAME_INHERITED</P>
              <unit>
                <P Name="name">inherit</P>
              </unit>
            </props>
            <P Name="dataType">Inherit: Same as Simulink</P>
          </data>
          <data SSID="9" name="siB_max">
            <P Name="scope">PARAMETER_DATA</P>
            <P Name="paramIndexForInitFromWorkspace">2</P>
            <props>
              <array>
                <P Name="size">-1</P>
              </array>
              <type>
                <P Name="method">SF_INHERITED_TYPE</P>
                <P Name="primitive">SF_DOUBLE_TYPE</P>
                <P Name="isSigned">1</P>
                <P Name="wordLength">16</P>
              </type>
              <P Name="complexity">SF_COMPLEX_INHERITED</P>
              <P Name="frame">SF_FRAME_INHERITED</P>
              <unit>
                <P Name="name">inherit</P>
              </unit>
            </props>
            <P Name="dataType">Inherit: Same as Simulink</P>
          </data>
          <data SSID="10" name="d_siB_min">
            <P Name="scope">PARAMETER_DATA</P>
            <P Name="paramIndexForInitFromWorkspace">1</P>
            <props>
              <array>
                <P Name="size">-1</P>
              </array>
              <type>
                <P Name="method">SF_INHERITED_TYPE</P>
                <P Name="primitive">SF_DOUBLE_TYPE</P>
                <P Name="isSigned">1</P>
                <P Name="wordLength">16</P>
              </type>
              <P Name="complexity">SF_COMPLEX_INHERITED</P>
              <P Name="frame">SF_FRAME_INHERITED</P>
              <unit>
                <P Name="name">inherit</P>
              </unit>
            </props>
            <P Name="dataType">Inherit: Same as Simulink</P>
          </data>
          <data SSID="11" name="d_siB_max">
            <P Name="scope">PARAMETER_DATA</P>
            <props>
              <array>
                <P Name="size">-1</P>
              </array>
              <type>
                <P Name="method">SF_INHERITED_TYPE</P>
                <P Name="primitive">SF_DOUBLE_TYPE</P>
                <P Name="isSigned">1</P>
                <P Name="wordLength">16</P>
              </type>
              <P Name="complexity">SF_COMPLEX_INHERITED</P>
              <P Name="frame">SF_FRAME_INHERITED</P>
              <unit>
                <P Name="name">inherit</P>
              </unit>
            </props>
            <P Name="dataType">Inherit: Same as Simulink</P>
          </data>
          <transition SSID="2">
            <P Name="labelString">{eML_blk_kernel();}</P>
            <P Name="labelPosition">[28.125 13.875 102.544 14.964]</P>
            <P Name="fontSize">12</P>
            <src>
              <P Name="intersection">[0 0 1 0 23.5747 14.625 0 0]</P>
            </src>
            <dst>
              <P Name="SSID">3</P>
              <P Name="intersection">[1 0 -1 0 23.5747 42.5747 0 0]</P>
            </dst>
            <P Name="midPoint">[23.5747 24.9468]</P>
            <P Name="dataLimits">[21.175 25.975 14.625 42.575]</P>
            <P Name="subviewer">128</P>
            <P Name="drawStyle">SMART</P>
            <slide>
              <P Name="sticky">BOTH_STICK</P>
            </slide>
            <P Name="executionOrder">1</P>
          </transition>
          <junction SSID="3">
            <P Name="position">[23.5747 49.5747 7]</P>
            <P Name="subviewer">128</P>
            <P Name="type">CONNECTIVE_JUNCTION</P>
          </junction>
        </Children>
      </chart>
      <chart id="140">
        <P Name="name">Non-linear Flight Dynamic Model/Subsystem/GRM_Airframe/fin_actuators/Rudder3/Limiting_Acceleration</P>
        <P Name="windowPosition">[422 539.941 189 413]</P>
        <P Name="viewLimits">[0 156.75 0 153.75]</P>
        <P Name="screen">[1 1 3600 1200 1.180555555555556]</P>
        <P Name="viewObj">140</P>
        <P Name="ssIdHighWaterMark">20</P>
        <P Name="decomposition">CLUSTER_CHART</P>
        <P Name="type">EML_CHART</P>
        <P Name="chartFileNumber">40</P>
        <P Name="disableImplicitCasting">1</P>
        <eml>
          <P Name="name">fcn</P>
        </eml>
        <Children>
          <state SSID="1">
            <P Name="labelString">eML_blk_kernel()</P>
            <P Name="position">[18 64.5 118 66]</P>
            <P Name="fontSize">12</P>
            <P Name="superState">SUBCHART</P>
            <P Name="subviewer">140</P>
            <P Name="type">FUNC_STATE</P>
            <P Name="decomposition">CLUSTER_STATE</P>
            <eml>
              <P Name="isEML">1</P>
              <P Name="script">function dd_siB_l   = fcn(siB, d_siB, dd_siB, siB_min, siB_max, d_siB_min, d_siB_max, dd_siB_min, dd_siB_max)
%#codegen

%%   
dd_siB_l = dd_siB;

if dd_siB &lt; dd_siB_min
    dd_siB_l = dd_siB_min;

elseif dd_siB_max &lt; dd_siB
    dd_siB_l = dd_siB_max;
end;

if (siB &lt;= siB_min &amp;&amp; d_siB &lt; 0) || (siB_max &lt;= siB &amp;&amp; 0 &lt; d_siB)
    dd_siB_l = 0;
end;

if (d_siB &lt;= d_siB_min &amp;&amp; dd_siB &lt; 0) || (d_siB_max &lt;= d_siB &amp;&amp; 0 &lt; dd_siB)
    dd_siB_l = 0;
end</P>
              <P Name="editorLayout" Class="double">Matrix(4,1)
[10.0, 5.0, 700.0, 500.0]</P>
            </eml>
          </state>
          <data SSID="4" name="siB">
            <P Name="scope">INPUT_DATA</P>
            <props>
              <array>
                <P Name="size">-1</P>
              </array>
              <type>
                <P Name="method">SF_INHERITED_TYPE</P>
                <P Name="primitive">SF_DOUBLE_TYPE</P>
              </type>
              <P Name="complexity">SF_COMPLEX_INHERITED</P>
              <unit>
                <P Name="name">inherit</P>
              </unit>
            </props>
            <P Name="dataType">Inherit: Same as Simulink</P>
          </data>
          <data SSID="5" name="dd_siB_l">
            <P Name="scope">OUTPUT_DATA</P>
            <props>
              <array>
                <P Name="size">-1</P>
              </array>
              <type>
                <P Name="method">SF_INHERITED_TYPE</P>
                <P Name="primitive">SF_DOUBLE_TYPE</P>
              </type>
              <P Name="complexity">SF_COMPLEX_INHERITED</P>
              <P Name="frame">SF_FRAME_NO</P>
              <unit>
                <P Name="name">inherit</P>
              </unit>
            </props>
            <P Name="dataType">Inherit: Same as Simulink</P>
          </data>
          <data SSID="6" name="d_siB">
            <P Name="scope">INPUT_DATA</P>
            <props>
              <array>
                <P Name="size">-1</P>
              </array>
              <type>
                <P Name="method">SF_INHERITED_TYPE</P>
                <P Name="primitive">SF_DOUBLE_TYPE</P>
                <P Name="isSigned">1</P>
                <P Name="wordLength">16</P>
              </type>
              <P Name="complexity">SF_COMPLEX_INHERITED</P>
              <P Name="frame">SF_FRAME_INHERITED</P>
              <unit>
                <P Name="name">inherit</P>
              </unit>
            </props>
            <P Name="dataType">Inherit: Same as Simulink</P>
          </data>
          <data SSID="7" name="dd_siB">
            <P Name="scope">INPUT_DATA</P>
            <props>
              <array>
                <P Name="size">-1</P>
              </array>
              <type>
                <P Name="method">SF_INHERITED_TYPE</P>
                <P Name="primitive">SF_DOUBLE_TYPE</P>
                <P Name="isSigned">1</P>
                <P Name="wordLength">16</P>
              </type>
              <P Name="complexity">SF_COMPLEX_INHERITED</P>
              <P Name="frame">SF_FRAME_INHERITED</P>
              <unit>
                <P Name="name">inherit</P>
              </unit>
            </props>
            <P Name="dataType">Inherit: Same as Simulink</P>
          </data>
          <data SSID="8" name="siB_min">
            <P Name="scope">PARAMETER_DATA</P>
            <P Name="paramIndexForInitFromWorkspace">5</P>
            <props>
              <array>
                <P Name="size">-1</P>
              </array>
              <type>
                <P Name="method">SF_INHERITED_TYPE</P>
                <P Name="primitive">SF_DOUBLE_TYPE</P>
                <P Name="isSigned">1</P>
                <P Name="wordLength">16</P>
              </type>
              <P Name="complexity">SF_COMPLEX_INHERITED</P>
              <P Name="frame">SF_FRAME_INHERITED</P>
              <unit>
                <P Name="name">inherit</P>
              </unit>
            </props>
            <P Name="dataType">Inherit: Same as Simulink</P>
          </data>
          <data SSID="9" name="siB_max">
            <P Name="scope">PARAMETER_DATA</P>
            <P Name="paramIndexForInitFromWorkspace">4</P>
            <props>
              <array>
                <P Name="size">-1</P>
              </array>
              <type>
                <P Name="method">SF_INHERITED_TYPE</P>
                <P Name="primitive">SF_DOUBLE_TYPE</P>
                <P Name="isSigned">1</P>
                <P Name="wordLength">16</P>
              </type>
              <P Name="complexity">SF_COMPLEX_INHERITED</P>
              <P Name="frame">SF_FRAME_INHERITED</P>
              <unit>
                <P Name="name">inherit</P>
              </unit>
            </props>
            <P Name="dataType">Inherit: Same as Simulink</P>
          </data>
          <data SSID="10" name="d_siB_min">
            <P Name="scope">PARAMETER_DATA</P>
            <P Name="paramIndexForInitFromWorkspace">1</P>
            <props>
              <array>
                <P Name="size">-1</P>
              </array>
              <type>
                <P Name="method">SF_INHERITED_TYPE</P>
                <P Name="primitive">SF_DOUBLE_TYPE</P>
                <P Name="isSigned">1</P>
                <P Name="wordLength">16</P>
              </type>
              <P Name="complexity">SF_COMPLEX_INHERITED</P>
              <P Name="frame">SF_FRAME_INHERITED</P>
              <unit>
                <P Name="name">inherit</P>
              </unit>
            </props>
            <P Name="dataType">Inherit: Same as Simulink</P>
          </data>
          <data SSID="11" name="d_siB_max">
            <P Name="scope">PARAMETER_DATA</P>
            <props>
              <array>
                <P Name="size">-1</P>
              </array>
              <type>
                <P Name="method">SF_INHERITED_TYPE</P>
                <P Name="primitive">SF_DOUBLE_TYPE</P>
                <P Name="isSigned">1</P>
                <P Name="wordLength">16</P>
              </type>
              <P Name="complexity">SF_COMPLEX_INHERITED</P>
              <P Name="frame">SF_FRAME_INHERITED</P>
              <unit>
                <P Name="name">inherit</P>
              </unit>
            </props>
            <P Name="dataType">Inherit: Same as Simulink</P>
          </data>
          <data SSID="12" name="dd_siB_min">
            <P Name="scope">PARAMETER_DATA</P>
            <P Name="paramIndexForInitFromWorkspace">3</P>
            <props>
              <array>
                <P Name="size">-1</P>
              </array>
              <type>
                <P Name="method">SF_INHERITED_TYPE</P>
                <P Name="primitive">SF_DOUBLE_TYPE</P>
                <P Name="isSigned">1</P>
                <P Name="wordLength">16</P>
              </type>
              <P Name="complexity">SF_COMPLEX_INHERITED</P>
              <P Name="frame">SF_FRAME_INHERITED</P>
              <unit>
                <P Name="name">inherit</P>
              </unit>
            </props>
            <P Name="dataType">Inherit: Same as Simulink</P>
          </data>
          <data SSID="13" name="dd_siB_max">
            <P Name="scope">PARAMETER_DATA</P>
            <P Name="paramIndexForInitFromWorkspace">2</P>
            <props>
              <array>
                <P Name="size">-1</P>
              </array>
              <type>
                <P Name="method">SF_INHERITED_TYPE</P>
                <P Name="primitive">SF_DOUBLE_TYPE</P>
                <P Name="isSigned">1</P>
                <P Name="wordLength">16</P>
              </type>
              <P Name="complexity">SF_COMPLEX_INHERITED</P>
              <P Name="frame">SF_FRAME_INHERITED</P>
              <unit>
                <P Name="name">inherit</P>
              </unit>
            </props>
            <P Name="dataType">Inherit: Same as Simulink</P>
          </data>
          <transition SSID="2">
            <P Name="labelString">{eML_blk_kernel();}</P>
            <P Name="labelPosition">[28.125 13.875 102.544 14.964]</P>
            <P Name="fontSize">12</P>
            <src>
              <P Name="intersection">[0 0 1 0 23.5747 14.625 0 0]</P>
            </src>
            <dst>
              <P Name="SSID">3</P>
              <P Name="intersection">[1 0 -1 0 23.5747 42.5747 0 0]</P>
            </dst>
            <P Name="midPoint">[23.5747 24.9468]</P>
            <P Name="dataLimits">[21.175 25.975 14.625 42.575]</P>
            <P Name="subviewer">140</P>
            <P Name="drawStyle">SMART</P>
            <slide>
              <P Name="sticky">BOTH_STICK</P>
            </slide>
            <P Name="executionOrder">1</P>
          </transition>
          <junction SSID="3">
            <P Name="position">[23.5747 49.5747 7]</P>
            <P Name="subviewer">140</P>
            <P Name="type">CONNECTIVE_JUNCTION</P>
          </junction>
        </Children>
      </chart>
      <chart id="155">
        <P Name="name">Non-linear Flight Dynamic Model/Subsystem/GRM_Airframe/fin_actuators/Rudder3/Limiting_Rate</P>
        <P Name="windowPosition">[422 539.941 189 413]</P>
        <P Name="viewLimits">[0 156.75 0 153.75]</P>
        <P Name="screen">[1 1 3600 1200 1.180555555555556]</P>
        <P Name="viewObj">155</P>
        <P Name="ssIdHighWaterMark">18</P>
        <P Name="decomposition">CLUSTER_CHART</P>
        <P Name="type">EML_CHART</P>
        <P Name="chartFileNumber">41</P>
        <P Name="disableImplicitCasting">1</P>
        <eml>
          <P Name="name">fcn</P>
        </eml>
        <Children>
          <state SSID="1">
            <P Name="labelString">eML_blk_kernel()</P>
            <P Name="position">[18 64.5 118 66]</P>
            <P Name="fontSize">12</P>
            <P Name="superState">SUBCHART</P>
            <P Name="subviewer">155</P>
            <P Name="type">FUNC_STATE</P>
            <P Name="decomposition">CLUSTER_STATE</P>
            <eml>
              <P Name="isEML">1</P>
              <P Name="script">function d_siB_l  = fcn(siB, d_siB, siB_min, siB_max, d_siB_min, d_siB_max)
%#codegen

%%  
d_siB_l = d_siB;

if d_siB &lt; d_siB_min
    d_siB_l = d_siB_min;
    
elseif d_siB_max &lt; d_siB
    d_siB_l = d_siB_max;
    
end

 if (siB &lt;= siB_min &amp;&amp; d_siB &lt; 0) || (siB_max &lt;= siB &amp;&amp; 0 &lt; d_siB)
    d_siB_l = 0;
 end</P>
              <P Name="editorLayout" Class="double">Matrix(4,1)
[10.0, 5.0, 700.0, 500.0]</P>
            </eml>
          </state>
          <data SSID="4" name="siB">
            <P Name="scope">INPUT_DATA</P>
            <props>
              <array>
                <P Name="size">-1</P>
              </array>
              <type>
                <P Name="method">SF_INHERITED_TYPE</P>
                <P Name="primitive">SF_DOUBLE_TYPE</P>
              </type>
              <P Name="complexity">SF_COMPLEX_INHERITED</P>
              <unit>
                <P Name="name">inherit</P>
              </unit>
            </props>
            <P Name="dataType">Inherit: Same as Simulink</P>
          </data>
          <data SSID="5" name="d_siB_l">
            <P Name="scope">OUTPUT_DATA</P>
            <props>
              <array>
                <P Name="size">-1</P>
              </array>
              <type>
                <P Name="method">SF_INHERITED_TYPE</P>
                <P Name="primitive">SF_DOUBLE_TYPE</P>
              </type>
              <P Name="complexity">SF_COMPLEX_INHERITED</P>
              <P Name="frame">SF_FRAME_NO</P>
              <unit>
                <P Name="name">inherit</P>
              </unit>
            </props>
            <P Name="dataType">Inherit: Same as Simulink</P>
          </data>
          <data SSID="6" name="d_siB">
            <P Name="scope">INPUT_DATA</P>
            <props>
              <array>
                <P Name="size">-1</P>
              </array>
              <type>
                <P Name="method">SF_INHERITED_TYPE</P>
                <P Name="primitive">SF_DOUBLE_TYPE</P>
                <P Name="isSigned">1</P>
                <P Name="wordLength">16</P>
              </type>
              <P Name="complexity">SF_COMPLEX_INHERITED</P>
              <P Name="frame">SF_FRAME_INHERITED</P>
              <unit>
                <P Name="name">inherit</P>
              </unit>
            </props>
            <P Name="dataType">Inherit: Same as Simulink</P>
          </data>
          <data SSID="8" name="siB_min">
            <P Name="scope">PARAMETER_DATA</P>
            <P Name="paramIndexForInitFromWorkspace">3</P>
            <props>
              <array>
                <P Name="size">-1</P>
              </array>
              <type>
                <P Name="method">SF_INHERITED_TYPE</P>
                <P Name="primitive">SF_DOUBLE_TYPE</P>
                <P Name="isSigned">1</P>
                <P Name="wordLength">16</P>
              </type>
              <P Name="complexity">SF_COMPLEX_INHERITED</P>
              <P Name="frame">SF_FRAME_INHERITED</P>
              <unit>
                <P Name="name">inherit</P>
              </unit>
            </props>
            <P Name="dataType">Inherit: Same as Simulink</P>
          </data>
          <data SSID="9" name="siB_max">
            <P Name="scope">PARAMETER_DATA</P>
            <P Name="paramIndexForInitFromWorkspace">2</P>
            <props>
              <array>
                <P Name="size">-1</P>
              </array>
              <type>
                <P Name="method">SF_INHERITED_TYPE</P>
                <P Name="primitive">SF_DOUBLE_TYPE</P>
                <P Name="isSigned">1</P>
                <P Name="wordLength">16</P>
              </type>
              <P Name="complexity">SF_COMPLEX_INHERITED</P>
              <P Name="frame">SF_FRAME_INHERITED</P>
              <unit>
                <P Name="name">inherit</P>
              </unit>
            </props>
            <P Name="dataType">Inherit: Same as Simulink</P>
          </data>
          <data SSID="10" name="d_siB_min">
            <P Name="scope">PARAMETER_DATA</P>
            <P Name="paramIndexForInitFromWorkspace">1</P>
            <props>
              <array>
                <P Name="size">-1</P>
              </array>
              <type>
                <P Name="method">SF_INHERITED_TYPE</P>
                <P Name="primitive">SF_DOUBLE_TYPE</P>
                <P Name="isSigned">1</P>
                <P Name="wordLength">16</P>
              </type>
              <P Name="complexity">SF_COMPLEX_INHERITED</P>
              <P Name="frame">SF_FRAME_INHERITED</P>
              <unit>
                <P Name="name">inherit</P>
              </unit>
            </props>
            <P Name="dataType">Inherit: Same as Simulink</P>
          </data>
          <data SSID="11" name="d_siB_max">
            <P Name="scope">PARAMETER_DATA</P>
            <props>
              <array>
                <P Name="size">-1</P>
              </array>
              <type>
                <P Name="method">SF_INHERITED_TYPE</P>
                <P Name="primitive">SF_DOUBLE_TYPE</P>
                <P Name="isSigned">1</P>
                <P Name="wordLength">16</P>
              </type>
              <P Name="complexity">SF_COMPLEX_INHERITED</P>
              <P Name="frame">SF_FRAME_INHERITED</P>
              <unit>
                <P Name="name">inherit</P>
              </unit>
            </props>
            <P Name="dataType">Inherit: Same as Simulink</P>
          </data>
          <transition SSID="2">
            <P Name="labelString">{eML_blk_kernel();}</P>
            <P Name="labelPosition">[28.125 13.875 102.544 14.964]</P>
            <P Name="fontSize">12</P>
            <src>
              <P Name="intersection">[0 0 1 0 23.5747 14.625 0 0]</P>
            </src>
            <dst>
              <P Name="SSID">3</P>
              <P Name="intersection">[1 0 -1 0 23.5747 42.5747 0 0]</P>
            </dst>
            <P Name="midPoint">[23.5747 24.9468]</P>
            <P Name="dataLimits">[21.175 25.975 14.625 42.575]</P>
            <P Name="subviewer">155</P>
            <P Name="drawStyle">SMART</P>
            <slide>
              <P Name="sticky">BOTH_STICK</P>
            </slide>
            <P Name="executionOrder">1</P>
          </transition>
          <junction SSID="3">
            <P Name="position">[23.5747 49.5747 7]</P>
            <P Name="subviewer">155</P>
            <P Name="type">CONNECTIVE_JUNCTION</P>
          </junction>
        </Children>
      </chart>
    </Children>
  </machine>
  <instance id="29">
    <P Name="machine">21</P>
    <P Name="name">Flight Control Computer/FCC/Real FCC/Extract Message</P>
    <P Name="chart">22</P>
  </instance>
  <instance id="36">
    <P Name="machine">21</P>
    <P Name="name">Non-linear Flight Dynamic Model/Subsystem/Extract Relevant States/MATLAB Function1</P>
    <P Name="chart">30</P>
  </instance>
  <instance id="44">
    <P Name="machine">21</P>
    <P Name="name">Non-linear Flight Dynamic Model/Subsystem/GRM_Airframe/aerodynamics/logic_base_drag/MATLAB Function</P>
    <P Name="chart">37</P>
  </instance>
  <instance id="58">
    <P Name="machine">21</P>
    <P Name="name">Non-linear Flight Dynamic Model/Subsystem/GRM_Airframe/environment/WGS84_Gravitation/WGS84_Gravity_Implementation</P>
    <P Name="chart">45</P>
  </instance>
  <instance id="73">
    <P Name="machine">21</P>
    <P Name="name">Non-linear Flight Dynamic Model/Subsystem/GRM_Airframe/fin_actuators/Rudder/Limiting_Acceleration</P>
    <P Name="chart">59</P>
  </instance>
  <instance id="85">
    <P Name="machine">21</P>
    <P Name="name">Non-linear Flight Dynamic Model/Subsystem/GRM_Airframe/fin_actuators/Rudder/Limiting_Rate</P>
    <P Name="chart">74</P>
  </instance>
  <instance id="100">
    <P Name="machine">21</P>
    <P Name="name">Non-linear Flight Dynamic Model/Subsystem/GRM_Airframe/fin_actuators/Rudder1/Limiting_Acceleration</P>
    <P Name="chart">86</P>
  </instance>
  <instance id="112">
    <P Name="machine">21</P>
    <P Name="name">Non-linear Flight Dynamic Model/Subsystem/GRM_Airframe/fin_actuators/Rudder1/Limiting_Rate</P>
    <P Name="chart">101</P>
  </instance>
  <instance id="127">
    <P Name="machine">21</P>
    <P Name="name">Non-linear Flight Dynamic Model/Subsystem/GRM_Airframe/fin_actuators/Rudder2/Limiting_Acceleration</P>
    <P Name="chart">113</P>
  </instance>
  <instance id="139">
    <P Name="machine">21</P>
    <P Name="name">Non-linear Flight Dynamic Model/Subsystem/GRM_Airframe/fin_actuators/Rudder2/Limiting_Rate</P>
    <P Name="chart">128</P>
  </instance>
  <instance id="154">
    <P Name="machine">21</P>
    <P Name="name">Non-linear Flight Dynamic Model/Subsystem/GRM_Airframe/fin_actuators/Rudder3/Limiting_Acceleration</P>
    <P Name="chart">140</P>
  </instance>
  <instance id="166">
    <P Name="machine">21</P>
    <P Name="name">Non-linear Flight Dynamic Model/Subsystem/GRM_Airframe/fin_actuators/Rudder3/Limiting_Rate</P>
    <P Name="chart">155</P>
  </instance>
</Stateflow>
